{"type":"FeatureCollection","features":[{"type":"Feature","geometry":{"type":"Point","coordinates":[24.09285,49.904262]},"properties":{"name":"Дубляни, Школа (1313)","band":0,"modes":"bus","arr":["А01"],"off":[0,-0.8]}},{"type":"Feature","geometry":{"type":"Point","coordinates":[24.09285,49.904262]},"properties":{"name":"Дубляни, Школа (1300)","band":0,"modes":"bus","arr":["А01"],"off":[0,-3]}},{"type":"Feature","geometry":{"type":"Point","coordinates":[24.09285,49.904262]},"properties":{"line":"А01","mode":"bus","color":"#0059a9","colorDark":"#00294f","band":0,"off":[0,1.1],"lbl":"1"}},{"type":"Feature","geometry":{"type":"Point","coordinates":[24.056151,49.867013]},"properties":{"name":"Чигиринська (575)","band":0,"modes":"bus","arr":["А07","А12","А34"],"off":[0,-0.8]}},{"type":"Feature","geometry":{"type":"Point","coordinates":[24.056151,49.867013]},"properties":{"name":"Скейт-парк (738)","band":0,"modes":"bus","arr":["А07","А12","А34"],"off":[0,-1.9]}},{"type":"Feature","geometry":{"type":"Point","coordinates":[24.056151,49.867013]},"properties":{"name":"Скейт-парк (589)","band":0,"modes":"bus","arr":["А07","А12","А34"],"off":[0,-3]}},{"type":"Feature","geometry":{"type":"Point","coordinates":[24.056151,49.867013]},"properties":{"line":"А07","mode":"bus","color":"#0059a9","colorDark":"#00294f","band":0,"off":[-3.4,1.1],"lbl":"7"}},{"type":"Feature","geometry":{"type":"Point","coordinates":[24.056151,49.867013]},"properties":{"line":"А12","mode":"bus","color":"#0059a9","colorDark":"#00294f","band":0,"off":[0,1.1],"lbl":"12"}},{"type":"Feature","geometry":{"type":"Point","coordinates":[24.056151,49.867013]},"properties":{"line":"А34","mode":"bus","color":"#0059a9","colorDark":"#00294f","band":0,"off":[3.4,1.1],"lbl":"34"}},{"type":"Feature","geometry":{"type":"Point","coordinates":[24.046473,49.86584]},"properties":{"name":"Миколайчука (661)","band":0,"modes":"bus,tram","arr":["А12","Т06"],"off":[0,-0.8]}},{"type":"Feature","geometry":{"type":"Point","coordinates":[24.046473,49.86584]},"properties":{"name":"Миколайчука (661-01)","band":0,"modes":"bus,tram","arr":["А12","Т06"],"off":[0,-1.9]}},{"type":"Feature","geometry":{"type":"Point","coordinates":[24.046473,49.86584]},"properties":{"name":"Автостанція №2 (601)","band":0,"modes":"bus,tram","arr":["А12","Т06"],"off":[0,-4.1]}},{"type":"Feature","geometry":{"type":"Point","coordinates":[24.046473,49.86584]},"properties":{"line":"А12","mode":"bus","color":"#0059a9","colorDark":"#00294f","band":0,"off":[-1.7,1.1],"lbl":"12"}},{"type":"Feature","geometry":{"type":"Point","coordinates":[24.046473,49.86584]},"properties":{"line":"Т06","mode":"tram","color":"#FFFFFF","colorDark":"#8c8c8c","band":0,"off":[1.7,1.1],"lbl":"6"}},{"type":"Feature","geometry":{"type":"Point","coordinates":[24.026274,49.847555]},"properties":{"name":"Театральна (40)","band":0,"modes":"bus","arr":["А03","А05","А55","А57","А60","А80"],"off":[0,-0.8]}},{"type":"Feature","geometry":{"type":"Point","coordinates":[24.026274,49.847555]},"properties":{"name":"Проспект Чорновола (705)","band":0,"modes":"bus","arr":["А03","А05","А55","А57","А60","А80"],"off":[0,-1.9]}},{"type":"Feature","geometry":{"type":"Point","coordinates":[24.026274,49.847555]},"properties":{"name":"Площа Різні (62)","band":0,"modes":"bus","arr":["А03","А05","А55","А57","А60","А80"],"off":[0,-4.1]}},{"type":"Feature","geometry":{"type":"Point","coordinates":[24.026274,49.847555]},"properties":{"line":"А03","mode":"bus","color":"#0059a9","colorDark":"#00294f","band":0,"off":[-6.8,1.1],"lbl":"3"}},{"type":"Feature","geometry":{"type":"Point","coordinates":[24.026274,49.847555]},"properties":{"line":"А05","mode":"bus","color":"#0059a9","colorDark":"#00294f","band":0,"off":[-3.4,1.1],"lbl":"5"}},{"type":"Feature","geometry":{"type":"Point","coordinates":[24.026274,49.847555]},"properties":{"line":"А55","mode":"bus","color":"#0059a9","colorDark":"#00294f","band":0,"off":[0,1.1],"lbl":"55"}},{"type":"Feature","geometry":{"type":"Point","coordinates":[24.026274,49.847555]},"properties":{"line":"А57","mode":"bus","color":"#0059a9","colorDark":"#00294f","band":0,"off":[3.4,1.1],"lbl":"57"}},{"type":"Feature","geometry":{"type":"Point","coordinates":[24.026274,49.847555]},"properties":{"line":"А60","mode":"bus","color":"#0059a9","colorDark":"#00294f","band":0,"off":[6.8,1.1],"lbl":"60"}},{"type":"Feature","geometry":{"type":"Point","coordinates":[24.026274,49.847555]},"properties":{"line":"А80","mode":"bus","color":"#0059a9","colorDark":"#00294f","band":0,"off":[0,3.1],"lbl":"80"}},{"type":"Feature","geometry":{"type":"Point","coordinates":[24.027754,49.839015]},"properties":{"name":"Проспект Свободи (67)","band":0,"modes":"bus","arr":["А01","А06","А39а","А67","А99"],"off":[0,-0.8]}},{"type":"Feature","geometry":{"type":"Point","coordinates":[24.027754,49.839015]},"properties":{"name":"Площа Галицька (10)","band":0,"modes":"bus","arr":["А01","А06","А39а","А67","А99"],"off":[0,-3]}},{"type":"Feature","geometry":{"type":"Point","coordinates":[24.027754,49.839015]},"properties":{"name":"Наливайка (14)","band":0,"modes":"bus","arr":["А01","А06","А39а","А67","А99"],"off":[0,-5.2]}},{"type":"Feature","geometry":{"type":"Point","coordinates":[24.027754,49.839015]},"properties":{"line":"А01","mode":"bus","color":"#0059a9","colorDark":"#00294f","band":0,"off":[-6.8,1.1],"lbl":"1"}},{"type":"Feature","geometry":{"type":"Point","coordinates":[24.027754,49.839015]},"properties":{"line":"А06","mode":"bus","color":"#0059a9","colorDark":"#00294f","band":0,"off":[-3.4,1.1],"lbl":"6"}},{"type":"Feature","geometry":{"type":"Point","coordinates":[24.027754,49.839015]},"properties":{"line":"А39а","mode":"bus","color":"#0059a9","colorDark":"#00294f","band":0,"off":[0,1.1],"lbl":"39а"}},{"type":"Feature","geometry":{"type":"Point","coordinates":[24.027754,49.839015]},"properties":{"line":"А67","mode":"bus","color":"#0059a9","colorDark":"#00294f","band":0,"off":[3.4,1.1],"lbl":"67"}},{"type":"Feature","geometry":{"type":"Point","coordinates":[24.027754,49.839015]},"properties":{"line":"А99","mode":"bus","color":"#0059a9","colorDark":"#00294f","band":0,"off":[6.8,1.1],"lbl":"99"}},{"type":"Feature","geometry":{"type":"Point","coordinates":[24.055913,49.871432]},"properties":{"name":"Чигиринська (576)","band":0,"modes":"bus","arr":["А07","А31","А39","А41","А48","А51","А53"],"off":[0,-0.8]}},{"type":"Feature","geometry":{"type":"Point","coordinates":[24.055913,49.871432]},"properties":{"name":"Грінченка (574)","band":0,"modes":"bus","arr":["А07","А31","А39","А41","А48","А51","А53"],"off":[0,-1.9]}},{"type":"Feature","geometry":{"type":"Point","coordinates":[24.055913,49.871432]},"properties":{"name":"Галицьке перехрестя (595)","band":0,"modes":"bus","arr":["А07","А31","А39","А41","А48","А51","А53"],"off":[0,-3]}},{"type":"Feature","geometry":{"type":"Point","coordinates":[24.055913,49.871432]},"properties":{"line":"А07","mode":"bus","color":"#0059a9","colorDark":"#00294f","band":0,"off":[-6.8,1.1],"lbl":"7"}},{"type":"Feature","geometry":{"type":"Point","coordinates":[24.055913,49.871432]},"properties":{"line":"А31","mode":"bus","color":"#0059a9","colorDark":"#00294f","band":0,"off":[-3.4,1.1],"lbl":"31"}},{"type":"Feature","geometry":{"type":"Point","coordinates":[24.055913,49.871432]},"properties":{"line":"А39","mode":"bus","color":"#0059a9","colorDark":"#00294f","band":0,"off":[0,1.1],"lbl":"39"}},{"type":"Feature","geometry":{"type":"Point","coordinates":[24.055913,49.871432]},"properties":{"line":"А41","mode":"bus","color":"#0059a9","colorDark":"#00294f","band":0,"off":[3.4,1.1],"lbl":"41"}},{"type":"Feature","geometry":{"type":"Point","coordinates":[24.055913,49.871432]},"properties":{"line":"А48","mode":"bus","color":"#0059a9","colorDark":"#00294f","band":0,"off":[6.8,1.1],"lbl":"48"}},{"type":"Feature","geometry":{"type":"Point","coordinates":[24.055913,49.871432]},"properties":{"line":"А51","mode":"bus","color":"#0059a9","colorDark":"#00294f","band":0,"off":[-1.7,3.1],"lbl":"51"}},{"type":"Feature","geometry":{"type":"Point","coordinates":[24.055913,49.871432]},"properties":{"line":"А53","mode":"bus","color":"#0059a9","colorDark":"#00294f","band":0,"off":[1.7,3.1],"lbl":"53"}},{"type":"Feature","geometry":{"type":"Point","coordinates":[24.012652,49.774182]},"properties":{"name":"ТРЦ Кінг Кросс (320)","band":0,"modes":"bus","arr":["А03","А10","А25","А40"],"off":[0,-0.8]}},{"type":"Feature","geometry":{"type":"Point","coordinates":[24.012652,49.774182]},"properties":{"name":"ТРЦ Кінг Кросс (320-01)","band":0,"modes":"bus","arr":["А03","А10","А25","А40"],"off":[0,-3]}},{"type":"Feature","geometry":{"type":"Point","coordinates":[24.012652,49.774182]},"properties":{"line":"А03","mode":"bus","color":"#0059a9","colorDark":"#00294f","band":0,"off":[-5.1,1.1],"lbl":"3"}},{"type":"Feature","geometry":{"type":"Point","coordinates":[24.012652,49.774182]},"properties":{"line":"А10","mode":"bus","color":"#0059a9","colorDark":"#00294f","band":0,"off":[-1.7,1.1],"lbl":"10"}},{"type":"Feature","geometry":{"type":"Point","coordinates":[24.012652,49.774182]},"properties":{"line":"А25","mode":"bus","color":"#0059a9","colorDark":"#00294f","band":0,"off":[1.7,1.1],"lbl":"25"}},{"type":"Feature","geometry":{"type":"Point","coordinates":[24.012652,49.774182]},"properties":{"line":"А40","mode":"bus","color":"#0059a9","colorDark":"#00294f","band":0,"off":[5.1,1.1],"lbl":"40"}},{"type":"Feature","geometry":{"type":"Point","coordinates":[24.017415,49.787423]},"properties":{"name":"Автовокзал (433)","band":0,"modes":"bus","arr":["А09","Тр22","Тр23","Тр25"],"off":[0,-0.8]}},{"type":"Feature","geometry":{"type":"Point","coordinates":[24.017415,49.787423]},"properties":{"name":"Автовокзал (433-01)","band":0,"modes":"bus","arr":["А09","Тр22","Тр23","Тр25"],"off":[0,-1.9]}},{"type":"Feature","geometry":{"type":"Point","coordinates":[24.017415,49.787423]},"properties":{"line":"А09","mode":"bus","color":"#0059a9","colorDark":"#00294f","band":0,"off":[-5.1,1.1],"lbl":"9"}},{"type":"Feature","geometry":{"type":"Point","coordinates":[24.017415,49.787423]},"properties":{"line":"Тр22","mode":"bus","color":"#149a3f","colorDark":"#0a5121","band":0,"off":[-1.7,1.1],"lbl":"22"}},{"type":"Feature","geometry":{"type":"Point","coordinates":[24.017415,49.787423]},"properties":{"line":"Тр23","mode":"bus","color":"#149a3f","colorDark":"#0a5121","band":0,"off":[1.7,1.1],"lbl":"23"}},{"type":"Feature","geometry":{"type":"Point","coordinates":[24.017415,49.787423]},"properties":{"line":"Тр25","mode":"bus","color":"#149a3f","colorDark":"#0a5121","band":0,"off":[5.1,1.1],"lbl":"25"}},{"type":"Feature","geometry":{"type":"Point","coordinates":[24.035613,49.831614]},"properties":{"name":"Шота Руставелі (291)","band":0,"modes":"bus","arr":["Тр24","Тр25","Тр31"],"off":[0,-0.8]}},{"type":"Feature","geometry":{"type":"Point","coordinates":[24.035613,49.831614]},"properties":{"name":"Шота Руставелі (218)","band":0,"modes":"bus","arr":["Тр24","Тр25","Тр31"],"off":[0,-3]}},{"type":"Feature","geometry":{"type":"Point","coordinates":[24.035613,49.831614]},"properties":{"line":"Тр24","mode":"bus","color":"#149a3f","colorDark":"#0a5121","band":0,"off":[-3.4,1.1],"lbl":"24"}},{"type":"Feature","geometry":{"type":"Point","coordinates":[24.035613,49.831614]},"properties":{"line":"Тр25","mode":"bus","color":"#149a3f","colorDark":"#0a5121","band":0,"off":[0,1.1],"lbl":"25"}},{"type":"Feature","geometry":{"type":"Point","coordinates":[24.035613,49.831614]},"properties":{"line":"Тр31","mode":"bus","color":"#149a3f","colorDark":"#0a5121","band":0,"off":[3.4,1.1],"lbl":"31"}},{"type":"Feature","geometry":{"type":"Point","coordinates":[24.016905,49.797709]},"properties":{"name":"Скорини (560)","band":0,"modes":"bus","arr":["А57"],"off":[0,-0.8]}},{"type":"Feature","geometry":{"type":"Point","coordinates":[24.016905,49.797709]},"properties":{"line":"А57","mode":"bus","color":"#0059a9","colorDark":"#00294f","band":0,"off":[0,1.1],"lbl":"57"}},{"type":"Feature","geometry":{"type":"Point","coordinates":[24.015523,49.791433]},"properties":{"name":"Максимовича (562)","band":0,"modes":"bus","arr":["А09"],"off":[0,-0.8]}},{"type":"Feature","geometry":{"type":"Point","coordinates":[24.015523,49.791433]},"properties":{"line":"А09","mode":"bus","color":"#0059a9","colorDark":"#00294f","band":0,"off":[0,1.1],"lbl":"9"}},{"type":"Feature","geometry":{"type":"Point","coordinates":[24.121033,49.80576]},"properties":{"name":"Винники, Джерельна (1033)","band":0,"modes":"bus","arr":["А05"],"off":[0,-0.8]}},{"type":"Feature","geometry":{"type":"Point","coordinates":[24.121033,49.80576]},"properties":{"line":"А05","mode":"bus","color":"#0059a9","colorDark":"#00294f","band":0,"off":[0,1.1],"lbl":"5"}},{"type":"Feature","geometry":{"type":"Point","coordinates":[24.120149,49.809051]},"properties":{"name":"Винники, Забава (1001)","band":0,"modes":"bus","arr":["А05"],"off":[0,-0.8]}},{"type":"Feature","geometry":{"type":"Point","coordinates":[24.120149,49.809051]},"properties":{"line":"А05","mode":"bus","color":"#0059a9","colorDark":"#00294f","band":0,"off":[0,1.1],"lbl":"5"}},{"type":"Feature","geometry":{"type":"Point","coordinates":[24.068979,49.835684]},"properties":{"name":"Пасічна (286)","band":0,"modes":"bus,tram","arr":["А27","Т02"],"off":[0,-0.8]}},{"type":"Feature","geometry":{"type":"Point","coordinates":[24.068979,49.835684]},"properties":{"name":"Пасічна (286-1)","band":0,"modes":"bus,tram","arr":["А27","Т02"],"off":[0,-1.9]}},{"type":"Feature","geometry":{"type":"Point","coordinates":[24.068979,49.835684]},"properties":{"name":"Автостанція №6 (256)","band":0,"modes":"bus,tram","arr":["А27","Т02"],"off":[0,-3]}},{"type":"Feature","geometry":{"type":"Point","coordinates":[24.068979,49.835684]},"properties":{"line":"А27","mode":"bus","color":"#0059a9","colorDark":"#00294f","band":0,"off":[-1.7,1.1],"lbl":"27"}},{"type":"Feature","geometry":{"type":"Point","coordinates":[24.068979,49.835684]},"properties":{"line":"Т02","mode":"tram","color":"#556B2F","colorDark":"#2f3b1a","band":0,"off":[1.7,1.1],"lbl":"2"}},{"type":"Feature","geometry":{"type":"Point","coordinates":[23.936304,49.875407]},"properties":{"name":"Рясне-2 (655)","band":0,"modes":"bus","arr":["А06","А11","А12","А47","А49"],"off":[0,-0.8]}},{"type":"Feature","geometry":{"type":"Point","coordinates":[23.936304,49.875407]},"properties":{"name":"Рясне-2 (655-1)","band":0,"modes":"bus","arr":["А06","А11","А12","А47","А49"],"off":[0,-1.9]}},{"type":"Feature","geometry":{"type":"Point","coordinates":[23.936304,49.875407]},"properties":{"name":"Величковського (657)","band":0,"modes":"bus","arr":["А06","А11","А12","А47","А49"],"off":[0,-3]}},{"type":"Feature","geometry":{"type":"Point","coordinates":[23.936304,49.875407]},"properties":{"line":"А06","mode":"bus","color":"#0059a9","colorDark":"#00294f","band":0,"off":[-6.8,1.1],"lbl":"6"}},{"type":"Feature","geometry":{"type":"Point","coordinates":[23.936304,49.875407]},"properties":{"line":"А11","mode":"bus","color":"#0059a9","colorDark":"#00294f","band":0,"off":[-3.4,1.1],"lbl":"11"}},{"type":"Feature","geometry":{"type":"Point","coordinates":[23.936304,49.875407]},"properties":{"line":"А12","mode":"bus","color":"#0059a9","colorDark":"#00294f","band":0,"off":[0,1.1],"lbl":"12"}},{"type":"Feature","geometry":{"type":"Point","coordinates":[23.936304,49.875407]},"properties":{"line":"А47","mode":"bus","color":"#0059a9","colorDark":"#00294f","band":0,"off":[3.4,1.1],"lbl":"47"}},{"type":"Feature","geometry":{"type":"Point","coordinates":[23.936304,49.875407]},"properties":{"line":"А49","mode":"bus","color":"#0059a9","colorDark":"#00294f","band":0,"off":[6.8,1.1],"lbl":"49"}},{"type":"Feature","geometry":{"type":"Point","coordinates":[24.012545,49.866388]},"properties":{"name":"Щепова (865)","band":0,"modes":"bus","arr":["А21","А52"],"off":[0,-0.8]}},{"type":"Feature","geometry":{"type":"Point","coordinates":[24.012545,49.866388]},"properties":{"name":"Школа № 23 (624)","band":0,"modes":"bus","arr":["А21","А52"],"off":[0,-1.9]}},{"type":"Feature","geometry":{"type":"Point","coordinates":[24.012545,49.866388]},"properties":{"name":"Варшавська (612)","band":0,"modes":"bus","arr":["А21","А52"],"off":[0,-3]}},{"type":"Feature","geometry":{"type":"Point","coordinates":[24.012545,49.866388]},"properties":{"line":"А21","mode":"bus","color":"#0059a9","colorDark":"#00294f","band":0,"off":[-1.7,1.1],"lbl":"21"}},{"type":"Feature","geometry":{"type":"Point","coordinates":[24.012545,49.866388]},"properties":{"line":"А52","mode":"bus","color":"#0059a9","colorDark":"#00294f","band":0,"off":[1.7,1.1],"lbl":"52"}},{"type":"Feature","geometry":{"type":"Point","coordinates":[23.998124,49.843056]},"properties":{"name":"Приміський вокзал (189)","band":0,"modes":"bus","arr":["А10","А15","А16","А29","А31","А32","А49"],"off":[0,-0.8]}},{"type":"Feature","geometry":{"type":"Point","coordinates":[23.998124,49.843056]},"properties":{"name":"Привокзальний ринок (110)","band":0,"modes":"bus","arr":["А10","А15","А16","А29","А31","А32","А49"],"off":[0,-3]}},{"type":"Feature","geometry":{"type":"Point","coordinates":[23.998124,49.843056]},"properties":{"name":"Залізничний вокзал (191)","band":0,"modes":"bus","arr":["А10","А15","А16","А29","А31","А32","А49"],"off":[0,-5.2]}},{"type":"Feature","geometry":{"type":"Point","coordinates":[23.998124,49.843056]},"properties":{"line":"А10","mode":"bus","color":"#0059a9","colorDark":"#00294f","band":0,"off":[-6.8,1.1],"lbl":"10"}},{"type":"Feature","geometry":{"type":"Point","coordinates":[23.998124,49.843056]},"properties":{"line":"А15","mode":"bus","color":"#0059a9","colorDark":"#00294f","band":0,"off":[-3.4,1.1],"lbl":"15"}},{"type":"Feature","geometry":{"type":"Point","coordinates":[23.998124,49.843056]},"properties":{"line":"А16","mode":"bus","color":"#0059a9","colorDark":"#00294f","band":0,"off":[0,1.1],"lbl":"16"}},{"type":"Feature","geometry":{"type":"Point","coordinates":[23.998124,49.843056]},"properties":{"line":"А29","mode":"bus","color":"#0059a9","colorDark":"#00294f","band":0,"off":[3.4,1.1],"lbl":"29"}},{"type":"Feature","geometry":{"type":"Point","coordinates":[23.998124,49.843056]},"properties":{"line":"А31","mode":"bus","color":"#0059a9","colorDark":"#00294f","band":0,"off":[6.8,1.1],"lbl":"31"}},{"type":"Feature","geometry":{"type":"Point","coordinates":[23.998124,49.843056]},"properties":{"line":"А32","mode":"bus","color":"#0059a9","colorDark":"#00294f","band":0,"off":[-1.7,3.1],"lbl":"32"}},{"type":"Feature","geometry":{"type":"Point","coordinates":[23.998124,49.843056]},"properties":{"line":"А49","mode":"bus","color":"#0059a9","colorDark":"#00294f","band":0,"off":[1.7,3.1],"lbl":"49"}},{"type":"Feature","geometry":{"type":"Point","coordinates":[24.056654,49.788142]},"properties":{"name":"Санта Барбара (459)","band":0,"modes":"bus","arr":["А07","А11","А32","А46","А47","А53","Тр24"],"off":[0,-0.8]}},{"type":"Feature","geometry":{"type":"Point","coordinates":[24.056654,49.788142]},"properties":{"name":"Санта Барбара (457)","band":0,"modes":"bus","arr":["А07","А11","А32","А46","А47","А53","Тр24"],"off":[0,-3]}},{"type":"Feature","geometry":{"type":"Point","coordinates":[24.056654,49.788142]},"properties":{"name":"Гориня (418)","band":0,"modes":"bus","arr":["А07","А11","А32","А46","А47","А53","Тр24"],"off":[0,-5.2]}},{"type":"Feature","geometry":{"type":"Point","coordinates":[24.056654,49.788142]},"properties":{"line":"А07","mode":"bus","color":"#0059a9","colorDark":"#00294f","band":0,"off":[-6.8,1.1],"lbl":"7"}},{"type":"Feature","geometry":{"type":"Point","coordinates":[24.056654,49.788142]},"properties":{"line":"А11","mode":"bus","color":"#0059a9","colorDark":"#00294f","band":0,"off":[-3.4,1.1],"lbl":"11"}},{"type":"Feature","geometry":{"type":"Point","coordinates":[24.056654,49.788142]},"properties":{"line":"А32","mode":"bus","color":"#0059a9","colorDark":"#00294f","band":0,"off":[0,1.1],"lbl":"32"}},{"type":"Feature","geometry":{"type":"Point","coordinates":[24.056654,49.788142]},"properties":{"line":"А46","mode":"bus","color":"#0059a9","colorDark":"#00294f","band":0,"off":[3.4,1.1],"lbl":"46"}},{"type":"Feature","geometry":{"type":"Point","coordinates":[24.056654,49.788142]},"properties":{"line":"А47","mode":"bus","color":"#0059a9","colorDark":"#00294f","band":0,"off":[6.8,1.1],"lbl":"47"}},{"type":"Feature","geometry":{"type":"Point","coordinates":[24.056654,49.788142]},"properties":{"line":"А53","mode":"bus","color":"#0059a9","colorDark":"#00294f","band":0,"off":[-1.7,3.1],"lbl":"53"}},{"type":"Feature","geometry":{"type":"Point","coordinates":[24.056654,49.788142]},"properties":{"line":"Тр24","mode":"bus","color":"#149a3f","colorDark":"#0a5121","band":0,"off":[1.7,3.1],"lbl":"24"}},{"type":"Feature","geometry":{"type":"Point","coordinates":[23.98187,49.805802]},"properties":{"name":"Симоненка (546)","band":0,"modes":"bus","arr":["А45","А51"],"off":[0,-0.8]}},{"type":"Feature","geometry":{"type":"Point","coordinates":[23.98187,49.805802]},"properties":{"name":"Вікторія Гарденс (866)","band":0,"modes":"bus","arr":["А45","А51"],"off":[0,-1.9]}},{"type":"Feature","geometry":{"type":"Point","coordinates":[23.98187,49.805802]},"properties":{"name":"Вікторія Гарденс (547)","band":0,"modes":"bus","arr":["А45","А51"],"off":[0,-4.1]}},{"type":"Feature","geometry":{"type":"Point","coordinates":[23.98187,49.805802]},"properties":{"line":"А45","mode":"bus","color":"#0059a9","colorDark":"#00294f","band":0,"off":[-1.7,1.1],"lbl":"45"}},{"type":"Feature","geometry":{"type":"Point","coordinates":[23.98187,49.805802]},"properties":{"line":"А51","mode":"bus","color":"#0059a9","colorDark":"#00294f","band":0,"off":[1.7,1.1],"lbl":"51"}},{"type":"Feature","geometry":{"type":"Point","coordinates":[24.024505,49.843599]},"properties":{"name":"Магнус (82)","band":0,"modes":"bus","arr":["А08а","А22","А67"],"off":[0,-0.8]}},{"type":"Feature","geometry":{"type":"Point","coordinates":[24.024505,49.843599]},"properties":{"name":"Зернова (26)","band":0,"modes":"bus","arr":["А08а","А22","А67"],"off":[0,-1.9]}},{"type":"Feature","geometry":{"type":"Point","coordinates":[24.024505,49.843599]},"properties":{"line":"А08а","mode":"bus","color":"#0059a9","colorDark":"#00294f","band":0,"off":[-3.4,1.1],"lbl":"8а"}},{"type":"Feature","geometry":{"type":"Point","coordinates":[24.024505,49.843599]},"properties":{"line":"А22","mode":"bus","color":"#0059a9","colorDark":"#00294f","band":0,"off":[0,1.1],"lbl":"22"}},{"type":"Feature","geometry":{"type":"Point","coordinates":[24.024505,49.843599]},"properties":{"line":"А67","mode":"bus","color":"#0059a9","colorDark":"#00294f","band":0,"off":[3.4,1.1],"lbl":"67"}},{"type":"Feature","geometry":{"type":"Point","coordinates":[23.928567,49.904406]},"properties":{"name":"Брюховичі, Ягідна (1054)","band":0,"modes":"bus","arr":["А08а"],"off":[0,-0.8]}},{"type":"Feature","geometry":{"type":"Point","coordinates":[23.928567,49.904406]},"properties":{"name":"Брюховичі, Кардіологічна лікарня (1056)","band":0,"modes":"bus","arr":["А08а"],"off":[0,-3]}},{"type":"Feature","geometry":{"type":"Point","coordinates":[23.928567,49.904406]},"properties":{"line":"А08а","mode":"bus","color":"#0059a9","colorDark":"#00294f","band":0,"off":[0,1.1],"lbl":"8а"}},{"type":"Feature","geometry":{"type":"Point","coordinates":[24.027925,49.858258]},"properties":{"name":"Площа 700-річчя Львова (55)","band":0,"modes":"bus","arr":["А08а","А22","А56","А62"],"off":[0,-0.8]}},{"type":"Feature","geometry":{"type":"Point","coordinates":[24.027925,49.858258]},"properties":{"name":"Куліша (54)","band":0,"modes":"bus","arr":["А08а","А22","А56","А62"],"off":[0,-3]}},{"type":"Feature","geometry":{"type":"Point","coordinates":[24.027925,49.858258]},"properties":{"name":"Залізничний вокзал Підзамче (581)","band":0,"modes":"bus","arr":["А08а","А22","А56","А62"],"off":[0,-4.1]}},{"type":"Feature","geometry":{"type":"Point","coordinates":[24.027925,49.858258]},"properties":{"line":"А08а","mode":"bus","color":"#0059a9","colorDark":"#00294f","band":0,"off":[-5.1,1.1],"lbl":"8а"}},{"type":"Feature","geometry":{"type":"Point","coordinates":[24.027925,49.858258]},"properties":{"line":"А22","mode":"bus","color":"#0059a9","colorDark":"#00294f","band":0,"off":[-1.7,1.1],"lbl":"22"}},{"type":"Feature","geometry":{"type":"Point","coordinates":[24.027925,49.858258]},"properties":{"line":"А56","mode":"bus","color":"#0059a9","colorDark":"#00294f","band":0,"off":[1.7,1.1],"lbl":"56"}},{"type":"Feature","geometry":{"type":"Point","coordinates":[24.027925,49.858258]},"properties":{"line":"А62","mode":"bus","color":"#0059a9","colorDark":"#00294f","band":0,"off":[5.1,1.1],"lbl":"62"}},{"type":"Feature","geometry":{"type":"Point","coordinates":[24.163311,49.873738]},"properties":{"name":"Сороки-Львівські, Кільцева дорога (1462)","band":0,"modes":"bus","arr":["А09"],"off":[0,-0.8]}},{"type":"Feature","geometry":{"type":"Point","coordinates":[24.163311,49.873738]},"properties":{"name":"Сороки-Львівські, Кільцева дорога (1461)","band":0,"modes":"bus","arr":["А09"],"off":[0,-4.1]}},{"type":"Feature","geometry":{"type":"Point","coordinates":[24.163311,49.873738]},"properties":{"line":"А09","mode":"bus","color":"#0059a9","colorDark":"#00294f","band":0,"off":[0,1.1],"lbl":"9"}},{"type":"Feature","geometry":{"type":"Point","coordinates":[23.917433,49.821305]},"properties":{"name":"Городоцька-Кільцева (109)","band":0,"modes":"bus","arr":["А14","А92"],"off":[0,-0.8]}},{"type":"Feature","geometry":{"type":"Point","coordinates":[23.917433,49.821305]},"properties":{"name":"Автостанція Західна (105)","band":0,"modes":"bus","arr":["А14","А92"],"off":[0,-3]}},{"type":"Feature","geometry":{"type":"Point","coordinates":[23.917433,49.821305]},"properties":{"line":"А14","mode":"bus","color":"#0059a9","colorDark":"#00294f","band":0,"off":[-1.7,1.1],"lbl":"14"}},{"type":"Feature","geometry":{"type":"Point","coordinates":[23.917433,49.821305]},"properties":{"line":"А92","mode":"bus","color":"#0059a9","colorDark":"#00294f","band":0,"off":[1.7,1.1],"lbl":"92"}},{"type":"Feature","geometry":{"type":"Point","coordinates":[23.954722,49.826778]},"properties":{"name":"Ряшівська (169)","band":0,"modes":"bus","arr":["А48","Тр23","Тр30"],"off":[0,-0.8]}},{"type":"Feature","geometry":{"type":"Point","coordinates":[23.954722,49.826778]},"properties":{"name":"Ряшівська (166)","band":0,"modes":"bus","arr":["А48","Тр23","Тр30"],"off":[0,-1.9]}},{"type":"Feature","geometry":{"type":"Point","coordinates":[23.954722,49.826778]},"properties":{"line":"А48","mode":"bus","color":"#0059a9","colorDark":"#00294f","band":0,"off":[-3.4,1.1],"lbl":"48"}},{"type":"Feature","geometry":{"type":"Point","coordinates":[23.954722,49.826778]},"properties":{"line":"Тр23","mode":"bus","color":"#149a3f","colorDark":"#0a5121","band":0,"off":[0,1.1],"lbl":"23"}},{"type":"Feature","geometry":{"type":"Point","coordinates":[23.954722,49.826778]},"properties":{"line":"Тр30","mode":"bus","color":"#149a3f","colorDark":"#0a5121","band":0,"off":[3.4,1.1],"lbl":"30"}},{"type":"Feature","geometry":{"type":"Point","coordinates":[24.067765,49.790896]},"properties":{"name":"Кос-Анатольського (400)","band":0,"modes":"bus","arr":["А14"],"off":[0,-0.8]}},{"type":"Feature","geometry":{"type":"Point","coordinates":[24.067765,49.790896]},"properties":{"line":"А14","mode":"bus","color":"#0059a9","colorDark":"#00294f","band":0,"off":[0,1.1],"lbl":"14"}},{"type":"Feature","geometry":{"type":"Point","coordinates":[24.068896,49.784685]},"properties":{"name":"Трильовського (405)","band":0,"modes":"bus","arr":["А14","А19"],"off":[0,-0.8]}},{"type":"Feature","geometry":{"type":"Point","coordinates":[24.068896,49.784685]},"properties":{"name":"Антонича (354)","band":0,"modes":"bus","arr":["А14","А19"],"off":[0,-3]}},{"type":"Feature","geometry":{"type":"Point","coordinates":[24.068896,49.784685]},"properties":{"name":"Антонича (354-01)","band":0,"modes":"bus","arr":["А14","А19"],"off":[0,-4.1]}},{"type":"Feature","geometry":{"type":"Point","coordinates":[24.068896,49.784685]},"properties":{"line":"А14","mode":"bus","color":"#0059a9","colorDark":"#00294f","band":0,"off":[-1.7,1.1],"lbl":"14"}},{"type":"Feature","geometry":{"type":"Point","coordinates":[24.068896,49.784685]},"properties":{"line":"А19","mode":"bus","color":"#0059a9","colorDark":"#00294f","band":0,"off":[1.7,1.1],"lbl":"19"}},{"type":"Feature","geometry":{"type":"Point","coordinates":[24.064174,49.794569]},"properties":{"name":"Кавалерідзе (426)","band":0,"modes":"bus","arr":["А16","А41"],"off":[0,-0.8]}},{"type":"Feature","geometry":{"type":"Point","coordinates":[24.064174,49.794569]},"properties":{"name":"Кавалерідзе (423)","band":0,"modes":"bus","arr":["А16","А41"],"off":[0,-1.9]}},{"type":"Feature","geometry":{"type":"Point","coordinates":[24.064174,49.794569]},"properties":{"line":"А16","mode":"bus","color":"#0059a9","colorDark":"#00294f","band":0,"off":[-1.7,1.1],"lbl":"16"}},{"type":"Feature","geometry":{"type":"Point","coordinates":[24.064174,49.794569]},"properties":{"line":"А41","mode":"bus","color":"#0059a9","colorDark":"#00294f","band":0,"off":[1.7,1.1],"lbl":"41"}},{"type":"Feature","geometry":{"type":"Point","coordinates":[23.993757,49.834847]},"properties":{"name":"Приміський вокзал (111)","band":0,"modes":"bus","arr":["А15"],"off":[0,-0.8]}},{"type":"Feature","geometry":{"type":"Point","coordinates":[23.993757,49.834847]},"properties":{"line":"А15","mode":"bus","color":"#0059a9","colorDark":"#00294f","band":0,"off":[0,1.1],"lbl":"15"}},{"type":"Feature","geometry":{"type":"Point","coordinates":[24.062876,49.815983]},"properties":{"name":"Вашингтона (365)","band":0,"modes":"bus","arr":["А92"],"off":[0,-0.8]}},{"type":"Feature","geometry":{"type":"Point","coordinates":[24.062876,49.815983]},"properties":{"name":"Вашингтона (216)","band":0,"modes":"bus","arr":["А92"],"off":[0,-1.9]}},{"type":"Feature","geometry":{"type":"Point","coordinates":[24.062876,49.815983]},"properties":{"line":"А92","mode":"bus","color":"#0059a9","colorDark":"#00294f","band":0,"off":[0,1.1],"lbl":"92"}},{"type":"Feature","geometry":{"type":"Point","coordinates":[24.081732,49.823781]},"properties":{"name":"Медової Печери (270)","band":0,"modes":"bus","arr":["А15"],"off":[0,-0.8]}},{"type":"Feature","geometry":{"type":"Point","coordinates":[24.081732,49.823781]},"properties":{"name":"Каштанова (268)","band":0,"modes":"bus","arr":["А15"],"off":[0,-3]}},{"type":"Feature","geometry":{"type":"Point","coordinates":[24.081732,49.823781]},"properties":{"line":"А15","mode":"bus","color":"#0059a9","colorDark":"#00294f","band":0,"off":[0,1.1],"lbl":"15"}},{"type":"Feature","geometry":{"type":"Point","coordinates":[24.06845,49.83074]},"properties":{"name":"Таджицька (278)","band":0,"modes":"bus","arr":["А27"],"off":[0,-0.8]}},{"type":"Feature","geometry":{"type":"Point","coordinates":[24.06845,49.83074]},"properties":{"line":"А27","mode":"bus","color":"#0059a9","colorDark":"#00294f","band":0,"off":[0,1.1],"lbl":"27"}},{"type":"Feature","geometry":{"type":"Point","coordinates":[24.040644,49.878895]},"properties":{"name":"Розточчя (763)","band":0,"modes":"bus","arr":["А17","А19","А84"],"off":[0,-0.8]}},{"type":"Feature","geometry":{"type":"Point","coordinates":[24.040644,49.878895]},"properties":{"name":"Леннона (868)","band":0,"modes":"bus","arr":["А17","А19","А84"],"off":[0,-1.9]}},{"type":"Feature","geometry":{"type":"Point","coordinates":[24.040644,49.878895]},"properties":{"name":"Леннона (619)","band":0,"modes":"bus","arr":["А17","А19","А84"],"off":[0,-3]}},{"type":"Feature","geometry":{"type":"Point","coordinates":[24.040644,49.878895]},"properties":{"line":"А17","mode":"bus","color":"#0059a9","colorDark":"#00294f","band":0,"off":[-3.4,1.1],"lbl":"17"}},{"type":"Feature","geometry":{"type":"Point","coordinates":[24.040644,49.878895]},"properties":{"line":"А19","mode":"bus","color":"#0059a9","colorDark":"#00294f","band":0,"off":[0,1.1],"lbl":"19"}},{"type":"Feature","geometry":{"type":"Point","coordinates":[24.040644,49.878895]},"properties":{"line":"А84","mode":"bus","color":"#0059a9","colorDark":"#00294f","band":0,"off":[3.4,1.1],"lbl":"84"}},{"type":"Feature","geometry":{"type":"Point","coordinates":[23.965745,49.847764]},"properties":{"name":"Суботівська (182)","band":0,"modes":"bus","arr":["А18","А20","А23","А43","Тр32"],"off":[0,-0.8]}},{"type":"Feature","geometry":{"type":"Point","coordinates":[23.965745,49.847764]},"properties":{"name":"Суботівська (177)","band":0,"modes":"bus","arr":["А18","А20","А23","А43","Тр32"],"off":[0,-1.9]}},{"type":"Feature","geometry":{"type":"Point","coordinates":[23.965745,49.847764]},"properties":{"line":"А18","mode":"bus","color":"#0059a9","colorDark":"#00294f","band":0,"off":[-6.8,1.1],"lbl":"18"}},{"type":"Feature","geometry":{"type":"Point","coordinates":[23.965745,49.847764]},"properties":{"line":"А20","mode":"bus","color":"#0059a9","colorDark":"#00294f","band":0,"off":[-3.4,1.1],"lbl":"20"}},{"type":"Feature","geometry":{"type":"Point","coordinates":[23.965745,49.847764]},"properties":{"line":"А23","mode":"bus","color":"#0059a9","colorDark":"#00294f","band":0,"off":[0,1.1],"lbl":"23"}},{"type":"Feature","geometry":{"type":"Point","coordinates":[23.965745,49.847764]},"properties":{"line":"А43","mode":"bus","color":"#0059a9","colorDark":"#00294f","band":0,"off":[3.4,1.1],"lbl":"43"}},{"type":"Feature","geometry":{"type":"Point","coordinates":[23.965745,49.847764]},"properties":{"line":"Тр32","mode":"bus","color":"#149a3f","colorDark":"#0a5121","band":0,"off":[6.8,1.1],"lbl":"32"}},{"type":"Feature","geometry":{"type":"Point","coordinates":[23.947867,49.830662]},"properties":{"name":"Львівтеплоенерго (831)","band":0,"modes":"bus","arr":["А17"],"off":[0,-0.8]}},{"type":"Feature","geometry":{"type":"Point","coordinates":[23.947867,49.830662]},"properties":{"name":"Данила Апостола (832)","band":0,"modes":"bus","arr":["А17"],"off":[0,-3]}},{"type":"Feature","geometry":{"type":"Point","coordinates":[23.947867,49.830662]},"properties":{"line":"А17","mode":"bus","color":"#0059a9","colorDark":"#00294f","band":0,"off":[0,1.1],"lbl":"17"}},{"type":"Feature","geometry":{"type":"Point","coordinates":[24.102514,49.842175]},"properties":{"name":"Провесінь (212)","band":0,"modes":"bus","arr":["А18","А23"],"off":[0,-0.8]}},{"type":"Feature","geometry":{"type":"Point","coordinates":[24.102514,49.842175]},"properties":{"name":"Провесінь (209)","band":0,"modes":"bus","arr":["А18","А23"],"off":[0,-1.9]}},{"type":"Feature","geometry":{"type":"Point","coordinates":[24.102514,49.842175]},"properties":{"name":"Глинянський Тракт (211)","band":0,"modes":"bus","arr":["А18","А23"],"off":[0,-3]}},{"type":"Feature","geometry":{"type":"Point","coordinates":[24.102514,49.842175]},"properties":{"line":"А18","mode":"bus","color":"#0059a9","colorDark":"#00294f","band":0,"off":[-1.7,1.1],"lbl":"18"}},{"type":"Feature","geometry":{"type":"Point","coordinates":[24.102514,49.842175]},"properties":{"line":"А23","mode":"bus","color":"#0059a9","colorDark":"#00294f","band":0,"off":[1.7,1.1],"lbl":"23"}},{"type":"Feature","geometry":{"type":"Point","coordinates":[24.035244,49.835652]},"properties":{"name":"Шухевича (30)","band":0,"modes":"bus,tram","arr":["А39а","А99","Т03","Т08"],"off":[0,-0.8]}},{"type":"Feature","geometry":{"type":"Point","coordinates":[24.035244,49.835652]},"properties":{"name":"Соборна (74)","band":0,"modes":"bus,tram","arr":["А39а","А99","Т03","Т08"],"off":[0,-1.9]}},{"type":"Feature","geometry":{"type":"Point","coordinates":[24.035244,49.835652]},"properties":{"name":"ПЛ. СОБОРНА","band":0,"modes":"bus,tram","arr":["А39а","А99","Т03","Т08"],"off":[0,-3]}},{"type":"Feature","geometry":{"type":"Point","coordinates":[24.035244,49.835652]},"properties":{"line":"А39а","mode":"bus","color":"#0059a9","colorDark":"#00294f","band":0,"off":[-5.1,1.1],"lbl":"39а"}},{"type":"Feature","geometry":{"type":"Point","coordinates":[24.035244,49.835652]},"properties":{"line":"А99","mode":"bus","color":"#0059a9","colorDark":"#00294f","band":0,"off":[-1.7,1.1],"lbl":"99"}},{"type":"Feature","geometry":{"type":"Point","coordinates":[24.035244,49.835652]},"properties":{"line":"Т03","mode":"tram","color":"#FFFFFF","colorDark":"#8c8c8c","band":0,"off":[1.7,1.1],"lbl":"3"}},{"type":"Feature","geometry":{"type":"Point","coordinates":[24.035244,49.835652]},"properties":{"line":"Т08","mode":"tram","color":"#FFFFFF","colorDark":"#8c8c8c","band":0,"off":[5.1,1.1],"lbl":"8"}},{"type":"Feature","geometry":{"type":"Point","coordinates":[24.07655,49.854447]},"properties":{"name":"Авторинок (200)","band":0,"modes":"bus","arr":["А39","А39а"],"off":[0,-0.8]}},{"type":"Feature","geometry":{"type":"Point","coordinates":[24.07655,49.854447]},"properties":{"name":"Авторинок (199)","band":0,"modes":"bus","arr":["А39","А39а"],"off":[0,-1.9]}},{"type":"Feature","geometry":{"type":"Point","coordinates":[24.07655,49.854447]},"properties":{"line":"А39","mode":"bus","color":"#0059a9","colorDark":"#00294f","band":0,"off":[-1.7,1.1],"lbl":"39"}},{"type":"Feature","geometry":{"type":"Point","coordinates":[24.07655,49.854447]},"properties":{"line":"А39а","mode":"bus","color":"#0059a9","colorDark":"#00294f","band":0,"off":[1.7,1.1],"lbl":"39а"}},{"type":"Feature","geometry":{"type":"Point","coordinates":[24.062182,49.858173]},"properties":{"name":"Польова, Завод (289)","band":0,"modes":"bus","arr":["А20"],"off":[0,-0.8]}},{"type":"Feature","geometry":{"type":"Point","coordinates":[24.062182,49.858173]},"properties":{"name":"Ковельська (288)","band":0,"modes":"bus","arr":["А20"],"off":[0,-3]}},{"type":"Feature","geometry":{"type":"Point","coordinates":[24.062182,49.858173]},"properties":{"line":"А20","mode":"bus","color":"#0059a9","colorDark":"#00294f","band":0,"off":[0,1.1],"lbl":"20"}},{"type":"Feature","geometry":{"type":"Point","coordinates":[24.026651,49.851529]},"properties":{"name":"Площа 700-річчя Львова (56)","band":0,"modes":"bus","arr":["А56","А58","А59","А62","А63"],"off":[0,-0.8]}},{"type":"Feature","geometry":{"type":"Point","coordinates":[24.026651,49.851529]},"properties":{"name":"Залізничний вокзал Підзамче (312)","band":0,"modes":"bus","arr":["А56","А58","А59","А62","А63"],"off":[0,-3]}},{"type":"Feature","geometry":{"type":"Point","coordinates":[24.026651,49.851529]},"properties":{"name":"Ветеранів (727)","band":0,"modes":"bus","arr":["А56","А58","А59","А62","А63"],"off":[0,-5.2]}},{"type":"Feature","geometry":{"type":"Point","coordinates":[24.026651,49.851529]},"properties":{"line":"А56","mode":"bus","color":"#0059a9","colorDark":"#00294f","band":0,"off":[-6.8,1.1],"lbl":"56"}},{"type":"Feature","geometry":{"type":"Point","coordinates":[24.026651,49.851529]},"properties":{"line":"А58","mode":"bus","color":"#0059a9","colorDark":"#00294f","band":0,"off":[-3.4,1.1],"lbl":"58"}},{"type":"Feature","geometry":{"type":"Point","coordinates":[24.026651,49.851529]},"properties":{"line":"А59","mode":"bus","color":"#0059a9","colorDark":"#00294f","band":0,"off":[0,1.1],"lbl":"59"}},{"type":"Feature","geometry":{"type":"Point","coordinates":[24.026651,49.851529]},"properties":{"line":"А62","mode":"bus","color":"#0059a9","colorDark":"#00294f","band":0,"off":[3.4,1.1],"lbl":"62"}},{"type":"Feature","geometry":{"type":"Point","coordinates":[24.026651,49.851529]},"properties":{"line":"А63","mode":"bus","color":"#0059a9","colorDark":"#00294f","band":0,"off":[6.8,1.1],"lbl":"63"}},{"type":"Feature","geometry":{"type":"Point","coordinates":[23.906153,49.830369]},"properties":{"name":"Три слони (314)","band":0,"modes":"bus","arr":["А21"],"off":[0,-0.8]}},{"type":"Feature","geometry":{"type":"Point","coordinates":[23.906153,49.830369]},"properties":{"name":"Три слони (307)","band":0,"modes":"bus","arr":["А21"],"off":[0,-1.9]}},{"type":"Feature","geometry":{"type":"Point","coordinates":[23.906153,49.830369]},"properties":{"line":"А21","mode":"bus","color":"#0059a9","colorDark":"#00294f","band":0,"off":[0,1.1],"lbl":"21"}},{"type":"Feature","geometry":{"type":"Point","coordinates":[24.005585,49.867247]},"properties":{"name":"Щепова (864)","band":0,"modes":"bus","arr":["А21"],"off":[0,-0.8]}},{"type":"Feature","geometry":{"type":"Point","coordinates":[24.005585,49.867247]},"properties":{"line":"А21","mode":"bus","color":"#0059a9","colorDark":"#00294f","band":0,"off":[0,1.1],"lbl":"21"}},{"type":"Feature","geometry":{"type":"Point","coordinates":[23.982174,49.921986]},"properties":{"name":"Брюховичі, під Осовою (1091)","band":0,"modes":"bus","arr":["А22"],"off":[0,-0.8]}},{"type":"Feature","geometry":{"type":"Point","coordinates":[23.982174,49.921986]},"properties":{"name":"Брюховичі, під Осовою (1090)","band":0,"modes":"bus","arr":["А22"],"off":[0,-3]}},{"type":"Feature","geometry":{"type":"Point","coordinates":[23.982174,49.921986]},"properties":{"line":"А22","mode":"bus","color":"#0059a9","colorDark":"#00294f","band":0,"off":[0,1.1],"lbl":"22"}},{"type":"Feature","geometry":{"type":"Point","coordinates":[24.053322,49.850663]},"properties":{"name":"Старе Знесіння (300)","band":0,"modes":"bus","arr":["А25"],"off":[0,-0.8]}},{"type":"Feature","geometry":{"type":"Point","coordinates":[24.053322,49.850663]},"properties":{"name":"Заклинських (264)","band":0,"modes":"bus","arr":["А25"],"off":[0,-3]}},{"type":"Feature","geometry":{"type":"Point","coordinates":[24.053322,49.850663]},"properties":{"line":"А25","mode":"bus","color":"#0059a9","colorDark":"#00294f","band":0,"off":[0,1.1],"lbl":"25"}},{"type":"Feature","geometry":{"type":"Point","coordinates":[23.93653,49.822025]},"properties":{"name":"Станція Скнилів (85)","band":0,"modes":"bus","arr":["А27","Тр27"],"off":[0,-0.8]}},{"type":"Feature","geometry":{"type":"Point","coordinates":[23.93653,49.822025]},"properties":{"name":"Станція Скнилів (85-01)","band":0,"modes":"bus","arr":["А27","Тр27"],"off":[0,-3]}},{"type":"Feature","geometry":{"type":"Point","coordinates":[23.93653,49.822025]},"properties":{"line":"А27","mode":"bus","color":"#0059a9","colorDark":"#00294f","band":0,"off":[-1.7,1.1],"lbl":"27"}},{"type":"Feature","geometry":{"type":"Point","coordinates":[23.93653,49.822025]},"properties":{"line":"Тр27","mode":"bus","color":"#149a3f","colorDark":"#0a5121","band":0,"off":[1.7,1.1],"lbl":"27"}},{"type":"Feature","geometry":{"type":"Point","coordinates":[24.139451,49.819025]},"properties":{"name":"Винники, Галицька (1005)","band":0,"modes":"bus","arr":["А29","А40"],"off":[0,-0.8]}},{"type":"Feature","geometry":{"type":"Point","coordinates":[24.139451,49.819025]},"properties":{"name":"Винники, Винниченка (1023)","band":0,"modes":"bus","arr":["А29","А40"],"off":[0,-3]}},{"type":"Feature","geometry":{"type":"Point","coordinates":[24.139451,49.819025]},"properties":{"name":"Винники, Винниченка (1022)","band":0,"modes":"bus","arr":["А29","А40"],"off":[0,-5.2]}},{"type":"Feature","geometry":{"type":"Point","coordinates":[24.139451,49.819025]},"properties":{"line":"А29","mode":"bus","color":"#0059a9","colorDark":"#00294f","band":0,"off":[-1.7,1.1],"lbl":"29"}},{"type":"Feature","geometry":{"type":"Point","coordinates":[24.139451,49.819025]},"properties":{"line":"А40","mode":"bus","color":"#0059a9","colorDark":"#00294f","band":0,"off":[1.7,1.1],"lbl":"40"}},{"type":"Feature","geometry":{"type":"Point","coordinates":[24.054989,49.876607]},"properties":{"name":"Грінченка (639)","band":0,"modes":"bus","arr":["А31","А39","А41","А48","А51","А53"],"off":[0,-0.8]}},{"type":"Feature","geometry":{"type":"Point","coordinates":[24.054989,49.876607]},"properties":{"name":"Галицьке перехрестя (741)","band":0,"modes":"bus","arr":["А31","А39","А41","А48","А51","А53"],"off":[0,-1.9]}},{"type":"Feature","geometry":{"type":"Point","coordinates":[24.054989,49.876607]},"properties":{"line":"А31","mode":"bus","color":"#0059a9","colorDark":"#00294f","band":0,"off":[-6.8,1.1],"lbl":"31"}},{"type":"Feature","geometry":{"type":"Point","coordinates":[24.054989,49.876607]},"properties":{"line":"А39","mode":"bus","color":"#0059a9","colorDark":"#00294f","band":0,"off":[-3.4,1.1],"lbl":"39"}},{"type":"Feature","geometry":{"type":"Point","coordinates":[24.054989,49.876607]},"properties":{"line":"А41","mode":"bus","color":"#0059a9","colorDark":"#00294f","band":0,"off":[0,1.1],"lbl":"41"}},{"type":"Feature","geometry":{"type":"Point","coordinates":[24.054989,49.876607]},"properties":{"line":"А48","mode":"bus","color":"#0059a9","colorDark":"#00294f","band":0,"off":[3.4,1.1],"lbl":"48"}},{"type":"Feature","geometry":{"type":"Point","coordinates":[24.054989,49.876607]},"properties":{"line":"А51","mode":"bus","color":"#0059a9","colorDark":"#00294f","band":0,"off":[6.8,1.1],"lbl":"51"}},{"type":"Feature","geometry":{"type":"Point","coordinates":[24.054989,49.876607]},"properties":{"line":"А53","mode":"bus","color":"#0059a9","colorDark":"#00294f","band":0,"off":[0,3.1],"lbl":"53"}},{"type":"Feature","geometry":{"type":"Point","coordinates":[24.022209,49.834426]},"properties":{"name":"Університет (78)","band":0,"modes":"bus","arr":["А33","Тр22","Тр27","Тр30","Тр32"],"off":[0,-0.8]}},{"type":"Feature","geometry":{"type":"Point","coordinates":[24.022209,49.834426]},"properties":{"name":"Університет (78-01)","band":0,"modes":"bus","arr":["А33","Тр22","Тр27","Тр30","Тр32"],"off":[0,-1.9]}},{"type":"Feature","geometry":{"type":"Point","coordinates":[24.022209,49.834426]},"properties":{"name":"Січових Стрільців (71)","band":0,"modes":"bus","arr":["А33","Тр22","Тр27","Тр30","Тр32"],"off":[0,-4.1]}},{"type":"Feature","geometry":{"type":"Point","coordinates":[24.022209,49.834426]},"properties":{"line":"А33","mode":"bus","color":"#0059a9","colorDark":"#00294f","band":0,"off":[-6.8,1.1],"lbl":"33"}},{"type":"Feature","geometry":{"type":"Point","coordinates":[24.022209,49.834426]},"properties":{"line":"Тр22","mode":"bus","color":"#149a3f","colorDark":"#0a5121","band":0,"off":[-3.4,1.1],"lbl":"22"}},{"type":"Feature","geometry":{"type":"Point","coordinates":[24.022209,49.834426]},"properties":{"line":"Тр27","mode":"bus","color":"#149a3f","colorDark":"#0a5121","band":0,"off":[0,1.1],"lbl":"27"}},{"type":"Feature","geometry":{"type":"Point","coordinates":[24.022209,49.834426]},"properties":{"line":"Тр30","mode":"bus","color":"#149a3f","colorDark":"#0a5121","band":0,"off":[3.4,1.1],"lbl":"30"}},{"type":"Feature","geometry":{"type":"Point","coordinates":[24.022209,49.834426]},"properties":{"line":"Тр32","mode":"bus","color":"#149a3f","colorDark":"#0a5121","band":0,"off":[6.8,1.1],"lbl":"32"}},{"type":"Feature","geometry":{"type":"Point","coordinates":[23.988478,49.801568]},"properties":{"name":"Технічний коледж (710)","band":0,"modes":"bus","arr":["А33"],"off":[0,-0.8]}},{"type":"Feature","geometry":{"type":"Point","coordinates":[23.988478,49.801568]},"properties":{"name":"Пулюя (507)","band":0,"modes":"bus","arr":["А33"],"off":[0,-3]}},{"type":"Feature","geometry":{"type":"Point","coordinates":[23.988478,49.801568]},"properties":{"line":"А33","mode":"bus","color":"#0059a9","colorDark":"#00294f","band":0,"off":[0,1.1],"lbl":"33"}},{"type":"Feature","geometry":{"type":"Point","coordinates":[24.015996,49.832257]},"properties":{"name":"Устияновича (48)","band":0,"modes":"bus","arr":["А33"],"off":[0,-0.8]}},{"type":"Feature","geometry":{"type":"Point","coordinates":[24.015996,49.832257]},"properties":{"line":"А33","mode":"bus","color":"#0059a9","colorDark":"#00294f","band":0,"off":[0,1.1],"lbl":"33"}},{"type":"Feature","geometry":{"type":"Point","coordinates":[23.929605,49.845796]},"properties":{"name":"Білогорща (90)","band":0,"modes":"bus","arr":["А34"],"off":[0,-0.8]}},{"type":"Feature","geometry":{"type":"Point","coordinates":[23.929605,49.845796]},"properties":{"name":"Білогорща (90-01)","band":0,"modes":"bus","arr":["А34"],"off":[0,-1.9]}},{"type":"Feature","geometry":{"type":"Point","coordinates":[23.929605,49.845796]},"properties":{"line":"А34","mode":"bus","color":"#0059a9","colorDark":"#00294f","band":0,"off":[0,1.1],"lbl":"34"}},{"type":"Feature","geometry":{"type":"Point","coordinates":[24.004318,49.870802]},"properties":{"name":"Під Голоском (669)","band":0,"modes":"bus","arr":["А37"],"off":[0,-0.8]}},{"type":"Feature","geometry":{"type":"Point","coordinates":[24.004318,49.870802]},"properties":{"name":"Під Голоском (668)","band":0,"modes":"bus","arr":["А37"],"off":[0,-1.9]}},{"type":"Feature","geometry":{"type":"Point","coordinates":[24.004318,49.870802]},"properties":{"line":"А37","mode":"bus","color":"#0059a9","colorDark":"#00294f","band":0,"off":[0,1.1],"lbl":"37"}},{"type":"Feature","geometry":{"type":"Point","coordinates":[24.041922,49.795618]},"properties":{"name":"Хоткевича (310)","band":0,"modes":"bus","arr":["А37"],"off":[0,-0.8]}},{"type":"Feature","geometry":{"type":"Point","coordinates":[24.041922,49.795618]},"properties":{"name":"Річка Зубра (743)","band":0,"modes":"bus","arr":["А37"],"off":[0,-1.9]}},{"type":"Feature","geometry":{"type":"Point","coordinates":[24.041922,49.795618]},"properties":{"line":"А37","mode":"bus","color":"#0059a9","colorDark":"#00294f","band":0,"off":[0,1.1],"lbl":"37"}},{"type":"Feature","geometry":{"type":"Point","coordinates":[24.146451,49.82199]},"properties":{"name":"Винники, Лисика (1016)","band":0,"modes":"bus","arr":["А40"],"off":[0,-0.8]}},{"type":"Feature","geometry":{"type":"Point","coordinates":[24.146451,49.82199]},"properties":{"line":"А40","mode":"bus","color":"#0059a9","colorDark":"#00294f","band":0,"off":[0,1.1],"lbl":"40"}},{"type":"Feature","geometry":{"type":"Point","coordinates":[24.050735,49.815359]},"properties":{"name":"Лікарня Святого Луки (367)","band":0,"modes":"bus","arr":["А43"],"off":[0,-0.8]}},{"type":"Feature","geometry":{"type":"Point","coordinates":[24.050735,49.815359]},"properties":{"name":"Дунайська (368)","band":0,"modes":"bus","arr":["А43"],"off":[0,-3]}},{"type":"Feature","geometry":{"type":"Point","coordinates":[24.050735,49.815359]},"properties":{"line":"А43","mode":"bus","color":"#0059a9","colorDark":"#00294f","band":0,"off":[0,1.1],"lbl":"43"}},{"type":"Feature","geometry":{"type":"Point","coordinates":[24.042501,49.845169]},"properties":{"name":"Княжа (853)","band":0,"modes":"bus","arr":["А45"],"off":[0,-0.8]}},{"type":"Feature","geometry":{"type":"Point","coordinates":[24.042501,49.845169]},"properties":{"name":"Барвінських (854)","band":0,"modes":"bus","arr":["А45"],"off":[0,-1.9]}},{"type":"Feature","geometry":{"type":"Point","coordinates":[24.042501,49.845169]},"properties":{"line":"А45","mode":"bus","color":"#0059a9","colorDark":"#00294f","band":0,"off":[0,1.1],"lbl":"45"}},{"type":"Feature","geometry":{"type":"Point","coordinates":[24.020694,49.887965]},"properties":{"name":"Голосківський цвинтар (819)","band":0,"modes":"bus","arr":["А46"],"off":[0,-0.8]}},{"type":"Feature","geometry":{"type":"Point","coordinates":[24.020694,49.887965]},"properties":{"name":"Голосківський цвинтар (295)","band":0,"modes":"bus","arr":["А46"],"off":[0,-3]}},{"type":"Feature","geometry":{"type":"Point","coordinates":[24.020694,49.887965]},"properties":{"line":"А46","mode":"bus","color":"#0059a9","colorDark":"#00294f","band":0,"off":[0,1.1],"lbl":"46"}},{"type":"Feature","geometry":{"type":"Point","coordinates":[23.860681,49.842654]},"properties":{"name":"Рудно, Семінарія (1130)","band":0,"modes":"bus","arr":["А52","А84"],"off":[0,-0.8]}},{"type":"Feature","geometry":{"type":"Point","coordinates":[23.860681,49.842654]},"properties":{"name":"Рудно, Семінарія (1129)","band":0,"modes":"bus","arr":["А52","А84"],"off":[0,-3]}},{"type":"Feature","geometry":{"type":"Point","coordinates":[23.860681,49.842654]},"properties":{"line":"А52","mode":"bus","color":"#0059a9","colorDark":"#00294f","band":0,"off":[-1.7,1.1],"lbl":"52"}},{"type":"Feature","geometry":{"type":"Point","coordinates":[23.860681,49.842654]},"properties":{"line":"А84","mode":"bus","color":"#0059a9","colorDark":"#00294f","band":0,"off":[1.7,1.1],"lbl":"84"}},{"type":"Feature","geometry":{"type":"Point","coordinates":[24.01822,49.900403]},"properties":{"name":"Збиранка.Центр (1441)","band":0,"modes":"bus","arr":["А55"],"off":[0,-0.8]}},{"type":"Feature","geometry":{"type":"Point","coordinates":[24.01822,49.900403]},"properties":{"name":"Збиранка, Центр (1442)","band":0,"modes":"bus","arr":["А55"],"off":[0,-3]}},{"type":"Feature","geometry":{"type":"Point","coordinates":[24.01822,49.900403]},"properties":{"line":"А55","mode":"bus","color":"#0059a9","colorDark":"#00294f","band":0,"off":[0,1.1],"lbl":"55"}},{"type":"Feature","geometry":{"type":"Point","coordinates":[24.086545,49.904557]},"properties":{"name":"Дубляни, Центр (1312)","band":0,"modes":"bus","arr":["А56"],"off":[0,-0.8]}},{"type":"Feature","geometry":{"type":"Point","coordinates":[24.086545,49.904557]},"properties":{"name":"Дубляни, Центр (1311)","band":0,"modes":"bus","arr":["А56"],"off":[0,-3]}},{"type":"Feature","geometry":{"type":"Point","coordinates":[24.086545,49.904557]},"properties":{"line":"А56","mode":"bus","color":"#0059a9","colorDark":"#00294f","band":0,"off":[0,1.1],"lbl":"56"}},{"type":"Feature","geometry":{"type":"Point","coordinates":[24.056857,49.911231]},"properties":{"name":"Великі Грибовичі, Шкільна (1168)","band":0,"modes":"bus","arr":["А80"],"off":[0,-0.8]}},{"type":"Feature","geometry":{"type":"Point","coordinates":[24.056857,49.911231]},"properties":{"name":"Великі Грибовичі, Садова (1172)","band":0,"modes":"bus","arr":["А80"],"off":[0,-3]}},{"type":"Feature","geometry":{"type":"Point","coordinates":[24.056857,49.911231]},"properties":{"line":"А80","mode":"bus","color":"#0059a9","colorDark":"#00294f","band":0,"off":[0,1.1],"lbl":"80"}},{"type":"Feature","geometry":{"type":"Point","coordinates":[24.021175,49.79368]},"properties":{"name":"Максимовича (417)","band":0,"modes":"bus","arr":["А57"],"off":[0,-0.8]}},{"type":"Feature","geometry":{"type":"Point","coordinates":[24.021175,49.79368]},"properties":{"line":"А57","mode":"bus","color":"#0059a9","colorDark":"#00294f","band":0,"off":[0,1.1],"lbl":"57"}},{"type":"Feature","geometry":{"type":"Point","coordinates":[23.966047,49.945658]},"properties":{"name":"Завадів, Народний дім (1258)","band":0,"modes":"bus","arr":["А58"],"off":[0,-0.8]}},{"type":"Feature","geometry":{"type":"Point","coordinates":[23.966047,49.945658]},"properties":{"name":"Завадів, Народний дім (1257)","band":0,"modes":"bus","arr":["А58"],"off":[0,-3]}},{"type":"Feature","geometry":{"type":"Point","coordinates":[23.966047,49.945658]},"properties":{"line":"А58","mode":"bus","color":"#0059a9","colorDark":"#00294f","band":0,"off":[0,1.1],"lbl":"58"}},{"type":"Feature","geometry":{"type":"Point","coordinates":[23.989323,49.972844]},"properties":{"name":"Зарудці, Біля Озимка (1273)","band":0,"modes":"bus","arr":["А59"],"off":[0,-0.8]}},{"type":"Feature","geometry":{"type":"Point","coordinates":[23.989323,49.972844]},"properties":{"line":"А59","mode":"bus","color":"#0059a9","colorDark":"#00294f","band":0,"off":[0,1.1],"lbl":"59"}},{"type":"Feature","geometry":{"type":"Point","coordinates":[23.974553,49.971672]},"properties":{"name":"Зарудці, Церква (1276)","band":0,"modes":"bus","arr":["А59"],"off":[0,-0.8]}},{"type":"Feature","geometry":{"type":"Point","coordinates":[23.974553,49.971672]},"properties":{"line":"А59","mode":"bus","color":"#0059a9","colorDark":"#00294f","band":0,"off":[0,1.1],"lbl":"59"}},{"type":"Feature","geometry":{"type":"Point","coordinates":[24.121653,49.926138]},"properties":{"name":"Ситихів, Народний дім (1352)","band":0,"modes":"bus","arr":["А60"],"off":[0,-0.8]}},{"type":"Feature","geometry":{"type":"Point","coordinates":[24.121653,49.926138]},"properties":{"name":"Ситихів, Народний дім (1351)","band":0,"modes":"bus","arr":["А60"],"off":[0,-3]}},{"type":"Feature","geometry":{"type":"Point","coordinates":[24.121653,49.926138]},"properties":{"line":"А60","mode":"bus","color":"#0059a9","colorDark":"#00294f","band":0,"off":[0,1.1],"lbl":"60"}},{"type":"Feature","geometry":{"type":"Point","coordinates":[23.87362,49.875997]},"properties":{"name":"Підрясне, Смерекова (1424)","band":0,"modes":"bus","arr":["А61"],"off":[0,-0.8]}},{"type":"Feature","geometry":{"type":"Point","coordinates":[23.87362,49.875997]},"properties":{"name":"Підрясне, М10 (1423)","band":0,"modes":"bus","arr":["А61"],"off":[0,-3]}},{"type":"Feature","geometry":{"type":"Point","coordinates":[23.87362,49.875997]},"properties":{"line":"А61","mode":"bus","color":"#0059a9","colorDark":"#00294f","band":0,"off":[0,1.1],"lbl":"61"}},{"type":"Feature","geometry":{"type":"Point","coordinates":[24.160181,49.844166]},"properties":{"name":"Підбірці, Народний дім (1390)","band":0,"modes":"bus","arr":["А61"],"off":[0,-0.8]}},{"type":"Feature","geometry":{"type":"Point","coordinates":[24.160181,49.844166]},"properties":{"name":"Підбірці, Народний дім (1389)","band":0,"modes":"bus","arr":["А61"],"off":[0,-3]}},{"type":"Feature","geometry":{"type":"Point","coordinates":[24.160181,49.844166]},"properties":{"line":"А61","mode":"bus","color":"#0059a9","colorDark":"#00294f","band":0,"off":[0,1.1],"lbl":"61"}},{"type":"Feature","geometry":{"type":"Point","coordinates":[24.012729,49.918245]},"properties":{"name":"Малі Грибовичі, Центр (1294)","band":0,"modes":"bus","arr":["А62"],"off":[0,-0.8]}},{"type":"Feature","geometry":{"type":"Point","coordinates":[24.012729,49.918245]},"properties":{"name":"Малі Грибовичі, Центр (1293)","band":0,"modes":"bus","arr":["А62"],"off":[0,-3]}},{"type":"Feature","geometry":{"type":"Point","coordinates":[24.012729,49.918245]},"properties":{"line":"А62","mode":"bus","color":"#0059a9","colorDark":"#00294f","band":0,"off":[0,1.1],"lbl":"62"}},{"type":"Feature","geometry":{"type":"Point","coordinates":[23.989149,49.927533]},"properties":{"name":"Воля Гамулецька, Церква (1324)","band":0,"modes":"bus","arr":["А63"],"off":[0,-0.8]}},{"type":"Feature","geometry":{"type":"Point","coordinates":[23.989149,49.927533]},"properties":{"name":"Воля Гамулецька, Центр (1326)","band":0,"modes":"bus","arr":["А63"],"off":[0,-3]}},{"type":"Feature","geometry":{"type":"Point","coordinates":[23.989149,49.927533]},"properties":{"line":"А63","mode":"bus","color":"#0059a9","colorDark":"#00294f","band":0,"off":[0,1.1],"lbl":"63"}},{"type":"Feature","geometry":{"type":"Point","coordinates":[24.021117,49.856108]},"properties":{"name":"Ветеранів (727-1)","band":0,"modes":"bus","arr":["А63"],"off":[0,-0.8]}},{"type":"Feature","geometry":{"type":"Point","coordinates":[24.021117,49.856108]},"properties":{"line":"А63","mode":"bus","color":"#0059a9","colorDark":"#00294f","band":0,"off":[0,1.1],"lbl":"63"}},{"type":"Feature","geometry":{"type":"Point","coordinates":[23.925844,49.913711]},"properties":{"name":"Брюховичі, Центр святого Миколая (1080)","band":0,"modes":"bus","arr":["А67"],"off":[0,-0.8]}},{"type":"Feature","geometry":{"type":"Point","coordinates":[23.925844,49.913711]},"properties":{"name":"Брюховичі, Центр святого Миколая (1079)","band":0,"modes":"bus","arr":["А67"],"off":[0,-4.1]}},{"type":"Feature","geometry":{"type":"Point","coordinates":[23.925844,49.913711]},"properties":{"line":"А67","mode":"bus","color":"#0059a9","colorDark":"#00294f","band":0,"off":[0,1.1],"lbl":"67"}},{"type":"Feature","geometry":{"type":"Point","coordinates":[24.0615,49.842397]},"properties":{"name":"Музей народної архітектури (857)","band":0,"modes":"bus","arr":["А99"],"off":[0,-0.8]}},{"type":"Feature","geometry":{"type":"Point","coordinates":[24.0615,49.842397]},"properties":{"name":"Музей народної архітектури (856)","band":0,"modes":"bus","arr":["А99"],"off":[0,-3]}},{"type":"Feature","geometry":{"type":"Point","coordinates":[24.0615,49.842397]},"properties":{"line":"А99","mode":"bus","color":"#0059a9","colorDark":"#00294f","band":0,"off":[0,1.1],"lbl":"99"}},{"type":"Feature","geometry":{"type":"Point","coordinates":[24.004412,49.83392]},"properties":{"name":"Площа Кропивницького (79)","band":0,"modes":"tram,bus","arr":["Т01","Т04","Т06","Т09","Тр38"],"off":[0,-0.8]}},{"type":"Feature","geometry":{"type":"Point","coordinates":[24.004412,49.83392]},"properties":{"name":"Площа Кропивницького (46)","band":0,"modes":"tram,bus","arr":["Т01","Т04","Т06","Т09","Тр38"],"off":[0,-3]}},{"type":"Feature","geometry":{"type":"Point","coordinates":[24.004412,49.83392]},"properties":{"name":"Залізничний вокзал (118)","band":0,"modes":"tram,bus","arr":["Т01","Т04","Т06","Т09","Тр38"],"off":[0,-5.2]}},{"type":"Feature","geometry":{"type":"Point","coordinates":[24.004412,49.83392]},"properties":{"line":"Т01","mode":"tram","color":"#556B2F","colorDark":"#2f3b1a","band":0,"off":[-6.8,1.1],"lbl":"1"}},{"type":"Feature","geometry":{"type":"Point","coordinates":[24.004412,49.83392]},"properties":{"line":"Т04","mode":"tram","color":"#556B2F","colorDark":"#2f3b1a","band":0,"off":[-3.4,1.1],"lbl":"4"}},{"type":"Feature","geometry":{"type":"Point","coordinates":[24.004412,49.83392]},"properties":{"line":"Т06","mode":"tram","color":"#FFFFFF","colorDark":"#8c8c8c","band":0,"off":[0,1.1],"lbl":"6"}},{"type":"Feature","geometry":{"type":"Point","coordinates":[24.004412,49.83392]},"properties":{"line":"Т09","mode":"tram","color":"#556B2F","colorDark":"#2f3b1a","band":0,"off":[3.4,1.1],"lbl":"9"}},{"type":"Feature","geometry":{"type":"Point","coordinates":[24.004412,49.83392]},"properties":{"line":"Тр38","mode":"bus","color":"#149a3f","colorDark":"#0a5121","band":0,"off":[6.8,1.1],"lbl":"38"}},{"type":"Feature","geometry":{"type":"Point","coordinates":[24.05888,49.784392]},"properties":{"name":"Санта Барбара (457-1)","band":0,"modes":"bus","arr":["Тр24"],"off":[0,-0.8]}},{"type":"Feature","geometry":{"type":"Point","coordinates":[24.05888,49.784392]},"properties":{"line":"Тр24","mode":"bus","color":"#149a3f","colorDark":"#0a5121","band":0,"off":[0,1.1],"lbl":"24"}},{"type":"Feature","geometry":{"type":"Point","coordinates":[24.096872,49.782899]},"properties":{"name":"Центр легеневого здоров’я (390)","band":0,"modes":"bus","arr":["Тр31"],"off":[0,-0.8]}},{"type":"Feature","geometry":{"type":"Point","coordinates":[24.096872,49.782899]},"properties":{"name":"Центр легеневого здоров’я (353)","band":0,"modes":"bus","arr":["Тр31"],"off":[0,-3]}},{"type":"Feature","geometry":{"type":"Point","coordinates":[24.096872,49.782899]},"properties":{"line":"Тр31","mode":"bus","color":"#149a3f","colorDark":"#0a5121","band":0,"off":[0,1.1],"lbl":"31"}},{"type":"Feature","geometry":{"type":"Point","coordinates":[24.044929,49.80165]},"properties":{"name":"Хуторівка (427)","band":0,"modes":"bus","arr":["Тр38"],"off":[0,-0.8]}},{"type":"Feature","geometry":{"type":"Point","coordinates":[24.044929,49.80165]},"properties":{"name":"Хуторівка (427-1)","band":0,"modes":"bus","arr":["Тр38"],"off":[0,-1.9]}},{"type":"Feature","geometry":{"type":"Point","coordinates":[24.044929,49.80165]},"properties":{"line":"Тр38","mode":"bus","color":"#149a3f","colorDark":"#0a5121","band":0,"off":[0,1.1],"lbl":"38"}},{"type":"Feature","geometry":{"type":"Point","coordinates":[24.056533,49.829149]},"properties":{"name":"Погулянка (197)","band":0,"modes":"tram","arr":["Т01","Т07"],"off":[0,-0.8]}},{"type":"Feature","geometry":{"type":"Point","coordinates":[24.056533,49.829149]},"properties":{"name":"Погулянка (197-01)","band":0,"modes":"tram","arr":["Т01","Т07"],"off":[0,-1.9]}},{"type":"Feature","geometry":{"type":"Point","coordinates":[24.056533,49.829149]},"properties":{"line":"Т01","mode":"tram","color":"#556B2F","colorDark":"#2f3b1a","band":0,"off":[-1.7,1.1],"lbl":"1"}},{"type":"Feature","geometry":{"type":"Point","coordinates":[24.056533,49.829149]},"properties":{"line":"Т07","mode":"tram","color":"#556B2F","colorDark":"#2f3b1a","band":0,"off":[1.7,1.1],"lbl":"7"}},{"type":"Feature","geometry":{"type":"Point","coordinates":[23.995034,49.839317]},"properties":{"name":"Залізничний вокзал (117)","band":0,"modes":"tram","arr":["Т01","Т04","Т06","Т09"],"off":[0,-0.8]}},{"type":"Feature","geometry":{"type":"Point","coordinates":[23.995034,49.839317]},"properties":{"line":"Т01","mode":"tram","color":"#556B2F","colorDark":"#2f3b1a","band":0,"off":[-5.1,1.1],"lbl":"1"}},{"type":"Feature","geometry":{"type":"Point","coordinates":[23.995034,49.839317]},"properties":{"line":"Т04","mode":"tram","color":"#556B2F","colorDark":"#2f3b1a","band":0,"off":[-1.7,1.1],"lbl":"4"}},{"type":"Feature","geometry":{"type":"Point","coordinates":[23.995034,49.839317]},"properties":{"line":"Т06","mode":"tram","color":"#FFFFFF","colorDark":"#8c8c8c","band":0,"off":[1.7,1.1],"lbl":"6"}},{"type":"Feature","geometry":{"type":"Point","coordinates":[23.995034,49.839317]},"properties":{"line":"Т09","mode":"tram","color":"#556B2F","colorDark":"#2f3b1a","band":0,"off":[5.1,1.1],"lbl":"9"}},{"type":"Feature","geometry":{"type":"Point","coordinates":[23.993049,49.824301]},"properties":{"name":"Коновальця, музей Труша (504)","band":0,"modes":"tram","arr":["Т02"],"off":[0,-0.8]}},{"type":"Feature","geometry":{"type":"Point","coordinates":[23.993049,49.824301]},"properties":{"name":"Коновальця (677)","band":0,"modes":"tram","arr":["Т02"],"off":[0,-3]}},{"type":"Feature","geometry":{"type":"Point","coordinates":[23.993049,49.824301]},"properties":{"line":"Т02","mode":"tram","color":"#556B2F","colorDark":"#2f3b1a","band":0,"off":[0,1.1],"lbl":"2"}},{"type":"Feature","geometry":{"type":"Point","coordinates":[23.99893,49.807151]},"properties":{"name":"Аквапарк-висадка (519-01)","band":0,"modes":"tram","arr":["Т03"],"off":[0,-0.8]}},{"type":"Feature","geometry":{"type":"Point","coordinates":[23.99893,49.807151]},"properties":{"name":"Аквапарк (519)","band":0,"modes":"tram","arr":["Т03"],"off":[0,-3]}},{"type":"Feature","geometry":{"type":"Point","coordinates":[23.99893,49.807151]},"properties":{"line":"Т03","mode":"tram","color":"#FFFFFF","colorDark":"#8c8c8c","band":0,"off":[0,1.1],"lbl":"3"}},{"type":"Feature","geometry":{"type":"Point","coordinates":[24.059227,49.781433]},"properties":{"name":"Вернадського (785)","band":0,"modes":"tram","arr":["Т04","Т08"],"off":[0,-0.8]}},{"type":"Feature","geometry":{"type":"Point","coordinates":[24.059227,49.781433]},"properties":{"name":"Вернадського (784)","band":0,"modes":"tram","arr":["Т04","Т08"],"off":[0,-1.9]}},{"type":"Feature","geometry":{"type":"Point","coordinates":[24.059227,49.781433]},"properties":{"line":"Т04","mode":"tram","color":"#556B2F","colorDark":"#2f3b1a","band":0,"off":[-1.7,1.1],"lbl":"4"}},{"type":"Feature","geometry":{"type":"Point","coordinates":[24.059227,49.781433]},"properties":{"line":"Т08","mode":"tram","color":"#FFFFFF","colorDark":"#8c8c8c","band":0,"off":[1.7,1.1],"lbl":"8"}},{"type":"Feature","geometry":{"type":"Point","coordinates":[23.986928,49.853705]},"properties":{"name":"Отця Омеляна Ковча-висадка (703-1)","band":0,"modes":"tram","arr":["Т07"],"off":[0,-0.8]}},{"type":"Feature","geometry":{"type":"Point","coordinates":[23.986928,49.853705]},"properties":{"name":"Отця Омеляна Ковча (703)","band":0,"modes":"tram","arr":["Т07"],"off":[0,-3]}},{"type":"Feature","geometry":{"type":"Point","coordinates":[23.986928,49.853705]},"properties":{"line":"Т07","mode":"tram","color":"#556B2F","colorDark":"#2f3b1a","band":0,"off":[0,1.1],"lbl":"7"}},{"type":"Feature","geometry":{"type":"Point","coordinates":[24.026723,49.862873]},"properties":{"name":"Торф’яна (704)","band":0,"modes":"tram","arr":["Т09"],"off":[0,-0.8]}},{"type":"Feature","geometry":{"type":"Point","coordinates":[24.026723,49.862873]},"properties":{"name":"Торф'яна (704-01)","band":0,"modes":"tram","arr":["Т09"],"off":[0,-1.9]}},{"type":"Feature","geometry":{"type":"Point","coordinates":[24.026723,49.862873]},"properties":{"line":"Т09","mode":"tram","color":"#556B2F","colorDark":"#2f3b1a","band":0,"off":[0,1.1],"lbl":"9"}},{"type":"Feature","geometry":{"type":"Point","coordinates":[24.09285,49.904262]},"properties":{"name":"Дубляни, Школа (1313)","band":1,"modes":"bus","arr":["А01"],"off":[0,-0.8]}},{"type":"Feature","geometry":{"type":"Point","coordinates":[24.09285,49.904262]},"properties":{"name":"Дубляни, Школа (1300)","band":1,"modes":"bus","arr":["А01"],"off":[0,-3]}},{"type":"Feature","geometry":{"type":"Point","coordinates":[24.09285,49.904262]},"properties":{"line":"А01","mode":"bus","color":"#0059a9","colorDark":"#00294f","band":1,"off":[0,1.1],"lbl":"1"}},{"type":"Feature","geometry":{"type":"Point","coordinates":[24.056151,49.869167]},"properties":{"name":"Чигиринська (575)","band":1,"modes":"bus","arr":["А07","А12","А34"],"off":[0,-0.8]}},{"type":"Feature","geometry":{"type":"Point","coordinates":[24.056151,49.869167]},"properties":{"name":"Скейт-парк (738)","band":1,"modes":"bus","arr":["А07","А12","А34"],"off":[0,-1.9]}},{"type":"Feature","geometry":{"type":"Point","coordinates":[24.056151,49.869167]},"properties":{"name":"Скейт-парк (589)","band":1,"modes":"bus","arr":["А07","А12","А34"],"off":[0,-3]}},{"type":"Feature","geometry":{"type":"Point","coordinates":[24.056151,49.869167]},"properties":{"line":"А07","mode":"bus","color":"#0059a9","colorDark":"#00294f","band":1,"off":[-3.4,1.1],"lbl":"7"}},{"type":"Feature","geometry":{"type":"Point","coordinates":[24.056151,49.869167]},"properties":{"line":"А12","mode":"bus","color":"#0059a9","colorDark":"#00294f","band":1,"off":[0,1.1],"lbl":"12"}},{"type":"Feature","geometry":{"type":"Point","coordinates":[24.056151,49.869167]},"properties":{"line":"А34","mode":"bus","color":"#0059a9","colorDark":"#00294f","band":1,"off":[3.4,1.1],"lbl":"34"}},{"type":"Feature","geometry":{"type":"Point","coordinates":[24.050672,49.865109]},"properties":{"name":"Автостанція №2 (601)","band":1,"modes":"bus","arr":["А12"],"off":[0,-0.8]}},{"type":"Feature","geometry":{"type":"Point","coordinates":[24.050672,49.865109]},"properties":{"line":"А12","mode":"bus","color":"#0059a9","colorDark":"#00294f","band":1,"off":[0,1.1],"lbl":"12"}},{"type":"Feature","geometry":{"type":"Point","coordinates":[24.026274,49.845203]},"properties":{"name":"Театральна (40)","band":1,"modes":"bus","arr":["А03","А05","А55","А57","А60","А80"],"off":[0,-0.8]}},{"type":"Feature","geometry":{"type":"Point","coordinates":[24.026274,49.845203]},"properties":{"name":"Проспект Чорновола (705)","band":1,"modes":"bus","arr":["А03","А05","А55","А57","А60","А80"],"off":[0,-1.9]}},{"type":"Feature","geometry":{"type":"Point","coordinates":[24.026274,49.845203]},"properties":{"name":"Площа Різні (62)","band":1,"modes":"bus","arr":["А03","А05","А55","А57","А60","А80"],"off":[0,-4.1]}},{"type":"Feature","geometry":{"type":"Point","coordinates":[24.026274,49.845203]},"properties":{"line":"А03","mode":"bus","color":"#0059a9","colorDark":"#00294f","band":1,"off":[-6.8,1.1],"lbl":"3"}},{"type":"Feature","geometry":{"type":"Point","coordinates":[24.026274,49.845203]},"properties":{"line":"А05","mode":"bus","color":"#0059a9","colorDark":"#00294f","band":1,"off":[-3.4,1.1],"lbl":"5"}},{"type":"Feature","geometry":{"type":"Point","coordinates":[24.026274,49.845203]},"properties":{"line":"А55","mode":"bus","color":"#0059a9","colorDark":"#00294f","band":1,"off":[0,1.1],"lbl":"55"}},{"type":"Feature","geometry":{"type":"Point","coordinates":[24.026274,49.845203]},"properties":{"line":"А57","mode":"bus","color":"#0059a9","colorDark":"#00294f","band":1,"off":[3.4,1.1],"lbl":"57"}},{"type":"Feature","geometry":{"type":"Point","coordinates":[24.026274,49.845203]},"properties":{"line":"А60","mode":"bus","color":"#0059a9","colorDark":"#00294f","band":1,"off":[6.8,1.1],"lbl":"60"}},{"type":"Feature","geometry":{"type":"Point","coordinates":[24.026274,49.845203]},"properties":{"line":"А80","mode":"bus","color":"#0059a9","colorDark":"#00294f","band":1,"off":[0,3.1],"lbl":"80"}},{"type":"Feature","geometry":{"type":"Point","coordinates":[24.031943,49.840023]},"properties":{"name":"Проспект Свободи (67)","band":1,"modes":"bus,tram","arr":["А01","А06","А39а","А99","Т03","Т08"],"off":[0,-0.8]}},{"type":"Feature","geometry":{"type":"Point","coordinates":[24.031943,49.840023]},"properties":{"name":"Площа Галицька (10)","band":1,"modes":"bus,tram","arr":["А01","А06","А39а","А99","Т03","Т08"],"off":[0,-3]}},{"type":"Feature","geometry":{"type":"Point","coordinates":[24.031943,49.840023]},"properties":{"name":"ПЛ. СОБОРНА","band":1,"modes":"bus,tram","arr":["А01","А06","А39а","А99","Т03","Т08"],"off":[0,-5.2]}},{"type":"Feature","geometry":{"type":"Point","coordinates":[24.031943,49.840023]},"properties":{"line":"А01","mode":"bus","color":"#0059a9","colorDark":"#00294f","band":1,"off":[-6.8,1.1],"lbl":"1"}},{"type":"Feature","geometry":{"type":"Point","coordinates":[24.031943,49.840023]},"properties":{"line":"А06","mode":"bus","color":"#0059a9","colorDark":"#00294f","band":1,"off":[-3.4,1.1],"lbl":"6"}},{"type":"Feature","geometry":{"type":"Point","coordinates":[24.031943,49.840023]},"properties":{"line":"А39а","mode":"bus","color":"#0059a9","colorDark":"#00294f","band":1,"off":[0,1.1],"lbl":"39а"}},{"type":"Feature","geometry":{"type":"Point","coordinates":[24.031943,49.840023]},"properties":{"line":"А99","mode":"bus","color":"#0059a9","colorDark":"#00294f","band":1,"off":[3.4,1.1],"lbl":"99"}},{"type":"Feature","geometry":{"type":"Point","coordinates":[24.031943,49.840023]},"properties":{"line":"Т03","mode":"tram","color":"#FFFFFF","colorDark":"#8c8c8c","band":1,"off":[6.8,1.1],"lbl":"3"}},{"type":"Feature","geometry":{"type":"Point","coordinates":[24.031943,49.840023]},"properties":{"line":"Т08","mode":"tram","color":"#FFFFFF","colorDark":"#8c8c8c","band":1,"off":[0,3.1],"lbl":"8"}},{"type":"Feature","geometry":{"type":"Point","coordinates":[24.060118,49.873555]},"properties":{"name":"Галицьке перехрестя (741)","band":1,"modes":"bus","arr":["А31","А41","А48","А51","А53"],"off":[0,-0.8]}},{"type":"Feature","geometry":{"type":"Point","coordinates":[24.060118,49.873555]},"properties":{"name":"Галицьке перехрестя (595)","band":1,"modes":"bus","arr":["А31","А41","А48","А51","А53"],"off":[0,-3]}},{"type":"Feature","geometry":{"type":"Point","coordinates":[24.060118,49.873555]},"properties":{"line":"А31","mode":"bus","color":"#0059a9","colorDark":"#00294f","band":1,"off":[-6.8,1.1],"lbl":"31"}},{"type":"Feature","geometry":{"type":"Point","coordinates":[24.060118,49.873555]},"properties":{"line":"А41","mode":"bus","color":"#0059a9","colorDark":"#00294f","band":1,"off":[-3.4,1.1],"lbl":"41"}},{"type":"Feature","geometry":{"type":"Point","coordinates":[24.060118,49.873555]},"properties":{"line":"А48","mode":"bus","color":"#0059a9","colorDark":"#00294f","band":1,"off":[0,1.1],"lbl":"48"}},{"type":"Feature","geometry":{"type":"Point","coordinates":[24.060118,49.873555]},"properties":{"line":"А51","mode":"bus","color":"#0059a9","colorDark":"#00294f","band":1,"off":[3.4,1.1],"lbl":"51"}},{"type":"Feature","geometry":{"type":"Point","coordinates":[24.060118,49.873555]},"properties":{"line":"А53","mode":"bus","color":"#0059a9","colorDark":"#00294f","band":1,"off":[6.8,1.1],"lbl":"53"}},{"type":"Feature","geometry":{"type":"Point","coordinates":[24.012652,49.774182]},"properties":{"name":"ТРЦ Кінг Кросс (320)","band":1,"modes":"bus","arr":["А03","А10","А25","А40"],"off":[0,-0.8]}},{"type":"Feature","geometry":{"type":"Point","coordinates":[24.012652,49.774182]},"properties":{"name":"ТРЦ Кінг Кросс (320-01)","band":1,"modes":"bus","arr":["А03","А10","А25","А40"],"off":[0,-3]}},{"type":"Feature","geometry":{"type":"Point","coordinates":[24.012652,49.774182]},"properties":{"line":"А03","mode":"bus","color":"#0059a9","colorDark":"#00294f","band":1,"off":[-5.1,1.1],"lbl":"3"}},{"type":"Feature","geometry":{"type":"Point","coordinates":[24.012652,49.774182]},"properties":{"line":"А10","mode":"bus","color":"#0059a9","colorDark":"#00294f","band":1,"off":[-1.7,1.1],"lbl":"10"}},{"type":"Feature","geometry":{"type":"Point","coordinates":[24.012652,49.774182]},"properties":{"line":"А25","mode":"bus","color":"#0059a9","colorDark":"#00294f","band":1,"off":[1.7,1.1],"lbl":"25"}},{"type":"Feature","geometry":{"type":"Point","coordinates":[24.012652,49.774182]},"properties":{"line":"А40","mode":"bus","color":"#0059a9","colorDark":"#00294f","band":1,"off":[5.1,1.1],"lbl":"40"}},{"type":"Feature","geometry":{"type":"Point","coordinates":[24.017415,49.787423]},"properties":{"name":"Автовокзал (433)","band":1,"modes":"bus","arr":["А09","Тр22","Тр23","Тр25"],"off":[0,-0.8]}},{"type":"Feature","geometry":{"type":"Point","coordinates":[24.017415,49.787423]},"properties":{"name":"Автовокзал (433-01)","band":1,"modes":"bus","arr":["А09","Тр22","Тр23","Тр25"],"off":[0,-1.9]}},{"type":"Feature","geometry":{"type":"Point","coordinates":[24.017415,49.787423]},"properties":{"line":"А09","mode":"bus","color":"#0059a9","colorDark":"#00294f","band":1,"off":[-5.1,1.1],"lbl":"9"}},{"type":"Feature","geometry":{"type":"Point","coordinates":[24.017415,49.787423]},"properties":{"line":"Тр22","mode":"bus","color":"#149a3f","colorDark":"#0a5121","band":1,"off":[-1.7,1.1],"lbl":"22"}},{"type":"Feature","geometry":{"type":"Point","coordinates":[24.017415,49.787423]},"properties":{"line":"Тр23","mode":"bus","color":"#149a3f","colorDark":"#0a5121","band":1,"off":[1.7,1.1],"lbl":"23"}},{"type":"Feature","geometry":{"type":"Point","coordinates":[24.017415,49.787423]},"properties":{"line":"Тр25","mode":"bus","color":"#149a3f","colorDark":"#0a5121","band":1,"off":[5.1,1.1],"lbl":"25"}},{"type":"Feature","geometry":{"type":"Point","coordinates":[24.035613,49.833657]},"properties":{"name":"Шота Руставелі (291)","band":1,"modes":"bus","arr":["Тр24","Тр25","Тр31"],"off":[0,-0.8]}},{"type":"Feature","geometry":{"type":"Point","coordinates":[24.035613,49.833657]},"properties":{"name":"Шота Руставелі (218)","band":1,"modes":"bus","arr":["Тр24","Тр25","Тр31"],"off":[0,-3]}},{"type":"Feature","geometry":{"type":"Point","coordinates":[24.035613,49.833657]},"properties":{"line":"Тр24","mode":"bus","color":"#149a3f","colorDark":"#0a5121","band":1,"off":[-3.4,1.1],"lbl":"24"}},{"type":"Feature","geometry":{"type":"Point","coordinates":[24.035613,49.833657]},"properties":{"line":"Тр25","mode":"bus","color":"#149a3f","colorDark":"#0a5121","band":1,"off":[0,1.1],"lbl":"25"}},{"type":"Feature","geometry":{"type":"Point","coordinates":[24.035613,49.833657]},"properties":{"line":"Тр31","mode":"bus","color":"#149a3f","colorDark":"#0a5121","band":1,"off":[3.4,1.1],"lbl":"31"}},{"type":"Feature","geometry":{"type":"Point","coordinates":[24.016905,49.797709]},"properties":{"name":"Скорини (560)","band":1,"modes":"bus","arr":["А57"],"off":[0,-0.8]}},{"type":"Feature","geometry":{"type":"Point","coordinates":[24.016905,49.797709]},"properties":{"line":"А57","mode":"bus","color":"#0059a9","colorDark":"#00294f","band":1,"off":[0,1.1],"lbl":"57"}},{"type":"Feature","geometry":{"type":"Point","coordinates":[24.015523,49.791433]},"properties":{"name":"Максимовича (562)","band":1,"modes":"bus","arr":["А09"],"off":[0,-0.8]}},{"type":"Feature","geometry":{"type":"Point","coordinates":[24.015523,49.791433]},"properties":{"line":"А09","mode":"bus","color":"#0059a9","colorDark":"#00294f","band":1,"off":[0,1.1],"lbl":"9"}},{"type":"Feature","geometry":{"type":"Point","coordinates":[24.121033,49.80576]},"properties":{"name":"Винники, Джерельна (1033)","band":1,"modes":"bus","arr":["А05"],"off":[0,-0.8]}},{"type":"Feature","geometry":{"type":"Point","coordinates":[24.121033,49.80576]},"properties":{"line":"А05","mode":"bus","color":"#0059a9","colorDark":"#00294f","band":1,"off":[0,1.1],"lbl":"5"}},{"type":"Feature","geometry":{"type":"Point","coordinates":[24.120149,49.809051]},"properties":{"name":"Винники, Забава (1001)","band":1,"modes":"bus","arr":["А05"],"off":[0,-0.8]}},{"type":"Feature","geometry":{"type":"Point","coordinates":[24.120149,49.809051]},"properties":{"line":"А05","mode":"bus","color":"#0059a9","colorDark":"#00294f","band":1,"off":[0,1.1],"lbl":"5"}},{"type":"Feature","geometry":{"type":"Point","coordinates":[24.068979,49.835684]},"properties":{"name":"Пасічна (286)","band":1,"modes":"bus,tram","arr":["А27","Т02"],"off":[0,-0.8]}},{"type":"Feature","geometry":{"type":"Point","coordinates":[24.068979,49.835684]},"properties":{"name":"Пасічна (286-1)","band":1,"modes":"bus,tram","arr":["А27","Т02"],"off":[0,-1.9]}},{"type":"Feature","geometry":{"type":"Point","coordinates":[24.068979,49.835684]},"properties":{"name":"Автостанція №6 (256)","band":1,"modes":"bus,tram","arr":["А27","Т02"],"off":[0,-3]}},{"type":"Feature","geometry":{"type":"Point","coordinates":[24.068979,49.835684]},"properties":{"line":"А27","mode":"bus","color":"#0059a9","colorDark":"#00294f","band":1,"off":[-1.7,1.1],"lbl":"27"}},{"type":"Feature","geometry":{"type":"Point","coordinates":[24.068979,49.835684]},"properties":{"line":"Т02","mode":"tram","color":"#556B2F","colorDark":"#2f3b1a","band":1,"off":[1.7,1.1],"lbl":"2"}},{"type":"Feature","geometry":{"type":"Point","coordinates":[23.936304,49.875407]},"properties":{"name":"Рясне-2 (655)","band":1,"modes":"bus","arr":["А06","А11","А12","А47","А49"],"off":[0,-0.8]}},{"type":"Feature","geometry":{"type":"Point","coordinates":[23.936304,49.875407]},"properties":{"name":"Рясне-2 (655-1)","band":1,"modes":"bus","arr":["А06","А11","А12","А47","А49"],"off":[0,-1.9]}},{"type":"Feature","geometry":{"type":"Point","coordinates":[23.936304,49.875407]},"properties":{"name":"Величковського (657)","band":1,"modes":"bus","arr":["А06","А11","А12","А47","А49"],"off":[0,-3]}},{"type":"Feature","geometry":{"type":"Point","coordinates":[23.936304,49.875407]},"properties":{"line":"А06","mode":"bus","color":"#0059a9","colorDark":"#00294f","band":1,"off":[-6.8,1.1],"lbl":"6"}},{"type":"Feature","geometry":{"type":"Point","coordinates":[23.936304,49.875407]},"properties":{"line":"А11","mode":"bus","color":"#0059a9","colorDark":"#00294f","band":1,"off":[-3.4,1.1],"lbl":"11"}},{"type":"Feature","geometry":{"type":"Point","coordinates":[23.936304,49.875407]},"properties":{"line":"А12","mode":"bus","color":"#0059a9","colorDark":"#00294f","band":1,"off":[0,1.1],"lbl":"12"}},{"type":"Feature","geometry":{"type":"Point","coordinates":[23.936304,49.875407]},"properties":{"line":"А47","mode":"bus","color":"#0059a9","colorDark":"#00294f","band":1,"off":[3.4,1.1],"lbl":"47"}},{"type":"Feature","geometry":{"type":"Point","coordinates":[23.936304,49.875407]},"properties":{"line":"А49","mode":"bus","color":"#0059a9","colorDark":"#00294f","band":1,"off":[6.8,1.1],"lbl":"49"}},{"type":"Feature","geometry":{"type":"Point","coordinates":[24.022188,49.841696]},"properties":{"name":"Наливайка (14)","band":1,"modes":"bus","arr":["А67"],"off":[0,-0.8]}},{"type":"Feature","geometry":{"type":"Point","coordinates":[24.022188,49.841696]},"properties":{"line":"А67","mode":"bus","color":"#0059a9","colorDark":"#00294f","band":1,"off":[0,1.1],"lbl":"67"}},{"type":"Feature","geometry":{"type":"Point","coordinates":[24.053813,49.871521]},"properties":{"name":"Чигиринська (576)","band":1,"modes":"bus","arr":["А07","А39"],"off":[0,-0.8]}},{"type":"Feature","geometry":{"type":"Point","coordinates":[24.053813,49.871521]},"properties":{"name":"Грінченка (574)","band":1,"modes":"bus","arr":["А07","А39"],"off":[0,-1.9]}},{"type":"Feature","geometry":{"type":"Point","coordinates":[24.053813,49.871521]},"properties":{"line":"А07","mode":"bus","color":"#0059a9","colorDark":"#00294f","band":1,"off":[-1.7,1.1],"lbl":"7"}},{"type":"Feature","geometry":{"type":"Point","coordinates":[24.053813,49.871521]},"properties":{"line":"А39","mode":"bus","color":"#0059a9","colorDark":"#00294f","band":1,"off":[1.7,1.1],"lbl":"39"}},{"type":"Feature","geometry":{"type":"Point","coordinates":[24.016294,49.866405]},"properties":{"name":"Варшавська (612)","band":1,"modes":"bus","arr":["А52"],"off":[0,-0.8]}},{"type":"Feature","geometry":{"type":"Point","coordinates":[24.016294,49.866405]},"properties":{"line":"А52","mode":"bus","color":"#0059a9","colorDark":"#00294f","band":1,"off":[0,1.1],"lbl":"52"}},{"type":"Feature","geometry":{"type":"Point","coordinates":[23.998124,49.83743]},"properties":{"name":"Приміський вокзал (189)","band":1,"modes":"bus","arr":["А10","А15","А16","А29","А31","А32","А49"],"off":[0,-0.8]}},{"type":"Feature","geometry":{"type":"Point","coordinates":[23.998124,49.83743]},"properties":{"name":"Привокзальний ринок (110)","band":1,"modes":"bus","arr":["А10","А15","А16","А29","А31","А32","А49"],"off":[0,-3]}},{"type":"Feature","geometry":{"type":"Point","coordinates":[23.998124,49.83743]},"properties":{"name":"Залізничний вокзал (191)","band":1,"modes":"bus","arr":["А10","А15","А16","А29","А31","А32","А49"],"off":[0,-5.2]}},{"type":"Feature","geometry":{"type":"Point","coordinates":[23.998124,49.83743]},"properties":{"line":"А10","mode":"bus","color":"#0059a9","colorDark":"#00294f","band":1,"off":[-6.8,1.1],"lbl":"10"}},{"type":"Feature","geometry":{"type":"Point","coordinates":[23.998124,49.83743]},"properties":{"line":"А15","mode":"bus","color":"#0059a9","colorDark":"#00294f","band":1,"off":[-3.4,1.1],"lbl":"15"}},{"type":"Feature","geometry":{"type":"Point","coordinates":[23.998124,49.83743]},"properties":{"line":"А16","mode":"bus","color":"#0059a9","colorDark":"#00294f","band":1,"off":[0,1.1],"lbl":"16"}},{"type":"Feature","geometry":{"type":"Point","coordinates":[23.998124,49.83743]},"properties":{"line":"А29","mode":"bus","color":"#0059a9","colorDark":"#00294f","band":1,"off":[3.4,1.1],"lbl":"29"}},{"type":"Feature","geometry":{"type":"Point","coordinates":[23.998124,49.83743]},"properties":{"line":"А31","mode":"bus","color":"#0059a9","colorDark":"#00294f","band":1,"off":[6.8,1.1],"lbl":"31"}},{"type":"Feature","geometry":{"type":"Point","coordinates":[23.998124,49.83743]},"properties":{"line":"А32","mode":"bus","color":"#0059a9","colorDark":"#00294f","band":1,"off":[-1.7,3.1],"lbl":"32"}},{"type":"Feature","geometry":{"type":"Point","coordinates":[23.998124,49.83743]},"properties":{"line":"А49","mode":"bus","color":"#0059a9","colorDark":"#00294f","band":1,"off":[1.7,3.1],"lbl":"49"}},{"type":"Feature","geometry":{"type":"Point","coordinates":[24.059028,49.785648]},"properties":{"name":"Санта Барбара (459)","band":1,"modes":"bus","arr":["А07","А11","А32","А46","А47","А53","Тр24"],"off":[0,-0.8]}},{"type":"Feature","geometry":{"type":"Point","coordinates":[24.059028,49.785648]},"properties":{"name":"Санта Барбара (457)","band":1,"modes":"bus","arr":["А07","А11","А32","А46","А47","А53","Тр24"],"off":[0,-3]}},{"type":"Feature","geometry":{"type":"Point","coordinates":[24.059028,49.785648]},"properties":{"name":"Санта Барбара (457-1)","band":1,"modes":"bus","arr":["А07","А11","А32","А46","А47","А53","Тр24"],"off":[0,-5.2]}},{"type":"Feature","geometry":{"type":"Point","coordinates":[24.059028,49.785648]},"properties":{"line":"А07","mode":"bus","color":"#0059a9","colorDark":"#00294f","band":1,"off":[-6.8,1.1],"lbl":"7"}},{"type":"Feature","geometry":{"type":"Point","coordinates":[24.059028,49.785648]},"properties":{"line":"А11","mode":"bus","color":"#0059a9","colorDark":"#00294f","band":1,"off":[-3.4,1.1],"lbl":"11"}},{"type":"Feature","geometry":{"type":"Point","coordinates":[24.059028,49.785648]},"properties":{"line":"А32","mode":"bus","color":"#0059a9","colorDark":"#00294f","band":1,"off":[0,1.1],"lbl":"32"}},{"type":"Feature","geometry":{"type":"Point","coordinates":[24.059028,49.785648]},"properties":{"line":"А46","mode":"bus","color":"#0059a9","colorDark":"#00294f","band":1,"off":[3.4,1.1],"lbl":"46"}},{"type":"Feature","geometry":{"type":"Point","coordinates":[24.059028,49.785648]},"properties":{"line":"А47","mode":"bus","color":"#0059a9","colorDark":"#00294f","band":1,"off":[6.8,1.1],"lbl":"47"}},{"type":"Feature","geometry":{"type":"Point","coordinates":[24.059028,49.785648]},"properties":{"line":"А53","mode":"bus","color":"#0059a9","colorDark":"#00294f","band":1,"off":[-1.7,3.1],"lbl":"53"}},{"type":"Feature","geometry":{"type":"Point","coordinates":[24.059028,49.785648]},"properties":{"line":"Тр24","mode":"bus","color":"#149a3f","colorDark":"#0a5121","band":1,"off":[1.7,3.1],"lbl":"24"}},{"type":"Feature","geometry":{"type":"Point","coordinates":[24.051758,49.785728]},"properties":{"name":"Гориня (418)","band":1,"modes":"bus","arr":["А07"],"off":[0,-0.8]}},{"type":"Feature","geometry":{"type":"Point","coordinates":[24.051758,49.785728]},"properties":{"line":"А07","mode":"bus","color":"#0059a9","colorDark":"#00294f","band":1,"off":[0,1.1],"lbl":"7"}},{"type":"Feature","geometry":{"type":"Point","coordinates":[23.985575,49.80544]},"properties":{"name":"Симоненка (546)","band":1,"modes":"bus","arr":["А45"],"off":[0,-0.8]}},{"type":"Feature","geometry":{"type":"Point","coordinates":[23.985575,49.80544]},"properties":{"line":"А45","mode":"bus","color":"#0059a9","colorDark":"#00294f","band":1,"off":[0,1.1],"lbl":"45"}},{"type":"Feature","geometry":{"type":"Point","coordinates":[24.024993,49.84796]},"properties":{"name":"Зернова (26)","band":1,"modes":"bus","arr":["А08а","А22"],"off":[0,-0.8]}},{"type":"Feature","geometry":{"type":"Point","coordinates":[24.024993,49.84796]},"properties":{"line":"А08а","mode":"bus","color":"#0059a9","colorDark":"#00294f","band":1,"off":[-1.7,1.1],"lbl":"8а"}},{"type":"Feature","geometry":{"type":"Point","coordinates":[24.024993,49.84796]},"properties":{"line":"А22","mode":"bus","color":"#0059a9","colorDark":"#00294f","band":1,"off":[1.7,1.1],"lbl":"22"}},{"type":"Feature","geometry":{"type":"Point","coordinates":[23.928567,49.904406]},"properties":{"name":"Брюховичі, Ягідна (1054)","band":1,"modes":"bus","arr":["А08а"],"off":[0,-0.8]}},{"type":"Feature","geometry":{"type":"Point","coordinates":[23.928567,49.904406]},"properties":{"name":"Брюховичі, Кардіологічна лікарня (1056)","band":1,"modes":"bus","arr":["А08а"],"off":[0,-3]}},{"type":"Feature","geometry":{"type":"Point","coordinates":[23.928567,49.904406]},"properties":{"line":"А08а","mode":"bus","color":"#0059a9","colorDark":"#00294f","band":1,"off":[0,1.1],"lbl":"8а"}},{"type":"Feature","geometry":{"type":"Point","coordinates":[24.024366,49.849385]},"properties":{"name":"Куліша (54)","band":1,"modes":"bus","arr":["А08а","А22"],"off":[0,-0.8]}},{"type":"Feature","geometry":{"type":"Point","coordinates":[24.024366,49.849385]},"properties":{"line":"А08а","mode":"bus","color":"#0059a9","colorDark":"#00294f","band":1,"off":[-1.7,1.1],"lbl":"8а"}},{"type":"Feature","geometry":{"type":"Point","coordinates":[24.024366,49.849385]},"properties":{"line":"А22","mode":"bus","color":"#0059a9","colorDark":"#00294f","band":1,"off":[1.7,1.1],"lbl":"22"}},{"type":"Feature","geometry":{"type":"Point","coordinates":[24.163311,49.873738]},"properties":{"name":"Сороки-Львівські, Кільцева дорога (1462)","band":1,"modes":"bus","arr":["А09"],"off":[0,-0.8]}},{"type":"Feature","geometry":{"type":"Point","coordinates":[24.163311,49.873738]},"properties":{"name":"Сороки-Львівські, Кільцева дорога (1461)","band":1,"modes":"bus","arr":["А09"],"off":[0,-4.1]}},{"type":"Feature","geometry":{"type":"Point","coordinates":[24.163311,49.873738]},"properties":{"line":"А09","mode":"bus","color":"#0059a9","colorDark":"#00294f","band":1,"off":[0,1.1],"lbl":"9"}},{"type":"Feature","geometry":{"type":"Point","coordinates":[24.011144,49.865513]},"properties":{"name":"Школа № 23 (624)","band":1,"modes":"bus","arr":["А52"],"off":[0,-0.8]}},{"type":"Feature","geometry":{"type":"Point","coordinates":[24.011144,49.865513]},"properties":{"line":"А52","mode":"bus","color":"#0059a9","colorDark":"#00294f","band":1,"off":[0,1.1],"lbl":"52"}},{"type":"Feature","geometry":{"type":"Point","coordinates":[23.917433,49.821305]},"properties":{"name":"Городоцька-Кільцева (109)","band":1,"modes":"bus","arr":["А14","А92"],"off":[0,-0.8]}},{"type":"Feature","geometry":{"type":"Point","coordinates":[23.917433,49.821305]},"properties":{"name":"Автостанція Західна (105)","band":1,"modes":"bus","arr":["А14","А92"],"off":[0,-3]}},{"type":"Feature","geometry":{"type":"Point","coordinates":[23.917433,49.821305]},"properties":{"line":"А14","mode":"bus","color":"#0059a9","colorDark":"#00294f","band":1,"off":[-1.7,1.1],"lbl":"14"}},{"type":"Feature","geometry":{"type":"Point","coordinates":[23.917433,49.821305]},"properties":{"line":"А92","mode":"bus","color":"#0059a9","colorDark":"#00294f","band":1,"off":[1.7,1.1],"lbl":"92"}},{"type":"Feature","geometry":{"type":"Point","coordinates":[23.954722,49.826778]},"properties":{"name":"Ряшівська (169)","band":1,"modes":"bus","arr":["А48","Тр23","Тр30"],"off":[0,-0.8]}},{"type":"Feature","geometry":{"type":"Point","coordinates":[23.954722,49.826778]},"properties":{"name":"Ряшівська (166)","band":1,"modes":"bus","arr":["А48","Тр23","Тр30"],"off":[0,-1.9]}},{"type":"Feature","geometry":{"type":"Point","coordinates":[23.954722,49.826778]},"properties":{"line":"А48","mode":"bus","color":"#0059a9","colorDark":"#00294f","band":1,"off":[-3.4,1.1],"lbl":"48"}},{"type":"Feature","geometry":{"type":"Point","coordinates":[23.954722,49.826778]},"properties":{"line":"Тр23","mode":"bus","color":"#149a3f","colorDark":"#0a5121","band":1,"off":[0,1.1],"lbl":"23"}},{"type":"Feature","geometry":{"type":"Point","coordinates":[23.954722,49.826778]},"properties":{"line":"Тр30","mode":"bus","color":"#149a3f","colorDark":"#0a5121","band":1,"off":[3.4,1.1],"lbl":"30"}},{"type":"Feature","geometry":{"type":"Point","coordinates":[24.067765,49.790896]},"properties":{"name":"Кос-Анатольського (400)","band":1,"modes":"bus","arr":["А14"],"off":[0,-0.8]}},{"type":"Feature","geometry":{"type":"Point","coordinates":[24.067765,49.790896]},"properties":{"line":"А14","mode":"bus","color":"#0059a9","colorDark":"#00294f","band":1,"off":[0,1.1],"lbl":"14"}},{"type":"Feature","geometry":{"type":"Point","coordinates":[24.068896,49.784685]},"properties":{"name":"Трильовського (405)","band":1,"modes":"bus","arr":["А14","А19"],"off":[0,-0.8]}},{"type":"Feature","geometry":{"type":"Point","coordinates":[24.068896,49.784685]},"properties":{"name":"Антонича (354)","band":1,"modes":"bus","arr":["А14","А19"],"off":[0,-3]}},{"type":"Feature","geometry":{"type":"Point","coordinates":[24.068896,49.784685]},"properties":{"name":"Антонича (354-01)","band":1,"modes":"bus","arr":["А14","А19"],"off":[0,-4.1]}},{"type":"Feature","geometry":{"type":"Point","coordinates":[24.068896,49.784685]},"properties":{"line":"А14","mode":"bus","color":"#0059a9","colorDark":"#00294f","band":1,"off":[-1.7,1.1],"lbl":"14"}},{"type":"Feature","geometry":{"type":"Point","coordinates":[24.068896,49.784685]},"properties":{"line":"А19","mode":"bus","color":"#0059a9","colorDark":"#00294f","band":1,"off":[1.7,1.1],"lbl":"19"}},{"type":"Feature","geometry":{"type":"Point","coordinates":[24.064174,49.794569]},"properties":{"name":"Кавалерідзе (426)","band":1,"modes":"bus","arr":["А16","А41"],"off":[0,-0.8]}},{"type":"Feature","geometry":{"type":"Point","coordinates":[24.064174,49.794569]},"properties":{"name":"Кавалерідзе (423)","band":1,"modes":"bus","arr":["А16","А41"],"off":[0,-1.9]}},{"type":"Feature","geometry":{"type":"Point","coordinates":[24.064174,49.794569]},"properties":{"line":"А16","mode":"bus","color":"#0059a9","colorDark":"#00294f","band":1,"off":[-1.7,1.1],"lbl":"16"}},{"type":"Feature","geometry":{"type":"Point","coordinates":[24.064174,49.794569]},"properties":{"line":"А41","mode":"bus","color":"#0059a9","colorDark":"#00294f","band":1,"off":[1.7,1.1],"lbl":"41"}},{"type":"Feature","geometry":{"type":"Point","coordinates":[23.995597,49.83482]},"properties":{"name":"Приміський вокзал (111)","band":1,"modes":"bus","arr":["А15"],"off":[0,-0.8]}},{"type":"Feature","geometry":{"type":"Point","coordinates":[23.995597,49.83482]},"properties":{"line":"А15","mode":"bus","color":"#0059a9","colorDark":"#00294f","band":1,"off":[0,1.1],"lbl":"15"}},{"type":"Feature","geometry":{"type":"Point","coordinates":[24.062876,49.815983]},"properties":{"name":"Вашингтона (365)","band":1,"modes":"bus","arr":["А92"],"off":[0,-0.8]}},{"type":"Feature","geometry":{"type":"Point","coordinates":[24.062876,49.815983]},"properties":{"name":"Вашингтона (216)","band":1,"modes":"bus","arr":["А92"],"off":[0,-1.9]}},{"type":"Feature","geometry":{"type":"Point","coordinates":[24.062876,49.815983]},"properties":{"line":"А92","mode":"bus","color":"#0059a9","colorDark":"#00294f","band":1,"off":[0,1.1],"lbl":"92"}},{"type":"Feature","geometry":{"type":"Point","coordinates":[24.079322,49.824568]},"properties":{"name":"Каштанова (268)","band":1,"modes":"bus","arr":["А15"],"off":[0,-0.8]}},{"type":"Feature","geometry":{"type":"Point","coordinates":[24.079322,49.824568]},"properties":{"line":"А15","mode":"bus","color":"#0059a9","colorDark":"#00294f","band":1,"off":[0,1.1],"lbl":"15"}},{"type":"Feature","geometry":{"type":"Point","coordinates":[24.084142,49.822993]},"properties":{"name":"Медової Печери (270)","band":1,"modes":"bus","arr":["А15"],"off":[0,-0.8]}},{"type":"Feature","geometry":{"type":"Point","coordinates":[24.084142,49.822993]},"properties":{"line":"А15","mode":"bus","color":"#0059a9","colorDark":"#00294f","band":1,"off":[0,1.1],"lbl":"15"}},{"type":"Feature","geometry":{"type":"Point","coordinates":[24.06845,49.83074]},"properties":{"name":"Таджицька (278)","band":1,"modes":"bus","arr":["А27"],"off":[0,-0.8]}},{"type":"Feature","geometry":{"type":"Point","coordinates":[24.06845,49.83074]},"properties":{"line":"А27","mode":"bus","color":"#0059a9","colorDark":"#00294f","band":1,"off":[0,1.1],"lbl":"27"}},{"type":"Feature","geometry":{"type":"Point","coordinates":[24.039644,49.879406]},"properties":{"name":"Леннона (868)","band":1,"modes":"bus","arr":["А17","А19","А84"],"off":[0,-0.8]}},{"type":"Feature","geometry":{"type":"Point","coordinates":[24.039644,49.879406]},"properties":{"name":"Леннона (619)","band":1,"modes":"bus","arr":["А17","А19","А84"],"off":[0,-1.9]}},{"type":"Feature","geometry":{"type":"Point","coordinates":[24.039644,49.879406]},"properties":{"line":"А17","mode":"bus","color":"#0059a9","colorDark":"#00294f","band":1,"off":[-3.4,1.1],"lbl":"17"}},{"type":"Feature","geometry":{"type":"Point","coordinates":[24.039644,49.879406]},"properties":{"line":"А19","mode":"bus","color":"#0059a9","colorDark":"#00294f","band":1,"off":[0,1.1],"lbl":"19"}},{"type":"Feature","geometry":{"type":"Point","coordinates":[24.039644,49.879406]},"properties":{"line":"А84","mode":"bus","color":"#0059a9","colorDark":"#00294f","band":1,"off":[3.4,1.1],"lbl":"84"}},{"type":"Feature","geometry":{"type":"Point","coordinates":[23.965745,49.847764]},"properties":{"name":"Суботівська (182)","band":1,"modes":"bus","arr":["А18","А20","А23","А43","Тр32"],"off":[0,-0.8]}},{"type":"Feature","geometry":{"type":"Point","coordinates":[23.965745,49.847764]},"properties":{"name":"Суботівська (177)","band":1,"modes":"bus","arr":["А18","А20","А23","А43","Тр32"],"off":[0,-1.9]}},{"type":"Feature","geometry":{"type":"Point","coordinates":[23.965745,49.847764]},"properties":{"line":"А18","mode":"bus","color":"#0059a9","colorDark":"#00294f","band":1,"off":[-6.8,1.1],"lbl":"18"}},{"type":"Feature","geometry":{"type":"Point","coordinates":[23.965745,49.847764]},"properties":{"line":"А20","mode":"bus","color":"#0059a9","colorDark":"#00294f","band":1,"off":[-3.4,1.1],"lbl":"20"}},{"type":"Feature","geometry":{"type":"Point","coordinates":[23.965745,49.847764]},"properties":{"line":"А23","mode":"bus","color":"#0059a9","colorDark":"#00294f","band":1,"off":[0,1.1],"lbl":"23"}},{"type":"Feature","geometry":{"type":"Point","coordinates":[23.965745,49.847764]},"properties":{"line":"А43","mode":"bus","color":"#0059a9","colorDark":"#00294f","band":1,"off":[3.4,1.1],"lbl":"43"}},{"type":"Feature","geometry":{"type":"Point","coordinates":[23.965745,49.847764]},"properties":{"line":"Тр32","mode":"bus","color":"#149a3f","colorDark":"#0a5121","band":1,"off":[6.8,1.1],"lbl":"32"}},{"type":"Feature","geometry":{"type":"Point","coordinates":[23.950313,49.830344]},"properties":{"name":"Львівтеплоенерго (831)","band":1,"modes":"bus","arr":["А17"],"off":[0,-0.8]}},{"type":"Feature","geometry":{"type":"Point","coordinates":[23.950313,49.830344]},"properties":{"line":"А17","mode":"bus","color":"#0059a9","colorDark":"#00294f","band":1,"off":[0,1.1],"lbl":"17"}},{"type":"Feature","geometry":{"type":"Point","coordinates":[23.94542,49.83098]},"properties":{"name":"Данила Апостола (832)","band":1,"modes":"bus","arr":["А17"],"off":[0,-0.8]}},{"type":"Feature","geometry":{"type":"Point","coordinates":[23.94542,49.83098]},"properties":{"line":"А17","mode":"bus","color":"#0059a9","colorDark":"#00294f","band":1,"off":[0,1.1],"lbl":"17"}},{"type":"Feature","geometry":{"type":"Point","coordinates":[24.042645,49.877872]},"properties":{"name":"Розточчя (763)","band":1,"modes":"bus","arr":["А19"],"off":[0,-0.8]}},{"type":"Feature","geometry":{"type":"Point","coordinates":[24.042645,49.877872]},"properties":{"line":"А19","mode":"bus","color":"#0059a9","colorDark":"#00294f","band":1,"off":[0,1.1],"lbl":"19"}},{"type":"Feature","geometry":{"type":"Point","coordinates":[24.102514,49.842175]},"properties":{"name":"Провесінь (212)","band":1,"modes":"bus","arr":["А18","А23"],"off":[0,-0.8]}},{"type":"Feature","geometry":{"type":"Point","coordinates":[24.102514,49.842175]},"properties":{"name":"Провесінь (209)","band":1,"modes":"bus","arr":["А18","А23"],"off":[0,-1.9]}},{"type":"Feature","geometry":{"type":"Point","coordinates":[24.102514,49.842175]},"properties":{"name":"Глинянський Тракт (211)","band":1,"modes":"bus","arr":["А18","А23"],"off":[0,-3]}},{"type":"Feature","geometry":{"type":"Point","coordinates":[24.102514,49.842175]},"properties":{"line":"А18","mode":"bus","color":"#0059a9","colorDark":"#00294f","band":1,"off":[-1.7,1.1],"lbl":"18"}},{"type":"Feature","geometry":{"type":"Point","coordinates":[24.102514,49.842175]},"properties":{"line":"А23","mode":"bus","color":"#0059a9","colorDark":"#00294f","band":1,"off":[1.7,1.1],"lbl":"23"}},{"type":"Feature","geometry":{"type":"Point","coordinates":[24.034909,49.836339]},"properties":{"name":"Шухевича (30)","band":1,"modes":"bus","arr":["А39а","А99"],"off":[0,-0.8]}},{"type":"Feature","geometry":{"type":"Point","coordinates":[24.034909,49.836339]},"properties":{"line":"А39а","mode":"bus","color":"#0059a9","colorDark":"#00294f","band":1,"off":[-1.7,1.1],"lbl":"39а"}},{"type":"Feature","geometry":{"type":"Point","coordinates":[24.034909,49.836339]},"properties":{"line":"А99","mode":"bus","color":"#0059a9","colorDark":"#00294f","band":1,"off":[1.7,1.1],"lbl":"99"}},{"type":"Feature","geometry":{"type":"Point","coordinates":[24.07655,49.854447]},"properties":{"name":"Авторинок (200)","band":1,"modes":"bus","arr":["А39","А39а"],"off":[0,-0.8]}},{"type":"Feature","geometry":{"type":"Point","coordinates":[24.07655,49.854447]},"properties":{"name":"Авторинок (199)","band":1,"modes":"bus","arr":["А39","А39а"],"off":[0,-1.9]}},{"type":"Feature","geometry":{"type":"Point","coordinates":[24.07655,49.854447]},"properties":{"line":"А39","mode":"bus","color":"#0059a9","colorDark":"#00294f","band":1,"off":[-1.7,1.1],"lbl":"39"}},{"type":"Feature","geometry":{"type":"Point","coordinates":[24.07655,49.854447]},"properties":{"line":"А39а","mode":"bus","color":"#0059a9","colorDark":"#00294f","band":1,"off":[1.7,1.1],"lbl":"39а"}},{"type":"Feature","geometry":{"type":"Point","coordinates":[24.060682,49.859456]},"properties":{"name":"Ковельська (288)","band":1,"modes":"bus","arr":["А20"],"off":[0,-0.8]}},{"type":"Feature","geometry":{"type":"Point","coordinates":[24.060682,49.859456]},"properties":{"line":"А20","mode":"bus","color":"#0059a9","colorDark":"#00294f","band":1,"off":[0,1.1],"lbl":"20"}},{"type":"Feature","geometry":{"type":"Point","coordinates":[24.024354,49.852238]},"properties":{"name":"Площа 700-річчя Львова (56)","band":1,"modes":"bus","arr":["А56","А58","А59","А63"],"off":[0,-0.8]}},{"type":"Feature","geometry":{"type":"Point","coordinates":[24.024354,49.852238]},"properties":{"name":"Площа 700-річчя Львова (55)","band":1,"modes":"bus","arr":["А56","А58","А59","А63"],"off":[0,-3]}},{"type":"Feature","geometry":{"type":"Point","coordinates":[24.024354,49.852238]},"properties":{"name":"Ветеранів (727)","band":1,"modes":"bus","arr":["А56","А58","А59","А63"],"off":[0,-5.2]}},{"type":"Feature","geometry":{"type":"Point","coordinates":[24.024354,49.852238]},"properties":{"line":"А56","mode":"bus","color":"#0059a9","colorDark":"#00294f","band":1,"off":[-5.1,1.1],"lbl":"56"}},{"type":"Feature","geometry":{"type":"Point","coordinates":[24.024354,49.852238]},"properties":{"line":"А58","mode":"bus","color":"#0059a9","colorDark":"#00294f","band":1,"off":[-1.7,1.1],"lbl":"58"}},{"type":"Feature","geometry":{"type":"Point","coordinates":[24.024354,49.852238]},"properties":{"line":"А59","mode":"bus","color":"#0059a9","colorDark":"#00294f","band":1,"off":[1.7,1.1],"lbl":"59"}},{"type":"Feature","geometry":{"type":"Point","coordinates":[24.024354,49.852238]},"properties":{"line":"А63","mode":"bus","color":"#0059a9","colorDark":"#00294f","band":1,"off":[5.1,1.1],"lbl":"63"}},{"type":"Feature","geometry":{"type":"Point","coordinates":[24.063681,49.856889]},"properties":{"name":"Польова, Завод (289)","band":1,"modes":"bus","arr":["А20"],"off":[0,-0.8]}},{"type":"Feature","geometry":{"type":"Point","coordinates":[24.063681,49.856889]},"properties":{"line":"А20","mode":"bus","color":"#0059a9","colorDark":"#00294f","band":1,"off":[0,1.1],"lbl":"20"}},{"type":"Feature","geometry":{"type":"Point","coordinates":[24.03315,49.852269]},"properties":{"name":"Залізничний вокзал Підзамче (581)","band":1,"modes":"bus","arr":["А62"],"off":[0,-0.8]}},{"type":"Feature","geometry":{"type":"Point","coordinates":[24.03315,49.852269]},"properties":{"name":"Залізничний вокзал Підзамче (312)","band":1,"modes":"bus","arr":["А62"],"off":[0,-3]}},{"type":"Feature","geometry":{"type":"Point","coordinates":[24.03315,49.852269]},"properties":{"line":"А62","mode":"bus","color":"#0059a9","colorDark":"#00294f","band":1,"off":[0,1.1],"lbl":"62"}},{"type":"Feature","geometry":{"type":"Point","coordinates":[23.906153,49.830369]},"properties":{"name":"Три слони (314)","band":1,"modes":"bus","arr":["А21"],"off":[0,-0.8]}},{"type":"Feature","geometry":{"type":"Point","coordinates":[23.906153,49.830369]},"properties":{"name":"Три слони (307)","band":1,"modes":"bus","arr":["А21"],"off":[0,-1.9]}},{"type":"Feature","geometry":{"type":"Point","coordinates":[23.906153,49.830369]},"properties":{"line":"А21","mode":"bus","color":"#0059a9","colorDark":"#00294f","band":1,"off":[0,1.1],"lbl":"21"}},{"type":"Feature","geometry":{"type":"Point","coordinates":[24.006874,49.867246]},"properties":{"name":"Щепова (865)","band":1,"modes":"bus","arr":["А21"],"off":[0,-0.8]}},{"type":"Feature","geometry":{"type":"Point","coordinates":[24.006874,49.867246]},"properties":{"name":"Щепова (864)","band":1,"modes":"bus","arr":["А21"],"off":[0,-1.9]}},{"type":"Feature","geometry":{"type":"Point","coordinates":[24.006874,49.867246]},"properties":{"line":"А21","mode":"bus","color":"#0059a9","colorDark":"#00294f","band":1,"off":[0,1.1],"lbl":"21"}},{"type":"Feature","geometry":{"type":"Point","coordinates":[23.982174,49.921986]},"properties":{"name":"Брюховичі, під Осовою (1091)","band":1,"modes":"bus","arr":["А22"],"off":[0,-0.8]}},{"type":"Feature","geometry":{"type":"Point","coordinates":[23.982174,49.921986]},"properties":{"name":"Брюховичі, під Осовою (1090)","band":1,"modes":"bus","arr":["А22"],"off":[0,-3]}},{"type":"Feature","geometry":{"type":"Point","coordinates":[23.982174,49.921986]},"properties":{"line":"А22","mode":"bus","color":"#0059a9","colorDark":"#00294f","band":1,"off":[0,1.1],"lbl":"22"}},{"type":"Feature","geometry":{"type":"Point","coordinates":[24.050019,49.850871]},"properties":{"name":"Заклинських (264)","band":1,"modes":"bus","arr":["А25"],"off":[0,-0.8]}},{"type":"Feature","geometry":{"type":"Point","coordinates":[24.050019,49.850871]},"properties":{"line":"А25","mode":"bus","color":"#0059a9","colorDark":"#00294f","band":1,"off":[0,1.1],"lbl":"25"}},{"type":"Feature","geometry":{"type":"Point","coordinates":[24.056624,49.850456]},"properties":{"name":"Старе Знесіння (300)","band":1,"modes":"bus","arr":["А25"],"off":[0,-0.8]}},{"type":"Feature","geometry":{"type":"Point","coordinates":[24.056624,49.850456]},"properties":{"line":"А25","mode":"bus","color":"#0059a9","colorDark":"#00294f","band":1,"off":[0,1.1],"lbl":"25"}},{"type":"Feature","geometry":{"type":"Point","coordinates":[23.93653,49.822025]},"properties":{"name":"Станція Скнилів (85)","band":1,"modes":"bus","arr":["А27","Тр27"],"off":[0,-0.8]}},{"type":"Feature","geometry":{"type":"Point","coordinates":[23.93653,49.822025]},"properties":{"name":"Станція Скнилів (85-01)","band":1,"modes":"bus","arr":["А27","Тр27"],"off":[0,-3]}},{"type":"Feature","geometry":{"type":"Point","coordinates":[23.93653,49.822025]},"properties":{"line":"А27","mode":"bus","color":"#0059a9","colorDark":"#00294f","band":1,"off":[-1.7,1.1],"lbl":"27"}},{"type":"Feature","geometry":{"type":"Point","coordinates":[23.93653,49.822025]},"properties":{"line":"Тр27","mode":"bus","color":"#149a3f","colorDark":"#0a5121","band":1,"off":[1.7,1.1],"lbl":"27"}},{"type":"Feature","geometry":{"type":"Point","coordinates":[24.137207,49.819862]},"properties":{"name":"Винники, Винниченка (1023)","band":1,"modes":"bus","arr":["А29"],"off":[0,-0.8]}},{"type":"Feature","geometry":{"type":"Point","coordinates":[24.137207,49.819862]},"properties":{"name":"Винники, Винниченка (1022)","band":1,"modes":"bus","arr":["А29"],"off":[0,-3]}},{"type":"Feature","geometry":{"type":"Point","coordinates":[24.137207,49.819862]},"properties":{"line":"А29","mode":"bus","color":"#0059a9","colorDark":"#00294f","band":1,"off":[0,1.1],"lbl":"29"}},{"type":"Feature","geometry":{"type":"Point","coordinates":[24.022559,49.838658]},"properties":{"name":"Університет (78)","band":1,"modes":"bus","arr":["А33","Тр22","Тр27","Тр30","Тр32"],"off":[0,-0.8]}},{"type":"Feature","geometry":{"type":"Point","coordinates":[24.022559,49.838658]},"properties":{"name":"Університет (78-01)","band":1,"modes":"bus","arr":["А33","Тр22","Тр27","Тр30","Тр32"],"off":[0,-1.9]}},{"type":"Feature","geometry":{"type":"Point","coordinates":[24.022559,49.838658]},"properties":{"name":"Січових Стрільців (71)","band":1,"modes":"bus","arr":["А33","Тр22","Тр27","Тр30","Тр32"],"off":[0,-4.1]}},{"type":"Feature","geometry":{"type":"Point","coordinates":[24.022559,49.838658]},"properties":{"line":"А33","mode":"bus","color":"#0059a9","colorDark":"#00294f","band":1,"off":[-6.8,1.1],"lbl":"33"}},{"type":"Feature","geometry":{"type":"Point","coordinates":[24.022559,49.838658]},"properties":{"line":"Тр22","mode":"bus","color":"#149a3f","colorDark":"#0a5121","band":1,"off":[-3.4,1.1],"lbl":"22"}},{"type":"Feature","geometry":{"type":"Point","coordinates":[24.022559,49.838658]},"properties":{"line":"Тр27","mode":"bus","color":"#149a3f","colorDark":"#0a5121","band":1,"off":[0,1.1],"lbl":"27"}},{"type":"Feature","geometry":{"type":"Point","coordinates":[24.022559,49.838658]},"properties":{"line":"Тр30","mode":"bus","color":"#149a3f","colorDark":"#0a5121","band":1,"off":[3.4,1.1],"lbl":"30"}},{"type":"Feature","geometry":{"type":"Point","coordinates":[24.022559,49.838658]},"properties":{"line":"Тр32","mode":"bus","color":"#149a3f","colorDark":"#0a5121","band":1,"off":[6.8,1.1],"lbl":"32"}},{"type":"Feature","geometry":{"type":"Point","coordinates":[23.988478,49.801568]},"properties":{"name":"Технічний коледж (710)","band":1,"modes":"bus","arr":["А33"],"off":[0,-0.8]}},{"type":"Feature","geometry":{"type":"Point","coordinates":[23.988478,49.801568]},"properties":{"name":"Пулюя (507)","band":1,"modes":"bus","arr":["А33"],"off":[0,-3]}},{"type":"Feature","geometry":{"type":"Point","coordinates":[23.988478,49.801568]},"properties":{"line":"А33","mode":"bus","color":"#0059a9","colorDark":"#00294f","band":1,"off":[0,1.1],"lbl":"33"}},{"type":"Feature","geometry":{"type":"Point","coordinates":[24.015996,49.836366]},"properties":{"name":"Устияновича (48)","band":1,"modes":"bus","arr":["А33"],"off":[0,-0.8]}},{"type":"Feature","geometry":{"type":"Point","coordinates":[24.015996,49.836366]},"properties":{"line":"А33","mode":"bus","color":"#0059a9","colorDark":"#00294f","band":1,"off":[0,1.1],"lbl":"33"}},{"type":"Feature","geometry":{"type":"Point","coordinates":[23.929605,49.845796]},"properties":{"name":"Білогорща (90)","band":1,"modes":"bus","arr":["А34"],"off":[0,-0.8]}},{"type":"Feature","geometry":{"type":"Point","coordinates":[23.929605,49.845796]},"properties":{"name":"Білогорща (90-01)","band":1,"modes":"bus","arr":["А34"],"off":[0,-1.9]}},{"type":"Feature","geometry":{"type":"Point","coordinates":[23.929605,49.845796]},"properties":{"line":"А34","mode":"bus","color":"#0059a9","colorDark":"#00294f","band":1,"off":[0,1.1],"lbl":"34"}},{"type":"Feature","geometry":{"type":"Point","coordinates":[24.004318,49.870802]},"properties":{"name":"Під Голоском (669)","band":1,"modes":"bus","arr":["А37"],"off":[0,-0.8]}},{"type":"Feature","geometry":{"type":"Point","coordinates":[24.004318,49.870802]},"properties":{"name":"Під Голоском (668)","band":1,"modes":"bus","arr":["А37"],"off":[0,-1.9]}},{"type":"Feature","geometry":{"type":"Point","coordinates":[24.004318,49.870802]},"properties":{"line":"А37","mode":"bus","color":"#0059a9","colorDark":"#00294f","band":1,"off":[0,1.1],"lbl":"37"}},{"type":"Feature","geometry":{"type":"Point","coordinates":[24.039264,49.796593]},"properties":{"name":"Річка Зубра (743)","band":1,"modes":"bus","arr":["А37"],"off":[0,-0.8]}},{"type":"Feature","geometry":{"type":"Point","coordinates":[24.039264,49.796593]},"properties":{"line":"А37","mode":"bus","color":"#0059a9","colorDark":"#00294f","band":1,"off":[0,1.1],"lbl":"37"}},{"type":"Feature","geometry":{"type":"Point","coordinates":[24.044579,49.794642]},"properties":{"name":"Хоткевича (310)","band":1,"modes":"bus","arr":["А37"],"off":[0,-0.8]}},{"type":"Feature","geometry":{"type":"Point","coordinates":[24.044579,49.794642]},"properties":{"line":"А37","mode":"bus","color":"#0059a9","colorDark":"#00294f","band":1,"off":[0,1.1],"lbl":"37"}},{"type":"Feature","geometry":{"type":"Point","coordinates":[24.049856,49.87337]},"properties":{"name":"Грінченка (639)","band":1,"modes":"bus","arr":["А39"],"off":[0,-0.8]}},{"type":"Feature","geometry":{"type":"Point","coordinates":[24.049856,49.87337]},"properties":{"line":"А39","mode":"bus","color":"#0059a9","colorDark":"#00294f","band":1,"off":[0,1.1],"lbl":"39"}},{"type":"Feature","geometry":{"type":"Point","coordinates":[24.14394,49.817351]},"properties":{"name":"Винники, Галицька (1005)","band":1,"modes":"bus","arr":["А40"],"off":[0,-0.8]}},{"type":"Feature","geometry":{"type":"Point","coordinates":[24.14394,49.817351]},"properties":{"line":"А40","mode":"bus","color":"#0059a9","colorDark":"#00294f","band":1,"off":[0,1.1],"lbl":"40"}},{"type":"Feature","geometry":{"type":"Point","coordinates":[24.146451,49.82199]},"properties":{"name":"Винники, Лисика (1016)","band":1,"modes":"bus","arr":["А40"],"off":[0,-0.8]}},{"type":"Feature","geometry":{"type":"Point","coordinates":[24.146451,49.82199]},"properties":{"line":"А40","mode":"bus","color":"#0059a9","colorDark":"#00294f","band":1,"off":[0,1.1],"lbl":"40"}},{"type":"Feature","geometry":{"type":"Point","coordinates":[24.050569,49.816599]},"properties":{"name":"Дунайська (368)","band":1,"modes":"bus","arr":["А43"],"off":[0,-0.8]}},{"type":"Feature","geometry":{"type":"Point","coordinates":[24.050569,49.816599]},"properties":{"line":"А43","mode":"bus","color":"#0059a9","colorDark":"#00294f","band":1,"off":[0,1.1],"lbl":"43"}},{"type":"Feature","geometry":{"type":"Point","coordinates":[24.050901,49.814119]},"properties":{"name":"Лікарня Святого Луки (367)","band":1,"modes":"bus","arr":["А43"],"off":[0,-0.8]}},{"type":"Feature","geometry":{"type":"Point","coordinates":[24.050901,49.814119]},"properties":{"line":"А43","mode":"bus","color":"#0059a9","colorDark":"#00294f","band":1,"off":[0,1.1],"lbl":"43"}},{"type":"Feature","geometry":{"type":"Point","coordinates":[23.980018,49.805984]},"properties":{"name":"Вікторія Гарденс (866)","band":1,"modes":"bus","arr":["А45","А51"],"off":[0,-0.8]}},{"type":"Feature","geometry":{"type":"Point","coordinates":[23.980018,49.805984]},"properties":{"name":"Вікторія Гарденс (547)","band":1,"modes":"bus","arr":["А45","А51"],"off":[0,-3]}},{"type":"Feature","geometry":{"type":"Point","coordinates":[23.980018,49.805984]},"properties":{"line":"А45","mode":"bus","color":"#0059a9","colorDark":"#00294f","band":1,"off":[-1.7,1.1],"lbl":"45"}},{"type":"Feature","geometry":{"type":"Point","coordinates":[23.980018,49.805984]},"properties":{"line":"А51","mode":"bus","color":"#0059a9","colorDark":"#00294f","band":1,"off":[1.7,1.1],"lbl":"51"}},{"type":"Feature","geometry":{"type":"Point","coordinates":[24.040966,49.846171]},"properties":{"name":"Княжа (853)","band":1,"modes":"bus","arr":["А45"],"off":[0,-0.8]}},{"type":"Feature","geometry":{"type":"Point","coordinates":[24.040966,49.846171]},"properties":{"line":"А45","mode":"bus","color":"#0059a9","colorDark":"#00294f","band":1,"off":[0,1.1],"lbl":"45"}},{"type":"Feature","geometry":{"type":"Point","coordinates":[24.044035,49.844166]},"properties":{"name":"Барвінських (854)","band":1,"modes":"bus","arr":["А45"],"off":[0,-0.8]}},{"type":"Feature","geometry":{"type":"Point","coordinates":[24.044035,49.844166]},"properties":{"line":"А45","mode":"bus","color":"#0059a9","colorDark":"#00294f","band":1,"off":[0,1.1],"lbl":"45"}},{"type":"Feature","geometry":{"type":"Point","coordinates":[24.020694,49.887965]},"properties":{"name":"Голосківський цвинтар (819)","band":1,"modes":"bus","arr":["А46"],"off":[0,-0.8]}},{"type":"Feature","geometry":{"type":"Point","coordinates":[24.020694,49.887965]},"properties":{"name":"Голосківський цвинтар (295)","band":1,"modes":"bus","arr":["А46"],"off":[0,-3]}},{"type":"Feature","geometry":{"type":"Point","coordinates":[24.020694,49.887965]},"properties":{"line":"А46","mode":"bus","color":"#0059a9","colorDark":"#00294f","band":1,"off":[0,1.1],"lbl":"46"}},{"type":"Feature","geometry":{"type":"Point","coordinates":[23.860681,49.842654]},"properties":{"name":"Рудно, Семінарія (1130)","band":1,"modes":"bus","arr":["А52","А84"],"off":[0,-0.8]}},{"type":"Feature","geometry":{"type":"Point","coordinates":[23.860681,49.842654]},"properties":{"name":"Рудно, Семінарія (1129)","band":1,"modes":"bus","arr":["А52","А84"],"off":[0,-3]}},{"type":"Feature","geometry":{"type":"Point","coordinates":[23.860681,49.842654]},"properties":{"line":"А52","mode":"bus","color":"#0059a9","colorDark":"#00294f","band":1,"off":[-1.7,1.1],"lbl":"52"}},{"type":"Feature","geometry":{"type":"Point","coordinates":[23.860681,49.842654]},"properties":{"line":"А84","mode":"bus","color":"#0059a9","colorDark":"#00294f","band":1,"off":[1.7,1.1],"lbl":"84"}},{"type":"Feature","geometry":{"type":"Point","coordinates":[24.01822,49.900403]},"properties":{"name":"Збиранка.Центр (1441)","band":1,"modes":"bus","arr":["А55"],"off":[0,-0.8]}},{"type":"Feature","geometry":{"type":"Point","coordinates":[24.01822,49.900403]},"properties":{"name":"Збиранка, Центр (1442)","band":1,"modes":"bus","arr":["А55"],"off":[0,-3]}},{"type":"Feature","geometry":{"type":"Point","coordinates":[24.01822,49.900403]},"properties":{"line":"А55","mode":"bus","color":"#0059a9","colorDark":"#00294f","band":1,"off":[0,1.1],"lbl":"55"}},{"type":"Feature","geometry":{"type":"Point","coordinates":[24.086545,49.904557]},"properties":{"name":"Дубляни, Центр (1312)","band":1,"modes":"bus","arr":["А56"],"off":[0,-0.8]}},{"type":"Feature","geometry":{"type":"Point","coordinates":[24.086545,49.904557]},"properties":{"name":"Дубляни, Центр (1311)","band":1,"modes":"bus","arr":["А56"],"off":[0,-3]}},{"type":"Feature","geometry":{"type":"Point","coordinates":[24.086545,49.904557]},"properties":{"line":"А56","mode":"bus","color":"#0059a9","colorDark":"#00294f","band":1,"off":[0,1.1],"lbl":"56"}},{"type":"Feature","geometry":{"type":"Point","coordinates":[24.056857,49.911231]},"properties":{"name":"Великі Грибовичі, Шкільна (1168)","band":1,"modes":"bus","arr":["А80"],"off":[0,-0.8]}},{"type":"Feature","geometry":{"type":"Point","coordinates":[24.056857,49.911231]},"properties":{"name":"Великі Грибовичі, Садова (1172)","band":1,"modes":"bus","arr":["А80"],"off":[0,-3]}},{"type":"Feature","geometry":{"type":"Point","coordinates":[24.056857,49.911231]},"properties":{"line":"А80","mode":"bus","color":"#0059a9","colorDark":"#00294f","band":1,"off":[0,1.1],"lbl":"80"}},{"type":"Feature","geometry":{"type":"Point","coordinates":[24.021175,49.79368]},"properties":{"name":"Максимовича (417)","band":1,"modes":"bus","arr":["А57"],"off":[0,-0.8]}},{"type":"Feature","geometry":{"type":"Point","coordinates":[24.021175,49.79368]},"properties":{"line":"А57","mode":"bus","color":"#0059a9","colorDark":"#00294f","band":1,"off":[0,1.1],"lbl":"57"}},{"type":"Feature","geometry":{"type":"Point","coordinates":[23.966047,49.945658]},"properties":{"name":"Завадів, Народний дім (1258)","band":1,"modes":"bus","arr":["А58"],"off":[0,-0.8]}},{"type":"Feature","geometry":{"type":"Point","coordinates":[23.966047,49.945658]},"properties":{"name":"Завадів, Народний дім (1257)","band":1,"modes":"bus","arr":["А58"],"off":[0,-3]}},{"type":"Feature","geometry":{"type":"Point","coordinates":[23.966047,49.945658]},"properties":{"line":"А58","mode":"bus","color":"#0059a9","colorDark":"#00294f","band":1,"off":[0,1.1],"lbl":"58"}},{"type":"Feature","geometry":{"type":"Point","coordinates":[23.989323,49.972844]},"properties":{"name":"Зарудці, Біля Озимка (1273)","band":1,"modes":"bus","arr":["А59"],"off":[0,-0.8]}},{"type":"Feature","geometry":{"type":"Point","coordinates":[23.989323,49.972844]},"properties":{"line":"А59","mode":"bus","color":"#0059a9","colorDark":"#00294f","band":1,"off":[0,1.1],"lbl":"59"}},{"type":"Feature","geometry":{"type":"Point","coordinates":[23.974553,49.971672]},"properties":{"name":"Зарудці, Церква (1276)","band":1,"modes":"bus","arr":["А59"],"off":[0,-0.8]}},{"type":"Feature","geometry":{"type":"Point","coordinates":[23.974553,49.971672]},"properties":{"line":"А59","mode":"bus","color":"#0059a9","colorDark":"#00294f","band":1,"off":[0,1.1],"lbl":"59"}},{"type":"Feature","geometry":{"type":"Point","coordinates":[24.121653,49.926138]},"properties":{"name":"Ситихів, Народний дім (1352)","band":1,"modes":"bus","arr":["А60"],"off":[0,-0.8]}},{"type":"Feature","geometry":{"type":"Point","coordinates":[24.121653,49.926138]},"properties":{"name":"Ситихів, Народний дім (1351)","band":1,"modes":"bus","arr":["А60"],"off":[0,-3]}},{"type":"Feature","geometry":{"type":"Point","coordinates":[24.121653,49.926138]},"properties":{"line":"А60","mode":"bus","color":"#0059a9","colorDark":"#00294f","band":1,"off":[0,1.1],"lbl":"60"}},{"type":"Feature","geometry":{"type":"Point","coordinates":[23.87362,49.875997]},"properties":{"name":"Підрясне, Смерекова (1424)","band":1,"modes":"bus","arr":["А61"],"off":[0,-0.8]}},{"type":"Feature","geometry":{"type":"Point","coordinates":[23.87362,49.875997]},"properties":{"name":"Підрясне, М10 (1423)","band":1,"modes":"bus","arr":["А61"],"off":[0,-3]}},{"type":"Feature","geometry":{"type":"Point","coordinates":[23.87362,49.875997]},"properties":{"line":"А61","mode":"bus","color":"#0059a9","colorDark":"#00294f","band":1,"off":[0,1.1],"lbl":"61"}},{"type":"Feature","geometry":{"type":"Point","coordinates":[24.160181,49.844166]},"properties":{"name":"Підбірці, Народний дім (1390)","band":1,"modes":"bus","arr":["А61"],"off":[0,-0.8]}},{"type":"Feature","geometry":{"type":"Point","coordinates":[24.160181,49.844166]},"properties":{"name":"Підбірці, Народний дім (1389)","band":1,"modes":"bus","arr":["А61"],"off":[0,-3]}},{"type":"Feature","geometry":{"type":"Point","coordinates":[24.160181,49.844166]},"properties":{"line":"А61","mode":"bus","color":"#0059a9","colorDark":"#00294f","band":1,"off":[0,1.1],"lbl":"61"}},{"type":"Feature","geometry":{"type":"Point","coordinates":[24.012729,49.918245]},"properties":{"name":"Малі Грибовичі, Центр (1294)","band":1,"modes":"bus","arr":["А62"],"off":[0,-0.8]}},{"type":"Feature","geometry":{"type":"Point","coordinates":[24.012729,49.918245]},"properties":{"name":"Малі Грибовичі, Центр (1293)","band":1,"modes":"bus","arr":["А62"],"off":[0,-3]}},{"type":"Feature","geometry":{"type":"Point","coordinates":[24.012729,49.918245]},"properties":{"line":"А62","mode":"bus","color":"#0059a9","colorDark":"#00294f","band":1,"off":[0,1.1],"lbl":"62"}},{"type":"Feature","geometry":{"type":"Point","coordinates":[23.989149,49.927533]},"properties":{"name":"Воля Гамулецька, Церква (1324)","band":1,"modes":"bus","arr":["А63"],"off":[0,-0.8]}},{"type":"Feature","geometry":{"type":"Point","coordinates":[23.989149,49.927533]},"properties":{"name":"Воля Гамулецька, Центр (1326)","band":1,"modes":"bus","arr":["А63"],"off":[0,-3]}},{"type":"Feature","geometry":{"type":"Point","coordinates":[23.989149,49.927533]},"properties":{"line":"А63","mode":"bus","color":"#0059a9","colorDark":"#00294f","band":1,"off":[0,1.1],"lbl":"63"}},{"type":"Feature","geometry":{"type":"Point","coordinates":[24.021117,49.850809]},"properties":{"name":"Ветеранів (727-1)","band":1,"modes":"bus","arr":["А63"],"off":[0,-0.8]}},{"type":"Feature","geometry":{"type":"Point","coordinates":[24.021117,49.850809]},"properties":{"line":"А63","mode":"bus","color":"#0059a9","colorDark":"#00294f","band":1,"off":[0,1.1],"lbl":"63"}},{"type":"Feature","geometry":{"type":"Point","coordinates":[24.024017,49.843121]},"properties":{"name":"Магнус (82)","band":1,"modes":"bus","arr":["А67"],"off":[0,-0.8]}},{"type":"Feature","geometry":{"type":"Point","coordinates":[24.024017,49.843121]},"properties":{"line":"А67","mode":"bus","color":"#0059a9","colorDark":"#00294f","band":1,"off":[0,1.1],"lbl":"67"}},{"type":"Feature","geometry":{"type":"Point","coordinates":[23.925844,49.913711]},"properties":{"name":"Брюховичі, Центр святого Миколая (1080)","band":1,"modes":"bus","arr":["А67"],"off":[0,-0.8]}},{"type":"Feature","geometry":{"type":"Point","coordinates":[23.925844,49.913711]},"properties":{"name":"Брюховичі, Центр святого Миколая (1079)","band":1,"modes":"bus","arr":["А67"],"off":[0,-4.1]}},{"type":"Feature","geometry":{"type":"Point","coordinates":[23.925844,49.913711]},"properties":{"line":"А67","mode":"bus","color":"#0059a9","colorDark":"#00294f","band":1,"off":[0,1.1],"lbl":"67"}},{"type":"Feature","geometry":{"type":"Point","coordinates":[24.0615,49.842397]},"properties":{"name":"Музей народної архітектури (857)","band":1,"modes":"bus","arr":["А99"],"off":[0,-0.8]}},{"type":"Feature","geometry":{"type":"Point","coordinates":[24.0615,49.842397]},"properties":{"name":"Музей народної архітектури (856)","band":1,"modes":"bus","arr":["А99"],"off":[0,-3]}},{"type":"Feature","geometry":{"type":"Point","coordinates":[24.0615,49.842397]},"properties":{"line":"А99","mode":"bus","color":"#0059a9","colorDark":"#00294f","band":1,"off":[0,1.1],"lbl":"99"}},{"type":"Feature","geometry":{"type":"Point","coordinates":[24.005467,49.836895]},"properties":{"name":"Площа Кропивницького (79)","band":1,"modes":"bus","arr":["Тр38"],"off":[0,-0.8]}},{"type":"Feature","geometry":{"type":"Point","coordinates":[24.005467,49.836895]},"properties":{"name":"Площа Кропивницького (46)","band":1,"modes":"bus","arr":["Тр38"],"off":[0,-3]}},{"type":"Feature","geometry":{"type":"Point","coordinates":[24.005467,49.836895]},"properties":{"line":"Тр38","mode":"bus","color":"#149a3f","colorDark":"#0a5121","band":1,"off":[0,1.1],"lbl":"38"}},{"type":"Feature","geometry":{"type":"Point","coordinates":[24.096872,49.782899]},"properties":{"name":"Центр легеневого здоров’я (390)","band":1,"modes":"bus","arr":["Тр31"],"off":[0,-0.8]}},{"type":"Feature","geometry":{"type":"Point","coordinates":[24.096872,49.782899]},"properties":{"name":"Центр легеневого здоров’я (353)","band":1,"modes":"bus","arr":["Тр31"],"off":[0,-3]}},{"type":"Feature","geometry":{"type":"Point","coordinates":[24.096872,49.782899]},"properties":{"line":"Тр31","mode":"bus","color":"#149a3f","colorDark":"#0a5121","band":1,"off":[0,1.1],"lbl":"31"}},{"type":"Feature","geometry":{"type":"Point","coordinates":[24.044929,49.80165]},"properties":{"name":"Хуторівка (427)","band":1,"modes":"bus","arr":["Тр38"],"off":[0,-0.8]}},{"type":"Feature","geometry":{"type":"Point","coordinates":[24.044929,49.80165]},"properties":{"name":"Хуторівка (427-1)","band":1,"modes":"bus","arr":["Тр38"],"off":[0,-1.9]}},{"type":"Feature","geometry":{"type":"Point","coordinates":[24.044929,49.80165]},"properties":{"line":"Тр38","mode":"bus","color":"#149a3f","colorDark":"#0a5121","band":1,"off":[0,1.1],"lbl":"38"}},{"type":"Feature","geometry":{"type":"Point","coordinates":[23.995909,49.840851]},"properties":{"name":"Залізничний вокзал (118)","band":1,"modes":"tram","arr":["Т01","Т04","Т06","Т09"],"off":[0,-0.8]}},{"type":"Feature","geometry":{"type":"Point","coordinates":[23.995909,49.840851]},"properties":{"name":"Залізничний вокзал (117)","band":1,"modes":"tram","arr":["Т01","Т04","Т06","Т09"],"off":[0,-3]}},{"type":"Feature","geometry":{"type":"Point","coordinates":[23.995909,49.840851]},"properties":{"line":"Т01","mode":"tram","color":"#556B2F","colorDark":"#2f3b1a","band":1,"off":[-5.1,1.1],"lbl":"1"}},{"type":"Feature","geometry":{"type":"Point","coordinates":[23.995909,49.840851]},"properties":{"line":"Т04","mode":"tram","color":"#556B2F","colorDark":"#2f3b1a","band":1,"off":[-1.7,1.1],"lbl":"4"}},{"type":"Feature","geometry":{"type":"Point","coordinates":[23.995909,49.840851]},"properties":{"line":"Т06","mode":"tram","color":"#FFFFFF","colorDark":"#8c8c8c","band":1,"off":[1.7,1.1],"lbl":"6"}},{"type":"Feature","geometry":{"type":"Point","coordinates":[23.995909,49.840851]},"properties":{"line":"Т09","mode":"tram","color":"#556B2F","colorDark":"#2f3b1a","band":1,"off":[5.1,1.1],"lbl":"9"}},{"type":"Feature","geometry":{"type":"Point","coordinates":[24.056533,49.829149]},"properties":{"name":"Погулянка (197)","band":1,"modes":"tram","arr":["Т01","Т07"],"off":[0,-0.8]}},{"type":"Feature","geometry":{"type":"Point","coordinates":[24.056533,49.829149]},"properties":{"name":"Погулянка (197-01)","band":1,"modes":"tram","arr":["Т01","Т07"],"off":[0,-1.9]}},{"type":"Feature","geometry":{"type":"Point","coordinates":[24.056533,49.829149]},"properties":{"line":"Т01","mode":"tram","color":"#556B2F","colorDark":"#2f3b1a","band":1,"off":[-1.7,1.1],"lbl":"1"}},{"type":"Feature","geometry":{"type":"Point","coordinates":[24.056533,49.829149]},"properties":{"line":"Т07","mode":"tram","color":"#556B2F","colorDark":"#2f3b1a","band":1,"off":[1.7,1.1],"lbl":"7"}},{"type":"Feature","geometry":{"type":"Point","coordinates":[23.993049,49.824301]},"properties":{"name":"Коновальця, музей Труша (504)","band":1,"modes":"tram","arr":["Т02"],"off":[0,-0.8]}},{"type":"Feature","geometry":{"type":"Point","coordinates":[23.993049,49.824301]},"properties":{"name":"Коновальця (677)","band":1,"modes":"tram","arr":["Т02"],"off":[0,-3]}},{"type":"Feature","geometry":{"type":"Point","coordinates":[23.993049,49.824301]},"properties":{"line":"Т02","mode":"tram","color":"#556B2F","colorDark":"#2f3b1a","band":1,"off":[0,1.1],"lbl":"2"}},{"type":"Feature","geometry":{"type":"Point","coordinates":[24.035016,49.837889]},"properties":{"name":"Соборна (74)","band":1,"modes":"tram","arr":["Т03","Т08"],"off":[0,-0.8]}},{"type":"Feature","geometry":{"type":"Point","coordinates":[24.035016,49.837889]},"properties":{"line":"Т03","mode":"tram","color":"#FFFFFF","colorDark":"#8c8c8c","band":1,"off":[-1.7,1.1],"lbl":"3"}},{"type":"Feature","geometry":{"type":"Point","coordinates":[24.035016,49.837889]},"properties":{"line":"Т08","mode":"tram","color":"#FFFFFF","colorDark":"#8c8c8c","band":1,"off":[1.7,1.1],"lbl":"8"}},{"type":"Feature","geometry":{"type":"Point","coordinates":[23.99893,49.807151]},"properties":{"name":"Аквапарк-висадка (519-01)","band":1,"modes":"tram","arr":["Т03"],"off":[0,-0.8]}},{"type":"Feature","geometry":{"type":"Point","coordinates":[23.99893,49.807151]},"properties":{"name":"Аквапарк (519)","band":1,"modes":"tram","arr":["Т03"],"off":[0,-3]}},{"type":"Feature","geometry":{"type":"Point","coordinates":[23.99893,49.807151]},"properties":{"line":"Т03","mode":"tram","color":"#FFFFFF","colorDark":"#8c8c8c","band":1,"off":[0,1.1],"lbl":"3"}},{"type":"Feature","geometry":{"type":"Point","coordinates":[24.059227,49.782462]},"properties":{"name":"Вернадського (785)","band":1,"modes":"tram","arr":["Т04","Т08"],"off":[0,-0.8]}},{"type":"Feature","geometry":{"type":"Point","coordinates":[24.059227,49.782462]},"properties":{"name":"Вернадського (784)","band":1,"modes":"tram","arr":["Т04","Т08"],"off":[0,-1.9]}},{"type":"Feature","geometry":{"type":"Point","coordinates":[24.059227,49.782462]},"properties":{"line":"Т04","mode":"tram","color":"#556B2F","colorDark":"#2f3b1a","band":1,"off":[-1.7,1.1],"lbl":"4"}},{"type":"Feature","geometry":{"type":"Point","coordinates":[24.059227,49.782462]},"properties":{"line":"Т08","mode":"tram","color":"#FFFFFF","colorDark":"#8c8c8c","band":1,"off":[1.7,1.1],"lbl":"8"}},{"type":"Feature","geometry":{"type":"Point","coordinates":[24.044374,49.866205]},"properties":{"name":"Миколайчука (661)","band":1,"modes":"tram","arr":["Т06"],"off":[0,-0.8]}},{"type":"Feature","geometry":{"type":"Point","coordinates":[24.044374,49.866205]},"properties":{"name":"Миколайчука (661-01)","band":1,"modes":"tram","arr":["Т06"],"off":[0,-1.9]}},{"type":"Feature","geometry":{"type":"Point","coordinates":[24.044374,49.866205]},"properties":{"line":"Т06","mode":"tram","color":"#FFFFFF","colorDark":"#8c8c8c","band":1,"off":[0,1.1],"lbl":"6"}},{"type":"Feature","geometry":{"type":"Point","coordinates":[23.986928,49.853705]},"properties":{"name":"Отця Омеляна Ковча-висадка (703-1)","band":1,"modes":"tram","arr":["Т07"],"off":[0,-0.8]}},{"type":"Feature","geometry":{"type":"Point","coordinates":[23.986928,49.853705]},"properties":{"name":"Отця Омеляна Ковча (703)","band":1,"modes":"tram","arr":["Т07"],"off":[0,-3]}},{"type":"Feature","geometry":{"type":"Point","coordinates":[23.986928,49.853705]},"properties":{"line":"Т07","mode":"tram","color":"#556B2F","colorDark":"#2f3b1a","band":1,"off":[0,1.1],"lbl":"7"}},{"type":"Feature","geometry":{"type":"Point","coordinates":[24.026723,49.86136]},"properties":{"name":"Торф’яна (704)","band":1,"modes":"tram","arr":["Т09"],"off":[0,-0.8]}},{"type":"Feature","geometry":{"type":"Point","coordinates":[24.026723,49.86136]},"properties":{"name":"Торф'яна (704-01)","band":1,"modes":"tram","arr":["Т09"],"off":[0,-1.9]}},{"type":"Feature","geometry":{"type":"Point","coordinates":[24.026723,49.86136]},"properties":{"line":"Т09","mode":"tram","color":"#556B2F","colorDark":"#2f3b1a","band":1,"off":[0,1.1],"lbl":"9"}},{"type":"Feature","geometry":{"type":"Point","coordinates":[24.09285,49.904262]},"properties":{"name":"Дубляни, Школа (1313)","band":2,"modes":"bus","arr":["А01"],"off":[0,-0.8]}},{"type":"Feature","geometry":{"type":"Point","coordinates":[24.09285,49.904262]},"properties":{"name":"Дубляни, Школа (1300)","band":2,"modes":"bus","arr":["А01"],"off":[0,-3]}},{"type":"Feature","geometry":{"type":"Point","coordinates":[24.09285,49.904262]},"properties":{"line":"А01","mode":"bus","color":"#0059a9","colorDark":"#00294f","band":2,"off":[0,1.1],"lbl":"1"}},{"type":"Feature","geometry":{"type":"Point","coordinates":[24.056537,49.869041]},"properties":{"name":"Скейт-парк (738)","band":2,"modes":"bus","arr":["А12","А34"],"off":[0,-0.8]}},{"type":"Feature","geometry":{"type":"Point","coordinates":[24.056537,49.869041]},"properties":{"name":"Скейт-парк (589)","band":2,"modes":"bus","arr":["А12","А34"],"off":[0,-1.9]}},{"type":"Feature","geometry":{"type":"Point","coordinates":[24.056537,49.869041]},"properties":{"line":"А12","mode":"bus","color":"#0059a9","colorDark":"#00294f","band":2,"off":[-1.7,1.1],"lbl":"12"}},{"type":"Feature","geometry":{"type":"Point","coordinates":[24.056537,49.869041]},"properties":{"line":"А34","mode":"bus","color":"#0059a9","colorDark":"#00294f","band":2,"off":[1.7,1.1],"lbl":"34"}},{"type":"Feature","geometry":{"type":"Point","coordinates":[24.050672,49.865109]},"properties":{"name":"Автостанція №2 (601)","band":2,"modes":"bus","arr":["А12"],"off":[0,-0.8]}},{"type":"Feature","geometry":{"type":"Point","coordinates":[24.050672,49.865109]},"properties":{"line":"А12","mode":"bus","color":"#0059a9","colorDark":"#00294f","band":2,"off":[0,1.1],"lbl":"12"}},{"type":"Feature","geometry":{"type":"Point","coordinates":[24.026274,49.845298]},"properties":{"name":"Театральна (40)","band":2,"modes":"bus","arr":["А03","А05","А55","А57","А60","А80"],"off":[0,-0.8]}},{"type":"Feature","geometry":{"type":"Point","coordinates":[24.026274,49.845298]},"properties":{"name":"Проспект Чорновола (705)","band":2,"modes":"bus","arr":["А03","А05","А55","А57","А60","А80"],"off":[0,-1.9]}},{"type":"Feature","geometry":{"type":"Point","coordinates":[24.026274,49.845298]},"properties":{"name":"Площа Різні (62)","band":2,"modes":"bus","arr":["А03","А05","А55","А57","А60","А80"],"off":[0,-4.1]}},{"type":"Feature","geometry":{"type":"Point","coordinates":[24.026274,49.845298]},"properties":{"line":"А03","mode":"bus","color":"#0059a9","colorDark":"#00294f","band":2,"off":[-6.8,1.1],"lbl":"3"}},{"type":"Feature","geometry":{"type":"Point","coordinates":[24.026274,49.845298]},"properties":{"line":"А05","mode":"bus","color":"#0059a9","colorDark":"#00294f","band":2,"off":[-3.4,1.1],"lbl":"5"}},{"type":"Feature","geometry":{"type":"Point","coordinates":[24.026274,49.845298]},"properties":{"line":"А55","mode":"bus","color":"#0059a9","colorDark":"#00294f","band":2,"off":[0,1.1],"lbl":"55"}},{"type":"Feature","geometry":{"type":"Point","coordinates":[24.026274,49.845298]},"properties":{"line":"А57","mode":"bus","color":"#0059a9","colorDark":"#00294f","band":2,"off":[3.4,1.1],"lbl":"57"}},{"type":"Feature","geometry":{"type":"Point","coordinates":[24.026274,49.845298]},"properties":{"line":"А60","mode":"bus","color":"#0059a9","colorDark":"#00294f","band":2,"off":[6.8,1.1],"lbl":"60"}},{"type":"Feature","geometry":{"type":"Point","coordinates":[24.026274,49.845298]},"properties":{"line":"А80","mode":"bus","color":"#0059a9","colorDark":"#00294f","band":2,"off":[0,3.1],"lbl":"80"}},{"type":"Feature","geometry":{"type":"Point","coordinates":[24.028267,49.840049]},"properties":{"name":"Проспект Свободи (67)","band":2,"modes":"bus","arr":["А01","А06"],"off":[0,-0.8]}},{"type":"Feature","geometry":{"type":"Point","coordinates":[24.028267,49.840049]},"properties":{"line":"А01","mode":"bus","color":"#0059a9","colorDark":"#00294f","band":2,"off":[-1.7,1.1],"lbl":"1"}},{"type":"Feature","geometry":{"type":"Point","coordinates":[24.028267,49.840049]},"properties":{"line":"А06","mode":"bus","color":"#0059a9","colorDark":"#00294f","band":2,"off":[1.7,1.1],"lbl":"6"}},{"type":"Feature","geometry":{"type":"Point","coordinates":[24.034193,49.838655]},"properties":{"name":"Соборна (74)","band":2,"modes":"bus,tram","arr":["А01","А06","А39а","А99","Т03","Т08"],"off":[0,-0.8]}},{"type":"Feature","geometry":{"type":"Point","coordinates":[24.034193,49.838655]},"properties":{"name":"Площа Галицька (10)","band":2,"modes":"bus,tram","arr":["А01","А06","А39а","А99","Т03","Т08"],"off":[0,-1.9]}},{"type":"Feature","geometry":{"type":"Point","coordinates":[24.034193,49.838655]},"properties":{"name":"ПЛ. СОБОРНА","band":2,"modes":"bus,tram","arr":["А01","А06","А39а","А99","Т03","Т08"],"off":[0,-4.1]}},{"type":"Feature","geometry":{"type":"Point","coordinates":[24.034193,49.838655]},"properties":{"line":"А01","mode":"bus","color":"#0059a9","colorDark":"#00294f","band":2,"off":[-6.8,1.1],"lbl":"1"}},{"type":"Feature","geometry":{"type":"Point","coordinates":[24.034193,49.838655]},"properties":{"line":"А06","mode":"bus","color":"#0059a9","colorDark":"#00294f","band":2,"off":[-3.4,1.1],"lbl":"6"}},{"type":"Feature","geometry":{"type":"Point","coordinates":[24.034193,49.838655]},"properties":{"line":"А39а","mode":"bus","color":"#0059a9","colorDark":"#00294f","band":2,"off":[0,1.1],"lbl":"39а"}},{"type":"Feature","geometry":{"type":"Point","coordinates":[24.034193,49.838655]},"properties":{"line":"А99","mode":"bus","color":"#0059a9","colorDark":"#00294f","band":2,"off":[3.4,1.1],"lbl":"99"}},{"type":"Feature","geometry":{"type":"Point","coordinates":[24.034193,49.838655]},"properties":{"line":"Т03","mode":"tram","color":"#FFFFFF","colorDark":"#8c8c8c","band":2,"off":[6.8,1.1],"lbl":"3"}},{"type":"Feature","geometry":{"type":"Point","coordinates":[24.034193,49.838655]},"properties":{"line":"Т08","mode":"tram","color":"#FFFFFF","colorDark":"#8c8c8c","band":2,"off":[0,3.1],"lbl":"8"}},{"type":"Feature","geometry":{"type":"Point","coordinates":[24.060118,49.873555]},"properties":{"name":"Галицьке перехрестя (741)","band":2,"modes":"bus","arr":["А31","А41","А48","А51","А53"],"off":[0,-0.8]}},{"type":"Feature","geometry":{"type":"Point","coordinates":[24.060118,49.873555]},"properties":{"name":"Галицьке перехрестя (595)","band":2,"modes":"bus","arr":["А31","А41","А48","А51","А53"],"off":[0,-3]}},{"type":"Feature","geometry":{"type":"Point","coordinates":[24.060118,49.873555]},"properties":{"line":"А31","mode":"bus","color":"#0059a9","colorDark":"#00294f","band":2,"off":[-6.8,1.1],"lbl":"31"}},{"type":"Feature","geometry":{"type":"Point","coordinates":[24.060118,49.873555]},"properties":{"line":"А41","mode":"bus","color":"#0059a9","colorDark":"#00294f","band":2,"off":[-3.4,1.1],"lbl":"41"}},{"type":"Feature","geometry":{"type":"Point","coordinates":[24.060118,49.873555]},"properties":{"line":"А48","mode":"bus","color":"#0059a9","colorDark":"#00294f","band":2,"off":[0,1.1],"lbl":"48"}},{"type":"Feature","geometry":{"type":"Point","coordinates":[24.060118,49.873555]},"properties":{"line":"А51","mode":"bus","color":"#0059a9","colorDark":"#00294f","band":2,"off":[3.4,1.1],"lbl":"51"}},{"type":"Feature","geometry":{"type":"Point","coordinates":[24.060118,49.873555]},"properties":{"line":"А53","mode":"bus","color":"#0059a9","colorDark":"#00294f","band":2,"off":[6.8,1.1],"lbl":"53"}},{"type":"Feature","geometry":{"type":"Point","coordinates":[24.012652,49.774182]},"properties":{"name":"ТРЦ Кінг Кросс (320)","band":2,"modes":"bus","arr":["А03","А10","А25","А40"],"off":[0,-0.8]}},{"type":"Feature","geometry":{"type":"Point","coordinates":[24.012652,49.774182]},"properties":{"name":"ТРЦ Кінг Кросс (320-01)","band":2,"modes":"bus","arr":["А03","А10","А25","А40"],"off":[0,-3]}},{"type":"Feature","geometry":{"type":"Point","coordinates":[24.012652,49.774182]},"properties":{"line":"А03","mode":"bus","color":"#0059a9","colorDark":"#00294f","band":2,"off":[-5.1,1.1],"lbl":"3"}},{"type":"Feature","geometry":{"type":"Point","coordinates":[24.012652,49.774182]},"properties":{"line":"А10","mode":"bus","color":"#0059a9","colorDark":"#00294f","band":2,"off":[-1.7,1.1],"lbl":"10"}},{"type":"Feature","geometry":{"type":"Point","coordinates":[24.012652,49.774182]},"properties":{"line":"А25","mode":"bus","color":"#0059a9","colorDark":"#00294f","band":2,"off":[1.7,1.1],"lbl":"25"}},{"type":"Feature","geometry":{"type":"Point","coordinates":[24.012652,49.774182]},"properties":{"line":"А40","mode":"bus","color":"#0059a9","colorDark":"#00294f","band":2,"off":[5.1,1.1],"lbl":"40"}},{"type":"Feature","geometry":{"type":"Point","coordinates":[24.017415,49.787423]},"properties":{"name":"Автовокзал (433)","band":2,"modes":"bus","arr":["А09","Тр22","Тр23","Тр25"],"off":[0,-0.8]}},{"type":"Feature","geometry":{"type":"Point","coordinates":[24.017415,49.787423]},"properties":{"name":"Автовокзал (433-01)","band":2,"modes":"bus","arr":["А09","Тр22","Тр23","Тр25"],"off":[0,-1.9]}},{"type":"Feature","geometry":{"type":"Point","coordinates":[24.017415,49.787423]},"properties":{"line":"А09","mode":"bus","color":"#0059a9","colorDark":"#00294f","band":2,"off":[-5.1,1.1],"lbl":"9"}},{"type":"Feature","geometry":{"type":"Point","coordinates":[24.017415,49.787423]},"properties":{"line":"Тр22","mode":"bus","color":"#149a3f","colorDark":"#0a5121","band":2,"off":[-1.7,1.1],"lbl":"22"}},{"type":"Feature","geometry":{"type":"Point","coordinates":[24.017415,49.787423]},"properties":{"line":"Тр23","mode":"bus","color":"#149a3f","colorDark":"#0a5121","band":2,"off":[1.7,1.1],"lbl":"23"}},{"type":"Feature","geometry":{"type":"Point","coordinates":[24.017415,49.787423]},"properties":{"line":"Тр25","mode":"bus","color":"#149a3f","colorDark":"#0a5121","band":2,"off":[5.1,1.1],"lbl":"25"}},{"type":"Feature","geometry":{"type":"Point","coordinates":[24.035613,49.833876]},"properties":{"name":"Шота Руставелі (291)","band":2,"modes":"bus","arr":["Тр24","Тр25","Тр31"],"off":[0,-0.8]}},{"type":"Feature","geometry":{"type":"Point","coordinates":[24.035613,49.833876]},"properties":{"name":"Шота Руставелі (218)","band":2,"modes":"bus","arr":["Тр24","Тр25","Тр31"],"off":[0,-3]}},{"type":"Feature","geometry":{"type":"Point","coordinates":[24.035613,49.833876]},"properties":{"line":"Тр24","mode":"bus","color":"#149a3f","colorDark":"#0a5121","band":2,"off":[-3.4,1.1],"lbl":"24"}},{"type":"Feature","geometry":{"type":"Point","coordinates":[24.035613,49.833876]},"properties":{"line":"Тр25","mode":"bus","color":"#149a3f","colorDark":"#0a5121","band":2,"off":[0,1.1],"lbl":"25"}},{"type":"Feature","geometry":{"type":"Point","coordinates":[24.035613,49.833876]},"properties":{"line":"Тр31","mode":"bus","color":"#149a3f","colorDark":"#0a5121","band":2,"off":[3.4,1.1],"lbl":"31"}},{"type":"Feature","geometry":{"type":"Point","coordinates":[24.016905,49.797709]},"properties":{"name":"Скорини (560)","band":2,"modes":"bus","arr":["А57"],"off":[0,-0.8]}},{"type":"Feature","geometry":{"type":"Point","coordinates":[24.016905,49.797709]},"properties":{"line":"А57","mode":"bus","color":"#0059a9","colorDark":"#00294f","band":2,"off":[0,1.1],"lbl":"57"}},{"type":"Feature","geometry":{"type":"Point","coordinates":[24.015523,49.791433]},"properties":{"name":"Максимовича (562)","band":2,"modes":"bus","arr":["А09"],"off":[0,-0.8]}},{"type":"Feature","geometry":{"type":"Point","coordinates":[24.015523,49.791433]},"properties":{"line":"А09","mode":"bus","color":"#0059a9","colorDark":"#00294f","band":2,"off":[0,1.1],"lbl":"9"}},{"type":"Feature","geometry":{"type":"Point","coordinates":[24.121033,49.80576]},"properties":{"name":"Винники, Джерельна (1033)","band":2,"modes":"bus","arr":["А05"],"off":[0,-0.8]}},{"type":"Feature","geometry":{"type":"Point","coordinates":[24.121033,49.80576]},"properties":{"line":"А05","mode":"bus","color":"#0059a9","colorDark":"#00294f","band":2,"off":[0,1.1],"lbl":"5"}},{"type":"Feature","geometry":{"type":"Point","coordinates":[24.120149,49.809051]},"properties":{"name":"Винники, Забава (1001)","band":2,"modes":"bus","arr":["А05"],"off":[0,-0.8]}},{"type":"Feature","geometry":{"type":"Point","coordinates":[24.120149,49.809051]},"properties":{"line":"А05","mode":"bus","color":"#0059a9","colorDark":"#00294f","band":2,"off":[0,1.1],"lbl":"5"}},{"type":"Feature","geometry":{"type":"Point","coordinates":[24.071008,49.835923]},"properties":{"name":"Автостанція №6 (256)","band":2,"modes":"bus","arr":["А27"],"off":[0,-0.8]}},{"type":"Feature","geometry":{"type":"Point","coordinates":[24.071008,49.835923]},"properties":{"line":"А27","mode":"bus","color":"#0059a9","colorDark":"#00294f","band":2,"off":[0,1.1],"lbl":"27"}},{"type":"Feature","geometry":{"type":"Point","coordinates":[23.938185,49.875498]},"properties":{"name":"Рясне-2 (655)","band":2,"modes":"bus","arr":["А06","А11","А12","А47","А49"],"off":[0,-0.8]}},{"type":"Feature","geometry":{"type":"Point","coordinates":[23.938185,49.875498]},"properties":{"name":"Рясне-2 (655-1)","band":2,"modes":"bus","arr":["А06","А11","А12","А47","А49"],"off":[0,-1.9]}},{"type":"Feature","geometry":{"type":"Point","coordinates":[23.938185,49.875498]},"properties":{"line":"А06","mode":"bus","color":"#0059a9","colorDark":"#00294f","band":2,"off":[-6.8,1.1],"lbl":"6"}},{"type":"Feature","geometry":{"type":"Point","coordinates":[23.938185,49.875498]},"properties":{"line":"А11","mode":"bus","color":"#0059a9","colorDark":"#00294f","band":2,"off":[-3.4,1.1],"lbl":"11"}},{"type":"Feature","geometry":{"type":"Point","coordinates":[23.938185,49.875498]},"properties":{"line":"А12","mode":"bus","color":"#0059a9","colorDark":"#00294f","band":2,"off":[0,1.1],"lbl":"12"}},{"type":"Feature","geometry":{"type":"Point","coordinates":[23.938185,49.875498]},"properties":{"line":"А47","mode":"bus","color":"#0059a9","colorDark":"#00294f","band":2,"off":[3.4,1.1],"lbl":"47"}},{"type":"Feature","geometry":{"type":"Point","coordinates":[23.938185,49.875498]},"properties":{"line":"А49","mode":"bus","color":"#0059a9","colorDark":"#00294f","band":2,"off":[6.8,1.1],"lbl":"49"}},{"type":"Feature","geometry":{"type":"Point","coordinates":[24.022188,49.843141]},"properties":{"name":"Наливайка (14)","band":2,"modes":"bus","arr":["А67"],"off":[0,-0.8]}},{"type":"Feature","geometry":{"type":"Point","coordinates":[24.022188,49.843141]},"properties":{"line":"А67","mode":"bus","color":"#0059a9","colorDark":"#00294f","band":2,"off":[0,1.1],"lbl":"67"}},{"type":"Feature","geometry":{"type":"Point","coordinates":[23.932543,49.875225]},"properties":{"name":"Величковського (657)","band":2,"modes":"bus","arr":["А11","А12","А47"],"off":[0,-0.8]}},{"type":"Feature","geometry":{"type":"Point","coordinates":[23.932543,49.875225]},"properties":{"line":"А11","mode":"bus","color":"#0059a9","colorDark":"#00294f","band":2,"off":[-3.4,1.1],"lbl":"11"}},{"type":"Feature","geometry":{"type":"Point","coordinates":[23.932543,49.875225]},"properties":{"line":"А12","mode":"bus","color":"#0059a9","colorDark":"#00294f","band":2,"off":[0,1.1],"lbl":"12"}},{"type":"Feature","geometry":{"type":"Point","coordinates":[23.932543,49.875225]},"properties":{"line":"А47","mode":"bus","color":"#0059a9","colorDark":"#00294f","band":2,"off":[3.4,1.1],"lbl":"47"}},{"type":"Feature","geometry":{"type":"Point","coordinates":[24.055372,49.870642]},"properties":{"name":"Чигиринська (576)","band":2,"modes":"bus","arr":["А07","А34"],"off":[0,-0.8]}},{"type":"Feature","geometry":{"type":"Point","coordinates":[24.055372,49.870642]},"properties":{"name":"Чигиринська (575)","band":2,"modes":"bus","arr":["А07","А34"],"off":[0,-1.9]}},{"type":"Feature","geometry":{"type":"Point","coordinates":[24.055372,49.870642]},"properties":{"line":"А07","mode":"bus","color":"#0059a9","colorDark":"#00294f","band":2,"off":[-1.7,1.1],"lbl":"7"}},{"type":"Feature","geometry":{"type":"Point","coordinates":[24.055372,49.870642]},"properties":{"line":"А34","mode":"bus","color":"#0059a9","colorDark":"#00294f","band":2,"off":[1.7,1.1],"lbl":"34"}},{"type":"Feature","geometry":{"type":"Point","coordinates":[24.052262,49.871996]},"properties":{"name":"Грінченка (574)","band":2,"modes":"bus","arr":["А39"],"off":[0,-0.8]}},{"type":"Feature","geometry":{"type":"Point","coordinates":[24.052262,49.871996]},"properties":{"line":"А39","mode":"bus","color":"#0059a9","colorDark":"#00294f","band":2,"off":[0,1.1],"lbl":"39"}},{"type":"Feature","geometry":{"type":"Point","coordinates":[24.016294,49.866405]},"properties":{"name":"Варшавська (612)","band":2,"modes":"bus","arr":["А52"],"off":[0,-0.8]}},{"type":"Feature","geometry":{"type":"Point","coordinates":[24.016294,49.866405]},"properties":{"line":"А52","mode":"bus","color":"#0059a9","colorDark":"#00294f","band":2,"off":[0,1.1],"lbl":"52"}},{"type":"Feature","geometry":{"type":"Point","coordinates":[23.999626,49.837008]},"properties":{"name":"Приміський вокзал (189)","band":2,"modes":"bus","arr":["А10","А15","А16","А29","А31","А32","А49"],"off":[0,-0.8]}},{"type":"Feature","geometry":{"type":"Point","coordinates":[23.999626,49.837008]},"properties":{"name":"Привокзальний ринок (110)","band":2,"modes":"bus","arr":["А10","А15","А16","А29","А31","А32","А49"],"off":[0,-3]}},{"type":"Feature","geometry":{"type":"Point","coordinates":[23.999626,49.837008]},"properties":{"line":"А10","mode":"bus","color":"#0059a9","colorDark":"#00294f","band":2,"off":[-6.8,1.1],"lbl":"10"}},{"type":"Feature","geometry":{"type":"Point","coordinates":[23.999626,49.837008]},"properties":{"line":"А15","mode":"bus","color":"#0059a9","colorDark":"#00294f","band":2,"off":[-3.4,1.1],"lbl":"15"}},{"type":"Feature","geometry":{"type":"Point","coordinates":[23.999626,49.837008]},"properties":{"line":"А16","mode":"bus","color":"#0059a9","colorDark":"#00294f","band":2,"off":[0,1.1],"lbl":"16"}},{"type":"Feature","geometry":{"type":"Point","coordinates":[23.999626,49.837008]},"properties":{"line":"А29","mode":"bus","color":"#0059a9","colorDark":"#00294f","band":2,"off":[3.4,1.1],"lbl":"29"}},{"type":"Feature","geometry":{"type":"Point","coordinates":[23.999626,49.837008]},"properties":{"line":"А31","mode":"bus","color":"#0059a9","colorDark":"#00294f","band":2,"off":[6.8,1.1],"lbl":"31"}},{"type":"Feature","geometry":{"type":"Point","coordinates":[23.999626,49.837008]},"properties":{"line":"А32","mode":"bus","color":"#0059a9","colorDark":"#00294f","band":2,"off":[-1.7,3.1],"lbl":"32"}},{"type":"Feature","geometry":{"type":"Point","coordinates":[23.999626,49.837008]},"properties":{"line":"А49","mode":"bus","color":"#0059a9","colorDark":"#00294f","band":2,"off":[1.7,3.1],"lbl":"49"}},{"type":"Feature","geometry":{"type":"Point","coordinates":[24.059028,49.785648]},"properties":{"name":"Санта Барбара (459)","band":2,"modes":"bus","arr":["А07","А11","А32","А46","А47","А53","Тр24"],"off":[0,-0.8]}},{"type":"Feature","geometry":{"type":"Point","coordinates":[24.059028,49.785648]},"properties":{"name":"Санта Барбара (457)","band":2,"modes":"bus","arr":["А07","А11","А32","А46","А47","А53","Тр24"],"off":[0,-3]}},{"type":"Feature","geometry":{"type":"Point","coordinates":[24.059028,49.785648]},"properties":{"name":"Санта Барбара (457-1)","band":2,"modes":"bus","arr":["А07","А11","А32","А46","А47","А53","Тр24"],"off":[0,-5.2]}},{"type":"Feature","geometry":{"type":"Point","coordinates":[24.059028,49.785648]},"properties":{"line":"А07","mode":"bus","color":"#0059a9","colorDark":"#00294f","band":2,"off":[-6.8,1.1],"lbl":"7"}},{"type":"Feature","geometry":{"type":"Point","coordinates":[24.059028,49.785648]},"properties":{"line":"А11","mode":"bus","color":"#0059a9","colorDark":"#00294f","band":2,"off":[-3.4,1.1],"lbl":"11"}},{"type":"Feature","geometry":{"type":"Point","coordinates":[24.059028,49.785648]},"properties":{"line":"А32","mode":"bus","color":"#0059a9","colorDark":"#00294f","band":2,"off":[0,1.1],"lbl":"32"}},{"type":"Feature","geometry":{"type":"Point","coordinates":[24.059028,49.785648]},"properties":{"line":"А46","mode":"bus","color":"#0059a9","colorDark":"#00294f","band":2,"off":[3.4,1.1],"lbl":"46"}},{"type":"Feature","geometry":{"type":"Point","coordinates":[24.059028,49.785648]},"properties":{"line":"А47","mode":"bus","color":"#0059a9","colorDark":"#00294f","band":2,"off":[6.8,1.1],"lbl":"47"}},{"type":"Feature","geometry":{"type":"Point","coordinates":[24.059028,49.785648]},"properties":{"line":"А53","mode":"bus","color":"#0059a9","colorDark":"#00294f","band":2,"off":[-1.7,3.1],"lbl":"53"}},{"type":"Feature","geometry":{"type":"Point","coordinates":[24.059028,49.785648]},"properties":{"line":"Тр24","mode":"bus","color":"#149a3f","colorDark":"#0a5121","band":2,"off":[1.7,3.1],"lbl":"24"}},{"type":"Feature","geometry":{"type":"Point","coordinates":[24.051758,49.785728]},"properties":{"name":"Гориня (418)","band":2,"modes":"bus","arr":["А07"],"off":[0,-0.8]}},{"type":"Feature","geometry":{"type":"Point","coordinates":[24.051758,49.785728]},"properties":{"line":"А07","mode":"bus","color":"#0059a9","colorDark":"#00294f","band":2,"off":[0,1.1],"lbl":"7"}},{"type":"Feature","geometry":{"type":"Point","coordinates":[23.985575,49.80544]},"properties":{"name":"Симоненка (546)","band":2,"modes":"bus","arr":["А45"],"off":[0,-0.8]}},{"type":"Feature","geometry":{"type":"Point","coordinates":[23.985575,49.80544]},"properties":{"line":"А45","mode":"bus","color":"#0059a9","colorDark":"#00294f","band":2,"off":[0,1.1],"lbl":"45"}},{"type":"Feature","geometry":{"type":"Point","coordinates":[24.024993,49.846881]},"properties":{"name":"Зернова (26)","band":2,"modes":"bus","arr":["А08а","А22"],"off":[0,-0.8]}},{"type":"Feature","geometry":{"type":"Point","coordinates":[24.024993,49.846881]},"properties":{"line":"А08а","mode":"bus","color":"#0059a9","colorDark":"#00294f","band":2,"off":[-1.7,1.1],"lbl":"8а"}},{"type":"Feature","geometry":{"type":"Point","coordinates":[24.024993,49.846881]},"properties":{"line":"А22","mode":"bus","color":"#0059a9","colorDark":"#00294f","band":2,"off":[1.7,1.1],"lbl":"22"}},{"type":"Feature","geometry":{"type":"Point","coordinates":[23.929509,49.903683]},"properties":{"name":"Брюховичі, Ягідна (1054)","band":2,"modes":"bus","arr":["А08а"],"off":[0,-0.8]}},{"type":"Feature","geometry":{"type":"Point","coordinates":[23.929509,49.903683]},"properties":{"line":"А08а","mode":"bus","color":"#0059a9","colorDark":"#00294f","band":2,"off":[0,1.1],"lbl":"8а"}},{"type":"Feature","geometry":{"type":"Point","coordinates":[23.927625,49.905129]},"properties":{"name":"Брюховичі, Кардіологічна лікарня (1056)","band":2,"modes":"bus","arr":["А08а"],"off":[0,-0.8]}},{"type":"Feature","geometry":{"type":"Point","coordinates":[23.927625,49.905129]},"properties":{"line":"А08а","mode":"bus","color":"#0059a9","colorDark":"#00294f","band":2,"off":[0,1.1],"lbl":"8а"}},{"type":"Feature","geometry":{"type":"Point","coordinates":[24.024366,49.848918]},"properties":{"name":"Куліша (54)","band":2,"modes":"bus","arr":["А08а","А22"],"off":[0,-0.8]}},{"type":"Feature","geometry":{"type":"Point","coordinates":[24.024366,49.848918]},"properties":{"line":"А08а","mode":"bus","color":"#0059a9","colorDark":"#00294f","band":2,"off":[-1.7,1.1],"lbl":"8а"}},{"type":"Feature","geometry":{"type":"Point","coordinates":[24.024366,49.848918]},"properties":{"line":"А22","mode":"bus","color":"#0059a9","colorDark":"#00294f","band":2,"off":[1.7,1.1],"lbl":"22"}},{"type":"Feature","geometry":{"type":"Point","coordinates":[24.163311,49.873738]},"properties":{"name":"Сороки-Львівські, Кільцева дорога (1462)","band":2,"modes":"bus","arr":["А09"],"off":[0,-0.8]}},{"type":"Feature","geometry":{"type":"Point","coordinates":[24.163311,49.873738]},"properties":{"name":"Сороки-Львівські, Кільцева дорога (1461)","band":2,"modes":"bus","arr":["А09"],"off":[0,-4.1]}},{"type":"Feature","geometry":{"type":"Point","coordinates":[24.163311,49.873738]},"properties":{"line":"А09","mode":"bus","color":"#0059a9","colorDark":"#00294f","band":2,"off":[0,1.1],"lbl":"9"}},{"type":"Feature","geometry":{"type":"Point","coordinates":[23.995646,49.839547]},"properties":{"name":"Залізничний вокзал (191)","band":2,"modes":"bus,tram","arr":["А10","А16","А29","А31","А32","А49","Т01","Т04","Т06","Т09"],"off":[0,-0.8]}},{"type":"Feature","geometry":{"type":"Point","coordinates":[23.995646,49.839547]},"properties":{"name":"Залізничний вокзал (118)","band":2,"modes":"bus,tram","arr":["А10","А16","А29","А31","А32","А49","Т01","Т04","Т06","Т09"],"off":[0,-3]}},{"type":"Feature","geometry":{"type":"Point","coordinates":[23.995646,49.839547]},"properties":{"name":"Залізничний вокзал (117)","band":2,"modes":"bus,tram","arr":["А10","А16","А29","А31","А32","А49","Т01","Т04","Т06","Т09"],"off":[0,-5.2]}},{"type":"Feature","geometry":{"type":"Point","coordinates":[23.995646,49.839547]},"properties":{"line":"А10","mode":"bus","color":"#0059a9","colorDark":"#00294f","band":2,"off":[-6.8,1.1],"lbl":"10"}},{"type":"Feature","geometry":{"type":"Point","coordinates":[23.995646,49.839547]},"properties":{"line":"А16","mode":"bus","color":"#0059a9","colorDark":"#00294f","band":2,"off":[-3.4,1.1],"lbl":"16"}},{"type":"Feature","geometry":{"type":"Point","coordinates":[23.995646,49.839547]},"properties":{"line":"А29","mode":"bus","color":"#0059a9","colorDark":"#00294f","band":2,"off":[0,1.1],"lbl":"29"}},{"type":"Feature","geometry":{"type":"Point","coordinates":[23.995646,49.839547]},"properties":{"line":"А31","mode":"bus","color":"#0059a9","colorDark":"#00294f","band":2,"off":[3.4,1.1],"lbl":"31"}},{"type":"Feature","geometry":{"type":"Point","coordinates":[23.995646,49.839547]},"properties":{"line":"А32","mode":"bus","color":"#0059a9","colorDark":"#00294f","band":2,"off":[6.8,1.1],"lbl":"32"}},{"type":"Feature","geometry":{"type":"Point","coordinates":[23.995646,49.839547]},"properties":{"line":"А49","mode":"bus","color":"#0059a9","colorDark":"#00294f","band":2,"off":[-6.8,3.1],"lbl":"49"}},{"type":"Feature","geometry":{"type":"Point","coordinates":[23.995646,49.839547]},"properties":{"line":"Т01","mode":"tram","color":"#556B2F","colorDark":"#2f3b1a","band":2,"off":[-3.4,3.1],"lbl":"1"}},{"type":"Feature","geometry":{"type":"Point","coordinates":[23.995646,49.839547]},"properties":{"line":"Т04","mode":"tram","color":"#556B2F","colorDark":"#2f3b1a","band":2,"off":[0,3.1],"lbl":"4"}},{"type":"Feature","geometry":{"type":"Point","coordinates":[23.995646,49.839547]},"properties":{"line":"Т06","mode":"tram","color":"#FFFFFF","colorDark":"#8c8c8c","band":2,"off":[3.4,3.1],"lbl":"6"}},{"type":"Feature","geometry":{"type":"Point","coordinates":[23.995646,49.839547]},"properties":{"line":"Т09","mode":"tram","color":"#556B2F","colorDark":"#2f3b1a","band":2,"off":[6.8,3.1],"lbl":"9"}},{"type":"Feature","geometry":{"type":"Point","coordinates":[24.011144,49.865513]},"properties":{"name":"Школа № 23 (624)","band":2,"modes":"bus","arr":["А52"],"off":[0,-0.8]}},{"type":"Feature","geometry":{"type":"Point","coordinates":[24.011144,49.865513]},"properties":{"line":"А52","mode":"bus","color":"#0059a9","colorDark":"#00294f","band":2,"off":[0,1.1],"lbl":"52"}},{"type":"Feature","geometry":{"type":"Point","coordinates":[23.917433,49.821305]},"properties":{"name":"Городоцька-Кільцева (109)","band":2,"modes":"bus","arr":["А14","А92"],"off":[0,-0.8]}},{"type":"Feature","geometry":{"type":"Point","coordinates":[23.917433,49.821305]},"properties":{"name":"Автостанція Західна (105)","band":2,"modes":"bus","arr":["А14","А92"],"off":[0,-3]}},{"type":"Feature","geometry":{"type":"Point","coordinates":[23.917433,49.821305]},"properties":{"line":"А14","mode":"bus","color":"#0059a9","colorDark":"#00294f","band":2,"off":[-1.7,1.1],"lbl":"14"}},{"type":"Feature","geometry":{"type":"Point","coordinates":[23.917433,49.821305]},"properties":{"line":"А92","mode":"bus","color":"#0059a9","colorDark":"#00294f","band":2,"off":[1.7,1.1],"lbl":"92"}},{"type":"Feature","geometry":{"type":"Point","coordinates":[23.954722,49.826778]},"properties":{"name":"Ряшівська (169)","band":2,"modes":"bus","arr":["А48","Тр23","Тр30"],"off":[0,-0.8]}},{"type":"Feature","geometry":{"type":"Point","coordinates":[23.954722,49.826778]},"properties":{"name":"Ряшівська (166)","band":2,"modes":"bus","arr":["А48","Тр23","Тр30"],"off":[0,-1.9]}},{"type":"Feature","geometry":{"type":"Point","coordinates":[23.954722,49.826778]},"properties":{"line":"А48","mode":"bus","color":"#0059a9","colorDark":"#00294f","band":2,"off":[-3.4,1.1],"lbl":"48"}},{"type":"Feature","geometry":{"type":"Point","coordinates":[23.954722,49.826778]},"properties":{"line":"Тр23","mode":"bus","color":"#149a3f","colorDark":"#0a5121","band":2,"off":[0,1.1],"lbl":"23"}},{"type":"Feature","geometry":{"type":"Point","coordinates":[23.954722,49.826778]},"properties":{"line":"Тр30","mode":"bus","color":"#149a3f","colorDark":"#0a5121","band":2,"off":[3.4,1.1],"lbl":"30"}},{"type":"Feature","geometry":{"type":"Point","coordinates":[24.067765,49.790896]},"properties":{"name":"Кос-Анатольського (400)","band":2,"modes":"bus","arr":["А14"],"off":[0,-0.8]}},{"type":"Feature","geometry":{"type":"Point","coordinates":[24.067765,49.790896]},"properties":{"line":"А14","mode":"bus","color":"#0059a9","colorDark":"#00294f","band":2,"off":[0,1.1],"lbl":"14"}},{"type":"Feature","geometry":{"type":"Point","coordinates":[24.069704,49.785195]},"properties":{"name":"Антонича (354)","band":2,"modes":"bus","arr":["А14","А19"],"off":[0,-0.8]}},{"type":"Feature","geometry":{"type":"Point","coordinates":[24.069704,49.785195]},"properties":{"name":"Антонича (354-01)","band":2,"modes":"bus","arr":["А14","А19"],"off":[0,-1.9]}},{"type":"Feature","geometry":{"type":"Point","coordinates":[24.069704,49.785195]},"properties":{"line":"А14","mode":"bus","color":"#0059a9","colorDark":"#00294f","band":2,"off":[-1.7,1.1],"lbl":"14"}},{"type":"Feature","geometry":{"type":"Point","coordinates":[24.069704,49.785195]},"properties":{"line":"А19","mode":"bus","color":"#0059a9","colorDark":"#00294f","band":2,"off":[1.7,1.1],"lbl":"19"}},{"type":"Feature","geometry":{"type":"Point","coordinates":[24.064174,49.794569]},"properties":{"name":"Кавалерідзе (426)","band":2,"modes":"bus","arr":["А16","А41"],"off":[0,-0.8]}},{"type":"Feature","geometry":{"type":"Point","coordinates":[24.064174,49.794569]},"properties":{"name":"Кавалерідзе (423)","band":2,"modes":"bus","arr":["А16","А41"],"off":[0,-1.9]}},{"type":"Feature","geometry":{"type":"Point","coordinates":[24.064174,49.794569]},"properties":{"line":"А16","mode":"bus","color":"#0059a9","colorDark":"#00294f","band":2,"off":[-1.7,1.1],"lbl":"16"}},{"type":"Feature","geometry":{"type":"Point","coordinates":[24.064174,49.794569]},"properties":{"line":"А41","mode":"bus","color":"#0059a9","colorDark":"#00294f","band":2,"off":[1.7,1.1],"lbl":"41"}},{"type":"Feature","geometry":{"type":"Point","coordinates":[23.995597,49.835731]},"properties":{"name":"Приміський вокзал (111)","band":2,"modes":"bus","arr":["А15"],"off":[0,-0.8]}},{"type":"Feature","geometry":{"type":"Point","coordinates":[23.995597,49.835731]},"properties":{"line":"А15","mode":"bus","color":"#0059a9","colorDark":"#00294f","band":2,"off":[0,1.1],"lbl":"15"}},{"type":"Feature","geometry":{"type":"Point","coordinates":[24.062876,49.815983]},"properties":{"name":"Вашингтона (365)","band":2,"modes":"bus","arr":["А92"],"off":[0,-0.8]}},{"type":"Feature","geometry":{"type":"Point","coordinates":[24.062876,49.815983]},"properties":{"name":"Вашингтона (216)","band":2,"modes":"bus","arr":["А92"],"off":[0,-1.9]}},{"type":"Feature","geometry":{"type":"Point","coordinates":[24.062876,49.815983]},"properties":{"line":"А92","mode":"bus","color":"#0059a9","colorDark":"#00294f","band":2,"off":[0,1.1],"lbl":"92"}},{"type":"Feature","geometry":{"type":"Point","coordinates":[24.079322,49.824568]},"properties":{"name":"Каштанова (268)","band":2,"modes":"bus","arr":["А15"],"off":[0,-0.8]}},{"type":"Feature","geometry":{"type":"Point","coordinates":[24.079322,49.824568]},"properties":{"line":"А15","mode":"bus","color":"#0059a9","colorDark":"#00294f","band":2,"off":[0,1.1],"lbl":"15"}},{"type":"Feature","geometry":{"type":"Point","coordinates":[24.084142,49.822993]},"properties":{"name":"Медової Печери (270)","band":2,"modes":"bus","arr":["А15"],"off":[0,-0.8]}},{"type":"Feature","geometry":{"type":"Point","coordinates":[24.084142,49.822993]},"properties":{"line":"А15","mode":"bus","color":"#0059a9","colorDark":"#00294f","band":2,"off":[0,1.1],"lbl":"15"}},{"type":"Feature","geometry":{"type":"Point","coordinates":[24.06845,49.83074]},"properties":{"name":"Таджицька (278)","band":2,"modes":"bus","arr":["А27"],"off":[0,-0.8]}},{"type":"Feature","geometry":{"type":"Point","coordinates":[24.06845,49.83074]},"properties":{"line":"А27","mode":"bus","color":"#0059a9","colorDark":"#00294f","band":2,"off":[0,1.1],"lbl":"27"}},{"type":"Feature","geometry":{"type":"Point","coordinates":[24.039644,49.879406]},"properties":{"name":"Леннона (868)","band":2,"modes":"bus","arr":["А17","А19","А84"],"off":[0,-0.8]}},{"type":"Feature","geometry":{"type":"Point","coordinates":[24.039644,49.879406]},"properties":{"name":"Леннона (619)","band":2,"modes":"bus","arr":["А17","А19","А84"],"off":[0,-1.9]}},{"type":"Feature","geometry":{"type":"Point","coordinates":[24.039644,49.879406]},"properties":{"line":"А17","mode":"bus","color":"#0059a9","colorDark":"#00294f","band":2,"off":[-3.4,1.1],"lbl":"17"}},{"type":"Feature","geometry":{"type":"Point","coordinates":[24.039644,49.879406]},"properties":{"line":"А19","mode":"bus","color":"#0059a9","colorDark":"#00294f","band":2,"off":[0,1.1],"lbl":"19"}},{"type":"Feature","geometry":{"type":"Point","coordinates":[24.039644,49.879406]},"properties":{"line":"А84","mode":"bus","color":"#0059a9","colorDark":"#00294f","band":2,"off":[3.4,1.1],"lbl":"84"}},{"type":"Feature","geometry":{"type":"Point","coordinates":[23.965745,49.847764]},"properties":{"name":"Суботівська (182)","band":2,"modes":"bus","arr":["А18","А20","А23","А43","Тр32"],"off":[0,-0.8]}},{"type":"Feature","geometry":{"type":"Point","coordinates":[23.965745,49.847764]},"properties":{"name":"Суботівська (177)","band":2,"modes":"bus","arr":["А18","А20","А23","А43","Тр32"],"off":[0,-1.9]}},{"type":"Feature","geometry":{"type":"Point","coordinates":[23.965745,49.847764]},"properties":{"line":"А18","mode":"bus","color":"#0059a9","colorDark":"#00294f","band":2,"off":[-6.8,1.1],"lbl":"18"}},{"type":"Feature","geometry":{"type":"Point","coordinates":[23.965745,49.847764]},"properties":{"line":"А20","mode":"bus","color":"#0059a9","colorDark":"#00294f","band":2,"off":[-3.4,1.1],"lbl":"20"}},{"type":"Feature","geometry":{"type":"Point","coordinates":[23.965745,49.847764]},"properties":{"line":"А23","mode":"bus","color":"#0059a9","colorDark":"#00294f","band":2,"off":[0,1.1],"lbl":"23"}},{"type":"Feature","geometry":{"type":"Point","coordinates":[23.965745,49.847764]},"properties":{"line":"А43","mode":"bus","color":"#0059a9","colorDark":"#00294f","band":2,"off":[3.4,1.1],"lbl":"43"}},{"type":"Feature","geometry":{"type":"Point","coordinates":[23.965745,49.847764]},"properties":{"line":"Тр32","mode":"bus","color":"#149a3f","colorDark":"#0a5121","band":2,"off":[6.8,1.1],"lbl":"32"}},{"type":"Feature","geometry":{"type":"Point","coordinates":[23.950313,49.830344]},"properties":{"name":"Львівтеплоенерго (831)","band":2,"modes":"bus","arr":["А17"],"off":[0,-0.8]}},{"type":"Feature","geometry":{"type":"Point","coordinates":[23.950313,49.830344]},"properties":{"line":"А17","mode":"bus","color":"#0059a9","colorDark":"#00294f","band":2,"off":[0,1.1],"lbl":"17"}},{"type":"Feature","geometry":{"type":"Point","coordinates":[23.94542,49.83098]},"properties":{"name":"Данила Апостола (832)","band":2,"modes":"bus","arr":["А17"],"off":[0,-0.8]}},{"type":"Feature","geometry":{"type":"Point","coordinates":[23.94542,49.83098]},"properties":{"line":"А17","mode":"bus","color":"#0059a9","colorDark":"#00294f","band":2,"off":[0,1.1],"lbl":"17"}},{"type":"Feature","geometry":{"type":"Point","coordinates":[24.042645,49.877872]},"properties":{"name":"Розточчя (763)","band":2,"modes":"bus","arr":["А19"],"off":[0,-0.8]}},{"type":"Feature","geometry":{"type":"Point","coordinates":[24.042645,49.877872]},"properties":{"line":"А19","mode":"bus","color":"#0059a9","colorDark":"#00294f","band":2,"off":[0,1.1],"lbl":"19"}},{"type":"Feature","geometry":{"type":"Point","coordinates":[24.102514,49.842175]},"properties":{"name":"Провесінь (212)","band":2,"modes":"bus","arr":["А18","А23"],"off":[0,-0.8]}},{"type":"Feature","geometry":{"type":"Point","coordinates":[24.102514,49.842175]},"properties":{"name":"Провесінь (209)","band":2,"modes":"bus","arr":["А18","А23"],"off":[0,-1.9]}},{"type":"Feature","geometry":{"type":"Point","coordinates":[24.102514,49.842175]},"properties":{"name":"Глинянський Тракт (211)","band":2,"modes":"bus","arr":["А18","А23"],"off":[0,-3]}},{"type":"Feature","geometry":{"type":"Point","coordinates":[24.102514,49.842175]},"properties":{"line":"А18","mode":"bus","color":"#0059a9","colorDark":"#00294f","band":2,"off":[-1.7,1.1],"lbl":"18"}},{"type":"Feature","geometry":{"type":"Point","coordinates":[24.102514,49.842175]},"properties":{"line":"А23","mode":"bus","color":"#0059a9","colorDark":"#00294f","band":2,"off":[1.7,1.1],"lbl":"23"}},{"type":"Feature","geometry":{"type":"Point","coordinates":[24.034909,49.836654]},"properties":{"name":"Шухевича (30)","band":2,"modes":"bus","arr":["А39а","А99"],"off":[0,-0.8]}},{"type":"Feature","geometry":{"type":"Point","coordinates":[24.034909,49.836654]},"properties":{"line":"А39а","mode":"bus","color":"#0059a9","colorDark":"#00294f","band":2,"off":[-1.7,1.1],"lbl":"39а"}},{"type":"Feature","geometry":{"type":"Point","coordinates":[24.034909,49.836654]},"properties":{"line":"А99","mode":"bus","color":"#0059a9","colorDark":"#00294f","band":2,"off":[1.7,1.1],"lbl":"99"}},{"type":"Feature","geometry":{"type":"Point","coordinates":[24.07655,49.854447]},"properties":{"name":"Авторинок (200)","band":2,"modes":"bus","arr":["А39","А39а"],"off":[0,-0.8]}},{"type":"Feature","geometry":{"type":"Point","coordinates":[24.07655,49.854447]},"properties":{"name":"Авторинок (199)","band":2,"modes":"bus","arr":["А39","А39а"],"off":[0,-1.9]}},{"type":"Feature","geometry":{"type":"Point","coordinates":[24.07655,49.854447]},"properties":{"line":"А39","mode":"bus","color":"#0059a9","colorDark":"#00294f","band":2,"off":[-1.7,1.1],"lbl":"39"}},{"type":"Feature","geometry":{"type":"Point","coordinates":[24.07655,49.854447]},"properties":{"line":"А39а","mode":"bus","color":"#0059a9","colorDark":"#00294f","band":2,"off":[1.7,1.1],"lbl":"39а"}},{"type":"Feature","geometry":{"type":"Point","coordinates":[24.060682,49.859456]},"properties":{"name":"Ковельська (288)","band":2,"modes":"bus","arr":["А20"],"off":[0,-0.8]}},{"type":"Feature","geometry":{"type":"Point","coordinates":[24.060682,49.859456]},"properties":{"line":"А20","mode":"bus","color":"#0059a9","colorDark":"#00294f","band":2,"off":[0,1.1],"lbl":"20"}},{"type":"Feature","geometry":{"type":"Point","coordinates":[24.06728,49.783667]},"properties":{"name":"Трильовського (405)","band":2,"modes":"bus","arr":["А19"],"off":[0,-0.8]}},{"type":"Feature","geometry":{"type":"Point","coordinates":[24.06728,49.783667]},"properties":{"line":"А19","mode":"bus","color":"#0059a9","colorDark":"#00294f","band":2,"off":[0,1.1],"lbl":"19"}},{"type":"Feature","geometry":{"type":"Point","coordinates":[24.025829,49.850446]},"properties":{"name":"Площа 700-річчя Львова (56)","band":2,"modes":"bus","arr":["А56","А58","А59"],"off":[0,-0.8]}},{"type":"Feature","geometry":{"type":"Point","coordinates":[24.025829,49.850446]},"properties":{"name":"Площа 700-річчя Львова (55)","band":2,"modes":"bus","arr":["А56","А58","А59"],"off":[0,-3]}},{"type":"Feature","geometry":{"type":"Point","coordinates":[24.025829,49.850446]},"properties":{"line":"А56","mode":"bus","color":"#0059a9","colorDark":"#00294f","band":2,"off":[-3.4,1.1],"lbl":"56"}},{"type":"Feature","geometry":{"type":"Point","coordinates":[24.025829,49.850446]},"properties":{"line":"А58","mode":"bus","color":"#0059a9","colorDark":"#00294f","band":2,"off":[0,1.1],"lbl":"58"}},{"type":"Feature","geometry":{"type":"Point","coordinates":[24.025829,49.850446]},"properties":{"line":"А59","mode":"bus","color":"#0059a9","colorDark":"#00294f","band":2,"off":[3.4,1.1],"lbl":"59"}},{"type":"Feature","geometry":{"type":"Point","coordinates":[24.063681,49.856889]},"properties":{"name":"Польова, Завод (289)","band":2,"modes":"bus","arr":["А20"],"off":[0,-0.8]}},{"type":"Feature","geometry":{"type":"Point","coordinates":[24.063681,49.856889]},"properties":{"line":"А20","mode":"bus","color":"#0059a9","colorDark":"#00294f","band":2,"off":[0,1.1],"lbl":"20"}},{"type":"Feature","geometry":{"type":"Point","coordinates":[24.03315,49.852269]},"properties":{"name":"Залізничний вокзал Підзамче (581)","band":2,"modes":"bus","arr":["А62"],"off":[0,-0.8]}},{"type":"Feature","geometry":{"type":"Point","coordinates":[24.03315,49.852269]},"properties":{"name":"Залізничний вокзал Підзамче (312)","band":2,"modes":"bus","arr":["А62"],"off":[0,-3]}},{"type":"Feature","geometry":{"type":"Point","coordinates":[24.03315,49.852269]},"properties":{"line":"А62","mode":"bus","color":"#0059a9","colorDark":"#00294f","band":2,"off":[0,1.1],"lbl":"62"}},{"type":"Feature","geometry":{"type":"Point","coordinates":[23.906153,49.830369]},"properties":{"name":"Три слони (314)","band":2,"modes":"bus","arr":["А21"],"off":[0,-0.8]}},{"type":"Feature","geometry":{"type":"Point","coordinates":[23.906153,49.830369]},"properties":{"name":"Три слони (307)","band":2,"modes":"bus","arr":["А21"],"off":[0,-1.9]}},{"type":"Feature","geometry":{"type":"Point","coordinates":[23.906153,49.830369]},"properties":{"line":"А21","mode":"bus","color":"#0059a9","colorDark":"#00294f","band":2,"off":[0,1.1],"lbl":"21"}},{"type":"Feature","geometry":{"type":"Point","coordinates":[24.006874,49.867246]},"properties":{"name":"Щепова (865)","band":2,"modes":"bus","arr":["А21"],"off":[0,-0.8]}},{"type":"Feature","geometry":{"type":"Point","coordinates":[24.006874,49.867246]},"properties":{"name":"Щепова (864)","band":2,"modes":"bus","arr":["А21"],"off":[0,-1.9]}},{"type":"Feature","geometry":{"type":"Point","coordinates":[24.006874,49.867246]},"properties":{"line":"А21","mode":"bus","color":"#0059a9","colorDark":"#00294f","band":2,"off":[0,1.1],"lbl":"21"}},{"type":"Feature","geometry":{"type":"Point","coordinates":[23.982174,49.921986]},"properties":{"name":"Брюховичі, під Осовою (1091)","band":2,"modes":"bus","arr":["А22"],"off":[0,-0.8]}},{"type":"Feature","geometry":{"type":"Point","coordinates":[23.982174,49.921986]},"properties":{"name":"Брюховичі, під Осовою (1090)","band":2,"modes":"bus","arr":["А22"],"off":[0,-3]}},{"type":"Feature","geometry":{"type":"Point","coordinates":[23.982174,49.921986]},"properties":{"line":"А22","mode":"bus","color":"#0059a9","colorDark":"#00294f","band":2,"off":[0,1.1],"lbl":"22"}},{"type":"Feature","geometry":{"type":"Point","coordinates":[24.050019,49.850871]},"properties":{"name":"Заклинських (264)","band":2,"modes":"bus","arr":["А25"],"off":[0,-0.8]}},{"type":"Feature","geometry":{"type":"Point","coordinates":[24.050019,49.850871]},"properties":{"line":"А25","mode":"bus","color":"#0059a9","colorDark":"#00294f","band":2,"off":[0,1.1],"lbl":"25"}},{"type":"Feature","geometry":{"type":"Point","coordinates":[24.056624,49.850456]},"properties":{"name":"Старе Знесіння (300)","band":2,"modes":"bus","arr":["А25"],"off":[0,-0.8]}},{"type":"Feature","geometry":{"type":"Point","coordinates":[24.056624,49.850456]},"properties":{"line":"А25","mode":"bus","color":"#0059a9","colorDark":"#00294f","band":2,"off":[0,1.1],"lbl":"25"}},{"type":"Feature","geometry":{"type":"Point","coordinates":[23.93653,49.822025]},"properties":{"name":"Станція Скнилів (85)","band":2,"modes":"bus","arr":["А27","Тр27"],"off":[0,-0.8]}},{"type":"Feature","geometry":{"type":"Point","coordinates":[23.93653,49.822025]},"properties":{"name":"Станція Скнилів (85-01)","band":2,"modes":"bus","arr":["А27","Тр27"],"off":[0,-3]}},{"type":"Feature","geometry":{"type":"Point","coordinates":[23.93653,49.822025]},"properties":{"line":"А27","mode":"bus","color":"#0059a9","colorDark":"#00294f","band":2,"off":[-1.7,1.1],"lbl":"27"}},{"type":"Feature","geometry":{"type":"Point","coordinates":[23.93653,49.822025]},"properties":{"line":"Тр27","mode":"bus","color":"#149a3f","colorDark":"#0a5121","band":2,"off":[1.7,1.1],"lbl":"27"}},{"type":"Feature","geometry":{"type":"Point","coordinates":[24.137207,49.819862]},"properties":{"name":"Винники, Винниченка (1023)","band":2,"modes":"bus","arr":["А29"],"off":[0,-0.8]}},{"type":"Feature","geometry":{"type":"Point","coordinates":[24.137207,49.819862]},"properties":{"name":"Винники, Винниченка (1022)","band":2,"modes":"bus","arr":["А29"],"off":[0,-3]}},{"type":"Feature","geometry":{"type":"Point","coordinates":[24.137207,49.819862]},"properties":{"line":"А29","mode":"bus","color":"#0059a9","colorDark":"#00294f","band":2,"off":[0,1.1],"lbl":"29"}},{"type":"Feature","geometry":{"type":"Point","coordinates":[24.022559,49.83976]},"properties":{"name":"Університет (78)","band":2,"modes":"bus","arr":["А33","Тр22","Тр27","Тр30","Тр32"],"off":[0,-0.8]}},{"type":"Feature","geometry":{"type":"Point","coordinates":[24.022559,49.83976]},"properties":{"name":"Університет (78-01)","band":2,"modes":"bus","arr":["А33","Тр22","Тр27","Тр30","Тр32"],"off":[0,-1.9]}},{"type":"Feature","geometry":{"type":"Point","coordinates":[24.022559,49.83976]},"properties":{"name":"Січових Стрільців (71)","band":2,"modes":"bus","arr":["А33","Тр22","Тр27","Тр30","Тр32"],"off":[0,-4.1]}},{"type":"Feature","geometry":{"type":"Point","coordinates":[24.022559,49.83976]},"properties":{"line":"А33","mode":"bus","color":"#0059a9","colorDark":"#00294f","band":2,"off":[-6.8,1.1],"lbl":"33"}},{"type":"Feature","geometry":{"type":"Point","coordinates":[24.022559,49.83976]},"properties":{"line":"Тр22","mode":"bus","color":"#149a3f","colorDark":"#0a5121","band":2,"off":[-3.4,1.1],"lbl":"22"}},{"type":"Feature","geometry":{"type":"Point","coordinates":[24.022559,49.83976]},"properties":{"line":"Тр27","mode":"bus","color":"#149a3f","colorDark":"#0a5121","band":2,"off":[0,1.1],"lbl":"27"}},{"type":"Feature","geometry":{"type":"Point","coordinates":[24.022559,49.83976]},"properties":{"line":"Тр30","mode":"bus","color":"#149a3f","colorDark":"#0a5121","band":2,"off":[3.4,1.1],"lbl":"30"}},{"type":"Feature","geometry":{"type":"Point","coordinates":[24.022559,49.83976]},"properties":{"line":"Тр32","mode":"bus","color":"#149a3f","colorDark":"#0a5121","band":2,"off":[6.8,1.1],"lbl":"32"}},{"type":"Feature","geometry":{"type":"Point","coordinates":[23.988478,49.801568]},"properties":{"name":"Технічний коледж (710)","band":2,"modes":"bus","arr":["А33"],"off":[0,-0.8]}},{"type":"Feature","geometry":{"type":"Point","coordinates":[23.988478,49.801568]},"properties":{"name":"Пулюя (507)","band":2,"modes":"bus","arr":["А33"],"off":[0,-3]}},{"type":"Feature","geometry":{"type":"Point","coordinates":[23.988478,49.801568]},"properties":{"line":"А33","mode":"bus","color":"#0059a9","colorDark":"#00294f","band":2,"off":[0,1.1],"lbl":"33"}},{"type":"Feature","geometry":{"type":"Point","coordinates":[24.015996,49.836366]},"properties":{"name":"Устияновича (48)","band":2,"modes":"bus","arr":["А33"],"off":[0,-0.8]}},{"type":"Feature","geometry":{"type":"Point","coordinates":[24.015996,49.836366]},"properties":{"line":"А33","mode":"bus","color":"#0059a9","colorDark":"#00294f","band":2,"off":[0,1.1],"lbl":"33"}},{"type":"Feature","geometry":{"type":"Point","coordinates":[23.929605,49.845796]},"properties":{"name":"Білогорща (90)","band":2,"modes":"bus","arr":["А34"],"off":[0,-0.8]}},{"type":"Feature","geometry":{"type":"Point","coordinates":[23.929605,49.845796]},"properties":{"name":"Білогорща (90-01)","band":2,"modes":"bus","arr":["А34"],"off":[0,-1.9]}},{"type":"Feature","geometry":{"type":"Point","coordinates":[23.929605,49.845796]},"properties":{"line":"А34","mode":"bus","color":"#0059a9","colorDark":"#00294f","band":2,"off":[0,1.1],"lbl":"34"}},{"type":"Feature","geometry":{"type":"Point","coordinates":[24.004318,49.870802]},"properties":{"name":"Під Голоском (669)","band":2,"modes":"bus","arr":["А37"],"off":[0,-0.8]}},{"type":"Feature","geometry":{"type":"Point","coordinates":[24.004318,49.870802]},"properties":{"name":"Під Голоском (668)","band":2,"modes":"bus","arr":["А37"],"off":[0,-1.9]}},{"type":"Feature","geometry":{"type":"Point","coordinates":[24.004318,49.870802]},"properties":{"line":"А37","mode":"bus","color":"#0059a9","colorDark":"#00294f","band":2,"off":[0,1.1],"lbl":"37"}},{"type":"Feature","geometry":{"type":"Point","coordinates":[24.039264,49.796593]},"properties":{"name":"Річка Зубра (743)","band":2,"modes":"bus","arr":["А37"],"off":[0,-0.8]}},{"type":"Feature","geometry":{"type":"Point","coordinates":[24.039264,49.796593]},"properties":{"line":"А37","mode":"bus","color":"#0059a9","colorDark":"#00294f","band":2,"off":[0,1.1],"lbl":"37"}},{"type":"Feature","geometry":{"type":"Point","coordinates":[24.044579,49.794642]},"properties":{"name":"Хоткевича (310)","band":2,"modes":"bus","arr":["А37"],"off":[0,-0.8]}},{"type":"Feature","geometry":{"type":"Point","coordinates":[24.044579,49.794642]},"properties":{"line":"А37","mode":"bus","color":"#0059a9","colorDark":"#00294f","band":2,"off":[0,1.1],"lbl":"37"}},{"type":"Feature","geometry":{"type":"Point","coordinates":[24.049856,49.873163]},"properties":{"name":"Грінченка (639)","band":2,"modes":"bus","arr":["А39"],"off":[0,-0.8]}},{"type":"Feature","geometry":{"type":"Point","coordinates":[24.049856,49.873163]},"properties":{"line":"А39","mode":"bus","color":"#0059a9","colorDark":"#00294f","band":2,"off":[0,1.1],"lbl":"39"}},{"type":"Feature","geometry":{"type":"Point","coordinates":[24.14394,49.817351]},"properties":{"name":"Винники, Галицька (1005)","band":2,"modes":"bus","arr":["А40"],"off":[0,-0.8]}},{"type":"Feature","geometry":{"type":"Point","coordinates":[24.14394,49.817351]},"properties":{"line":"А40","mode":"bus","color":"#0059a9","colorDark":"#00294f","band":2,"off":[0,1.1],"lbl":"40"}},{"type":"Feature","geometry":{"type":"Point","coordinates":[24.146451,49.82199]},"properties":{"name":"Винники, Лисика (1016)","band":2,"modes":"bus","arr":["А40"],"off":[0,-0.8]}},{"type":"Feature","geometry":{"type":"Point","coordinates":[24.146451,49.82199]},"properties":{"line":"А40","mode":"bus","color":"#0059a9","colorDark":"#00294f","band":2,"off":[0,1.1],"lbl":"40"}},{"type":"Feature","geometry":{"type":"Point","coordinates":[24.050569,49.816599]},"properties":{"name":"Дунайська (368)","band":2,"modes":"bus","arr":["А43"],"off":[0,-0.8]}},{"type":"Feature","geometry":{"type":"Point","coordinates":[24.050569,49.816599]},"properties":{"line":"А43","mode":"bus","color":"#0059a9","colorDark":"#00294f","band":2,"off":[0,1.1],"lbl":"43"}},{"type":"Feature","geometry":{"type":"Point","coordinates":[24.050901,49.814119]},"properties":{"name":"Лікарня Святого Луки (367)","band":2,"modes":"bus","arr":["А43"],"off":[0,-0.8]}},{"type":"Feature","geometry":{"type":"Point","coordinates":[24.050901,49.814119]},"properties":{"line":"А43","mode":"bus","color":"#0059a9","colorDark":"#00294f","band":2,"off":[0,1.1],"lbl":"43"}},{"type":"Feature","geometry":{"type":"Point","coordinates":[23.980018,49.805984]},"properties":{"name":"Вікторія Гарденс (866)","band":2,"modes":"bus","arr":["А45","А51"],"off":[0,-0.8]}},{"type":"Feature","geometry":{"type":"Point","coordinates":[23.980018,49.805984]},"properties":{"name":"Вікторія Гарденс (547)","band":2,"modes":"bus","arr":["А45","А51"],"off":[0,-3]}},{"type":"Feature","geometry":{"type":"Point","coordinates":[23.980018,49.805984]},"properties":{"line":"А45","mode":"bus","color":"#0059a9","colorDark":"#00294f","band":2,"off":[-1.7,1.1],"lbl":"45"}},{"type":"Feature","geometry":{"type":"Point","coordinates":[23.980018,49.805984]},"properties":{"line":"А51","mode":"bus","color":"#0059a9","colorDark":"#00294f","band":2,"off":[1.7,1.1],"lbl":"51"}},{"type":"Feature","geometry":{"type":"Point","coordinates":[24.040966,49.846171]},"properties":{"name":"Княжа (853)","band":2,"modes":"bus","arr":["А45"],"off":[0,-0.8]}},{"type":"Feature","geometry":{"type":"Point","coordinates":[24.040966,49.846171]},"properties":{"line":"А45","mode":"bus","color":"#0059a9","colorDark":"#00294f","band":2,"off":[0,1.1],"lbl":"45"}},{"type":"Feature","geometry":{"type":"Point","coordinates":[24.044035,49.844166]},"properties":{"name":"Барвінських (854)","band":2,"modes":"bus","arr":["А45"],"off":[0,-0.8]}},{"type":"Feature","geometry":{"type":"Point","coordinates":[24.044035,49.844166]},"properties":{"line":"А45","mode":"bus","color":"#0059a9","colorDark":"#00294f","band":2,"off":[0,1.1],"lbl":"45"}},{"type":"Feature","geometry":{"type":"Point","coordinates":[24.020694,49.887965]},"properties":{"name":"Голосківський цвинтар (819)","band":2,"modes":"bus","arr":["А46"],"off":[0,-0.8]}},{"type":"Feature","geometry":{"type":"Point","coordinates":[24.020694,49.887965]},"properties":{"name":"Голосківський цвинтар (295)","band":2,"modes":"bus","arr":["А46"],"off":[0,-3]}},{"type":"Feature","geometry":{"type":"Point","coordinates":[24.020694,49.887965]},"properties":{"line":"А46","mode":"bus","color":"#0059a9","colorDark":"#00294f","band":2,"off":[0,1.1],"lbl":"46"}},{"type":"Feature","geometry":{"type":"Point","coordinates":[23.860681,49.842654]},"properties":{"name":"Рудно, Семінарія (1130)","band":2,"modes":"bus","arr":["А52","А84"],"off":[0,-0.8]}},{"type":"Feature","geometry":{"type":"Point","coordinates":[23.860681,49.842654]},"properties":{"name":"Рудно, Семінарія (1129)","band":2,"modes":"bus","arr":["А52","А84"],"off":[0,-3]}},{"type":"Feature","geometry":{"type":"Point","coordinates":[23.860681,49.842654]},"properties":{"line":"А52","mode":"bus","color":"#0059a9","colorDark":"#00294f","band":2,"off":[-1.7,1.1],"lbl":"52"}},{"type":"Feature","geometry":{"type":"Point","coordinates":[23.860681,49.842654]},"properties":{"line":"А84","mode":"bus","color":"#0059a9","colorDark":"#00294f","band":2,"off":[1.7,1.1],"lbl":"84"}},{"type":"Feature","geometry":{"type":"Point","coordinates":[24.01822,49.900403]},"properties":{"name":"Збиранка.Центр (1441)","band":2,"modes":"bus","arr":["А55"],"off":[0,-0.8]}},{"type":"Feature","geometry":{"type":"Point","coordinates":[24.01822,49.900403]},"properties":{"name":"Збиранка, Центр (1442)","band":2,"modes":"bus","arr":["А55"],"off":[0,-3]}},{"type":"Feature","geometry":{"type":"Point","coordinates":[24.01822,49.900403]},"properties":{"line":"А55","mode":"bus","color":"#0059a9","colorDark":"#00294f","band":2,"off":[0,1.1],"lbl":"55"}},{"type":"Feature","geometry":{"type":"Point","coordinates":[24.086545,49.904557]},"properties":{"name":"Дубляни, Центр (1312)","band":2,"modes":"bus","arr":["А56"],"off":[0,-0.8]}},{"type":"Feature","geometry":{"type":"Point","coordinates":[24.086545,49.904557]},"properties":{"name":"Дубляни, Центр (1311)","band":2,"modes":"bus","arr":["А56"],"off":[0,-3]}},{"type":"Feature","geometry":{"type":"Point","coordinates":[24.086545,49.904557]},"properties":{"line":"А56","mode":"bus","color":"#0059a9","colorDark":"#00294f","band":2,"off":[0,1.1],"lbl":"56"}},{"type":"Feature","geometry":{"type":"Point","coordinates":[24.054254,49.911428]},"properties":{"name":"Великі Грибовичі, Садова (1172)","band":2,"modes":"bus","arr":["А80"],"off":[0,-0.8]}},{"type":"Feature","geometry":{"type":"Point","coordinates":[24.054254,49.911428]},"properties":{"line":"А80","mode":"bus","color":"#0059a9","colorDark":"#00294f","band":2,"off":[0,1.1],"lbl":"80"}},{"type":"Feature","geometry":{"type":"Point","coordinates":[24.021175,49.79368]},"properties":{"name":"Максимовича (417)","band":2,"modes":"bus","arr":["А57"],"off":[0,-0.8]}},{"type":"Feature","geometry":{"type":"Point","coordinates":[24.021175,49.79368]},"properties":{"line":"А57","mode":"bus","color":"#0059a9","colorDark":"#00294f","band":2,"off":[0,1.1],"lbl":"57"}},{"type":"Feature","geometry":{"type":"Point","coordinates":[24.021261,49.850524]},"properties":{"name":"Ветеранів (727)","band":2,"modes":"bus","arr":["А58","А59","А63"],"off":[0,-0.8]}},{"type":"Feature","geometry":{"type":"Point","coordinates":[24.021261,49.850524]},"properties":{"name":"Ветеранів (727-1)","band":2,"modes":"bus","arr":["А58","А59","А63"],"off":[0,-1.9]}},{"type":"Feature","geometry":{"type":"Point","coordinates":[24.021261,49.850524]},"properties":{"line":"А58","mode":"bus","color":"#0059a9","colorDark":"#00294f","band":2,"off":[-3.4,1.1],"lbl":"58"}},{"type":"Feature","geometry":{"type":"Point","coordinates":[24.021261,49.850524]},"properties":{"line":"А59","mode":"bus","color":"#0059a9","colorDark":"#00294f","band":2,"off":[0,1.1],"lbl":"59"}},{"type":"Feature","geometry":{"type":"Point","coordinates":[24.021261,49.850524]},"properties":{"line":"А63","mode":"bus","color":"#0059a9","colorDark":"#00294f","band":2,"off":[3.4,1.1],"lbl":"63"}},{"type":"Feature","geometry":{"type":"Point","coordinates":[23.966047,49.945658]},"properties":{"name":"Завадів, Народний дім (1258)","band":2,"modes":"bus","arr":["А58"],"off":[0,-0.8]}},{"type":"Feature","geometry":{"type":"Point","coordinates":[23.966047,49.945658]},"properties":{"name":"Завадів, Народний дім (1257)","band":2,"modes":"bus","arr":["А58"],"off":[0,-3]}},{"type":"Feature","geometry":{"type":"Point","coordinates":[23.966047,49.945658]},"properties":{"line":"А58","mode":"bus","color":"#0059a9","colorDark":"#00294f","band":2,"off":[0,1.1],"lbl":"58"}},{"type":"Feature","geometry":{"type":"Point","coordinates":[23.989323,49.972844]},"properties":{"name":"Зарудці, Біля Озимка (1273)","band":2,"modes":"bus","arr":["А59"],"off":[0,-0.8]}},{"type":"Feature","geometry":{"type":"Point","coordinates":[23.989323,49.972844]},"properties":{"line":"А59","mode":"bus","color":"#0059a9","colorDark":"#00294f","band":2,"off":[0,1.1],"lbl":"59"}},{"type":"Feature","geometry":{"type":"Point","coordinates":[23.974553,49.971672]},"properties":{"name":"Зарудці, Церква (1276)","band":2,"modes":"bus","arr":["А59"],"off":[0,-0.8]}},{"type":"Feature","geometry":{"type":"Point","coordinates":[23.974553,49.971672]},"properties":{"line":"А59","mode":"bus","color":"#0059a9","colorDark":"#00294f","band":2,"off":[0,1.1],"lbl":"59"}},{"type":"Feature","geometry":{"type":"Point","coordinates":[24.121653,49.926138]},"properties":{"name":"Ситихів, Народний дім (1352)","band":2,"modes":"bus","arr":["А60"],"off":[0,-0.8]}},{"type":"Feature","geometry":{"type":"Point","coordinates":[24.121653,49.926138]},"properties":{"name":"Ситихів, Народний дім (1351)","band":2,"modes":"bus","arr":["А60"],"off":[0,-3]}},{"type":"Feature","geometry":{"type":"Point","coordinates":[24.121653,49.926138]},"properties":{"line":"А60","mode":"bus","color":"#0059a9","colorDark":"#00294f","band":2,"off":[0,1.1],"lbl":"60"}},{"type":"Feature","geometry":{"type":"Point","coordinates":[23.87362,49.875997]},"properties":{"name":"Підрясне, Смерекова (1424)","band":2,"modes":"bus","arr":["А61"],"off":[0,-0.8]}},{"type":"Feature","geometry":{"type":"Point","coordinates":[23.87362,49.875997]},"properties":{"name":"Підрясне, М10 (1423)","band":2,"modes":"bus","arr":["А61"],"off":[0,-3]}},{"type":"Feature","geometry":{"type":"Point","coordinates":[23.87362,49.875997]},"properties":{"line":"А61","mode":"bus","color":"#0059a9","colorDark":"#00294f","band":2,"off":[0,1.1],"lbl":"61"}},{"type":"Feature","geometry":{"type":"Point","coordinates":[24.160181,49.844166]},"properties":{"name":"Підбірці, Народний дім (1390)","band":2,"modes":"bus","arr":["А61"],"off":[0,-0.8]}},{"type":"Feature","geometry":{"type":"Point","coordinates":[24.160181,49.844166]},"properties":{"name":"Підбірці, Народний дім (1389)","band":2,"modes":"bus","arr":["А61"],"off":[0,-3]}},{"type":"Feature","geometry":{"type":"Point","coordinates":[24.160181,49.844166]},"properties":{"line":"А61","mode":"bus","color":"#0059a9","colorDark":"#00294f","band":2,"off":[0,1.1],"lbl":"61"}},{"type":"Feature","geometry":{"type":"Point","coordinates":[24.012729,49.918245]},"properties":{"name":"Малі Грибовичі, Центр (1294)","band":2,"modes":"bus","arr":["А62"],"off":[0,-0.8]}},{"type":"Feature","geometry":{"type":"Point","coordinates":[24.012729,49.918245]},"properties":{"name":"Малі Грибовичі, Центр (1293)","band":2,"modes":"bus","arr":["А62"],"off":[0,-3]}},{"type":"Feature","geometry":{"type":"Point","coordinates":[24.012729,49.918245]},"properties":{"line":"А62","mode":"bus","color":"#0059a9","colorDark":"#00294f","band":2,"off":[0,1.1],"lbl":"62"}},{"type":"Feature","geometry":{"type":"Point","coordinates":[23.989149,49.927533]},"properties":{"name":"Воля Гамулецька, Церква (1324)","band":2,"modes":"bus","arr":["А63"],"off":[0,-0.8]}},{"type":"Feature","geometry":{"type":"Point","coordinates":[23.989149,49.927533]},"properties":{"name":"Воля Гамулецька, Центр (1326)","band":2,"modes":"bus","arr":["А63"],"off":[0,-3]}},{"type":"Feature","geometry":{"type":"Point","coordinates":[23.989149,49.927533]},"properties":{"line":"А63","mode":"bus","color":"#0059a9","colorDark":"#00294f","band":2,"off":[0,1.1],"lbl":"63"}},{"type":"Feature","geometry":{"type":"Point","coordinates":[24.024017,49.844078]},"properties":{"name":"Магнус (82)","band":2,"modes":"bus","arr":["А67"],"off":[0,-0.8]}},{"type":"Feature","geometry":{"type":"Point","coordinates":[24.024017,49.844078]},"properties":{"line":"А67","mode":"bus","color":"#0059a9","colorDark":"#00294f","band":2,"off":[0,1.1],"lbl":"67"}},{"type":"Feature","geometry":{"type":"Point","coordinates":[23.925844,49.913711]},"properties":{"name":"Брюховичі, Центр святого Миколая (1080)","band":2,"modes":"bus","arr":["А67"],"off":[0,-0.8]}},{"type":"Feature","geometry":{"type":"Point","coordinates":[23.925844,49.913711]},"properties":{"name":"Брюховичі, Центр святого Миколая (1079)","band":2,"modes":"bus","arr":["А67"],"off":[0,-4.1]}},{"type":"Feature","geometry":{"type":"Point","coordinates":[23.925844,49.913711]},"properties":{"line":"А67","mode":"bus","color":"#0059a9","colorDark":"#00294f","band":2,"off":[0,1.1],"lbl":"67"}},{"type":"Feature","geometry":{"type":"Point","coordinates":[24.059459,49.911034]},"properties":{"name":"Великі Грибовичі, Шкільна (1168)","band":2,"modes":"bus","arr":["А80"],"off":[0,-0.8]}},{"type":"Feature","geometry":{"type":"Point","coordinates":[24.059459,49.911034]},"properties":{"line":"А80","mode":"bus","color":"#0059a9","colorDark":"#00294f","band":2,"off":[0,1.1],"lbl":"80"}},{"type":"Feature","geometry":{"type":"Point","coordinates":[24.0615,49.842397]},"properties":{"name":"Музей народної архітектури (857)","band":2,"modes":"bus","arr":["А99"],"off":[0,-0.8]}},{"type":"Feature","geometry":{"type":"Point","coordinates":[24.0615,49.842397]},"properties":{"name":"Музей народної архітектури (856)","band":2,"modes":"bus","arr":["А99"],"off":[0,-3]}},{"type":"Feature","geometry":{"type":"Point","coordinates":[24.0615,49.842397]},"properties":{"line":"А99","mode":"bus","color":"#0059a9","colorDark":"#00294f","band":2,"off":[0,1.1],"lbl":"99"}},{"type":"Feature","geometry":{"type":"Point","coordinates":[24.005467,49.836895]},"properties":{"name":"Площа Кропивницького (79)","band":2,"modes":"bus","arr":["Тр38"],"off":[0,-0.8]}},{"type":"Feature","geometry":{"type":"Point","coordinates":[24.005467,49.836895]},"properties":{"name":"Площа Кропивницького (46)","band":2,"modes":"bus","arr":["Тр38"],"off":[0,-3]}},{"type":"Feature","geometry":{"type":"Point","coordinates":[24.005467,49.836895]},"properties":{"line":"Тр38","mode":"bus","color":"#149a3f","colorDark":"#0a5121","band":2,"off":[0,1.1],"lbl":"38"}},{"type":"Feature","geometry":{"type":"Point","coordinates":[24.096872,49.782899]},"properties":{"name":"Центр легеневого здоров’я (390)","band":2,"modes":"bus","arr":["Тр31"],"off":[0,-0.8]}},{"type":"Feature","geometry":{"type":"Point","coordinates":[24.096872,49.782899]},"properties":{"name":"Центр легеневого здоров’я (353)","band":2,"modes":"bus","arr":["Тр31"],"off":[0,-3]}},{"type":"Feature","geometry":{"type":"Point","coordinates":[24.096872,49.782899]},"properties":{"line":"Тр31","mode":"bus","color":"#149a3f","colorDark":"#0a5121","band":2,"off":[0,1.1],"lbl":"31"}},{"type":"Feature","geometry":{"type":"Point","coordinates":[24.044929,49.80165]},"properties":{"name":"Хуторівка (427)","band":2,"modes":"bus","arr":["Тр38"],"off":[0,-0.8]}},{"type":"Feature","geometry":{"type":"Point","coordinates":[24.044929,49.80165]},"properties":{"name":"Хуторівка (427-1)","band":2,"modes":"bus","arr":["Тр38"],"off":[0,-1.9]}},{"type":"Feature","geometry":{"type":"Point","coordinates":[24.044929,49.80165]},"properties":{"line":"Тр38","mode":"bus","color":"#149a3f","colorDark":"#0a5121","band":2,"off":[0,1.1],"lbl":"38"}},{"type":"Feature","geometry":{"type":"Point","coordinates":[24.056533,49.829149]},"properties":{"name":"Погулянка (197)","band":2,"modes":"tram","arr":["Т01","Т07"],"off":[0,-0.8]}},{"type":"Feature","geometry":{"type":"Point","coordinates":[24.056533,49.829149]},"properties":{"name":"Погулянка (197-01)","band":2,"modes":"tram","arr":["Т01","Т07"],"off":[0,-1.9]}},{"type":"Feature","geometry":{"type":"Point","coordinates":[24.056533,49.829149]},"properties":{"line":"Т01","mode":"tram","color":"#556B2F","colorDark":"#2f3b1a","band":2,"off":[-1.7,1.1],"lbl":"1"}},{"type":"Feature","geometry":{"type":"Point","coordinates":[24.056533,49.829149]},"properties":{"line":"Т07","mode":"tram","color":"#556B2F","colorDark":"#2f3b1a","band":2,"off":[1.7,1.1],"lbl":"7"}},{"type":"Feature","geometry":{"type":"Point","coordinates":[23.993049,49.824301]},"properties":{"name":"Коновальця, музей Труша (504)","band":2,"modes":"tram","arr":["Т02"],"off":[0,-0.8]}},{"type":"Feature","geometry":{"type":"Point","coordinates":[23.993049,49.824301]},"properties":{"name":"Коновальця (677)","band":2,"modes":"tram","arr":["Т02"],"off":[0,-3]}},{"type":"Feature","geometry":{"type":"Point","coordinates":[23.993049,49.824301]},"properties":{"line":"Т02","mode":"tram","color":"#556B2F","colorDark":"#2f3b1a","band":2,"off":[0,1.1],"lbl":"2"}},{"type":"Feature","geometry":{"type":"Point","coordinates":[24.067965,49.835564]},"properties":{"name":"Пасічна (286)","band":2,"modes":"tram","arr":["Т02"],"off":[0,-0.8]}},{"type":"Feature","geometry":{"type":"Point","coordinates":[24.067965,49.835564]},"properties":{"name":"Пасічна (286-1)","band":2,"modes":"tram","arr":["Т02"],"off":[0,-1.9]}},{"type":"Feature","geometry":{"type":"Point","coordinates":[24.067965,49.835564]},"properties":{"line":"Т02","mode":"tram","color":"#556B2F","colorDark":"#2f3b1a","band":2,"off":[0,1.1],"lbl":"2"}},{"type":"Feature","geometry":{"type":"Point","coordinates":[23.99893,49.807151]},"properties":{"name":"Аквапарк-висадка (519-01)","band":2,"modes":"tram","arr":["Т03"],"off":[0,-0.8]}},{"type":"Feature","geometry":{"type":"Point","coordinates":[23.99893,49.807151]},"properties":{"name":"Аквапарк (519)","band":2,"modes":"tram","arr":["Т03"],"off":[0,-3]}},{"type":"Feature","geometry":{"type":"Point","coordinates":[23.99893,49.807151]},"properties":{"line":"Т03","mode":"tram","color":"#FFFFFF","colorDark":"#8c8c8c","band":2,"off":[0,1.1],"lbl":"3"}},{"type":"Feature","geometry":{"type":"Point","coordinates":[24.059227,49.782462]},"properties":{"name":"Вернадського (785)","band":2,"modes":"tram","arr":["Т04","Т08"],"off":[0,-0.8]}},{"type":"Feature","geometry":{"type":"Point","coordinates":[24.059227,49.782462]},"properties":{"name":"Вернадського (784)","band":2,"modes":"tram","arr":["Т04","Т08"],"off":[0,-1.9]}},{"type":"Feature","geometry":{"type":"Point","coordinates":[24.059227,49.782462]},"properties":{"line":"Т04","mode":"tram","color":"#556B2F","colorDark":"#2f3b1a","band":2,"off":[-1.7,1.1],"lbl":"4"}},{"type":"Feature","geometry":{"type":"Point","coordinates":[24.059227,49.782462]},"properties":{"line":"Т08","mode":"tram","color":"#FFFFFF","colorDark":"#8c8c8c","band":2,"off":[1.7,1.1],"lbl":"8"}},{"type":"Feature","geometry":{"type":"Point","coordinates":[24.044374,49.866205]},"properties":{"name":"Миколайчука (661)","band":2,"modes":"tram","arr":["Т06"],"off":[0,-0.8]}},{"type":"Feature","geometry":{"type":"Point","coordinates":[24.044374,49.866205]},"properties":{"name":"Миколайчука (661-01)","band":2,"modes":"tram","arr":["Т06"],"off":[0,-1.9]}},{"type":"Feature","geometry":{"type":"Point","coordinates":[24.044374,49.866205]},"properties":{"line":"Т06","mode":"tram","color":"#FFFFFF","colorDark":"#8c8c8c","band":2,"off":[0,1.1],"lbl":"6"}},{"type":"Feature","geometry":{"type":"Point","coordinates":[23.986928,49.853705]},"properties":{"name":"Отця Омеляна Ковча-висадка (703-1)","band":2,"modes":"tram","arr":["Т07"],"off":[0,-0.8]}},{"type":"Feature","geometry":{"type":"Point","coordinates":[23.986928,49.853705]},"properties":{"name":"Отця Омеляна Ковча (703)","band":2,"modes":"tram","arr":["Т07"],"off":[0,-3]}},{"type":"Feature","geometry":{"type":"Point","coordinates":[23.986928,49.853705]},"properties":{"line":"Т07","mode":"tram","color":"#556B2F","colorDark":"#2f3b1a","band":2,"off":[0,1.1],"lbl":"7"}},{"type":"Feature","geometry":{"type":"Point","coordinates":[24.026723,49.86136]},"properties":{"name":"Торф’яна (704)","band":2,"modes":"tram","arr":["Т09"],"off":[0,-0.8]}},{"type":"Feature","geometry":{"type":"Point","coordinates":[24.026723,49.86136]},"properties":{"name":"Торф'яна (704-01)","band":2,"modes":"tram","arr":["Т09"],"off":[0,-1.9]}},{"type":"Feature","geometry":{"type":"Point","coordinates":[24.026723,49.86136]},"properties":{"line":"Т09","mode":"tram","color":"#556B2F","colorDark":"#2f3b1a","band":2,"off":[0,1.1],"lbl":"9"}},{"type":"Feature","geometry":{"type":"Point","coordinates":[24.09285,49.904262]},"properties":{"name":"Дубляни, Школа (1313)","band":3,"modes":"bus","arr":["А01"],"off":[0,-0.8]}},{"type":"Feature","geometry":{"type":"Point","coordinates":[24.09285,49.904262]},"properties":{"name":"Дубляни, Школа (1300)","band":3,"modes":"bus","arr":["А01"],"off":[0,-3]}},{"type":"Feature","geometry":{"type":"Point","coordinates":[24.09285,49.904262]},"properties":{"line":"А01","mode":"bus","color":"#0059a9","colorDark":"#00294f","band":3,"off":[0,1.1],"lbl":"1"}},{"type":"Feature","geometry":{"type":"Point","coordinates":[24.056856,49.869418]},"properties":{"name":"Скейт-парк (738)","band":3,"modes":"bus","arr":["А12"],"off":[0,-0.8]}},{"type":"Feature","geometry":{"type":"Point","coordinates":[24.056856,49.869418]},"properties":{"line":"А12","mode":"bus","color":"#0059a9","colorDark":"#00294f","band":3,"off":[0,1.1],"lbl":"12"}},{"type":"Feature","geometry":{"type":"Point","coordinates":[24.050672,49.865109]},"properties":{"name":"Автостанція №2 (601)","band":3,"modes":"bus","arr":["А12"],"off":[0,-0.8]}},{"type":"Feature","geometry":{"type":"Point","coordinates":[24.050672,49.865109]},"properties":{"line":"А12","mode":"bus","color":"#0059a9","colorDark":"#00294f","band":3,"off":[0,1.1],"lbl":"12"}},{"type":"Feature","geometry":{"type":"Point","coordinates":[24.025559,49.845536]},"properties":{"name":"Проспект Чорновола (705)","band":3,"modes":"bus","arr":["А03","А05","А55","А57","А60","А80"],"off":[0,-0.8]}},{"type":"Feature","geometry":{"type":"Point","coordinates":[24.025559,49.845536]},"properties":{"name":"Площа Різні (62)","band":3,"modes":"bus","arr":["А03","А05","А55","А57","А60","А80"],"off":[0,-3]}},{"type":"Feature","geometry":{"type":"Point","coordinates":[24.025559,49.845536]},"properties":{"line":"А03","mode":"bus","color":"#0059a9","colorDark":"#00294f","band":3,"off":[-6.8,1.1],"lbl":"3"}},{"type":"Feature","geometry":{"type":"Point","coordinates":[24.025559,49.845536]},"properties":{"line":"А05","mode":"bus","color":"#0059a9","colorDark":"#00294f","band":3,"off":[-3.4,1.1],"lbl":"5"}},{"type":"Feature","geometry":{"type":"Point","coordinates":[24.025559,49.845536]},"properties":{"line":"А55","mode":"bus","color":"#0059a9","colorDark":"#00294f","band":3,"off":[0,1.1],"lbl":"55"}},{"type":"Feature","geometry":{"type":"Point","coordinates":[24.025559,49.845536]},"properties":{"line":"А57","mode":"bus","color":"#0059a9","colorDark":"#00294f","band":3,"off":[3.4,1.1],"lbl":"57"}},{"type":"Feature","geometry":{"type":"Point","coordinates":[24.025559,49.845536]},"properties":{"line":"А60","mode":"bus","color":"#0059a9","colorDark":"#00294f","band":3,"off":[6.8,1.1],"lbl":"60"}},{"type":"Feature","geometry":{"type":"Point","coordinates":[24.025559,49.845536]},"properties":{"line":"А80","mode":"bus","color":"#0059a9","colorDark":"#00294f","band":3,"off":[0,3.1],"lbl":"80"}},{"type":"Feature","geometry":{"type":"Point","coordinates":[24.028267,49.840049]},"properties":{"name":"Проспект Свободи (67)","band":3,"modes":"bus","arr":["А01","А06"],"off":[0,-0.8]}},{"type":"Feature","geometry":{"type":"Point","coordinates":[24.028267,49.840049]},"properties":{"line":"А01","mode":"bus","color":"#0059a9","colorDark":"#00294f","band":3,"off":[-1.7,1.1],"lbl":"1"}},{"type":"Feature","geometry":{"type":"Point","coordinates":[24.028267,49.840049]},"properties":{"line":"А06","mode":"bus","color":"#0059a9","colorDark":"#00294f","band":3,"off":[1.7,1.1],"lbl":"6"}},{"type":"Feature","geometry":{"type":"Point","coordinates":[24.032807,49.839312]},"properties":{"name":"Площа Галицька (10)","band":3,"modes":"bus","arr":["А01","А06","А39а","А99"],"off":[0,-0.8]}},{"type":"Feature","geometry":{"type":"Point","coordinates":[24.032807,49.839312]},"properties":{"line":"А01","mode":"bus","color":"#0059a9","colorDark":"#00294f","band":3,"off":[-5.1,1.1],"lbl":"1"}},{"type":"Feature","geometry":{"type":"Point","coordinates":[24.032807,49.839312]},"properties":{"line":"А06","mode":"bus","color":"#0059a9","colorDark":"#00294f","band":3,"off":[-1.7,1.1],"lbl":"6"}},{"type":"Feature","geometry":{"type":"Point","coordinates":[24.032807,49.839312]},"properties":{"line":"А39а","mode":"bus","color":"#0059a9","colorDark":"#00294f","band":3,"off":[1.7,1.1],"lbl":"39а"}},{"type":"Feature","geometry":{"type":"Point","coordinates":[24.032807,49.839312]},"properties":{"line":"А99","mode":"bus","color":"#0059a9","colorDark":"#00294f","band":3,"off":[5.1,1.1],"lbl":"99"}},{"type":"Feature","geometry":{"type":"Point","coordinates":[24.027706,49.844814]},"properties":{"name":"Театральна (40)","band":3,"modes":"bus","arr":["А03","А05","А57"],"off":[0,-0.8]}},{"type":"Feature","geometry":{"type":"Point","coordinates":[24.027706,49.844814]},"properties":{"line":"А03","mode":"bus","color":"#0059a9","colorDark":"#00294f","band":3,"off":[-3.4,1.1],"lbl":"3"}},{"type":"Feature","geometry":{"type":"Point","coordinates":[24.027706,49.844814]},"properties":{"line":"А05","mode":"bus","color":"#0059a9","colorDark":"#00294f","band":3,"off":[0,1.1],"lbl":"5"}},{"type":"Feature","geometry":{"type":"Point","coordinates":[24.027706,49.844814]},"properties":{"line":"А57","mode":"bus","color":"#0059a9","colorDark":"#00294f","band":3,"off":[3.4,1.1],"lbl":"57"}},{"type":"Feature","geometry":{"type":"Point","coordinates":[24.056217,49.868663]},"properties":{"name":"Скейт-парк (589)","band":3,"modes":"bus","arr":["А34"],"off":[0,-0.8]}},{"type":"Feature","geometry":{"type":"Point","coordinates":[24.056217,49.868663]},"properties":{"line":"А34","mode":"bus","color":"#0059a9","colorDark":"#00294f","band":3,"off":[0,1.1],"lbl":"34"}},{"type":"Feature","geometry":{"type":"Point","coordinates":[24.060112,49.873229]},"properties":{"name":"Галицьке перехрестя (595)","band":3,"modes":"bus","arr":["А31","А41","А48","А51","А53"],"off":[0,-0.8]}},{"type":"Feature","geometry":{"type":"Point","coordinates":[24.060112,49.873229]},"properties":{"line":"А31","mode":"bus","color":"#0059a9","colorDark":"#00294f","band":3,"off":[-6.8,1.1],"lbl":"31"}},{"type":"Feature","geometry":{"type":"Point","coordinates":[24.060112,49.873229]},"properties":{"line":"А41","mode":"bus","color":"#0059a9","colorDark":"#00294f","band":3,"off":[-3.4,1.1],"lbl":"41"}},{"type":"Feature","geometry":{"type":"Point","coordinates":[24.060112,49.873229]},"properties":{"line":"А48","mode":"bus","color":"#0059a9","colorDark":"#00294f","band":3,"off":[0,1.1],"lbl":"48"}},{"type":"Feature","geometry":{"type":"Point","coordinates":[24.060112,49.873229]},"properties":{"line":"А51","mode":"bus","color":"#0059a9","colorDark":"#00294f","band":3,"off":[3.4,1.1],"lbl":"51"}},{"type":"Feature","geometry":{"type":"Point","coordinates":[24.060112,49.873229]},"properties":{"line":"А53","mode":"bus","color":"#0059a9","colorDark":"#00294f","band":3,"off":[6.8,1.1],"lbl":"53"}},{"type":"Feature","geometry":{"type":"Point","coordinates":[24.012652,49.774182]},"properties":{"name":"ТРЦ Кінг Кросс (320)","band":3,"modes":"bus","arr":["А03","А10","А25","А40"],"off":[0,-0.8]}},{"type":"Feature","geometry":{"type":"Point","coordinates":[24.012652,49.774182]},"properties":{"name":"ТРЦ Кінг Кросс (320-01)","band":3,"modes":"bus","arr":["А03","А10","А25","А40"],"off":[0,-3]}},{"type":"Feature","geometry":{"type":"Point","coordinates":[24.012652,49.774182]},"properties":{"line":"А03","mode":"bus","color":"#0059a9","colorDark":"#00294f","band":3,"off":[-5.1,1.1],"lbl":"3"}},{"type":"Feature","geometry":{"type":"Point","coordinates":[24.012652,49.774182]},"properties":{"line":"А10","mode":"bus","color":"#0059a9","colorDark":"#00294f","band":3,"off":[-1.7,1.1],"lbl":"10"}},{"type":"Feature","geometry":{"type":"Point","coordinates":[24.012652,49.774182]},"properties":{"line":"А25","mode":"bus","color":"#0059a9","colorDark":"#00294f","band":3,"off":[1.7,1.1],"lbl":"25"}},{"type":"Feature","geometry":{"type":"Point","coordinates":[24.012652,49.774182]},"properties":{"line":"А40","mode":"bus","color":"#0059a9","colorDark":"#00294f","band":3,"off":[5.1,1.1],"lbl":"40"}},{"type":"Feature","geometry":{"type":"Point","coordinates":[24.017415,49.787423]},"properties":{"name":"Автовокзал (433)","band":3,"modes":"bus","arr":["А09","Тр22","Тр23","Тр25"],"off":[0,-0.8]}},{"type":"Feature","geometry":{"type":"Point","coordinates":[24.017415,49.787423]},"properties":{"name":"Автовокзал (433-01)","band":3,"modes":"bus","arr":["А09","Тр22","Тр23","Тр25"],"off":[0,-1.9]}},{"type":"Feature","geometry":{"type":"Point","coordinates":[24.017415,49.787423]},"properties":{"line":"А09","mode":"bus","color":"#0059a9","colorDark":"#00294f","band":3,"off":[-5.1,1.1],"lbl":"9"}},{"type":"Feature","geometry":{"type":"Point","coordinates":[24.017415,49.787423]},"properties":{"line":"Тр22","mode":"bus","color":"#149a3f","colorDark":"#0a5121","band":3,"off":[-1.7,1.1],"lbl":"22"}},{"type":"Feature","geometry":{"type":"Point","coordinates":[24.017415,49.787423]},"properties":{"line":"Тр23","mode":"bus","color":"#149a3f","colorDark":"#0a5121","band":3,"off":[1.7,1.1],"lbl":"23"}},{"type":"Feature","geometry":{"type":"Point","coordinates":[24.017415,49.787423]},"properties":{"line":"Тр25","mode":"bus","color":"#149a3f","colorDark":"#0a5121","band":3,"off":[5.1,1.1],"lbl":"25"}},{"type":"Feature","geometry":{"type":"Point","coordinates":[24.035259,49.833607]},"properties":{"name":"Шота Руставелі (291)","band":3,"modes":"bus","arr":["Тр24","Тр25","Тр31"],"off":[0,-0.8]}},{"type":"Feature","geometry":{"type":"Point","coordinates":[24.035259,49.833607]},"properties":{"line":"Тр24","mode":"bus","color":"#149a3f","colorDark":"#0a5121","band":3,"off":[-3.4,1.1],"lbl":"24"}},{"type":"Feature","geometry":{"type":"Point","coordinates":[24.035259,49.833607]},"properties":{"line":"Тр25","mode":"bus","color":"#149a3f","colorDark":"#0a5121","band":3,"off":[0,1.1],"lbl":"25"}},{"type":"Feature","geometry":{"type":"Point","coordinates":[24.035259,49.833607]},"properties":{"line":"Тр31","mode":"bus","color":"#149a3f","colorDark":"#0a5121","band":3,"off":[3.4,1.1],"lbl":"31"}},{"type":"Feature","geometry":{"type":"Point","coordinates":[24.016905,49.797709]},"properties":{"name":"Скорини (560)","band":3,"modes":"bus","arr":["А57"],"off":[0,-0.8]}},{"type":"Feature","geometry":{"type":"Point","coordinates":[24.016905,49.797709]},"properties":{"line":"А57","mode":"bus","color":"#0059a9","colorDark":"#00294f","band":3,"off":[0,1.1],"lbl":"57"}},{"type":"Feature","geometry":{"type":"Point","coordinates":[24.015523,49.791433]},"properties":{"name":"Максимовича (562)","band":3,"modes":"bus","arr":["А09"],"off":[0,-0.8]}},{"type":"Feature","geometry":{"type":"Point","coordinates":[24.015523,49.791433]},"properties":{"line":"А09","mode":"bus","color":"#0059a9","colorDark":"#00294f","band":3,"off":[0,1.1],"lbl":"9"}},{"type":"Feature","geometry":{"type":"Point","coordinates":[24.121033,49.80576]},"properties":{"name":"Винники, Джерельна (1033)","band":3,"modes":"bus","arr":["А05"],"off":[0,-0.8]}},{"type":"Feature","geometry":{"type":"Point","coordinates":[24.121033,49.80576]},"properties":{"line":"А05","mode":"bus","color":"#0059a9","colorDark":"#00294f","band":3,"off":[0,1.1],"lbl":"5"}},{"type":"Feature","geometry":{"type":"Point","coordinates":[24.120149,49.809051]},"properties":{"name":"Винники, Забава (1001)","band":3,"modes":"bus","arr":["А05"],"off":[0,-0.8]}},{"type":"Feature","geometry":{"type":"Point","coordinates":[24.120149,49.809051]},"properties":{"line":"А05","mode":"bus","color":"#0059a9","colorDark":"#00294f","band":3,"off":[0,1.1],"lbl":"5"}},{"type":"Feature","geometry":{"type":"Point","coordinates":[24.071008,49.835923]},"properties":{"name":"Автостанція №6 (256)","band":3,"modes":"bus","arr":["А27"],"off":[0,-0.8]}},{"type":"Feature","geometry":{"type":"Point","coordinates":[24.071008,49.835923]},"properties":{"line":"А27","mode":"bus","color":"#0059a9","colorDark":"#00294f","band":3,"off":[0,1.1],"lbl":"27"}},{"type":"Feature","geometry":{"type":"Point","coordinates":[23.938185,49.875498]},"properties":{"name":"Рясне-2 (655)","band":3,"modes":"bus","arr":["А06","А11","А12","А47","А49"],"off":[0,-0.8]}},{"type":"Feature","geometry":{"type":"Point","coordinates":[23.938185,49.875498]},"properties":{"name":"Рясне-2 (655-1)","band":3,"modes":"bus","arr":["А06","А11","А12","А47","А49"],"off":[0,-1.9]}},{"type":"Feature","geometry":{"type":"Point","coordinates":[23.938185,49.875498]},"properties":{"line":"А06","mode":"bus","color":"#0059a9","colorDark":"#00294f","band":3,"off":[-6.8,1.1],"lbl":"6"}},{"type":"Feature","geometry":{"type":"Point","coordinates":[23.938185,49.875498]},"properties":{"line":"А11","mode":"bus","color":"#0059a9","colorDark":"#00294f","band":3,"off":[-3.4,1.1],"lbl":"11"}},{"type":"Feature","geometry":{"type":"Point","coordinates":[23.938185,49.875498]},"properties":{"line":"А12","mode":"bus","color":"#0059a9","colorDark":"#00294f","band":3,"off":[0,1.1],"lbl":"12"}},{"type":"Feature","geometry":{"type":"Point","coordinates":[23.938185,49.875498]},"properties":{"line":"А47","mode":"bus","color":"#0059a9","colorDark":"#00294f","band":3,"off":[3.4,1.1],"lbl":"47"}},{"type":"Feature","geometry":{"type":"Point","coordinates":[23.938185,49.875498]},"properties":{"line":"А49","mode":"bus","color":"#0059a9","colorDark":"#00294f","band":3,"off":[6.8,1.1],"lbl":"49"}},{"type":"Feature","geometry":{"type":"Point","coordinates":[24.022188,49.843141]},"properties":{"name":"Наливайка (14)","band":3,"modes":"bus","arr":["А67"],"off":[0,-0.8]}},{"type":"Feature","geometry":{"type":"Point","coordinates":[24.022188,49.843141]},"properties":{"line":"А67","mode":"bus","color":"#0059a9","colorDark":"#00294f","band":3,"off":[0,1.1],"lbl":"67"}},{"type":"Feature","geometry":{"type":"Point","coordinates":[23.932543,49.875225]},"properties":{"name":"Величковського (657)","band":3,"modes":"bus","arr":["А11","А12","А47"],"off":[0,-0.8]}},{"type":"Feature","geometry":{"type":"Point","coordinates":[23.932543,49.875225]},"properties":{"line":"А11","mode":"bus","color":"#0059a9","colorDark":"#00294f","band":3,"off":[-3.4,1.1],"lbl":"11"}},{"type":"Feature","geometry":{"type":"Point","coordinates":[23.932543,49.875225]},"properties":{"line":"А12","mode":"bus","color":"#0059a9","colorDark":"#00294f","band":3,"off":[0,1.1],"lbl":"12"}},{"type":"Feature","geometry":{"type":"Point","coordinates":[23.932543,49.875225]},"properties":{"line":"А47","mode":"bus","color":"#0059a9","colorDark":"#00294f","band":3,"off":[3.4,1.1],"lbl":"47"}},{"type":"Feature","geometry":{"type":"Point","coordinates":[24.055372,49.870642]},"properties":{"name":"Чигиринська (576)","band":3,"modes":"bus","arr":["А07","А34"],"off":[0,-0.8]}},{"type":"Feature","geometry":{"type":"Point","coordinates":[24.055372,49.870642]},"properties":{"name":"Чигиринська (575)","band":3,"modes":"bus","arr":["А07","А34"],"off":[0,-1.9]}},{"type":"Feature","geometry":{"type":"Point","coordinates":[24.055372,49.870642]},"properties":{"line":"А07","mode":"bus","color":"#0059a9","colorDark":"#00294f","band":3,"off":[-1.7,1.1],"lbl":"7"}},{"type":"Feature","geometry":{"type":"Point","coordinates":[24.055372,49.870642]},"properties":{"line":"А34","mode":"bus","color":"#0059a9","colorDark":"#00294f","band":3,"off":[1.7,1.1],"lbl":"34"}},{"type":"Feature","geometry":{"type":"Point","coordinates":[24.052262,49.871996]},"properties":{"name":"Грінченка (574)","band":3,"modes":"bus","arr":["А39"],"off":[0,-0.8]}},{"type":"Feature","geometry":{"type":"Point","coordinates":[24.052262,49.871996]},"properties":{"line":"А39","mode":"bus","color":"#0059a9","colorDark":"#00294f","band":3,"off":[0,1.1],"lbl":"39"}},{"type":"Feature","geometry":{"type":"Point","coordinates":[24.016294,49.866405]},"properties":{"name":"Варшавська (612)","band":3,"modes":"bus","arr":["А52"],"off":[0,-0.8]}},{"type":"Feature","geometry":{"type":"Point","coordinates":[24.016294,49.866405]},"properties":{"line":"А52","mode":"bus","color":"#0059a9","colorDark":"#00294f","band":3,"off":[0,1.1],"lbl":"52"}},{"type":"Feature","geometry":{"type":"Point","coordinates":[23.999206,49.836339]},"properties":{"name":"Привокзальний ринок (110)","band":3,"modes":"bus","arr":["А15"],"off":[0,-0.8]}},{"type":"Feature","geometry":{"type":"Point","coordinates":[23.999206,49.836339]},"properties":{"line":"А15","mode":"bus","color":"#0059a9","colorDark":"#00294f","band":3,"off":[0,1.1],"lbl":"15"}},{"type":"Feature","geometry":{"type":"Point","coordinates":[24.059028,49.785648]},"properties":{"name":"Санта Барбара (459)","band":3,"modes":"bus","arr":["А07","А11","А32","А46","А47","А53","Тр24"],"off":[0,-0.8]}},{"type":"Feature","geometry":{"type":"Point","coordinates":[24.059028,49.785648]},"properties":{"name":"Санта Барбара (457)","band":3,"modes":"bus","arr":["А07","А11","А32","А46","А47","А53","Тр24"],"off":[0,-3]}},{"type":"Feature","geometry":{"type":"Point","coordinates":[24.059028,49.785648]},"properties":{"name":"Санта Барбара (457-1)","band":3,"modes":"bus","arr":["А07","А11","А32","А46","А47","А53","Тр24"],"off":[0,-5.2]}},{"type":"Feature","geometry":{"type":"Point","coordinates":[24.059028,49.785648]},"properties":{"line":"А07","mode":"bus","color":"#0059a9","colorDark":"#00294f","band":3,"off":[-6.8,1.1],"lbl":"7"}},{"type":"Feature","geometry":{"type":"Point","coordinates":[24.059028,49.785648]},"properties":{"line":"А11","mode":"bus","color":"#0059a9","colorDark":"#00294f","band":3,"off":[-3.4,1.1],"lbl":"11"}},{"type":"Feature","geometry":{"type":"Point","coordinates":[24.059028,49.785648]},"properties":{"line":"А32","mode":"bus","color":"#0059a9","colorDark":"#00294f","band":3,"off":[0,1.1],"lbl":"32"}},{"type":"Feature","geometry":{"type":"Point","coordinates":[24.059028,49.785648]},"properties":{"line":"А46","mode":"bus","color":"#0059a9","colorDark":"#00294f","band":3,"off":[3.4,1.1],"lbl":"46"}},{"type":"Feature","geometry":{"type":"Point","coordinates":[24.059028,49.785648]},"properties":{"line":"А47","mode":"bus","color":"#0059a9","colorDark":"#00294f","band":3,"off":[6.8,1.1],"lbl":"47"}},{"type":"Feature","geometry":{"type":"Point","coordinates":[24.059028,49.785648]},"properties":{"line":"А53","mode":"bus","color":"#0059a9","colorDark":"#00294f","band":3,"off":[-1.7,3.1],"lbl":"53"}},{"type":"Feature","geometry":{"type":"Point","coordinates":[24.059028,49.785648]},"properties":{"line":"Тр24","mode":"bus","color":"#149a3f","colorDark":"#0a5121","band":3,"off":[1.7,3.1],"lbl":"24"}},{"type":"Feature","geometry":{"type":"Point","coordinates":[24.051758,49.785728]},"properties":{"name":"Гориня (418)","band":3,"modes":"bus","arr":["А07"],"off":[0,-0.8]}},{"type":"Feature","geometry":{"type":"Point","coordinates":[24.051758,49.785728]},"properties":{"line":"А07","mode":"bus","color":"#0059a9","colorDark":"#00294f","band":3,"off":[0,1.1],"lbl":"7"}},{"type":"Feature","geometry":{"type":"Point","coordinates":[23.985575,49.80544]},"properties":{"name":"Симоненка (546)","band":3,"modes":"bus","arr":["А45"],"off":[0,-0.8]}},{"type":"Feature","geometry":{"type":"Point","coordinates":[23.985575,49.80544]},"properties":{"line":"А45","mode":"bus","color":"#0059a9","colorDark":"#00294f","band":3,"off":[0,1.1],"lbl":"45"}},{"type":"Feature","geometry":{"type":"Point","coordinates":[24.024993,49.846406]},"properties":{"name":"Зернова (26)","band":3,"modes":"bus","arr":["А08а","А22"],"off":[0,-0.8]}},{"type":"Feature","geometry":{"type":"Point","coordinates":[24.024993,49.846406]},"properties":{"line":"А08а","mode":"bus","color":"#0059a9","colorDark":"#00294f","band":3,"off":[-1.7,1.1],"lbl":"8а"}},{"type":"Feature","geometry":{"type":"Point","coordinates":[24.024993,49.846406]},"properties":{"line":"А22","mode":"bus","color":"#0059a9","colorDark":"#00294f","band":3,"off":[1.7,1.1],"lbl":"22"}},{"type":"Feature","geometry":{"type":"Point","coordinates":[23.929509,49.903683]},"properties":{"name":"Брюховичі, Ягідна (1054)","band":3,"modes":"bus","arr":["А08а"],"off":[0,-0.8]}},{"type":"Feature","geometry":{"type":"Point","coordinates":[23.929509,49.903683]},"properties":{"line":"А08а","mode":"bus","color":"#0059a9","colorDark":"#00294f","band":3,"off":[0,1.1],"lbl":"8а"}},{"type":"Feature","geometry":{"type":"Point","coordinates":[23.927625,49.905129]},"properties":{"name":"Брюховичі, Кардіологічна лікарня (1056)","band":3,"modes":"bus","arr":["А08а"],"off":[0,-0.8]}},{"type":"Feature","geometry":{"type":"Point","coordinates":[23.927625,49.905129]},"properties":{"line":"А08а","mode":"bus","color":"#0059a9","colorDark":"#00294f","band":3,"off":[0,1.1],"lbl":"8а"}},{"type":"Feature","geometry":{"type":"Point","coordinates":[24.024366,49.848918]},"properties":{"name":"Куліша (54)","band":3,"modes":"bus","arr":["А08а","А22"],"off":[0,-0.8]}},{"type":"Feature","geometry":{"type":"Point","coordinates":[24.024366,49.848918]},"properties":{"line":"А08а","mode":"bus","color":"#0059a9","colorDark":"#00294f","band":3,"off":[-1.7,1.1],"lbl":"8а"}},{"type":"Feature","geometry":{"type":"Point","coordinates":[24.024366,49.848918]},"properties":{"line":"А22","mode":"bus","color":"#0059a9","colorDark":"#00294f","band":3,"off":[1.7,1.1],"lbl":"22"}},{"type":"Feature","geometry":{"type":"Point","coordinates":[24.163311,49.873738]},"properties":{"name":"Сороки-Львівські, Кільцева дорога (1462)","band":3,"modes":"bus","arr":["А09"],"off":[0,-0.8]}},{"type":"Feature","geometry":{"type":"Point","coordinates":[24.163311,49.873738]},"properties":{"name":"Сороки-Львівські, Кільцева дорога (1461)","band":3,"modes":"bus","arr":["А09"],"off":[0,-4.1]}},{"type":"Feature","geometry":{"type":"Point","coordinates":[24.163311,49.873738]},"properties":{"line":"А09","mode":"bus","color":"#0059a9","colorDark":"#00294f","band":3,"off":[0,1.1],"lbl":"9"}},{"type":"Feature","geometry":{"type":"Point","coordinates":[24.000047,49.837678]},"properties":{"name":"Приміський вокзал (189)","band":3,"modes":"bus","arr":["А10","А16","А29","А31","А32","А49"],"off":[0,-0.8]}},{"type":"Feature","geometry":{"type":"Point","coordinates":[24.000047,49.837678]},"properties":{"line":"А10","mode":"bus","color":"#0059a9","colorDark":"#00294f","band":3,"off":[-6.8,1.1],"lbl":"10"}},{"type":"Feature","geometry":{"type":"Point","coordinates":[24.000047,49.837678]},"properties":{"line":"А16","mode":"bus","color":"#0059a9","colorDark":"#00294f","band":3,"off":[-3.4,1.1],"lbl":"16"}},{"type":"Feature","geometry":{"type":"Point","coordinates":[24.000047,49.837678]},"properties":{"line":"А29","mode":"bus","color":"#0059a9","colorDark":"#00294f","band":3,"off":[0,1.1],"lbl":"29"}},{"type":"Feature","geometry":{"type":"Point","coordinates":[24.000047,49.837678]},"properties":{"line":"А31","mode":"bus","color":"#0059a9","colorDark":"#00294f","band":3,"off":[3.4,1.1],"lbl":"31"}},{"type":"Feature","geometry":{"type":"Point","coordinates":[24.000047,49.837678]},"properties":{"line":"А32","mode":"bus","color":"#0059a9","colorDark":"#00294f","band":3,"off":[6.8,1.1],"lbl":"32"}},{"type":"Feature","geometry":{"type":"Point","coordinates":[24.000047,49.837678]},"properties":{"line":"А49","mode":"bus","color":"#0059a9","colorDark":"#00294f","band":3,"off":[0,3.1],"lbl":"49"}},{"type":"Feature","geometry":{"type":"Point","coordinates":[23.995077,49.839814]},"properties":{"name":"Залізничний вокзал (191)","band":3,"modes":"bus,tram","arr":["А10","А16","А29","А31","А32","А49","Т01","Т04","Т06","Т09"],"off":[0,-0.8]}},{"type":"Feature","geometry":{"type":"Point","coordinates":[23.995077,49.839814]},"properties":{"name":"Залізничний вокзал (117)","band":3,"modes":"bus,tram","arr":["А10","А16","А29","А31","А32","А49","Т01","Т04","Т06","Т09"],"off":[0,-3]}},{"type":"Feature","geometry":{"type":"Point","coordinates":[23.995077,49.839814]},"properties":{"line":"А10","mode":"bus","color":"#0059a9","colorDark":"#00294f","band":3,"off":[-6.8,1.1],"lbl":"10"}},{"type":"Feature","geometry":{"type":"Point","coordinates":[23.995077,49.839814]},"properties":{"line":"А16","mode":"bus","color":"#0059a9","colorDark":"#00294f","band":3,"off":[-3.4,1.1],"lbl":"16"}},{"type":"Feature","geometry":{"type":"Point","coordinates":[23.995077,49.839814]},"properties":{"line":"А29","mode":"bus","color":"#0059a9","colorDark":"#00294f","band":3,"off":[0,1.1],"lbl":"29"}},{"type":"Feature","geometry":{"type":"Point","coordinates":[23.995077,49.839814]},"properties":{"line":"А31","mode":"bus","color":"#0059a9","colorDark":"#00294f","band":3,"off":[3.4,1.1],"lbl":"31"}},{"type":"Feature","geometry":{"type":"Point","coordinates":[23.995077,49.839814]},"properties":{"line":"А32","mode":"bus","color":"#0059a9","colorDark":"#00294f","band":3,"off":[6.8,1.1],"lbl":"32"}},{"type":"Feature","geometry":{"type":"Point","coordinates":[23.995077,49.839814]},"properties":{"line":"А49","mode":"bus","color":"#0059a9","colorDark":"#00294f","band":3,"off":[-6.8,3.1],"lbl":"49"}},{"type":"Feature","geometry":{"type":"Point","coordinates":[23.995077,49.839814]},"properties":{"line":"Т01","mode":"tram","color":"#556B2F","colorDark":"#2f3b1a","band":3,"off":[-3.4,3.1],"lbl":"1"}},{"type":"Feature","geometry":{"type":"Point","coordinates":[23.995077,49.839814]},"properties":{"line":"Т04","mode":"tram","color":"#556B2F","colorDark":"#2f3b1a","band":3,"off":[0,3.1],"lbl":"4"}},{"type":"Feature","geometry":{"type":"Point","coordinates":[23.995077,49.839814]},"properties":{"line":"Т06","mode":"tram","color":"#FFFFFF","colorDark":"#8c8c8c","band":3,"off":[3.4,3.1],"lbl":"6"}},{"type":"Feature","geometry":{"type":"Point","coordinates":[23.995077,49.839814]},"properties":{"line":"Т09","mode":"tram","color":"#556B2F","colorDark":"#2f3b1a","band":3,"off":[6.8,3.1],"lbl":"9"}},{"type":"Feature","geometry":{"type":"Point","coordinates":[24.011144,49.865513]},"properties":{"name":"Школа № 23 (624)","band":3,"modes":"bus","arr":["А52"],"off":[0,-0.8]}},{"type":"Feature","geometry":{"type":"Point","coordinates":[24.011144,49.865513]},"properties":{"line":"А52","mode":"bus","color":"#0059a9","colorDark":"#00294f","band":3,"off":[0,1.1],"lbl":"52"}},{"type":"Feature","geometry":{"type":"Point","coordinates":[23.916673,49.82112]},"properties":{"name":"Городоцька-Кільцева (109)","band":3,"modes":"bus","arr":["А14","А92"],"off":[0,-0.8]}},{"type":"Feature","geometry":{"type":"Point","coordinates":[23.916673,49.82112]},"properties":{"line":"А14","mode":"bus","color":"#0059a9","colorDark":"#00294f","band":3,"off":[-1.7,1.1],"lbl":"14"}},{"type":"Feature","geometry":{"type":"Point","coordinates":[23.916673,49.82112]},"properties":{"line":"А92","mode":"bus","color":"#0059a9","colorDark":"#00294f","band":3,"off":[1.7,1.1],"lbl":"92"}},{"type":"Feature","geometry":{"type":"Point","coordinates":[23.954722,49.826778]},"properties":{"name":"Ряшівська (169)","band":3,"modes":"bus","arr":["А48","Тр23","Тр30"],"off":[0,-0.8]}},{"type":"Feature","geometry":{"type":"Point","coordinates":[23.954722,49.826778]},"properties":{"name":"Ряшівська (166)","band":3,"modes":"bus","arr":["А48","Тр23","Тр30"],"off":[0,-1.9]}},{"type":"Feature","geometry":{"type":"Point","coordinates":[23.954722,49.826778]},"properties":{"line":"А48","mode":"bus","color":"#0059a9","colorDark":"#00294f","band":3,"off":[-3.4,1.1],"lbl":"48"}},{"type":"Feature","geometry":{"type":"Point","coordinates":[23.954722,49.826778]},"properties":{"line":"Тр23","mode":"bus","color":"#149a3f","colorDark":"#0a5121","band":3,"off":[0,1.1],"lbl":"23"}},{"type":"Feature","geometry":{"type":"Point","coordinates":[23.954722,49.826778]},"properties":{"line":"Тр30","mode":"bus","color":"#149a3f","colorDark":"#0a5121","band":3,"off":[3.4,1.1],"lbl":"30"}},{"type":"Feature","geometry":{"type":"Point","coordinates":[24.067765,49.790896]},"properties":{"name":"Кос-Анатольського (400)","band":3,"modes":"bus","arr":["А14"],"off":[0,-0.8]}},{"type":"Feature","geometry":{"type":"Point","coordinates":[24.067765,49.790896]},"properties":{"line":"А14","mode":"bus","color":"#0059a9","colorDark":"#00294f","band":3,"off":[0,1.1],"lbl":"14"}},{"type":"Feature","geometry":{"type":"Point","coordinates":[24.069704,49.785195]},"properties":{"name":"Антонича (354)","band":3,"modes":"bus","arr":["А14","А19"],"off":[0,-0.8]}},{"type":"Feature","geometry":{"type":"Point","coordinates":[24.069704,49.785195]},"properties":{"name":"Антонича (354-01)","band":3,"modes":"bus","arr":["А14","А19"],"off":[0,-1.9]}},{"type":"Feature","geometry":{"type":"Point","coordinates":[24.069704,49.785195]},"properties":{"line":"А14","mode":"bus","color":"#0059a9","colorDark":"#00294f","band":3,"off":[-1.7,1.1],"lbl":"14"}},{"type":"Feature","geometry":{"type":"Point","coordinates":[24.069704,49.785195]},"properties":{"line":"А19","mode":"bus","color":"#0059a9","colorDark":"#00294f","band":3,"off":[1.7,1.1],"lbl":"19"}},{"type":"Feature","geometry":{"type":"Point","coordinates":[24.063192,49.794382]},"properties":{"name":"Кавалерідзе (426)","band":3,"modes":"bus","arr":["А16","А41"],"off":[0,-0.8]}},{"type":"Feature","geometry":{"type":"Point","coordinates":[24.063192,49.794382]},"properties":{"line":"А16","mode":"bus","color":"#0059a9","colorDark":"#00294f","band":3,"off":[-1.7,1.1],"lbl":"16"}},{"type":"Feature","geometry":{"type":"Point","coordinates":[24.063192,49.794382]},"properties":{"line":"А41","mode":"bus","color":"#0059a9","colorDark":"#00294f","band":3,"off":[1.7,1.1],"lbl":"41"}},{"type":"Feature","geometry":{"type":"Point","coordinates":[23.918194,49.821489]},"properties":{"name":"Автостанція Західна (105)","band":3,"modes":"bus","arr":["А14","А92"],"off":[0,-0.8]}},{"type":"Feature","geometry":{"type":"Point","coordinates":[23.918194,49.821489]},"properties":{"line":"А14","mode":"bus","color":"#0059a9","colorDark":"#00294f","band":3,"off":[-1.7,1.1],"lbl":"14"}},{"type":"Feature","geometry":{"type":"Point","coordinates":[23.918194,49.821489]},"properties":{"line":"А92","mode":"bus","color":"#0059a9","colorDark":"#00294f","band":3,"off":[1.7,1.1],"lbl":"92"}},{"type":"Feature","geometry":{"type":"Point","coordinates":[23.995597,49.835731]},"properties":{"name":"Приміський вокзал (111)","band":3,"modes":"bus","arr":["А15"],"off":[0,-0.8]}},{"type":"Feature","geometry":{"type":"Point","coordinates":[23.995597,49.835731]},"properties":{"line":"А15","mode":"bus","color":"#0059a9","colorDark":"#00294f","band":3,"off":[0,1.1],"lbl":"15"}},{"type":"Feature","geometry":{"type":"Point","coordinates":[24.062876,49.815983]},"properties":{"name":"Вашингтона (365)","band":3,"modes":"bus","arr":["А92"],"off":[0,-0.8]}},{"type":"Feature","geometry":{"type":"Point","coordinates":[24.062876,49.815983]},"properties":{"name":"Вашингтона (216)","band":3,"modes":"bus","arr":["А92"],"off":[0,-1.9]}},{"type":"Feature","geometry":{"type":"Point","coordinates":[24.062876,49.815983]},"properties":{"line":"А92","mode":"bus","color":"#0059a9","colorDark":"#00294f","band":3,"off":[0,1.1],"lbl":"92"}},{"type":"Feature","geometry":{"type":"Point","coordinates":[24.079322,49.824568]},"properties":{"name":"Каштанова (268)","band":3,"modes":"bus","arr":["А15"],"off":[0,-0.8]}},{"type":"Feature","geometry":{"type":"Point","coordinates":[24.079322,49.824568]},"properties":{"line":"А15","mode":"bus","color":"#0059a9","colorDark":"#00294f","band":3,"off":[0,1.1],"lbl":"15"}},{"type":"Feature","geometry":{"type":"Point","coordinates":[24.084142,49.822993]},"properties":{"name":"Медової Печери (270)","band":3,"modes":"bus","arr":["А15"],"off":[0,-0.8]}},{"type":"Feature","geometry":{"type":"Point","coordinates":[24.084142,49.822993]},"properties":{"line":"А15","mode":"bus","color":"#0059a9","colorDark":"#00294f","band":3,"off":[0,1.1],"lbl":"15"}},{"type":"Feature","geometry":{"type":"Point","coordinates":[24.06845,49.83074]},"properties":{"name":"Таджицька (278)","band":3,"modes":"bus","arr":["А27"],"off":[0,-0.8]}},{"type":"Feature","geometry":{"type":"Point","coordinates":[24.06845,49.83074]},"properties":{"line":"А27","mode":"bus","color":"#0059a9","colorDark":"#00294f","band":3,"off":[0,1.1],"lbl":"27"}},{"type":"Feature","geometry":{"type":"Point","coordinates":[24.065155,49.794755]},"properties":{"name":"Кавалерідзе (423)","band":3,"modes":"bus","arr":["А16","А41"],"off":[0,-0.8]}},{"type":"Feature","geometry":{"type":"Point","coordinates":[24.065155,49.794755]},"properties":{"line":"А16","mode":"bus","color":"#0059a9","colorDark":"#00294f","band":3,"off":[-1.7,1.1],"lbl":"16"}},{"type":"Feature","geometry":{"type":"Point","coordinates":[24.065155,49.794755]},"properties":{"line":"А41","mode":"bus","color":"#0059a9","colorDark":"#00294f","band":3,"off":[1.7,1.1],"lbl":"41"}},{"type":"Feature","geometry":{"type":"Point","coordinates":[24.038553,49.87967]},"properties":{"name":"Леннона (619)","band":3,"modes":"bus","arr":["А17","А19","А84"],"off":[0,-0.8]}},{"type":"Feature","geometry":{"type":"Point","coordinates":[24.038553,49.87967]},"properties":{"line":"А17","mode":"bus","color":"#0059a9","colorDark":"#00294f","band":3,"off":[-3.4,1.1],"lbl":"17"}},{"type":"Feature","geometry":{"type":"Point","coordinates":[24.038553,49.87967]},"properties":{"line":"А19","mode":"bus","color":"#0059a9","colorDark":"#00294f","band":3,"off":[0,1.1],"lbl":"19"}},{"type":"Feature","geometry":{"type":"Point","coordinates":[24.038553,49.87967]},"properties":{"line":"А84","mode":"bus","color":"#0059a9","colorDark":"#00294f","band":3,"off":[3.4,1.1],"lbl":"84"}},{"type":"Feature","geometry":{"type":"Point","coordinates":[23.965521,49.847568]},"properties":{"name":"Суботівська (177)","band":3,"modes":"bus","arr":["А18","А20","А23","А43","Тр32"],"off":[0,-0.8]}},{"type":"Feature","geometry":{"type":"Point","coordinates":[23.965521,49.847568]},"properties":{"line":"А18","mode":"bus","color":"#0059a9","colorDark":"#00294f","band":3,"off":[-6.8,1.1],"lbl":"18"}},{"type":"Feature","geometry":{"type":"Point","coordinates":[23.965521,49.847568]},"properties":{"line":"А20","mode":"bus","color":"#0059a9","colorDark":"#00294f","band":3,"off":[-3.4,1.1],"lbl":"20"}},{"type":"Feature","geometry":{"type":"Point","coordinates":[23.965521,49.847568]},"properties":{"line":"А23","mode":"bus","color":"#0059a9","colorDark":"#00294f","band":3,"off":[0,1.1],"lbl":"23"}},{"type":"Feature","geometry":{"type":"Point","coordinates":[23.965521,49.847568]},"properties":{"line":"А43","mode":"bus","color":"#0059a9","colorDark":"#00294f","band":3,"off":[3.4,1.1],"lbl":"43"}},{"type":"Feature","geometry":{"type":"Point","coordinates":[23.965521,49.847568]},"properties":{"line":"Тр32","mode":"bus","color":"#149a3f","colorDark":"#0a5121","band":3,"off":[6.8,1.1],"lbl":"32"}},{"type":"Feature","geometry":{"type":"Point","coordinates":[23.950313,49.830344]},"properties":{"name":"Львівтеплоенерго (831)","band":3,"modes":"bus","arr":["А17"],"off":[0,-0.8]}},{"type":"Feature","geometry":{"type":"Point","coordinates":[23.950313,49.830344]},"properties":{"line":"А17","mode":"bus","color":"#0059a9","colorDark":"#00294f","band":3,"off":[0,1.1],"lbl":"17"}},{"type":"Feature","geometry":{"type":"Point","coordinates":[23.94542,49.83098]},"properties":{"name":"Данила Апостола (832)","band":3,"modes":"bus","arr":["А17"],"off":[0,-0.8]}},{"type":"Feature","geometry":{"type":"Point","coordinates":[23.94542,49.83098]},"properties":{"line":"А17","mode":"bus","color":"#0059a9","colorDark":"#00294f","band":3,"off":[0,1.1],"lbl":"17"}},{"type":"Feature","geometry":{"type":"Point","coordinates":[23.965968,49.847959]},"properties":{"name":"Суботівська (182)","band":3,"modes":"bus","arr":["А18","А20","А23","А43","Тр32"],"off":[0,-0.8]}},{"type":"Feature","geometry":{"type":"Point","coordinates":[23.965968,49.847959]},"properties":{"line":"А18","mode":"bus","color":"#0059a9","colorDark":"#00294f","band":3,"off":[-6.8,1.1],"lbl":"18"}},{"type":"Feature","geometry":{"type":"Point","coordinates":[23.965968,49.847959]},"properties":{"line":"А20","mode":"bus","color":"#0059a9","colorDark":"#00294f","band":3,"off":[-3.4,1.1],"lbl":"20"}},{"type":"Feature","geometry":{"type":"Point","coordinates":[23.965968,49.847959]},"properties":{"line":"А23","mode":"bus","color":"#0059a9","colorDark":"#00294f","band":3,"off":[0,1.1],"lbl":"23"}},{"type":"Feature","geometry":{"type":"Point","coordinates":[23.965968,49.847959]},"properties":{"line":"А43","mode":"bus","color":"#0059a9","colorDark":"#00294f","band":3,"off":[3.4,1.1],"lbl":"43"}},{"type":"Feature","geometry":{"type":"Point","coordinates":[23.965968,49.847959]},"properties":{"line":"Тр32","mode":"bus","color":"#149a3f","colorDark":"#0a5121","band":3,"off":[6.8,1.1],"lbl":"32"}},{"type":"Feature","geometry":{"type":"Point","coordinates":[24.042645,49.877872]},"properties":{"name":"Розточчя (763)","band":3,"modes":"bus","arr":["А19"],"off":[0,-0.8]}},{"type":"Feature","geometry":{"type":"Point","coordinates":[24.042645,49.877872]},"properties":{"line":"А19","mode":"bus","color":"#0059a9","colorDark":"#00294f","band":3,"off":[0,1.1],"lbl":"19"}},{"type":"Feature","geometry":{"type":"Point","coordinates":[24.040735,49.879142]},"properties":{"name":"Леннона (868)","band":3,"modes":"bus","arr":["А17","А84"],"off":[0,-0.8]}},{"type":"Feature","geometry":{"type":"Point","coordinates":[24.040735,49.879142]},"properties":{"line":"А17","mode":"bus","color":"#0059a9","colorDark":"#00294f","band":3,"off":[-1.7,1.1],"lbl":"17"}},{"type":"Feature","geometry":{"type":"Point","coordinates":[24.040735,49.879142]},"properties":{"line":"А84","mode":"bus","color":"#0059a9","colorDark":"#00294f","band":3,"off":[1.7,1.1],"lbl":"84"}},{"type":"Feature","geometry":{"type":"Point","coordinates":[24.100936,49.841985]},"properties":{"name":"Глинянський Тракт (211)","band":3,"modes":"bus","arr":["А23"],"off":[0,-0.8]}},{"type":"Feature","geometry":{"type":"Point","coordinates":[24.100936,49.841985]},"properties":{"line":"А23","mode":"bus","color":"#0059a9","colorDark":"#00294f","band":3,"off":[0,1.1],"lbl":"23"}},{"type":"Feature","geometry":{"type":"Point","coordinates":[24.103302,49.84227]},"properties":{"name":"Провесінь (212)","band":3,"modes":"bus","arr":["А18","А23"],"off":[0,-0.8]}},{"type":"Feature","geometry":{"type":"Point","coordinates":[24.103302,49.84227]},"properties":{"name":"Провесінь (209)","band":3,"modes":"bus","arr":["А18","А23"],"off":[0,-1.9]}},{"type":"Feature","geometry":{"type":"Point","coordinates":[24.103302,49.84227]},"properties":{"line":"А18","mode":"bus","color":"#0059a9","colorDark":"#00294f","band":3,"off":[-1.7,1.1],"lbl":"18"}},{"type":"Feature","geometry":{"type":"Point","coordinates":[24.103302,49.84227]},"properties":{"line":"А23","mode":"bus","color":"#0059a9","colorDark":"#00294f","band":3,"off":[1.7,1.1],"lbl":"23"}},{"type":"Feature","geometry":{"type":"Point","coordinates":[24.034909,49.836654]},"properties":{"name":"Шухевича (30)","band":3,"modes":"bus","arr":["А39а","А99"],"off":[0,-0.8]}},{"type":"Feature","geometry":{"type":"Point","coordinates":[24.034909,49.836654]},"properties":{"line":"А39а","mode":"bus","color":"#0059a9","colorDark":"#00294f","band":3,"off":[-1.7,1.1],"lbl":"39а"}},{"type":"Feature","geometry":{"type":"Point","coordinates":[24.034909,49.836654]},"properties":{"line":"А99","mode":"bus","color":"#0059a9","colorDark":"#00294f","band":3,"off":[1.7,1.1],"lbl":"99"}},{"type":"Feature","geometry":{"type":"Point","coordinates":[24.076735,49.854249]},"properties":{"name":"Авторинок (200)","band":3,"modes":"bus","arr":["А39","А39а"],"off":[0,-0.8]}},{"type":"Feature","geometry":{"type":"Point","coordinates":[24.076735,49.854249]},"properties":{"line":"А39","mode":"bus","color":"#0059a9","colorDark":"#00294f","band":3,"off":[-1.7,1.1],"lbl":"39"}},{"type":"Feature","geometry":{"type":"Point","coordinates":[24.076735,49.854249]},"properties":{"line":"А39а","mode":"bus","color":"#0059a9","colorDark":"#00294f","band":3,"off":[1.7,1.1],"lbl":"39а"}},{"type":"Feature","geometry":{"type":"Point","coordinates":[24.060682,49.859456]},"properties":{"name":"Ковельська (288)","band":3,"modes":"bus","arr":["А20"],"off":[0,-0.8]}},{"type":"Feature","geometry":{"type":"Point","coordinates":[24.060682,49.859456]},"properties":{"line":"А20","mode":"bus","color":"#0059a9","colorDark":"#00294f","band":3,"off":[0,1.1],"lbl":"20"}},{"type":"Feature","geometry":{"type":"Point","coordinates":[24.076364,49.854645]},"properties":{"name":"Авторинок (199)","band":3,"modes":"bus","arr":["А39","А39а"],"off":[0,-0.8]}},{"type":"Feature","geometry":{"type":"Point","coordinates":[24.076364,49.854645]},"properties":{"line":"А39","mode":"bus","color":"#0059a9","colorDark":"#00294f","band":3,"off":[-1.7,1.1],"lbl":"39"}},{"type":"Feature","geometry":{"type":"Point","coordinates":[24.076364,49.854645]},"properties":{"line":"А39а","mode":"bus","color":"#0059a9","colorDark":"#00294f","band":3,"off":[1.7,1.1],"lbl":"39а"}},{"type":"Feature","geometry":{"type":"Point","coordinates":[24.06728,49.783667]},"properties":{"name":"Трильовського (405)","band":3,"modes":"bus","arr":["А19"],"off":[0,-0.8]}},{"type":"Feature","geometry":{"type":"Point","coordinates":[24.06728,49.783667]},"properties":{"line":"А19","mode":"bus","color":"#0059a9","colorDark":"#00294f","band":3,"off":[0,1.1],"lbl":"19"}},{"type":"Feature","geometry":{"type":"Point","coordinates":[24.025829,49.850446]},"properties":{"name":"Площа 700-річчя Львова (56)","band":3,"modes":"bus","arr":["А56","А58","А59"],"off":[0,-0.8]}},{"type":"Feature","geometry":{"type":"Point","coordinates":[24.025829,49.850446]},"properties":{"name":"Площа 700-річчя Львова (55)","band":3,"modes":"bus","arr":["А56","А58","А59"],"off":[0,-3]}},{"type":"Feature","geometry":{"type":"Point","coordinates":[24.025829,49.850446]},"properties":{"line":"А56","mode":"bus","color":"#0059a9","colorDark":"#00294f","band":3,"off":[-3.4,1.1],"lbl":"56"}},{"type":"Feature","geometry":{"type":"Point","coordinates":[24.025829,49.850446]},"properties":{"line":"А58","mode":"bus","color":"#0059a9","colorDark":"#00294f","band":3,"off":[0,1.1],"lbl":"58"}},{"type":"Feature","geometry":{"type":"Point","coordinates":[24.025829,49.850446]},"properties":{"line":"А59","mode":"bus","color":"#0059a9","colorDark":"#00294f","band":3,"off":[3.4,1.1],"lbl":"59"}},{"type":"Feature","geometry":{"type":"Point","coordinates":[24.063681,49.856889]},"properties":{"name":"Польова, Завод (289)","band":3,"modes":"bus","arr":["А20"],"off":[0,-0.8]}},{"type":"Feature","geometry":{"type":"Point","coordinates":[24.063681,49.856889]},"properties":{"line":"А20","mode":"bus","color":"#0059a9","colorDark":"#00294f","band":3,"off":[0,1.1],"lbl":"20"}},{"type":"Feature","geometry":{"type":"Point","coordinates":[24.03315,49.852269]},"properties":{"name":"Залізничний вокзал Підзамче (581)","band":3,"modes":"bus","arr":["А62"],"off":[0,-0.8]}},{"type":"Feature","geometry":{"type":"Point","coordinates":[24.03315,49.852269]},"properties":{"name":"Залізничний вокзал Підзамче (312)","band":3,"modes":"bus","arr":["А62"],"off":[0,-3]}},{"type":"Feature","geometry":{"type":"Point","coordinates":[24.03315,49.852269]},"properties":{"line":"А62","mode":"bus","color":"#0059a9","colorDark":"#00294f","band":3,"off":[0,1.1],"lbl":"62"}},{"type":"Feature","geometry":{"type":"Point","coordinates":[23.905931,49.830061]},"properties":{"name":"Три слони (314)","band":3,"modes":"bus","arr":["А21"],"off":[0,-0.8]}},{"type":"Feature","geometry":{"type":"Point","coordinates":[23.905931,49.830061]},"properties":{"line":"А21","mode":"bus","color":"#0059a9","colorDark":"#00294f","band":3,"off":[0,1.1],"lbl":"21"}},{"type":"Feature","geometry":{"type":"Point","coordinates":[24.006874,49.867246]},"properties":{"name":"Щепова (865)","band":3,"modes":"bus","arr":["А21"],"off":[0,-0.8]}},{"type":"Feature","geometry":{"type":"Point","coordinates":[24.006874,49.867246]},"properties":{"name":"Щепова (864)","band":3,"modes":"bus","arr":["А21"],"off":[0,-1.9]}},{"type":"Feature","geometry":{"type":"Point","coordinates":[24.006874,49.867246]},"properties":{"line":"А21","mode":"bus","color":"#0059a9","colorDark":"#00294f","band":3,"off":[0,1.1],"lbl":"21"}},{"type":"Feature","geometry":{"type":"Point","coordinates":[23.906375,49.830676]},"properties":{"name":"Три слони (307)","band":3,"modes":"bus","arr":["А21"],"off":[0,-0.8]}},{"type":"Feature","geometry":{"type":"Point","coordinates":[23.906375,49.830676]},"properties":{"line":"А21","mode":"bus","color":"#0059a9","colorDark":"#00294f","band":3,"off":[0,1.1],"lbl":"21"}},{"type":"Feature","geometry":{"type":"Point","coordinates":[23.982174,49.921986]},"properties":{"name":"Брюховичі, під Осовою (1091)","band":3,"modes":"bus","arr":["А22"],"off":[0,-0.8]}},{"type":"Feature","geometry":{"type":"Point","coordinates":[23.982174,49.921986]},"properties":{"name":"Брюховичі, під Осовою (1090)","band":3,"modes":"bus","arr":["А22"],"off":[0,-3]}},{"type":"Feature","geometry":{"type":"Point","coordinates":[23.982174,49.921986]},"properties":{"line":"А22","mode":"bus","color":"#0059a9","colorDark":"#00294f","band":3,"off":[0,1.1],"lbl":"22"}},{"type":"Feature","geometry":{"type":"Point","coordinates":[24.050019,49.850871]},"properties":{"name":"Заклинських (264)","band":3,"modes":"bus","arr":["А25"],"off":[0,-0.8]}},{"type":"Feature","geometry":{"type":"Point","coordinates":[24.050019,49.850871]},"properties":{"line":"А25","mode":"bus","color":"#0059a9","colorDark":"#00294f","band":3,"off":[0,1.1],"lbl":"25"}},{"type":"Feature","geometry":{"type":"Point","coordinates":[24.056624,49.850456]},"properties":{"name":"Старе Знесіння (300)","band":3,"modes":"bus","arr":["А25"],"off":[0,-0.8]}},{"type":"Feature","geometry":{"type":"Point","coordinates":[24.056624,49.850456]},"properties":{"line":"А25","mode":"bus","color":"#0059a9","colorDark":"#00294f","band":3,"off":[0,1.1],"lbl":"25"}},{"type":"Feature","geometry":{"type":"Point","coordinates":[23.93653,49.822025]},"properties":{"name":"Станція Скнилів (85)","band":3,"modes":"bus","arr":["А27","Тр27"],"off":[0,-0.8]}},{"type":"Feature","geometry":{"type":"Point","coordinates":[23.93653,49.822025]},"properties":{"name":"Станція Скнилів (85-01)","band":3,"modes":"bus","arr":["А27","Тр27"],"off":[0,-3]}},{"type":"Feature","geometry":{"type":"Point","coordinates":[23.93653,49.822025]},"properties":{"line":"А27","mode":"bus","color":"#0059a9","colorDark":"#00294f","band":3,"off":[-1.7,1.1],"lbl":"27"}},{"type":"Feature","geometry":{"type":"Point","coordinates":[23.93653,49.822025]},"properties":{"line":"Тр27","mode":"bus","color":"#149a3f","colorDark":"#0a5121","band":3,"off":[1.7,1.1],"lbl":"27"}},{"type":"Feature","geometry":{"type":"Point","coordinates":[24.137207,49.819862]},"properties":{"name":"Винники, Винниченка (1023)","band":3,"modes":"bus","arr":["А29"],"off":[0,-0.8]}},{"type":"Feature","geometry":{"type":"Point","coordinates":[24.137207,49.819862]},"properties":{"name":"Винники, Винниченка (1022)","band":3,"modes":"bus","arr":["А29"],"off":[0,-3]}},{"type":"Feature","geometry":{"type":"Point","coordinates":[24.137207,49.819862]},"properties":{"line":"А29","mode":"bus","color":"#0059a9","colorDark":"#00294f","band":3,"off":[0,1.1],"lbl":"29"}},{"type":"Feature","geometry":{"type":"Point","coordinates":[24.060123,49.87388]},"properties":{"name":"Галицьке перехрестя (741)","band":3,"modes":"bus","arr":["А31","А41","А48","А51","А53"],"off":[0,-0.8]}},{"type":"Feature","geometry":{"type":"Point","coordinates":[24.060123,49.87388]},"properties":{"line":"А31","mode":"bus","color":"#0059a9","colorDark":"#00294f","band":3,"off":[-6.8,1.1],"lbl":"31"}},{"type":"Feature","geometry":{"type":"Point","coordinates":[24.060123,49.87388]},"properties":{"line":"А41","mode":"bus","color":"#0059a9","colorDark":"#00294f","band":3,"off":[-3.4,1.1],"lbl":"41"}},{"type":"Feature","geometry":{"type":"Point","coordinates":[24.060123,49.87388]},"properties":{"line":"А48","mode":"bus","color":"#0059a9","colorDark":"#00294f","band":3,"off":[0,1.1],"lbl":"48"}},{"type":"Feature","geometry":{"type":"Point","coordinates":[24.060123,49.87388]},"properties":{"line":"А51","mode":"bus","color":"#0059a9","colorDark":"#00294f","band":3,"off":[3.4,1.1],"lbl":"51"}},{"type":"Feature","geometry":{"type":"Point","coordinates":[24.060123,49.87388]},"properties":{"line":"А53","mode":"bus","color":"#0059a9","colorDark":"#00294f","band":3,"off":[6.8,1.1],"lbl":"53"}},{"type":"Feature","geometry":{"type":"Point","coordinates":[24.022559,49.83976]},"properties":{"name":"Університет (78)","band":3,"modes":"bus","arr":["А33","Тр22","Тр27","Тр30","Тр32"],"off":[0,-0.8]}},{"type":"Feature","geometry":{"type":"Point","coordinates":[24.022559,49.83976]},"properties":{"name":"Університет (78-01)","band":3,"modes":"bus","arr":["А33","Тр22","Тр27","Тр30","Тр32"],"off":[0,-1.9]}},{"type":"Feature","geometry":{"type":"Point","coordinates":[24.022559,49.83976]},"properties":{"name":"Січових Стрільців (71)","band":3,"modes":"bus","arr":["А33","Тр22","Тр27","Тр30","Тр32"],"off":[0,-4.1]}},{"type":"Feature","geometry":{"type":"Point","coordinates":[24.022559,49.83976]},"properties":{"line":"А33","mode":"bus","color":"#0059a9","colorDark":"#00294f","band":3,"off":[-6.8,1.1],"lbl":"33"}},{"type":"Feature","geometry":{"type":"Point","coordinates":[24.022559,49.83976]},"properties":{"line":"Тр22","mode":"bus","color":"#149a3f","colorDark":"#0a5121","band":3,"off":[-3.4,1.1],"lbl":"22"}},{"type":"Feature","geometry":{"type":"Point","coordinates":[24.022559,49.83976]},"properties":{"line":"Тр27","mode":"bus","color":"#149a3f","colorDark":"#0a5121","band":3,"off":[0,1.1],"lbl":"27"}},{"type":"Feature","geometry":{"type":"Point","coordinates":[24.022559,49.83976]},"properties":{"line":"Тр30","mode":"bus","color":"#149a3f","colorDark":"#0a5121","band":3,"off":[3.4,1.1],"lbl":"30"}},{"type":"Feature","geometry":{"type":"Point","coordinates":[24.022559,49.83976]},"properties":{"line":"Тр32","mode":"bus","color":"#149a3f","colorDark":"#0a5121","band":3,"off":[6.8,1.1],"lbl":"32"}},{"type":"Feature","geometry":{"type":"Point","coordinates":[23.987873,49.801967]},"properties":{"name":"Технічний коледж (710)","band":3,"modes":"bus","arr":["А33"],"off":[0,-0.8]}},{"type":"Feature","geometry":{"type":"Point","coordinates":[23.987873,49.801967]},"properties":{"line":"А33","mode":"bus","color":"#0059a9","colorDark":"#00294f","band":3,"off":[0,1.1],"lbl":"33"}},{"type":"Feature","geometry":{"type":"Point","coordinates":[23.989082,49.801169]},"properties":{"name":"Пулюя (507)","band":3,"modes":"bus","arr":["А33"],"off":[0,-0.8]}},{"type":"Feature","geometry":{"type":"Point","coordinates":[23.989082,49.801169]},"properties":{"line":"А33","mode":"bus","color":"#0059a9","colorDark":"#00294f","band":3,"off":[0,1.1],"lbl":"33"}},{"type":"Feature","geometry":{"type":"Point","coordinates":[24.015996,49.836366]},"properties":{"name":"Устияновича (48)","band":3,"modes":"bus","arr":["А33"],"off":[0,-0.8]}},{"type":"Feature","geometry":{"type":"Point","coordinates":[24.015996,49.836366]},"properties":{"line":"А33","mode":"bus","color":"#0059a9","colorDark":"#00294f","band":3,"off":[0,1.1],"lbl":"33"}},{"type":"Feature","geometry":{"type":"Point","coordinates":[23.929605,49.845796]},"properties":{"name":"Білогорща (90)","band":3,"modes":"bus","arr":["А34"],"off":[0,-0.8]}},{"type":"Feature","geometry":{"type":"Point","coordinates":[23.929605,49.845796]},"properties":{"name":"Білогорща (90-01)","band":3,"modes":"bus","arr":["А34"],"off":[0,-1.9]}},{"type":"Feature","geometry":{"type":"Point","coordinates":[23.929605,49.845796]},"properties":{"line":"А34","mode":"bus","color":"#0059a9","colorDark":"#00294f","band":3,"off":[0,1.1],"lbl":"34"}},{"type":"Feature","geometry":{"type":"Point","coordinates":[24.003402,49.870732]},"properties":{"name":"Під Голоском (668)","band":3,"modes":"bus","arr":["А37"],"off":[0,-0.8]}},{"type":"Feature","geometry":{"type":"Point","coordinates":[24.003402,49.870732]},"properties":{"line":"А37","mode":"bus","color":"#0059a9","colorDark":"#00294f","band":3,"off":[0,1.1],"lbl":"37"}},{"type":"Feature","geometry":{"type":"Point","coordinates":[24.039264,49.796593]},"properties":{"name":"Річка Зубра (743)","band":3,"modes":"bus","arr":["А37"],"off":[0,-0.8]}},{"type":"Feature","geometry":{"type":"Point","coordinates":[24.039264,49.796593]},"properties":{"line":"А37","mode":"bus","color":"#0059a9","colorDark":"#00294f","band":3,"off":[0,1.1],"lbl":"37"}},{"type":"Feature","geometry":{"type":"Point","coordinates":[24.044579,49.794642]},"properties":{"name":"Хоткевича (310)","band":3,"modes":"bus","arr":["А37"],"off":[0,-0.8]}},{"type":"Feature","geometry":{"type":"Point","coordinates":[24.044579,49.794642]},"properties":{"line":"А37","mode":"bus","color":"#0059a9","colorDark":"#00294f","band":3,"off":[0,1.1],"lbl":"37"}},{"type":"Feature","geometry":{"type":"Point","coordinates":[24.035967,49.834144]},"properties":{"name":"Шота Руставелі (218)","band":3,"modes":"bus","arr":["Тр24","Тр25","Тр31"],"off":[0,-0.8]}},{"type":"Feature","geometry":{"type":"Point","coordinates":[24.035967,49.834144]},"properties":{"line":"Тр24","mode":"bus","color":"#149a3f","colorDark":"#0a5121","band":3,"off":[-3.4,1.1],"lbl":"24"}},{"type":"Feature","geometry":{"type":"Point","coordinates":[24.035967,49.834144]},"properties":{"line":"Тр25","mode":"bus","color":"#149a3f","colorDark":"#0a5121","band":3,"off":[0,1.1],"lbl":"25"}},{"type":"Feature","geometry":{"type":"Point","coordinates":[24.035967,49.834144]},"properties":{"line":"Тр31","mode":"bus","color":"#149a3f","colorDark":"#0a5121","band":3,"off":[3.4,1.1],"lbl":"31"}},{"type":"Feature","geometry":{"type":"Point","coordinates":[24.005234,49.870871]},"properties":{"name":"Під Голоском (669)","band":3,"modes":"bus","arr":["А37"],"off":[0,-0.8]}},{"type":"Feature","geometry":{"type":"Point","coordinates":[24.005234,49.870871]},"properties":{"line":"А37","mode":"bus","color":"#0059a9","colorDark":"#00294f","band":3,"off":[0,1.1],"lbl":"37"}},{"type":"Feature","geometry":{"type":"Point","coordinates":[24.049856,49.873163]},"properties":{"name":"Грінченка (639)","band":3,"modes":"bus","arr":["А39"],"off":[0,-0.8]}},{"type":"Feature","geometry":{"type":"Point","coordinates":[24.049856,49.873163]},"properties":{"line":"А39","mode":"bus","color":"#0059a9","colorDark":"#00294f","band":3,"off":[0,1.1],"lbl":"39"}},{"type":"Feature","geometry":{"type":"Point","coordinates":[24.14394,49.817351]},"properties":{"name":"Винники, Галицька (1005)","band":3,"modes":"bus","arr":["А40"],"off":[0,-0.8]}},{"type":"Feature","geometry":{"type":"Point","coordinates":[24.14394,49.817351]},"properties":{"line":"А40","mode":"bus","color":"#0059a9","colorDark":"#00294f","band":3,"off":[0,1.1],"lbl":"40"}},{"type":"Feature","geometry":{"type":"Point","coordinates":[24.146451,49.82199]},"properties":{"name":"Винники, Лисика (1016)","band":3,"modes":"bus","arr":["А40"],"off":[0,-0.8]}},{"type":"Feature","geometry":{"type":"Point","coordinates":[24.146451,49.82199]},"properties":{"line":"А40","mode":"bus","color":"#0059a9","colorDark":"#00294f","band":3,"off":[0,1.1],"lbl":"40"}},{"type":"Feature","geometry":{"type":"Point","coordinates":[24.050569,49.816599]},"properties":{"name":"Дунайська (368)","band":3,"modes":"bus","arr":["А43"],"off":[0,-0.8]}},{"type":"Feature","geometry":{"type":"Point","coordinates":[24.050569,49.816599]},"properties":{"line":"А43","mode":"bus","color":"#0059a9","colorDark":"#00294f","band":3,"off":[0,1.1],"lbl":"43"}},{"type":"Feature","geometry":{"type":"Point","coordinates":[24.050901,49.814119]},"properties":{"name":"Лікарня Святого Луки (367)","band":3,"modes":"bus","arr":["А43"],"off":[0,-0.8]}},{"type":"Feature","geometry":{"type":"Point","coordinates":[24.050901,49.814119]},"properties":{"line":"А43","mode":"bus","color":"#0059a9","colorDark":"#00294f","band":3,"off":[0,1.1],"lbl":"43"}},{"type":"Feature","geometry":{"type":"Point","coordinates":[23.980018,49.805984]},"properties":{"name":"Вікторія Гарденс (866)","band":3,"modes":"bus","arr":["А45","А51"],"off":[0,-0.8]}},{"type":"Feature","geometry":{"type":"Point","coordinates":[23.980018,49.805984]},"properties":{"name":"Вікторія Гарденс (547)","band":3,"modes":"bus","arr":["А45","А51"],"off":[0,-3]}},{"type":"Feature","geometry":{"type":"Point","coordinates":[23.980018,49.805984]},"properties":{"line":"А45","mode":"bus","color":"#0059a9","colorDark":"#00294f","band":3,"off":[-1.7,1.1],"lbl":"45"}},{"type":"Feature","geometry":{"type":"Point","coordinates":[23.980018,49.805984]},"properties":{"line":"А51","mode":"bus","color":"#0059a9","colorDark":"#00294f","band":3,"off":[1.7,1.1],"lbl":"51"}},{"type":"Feature","geometry":{"type":"Point","coordinates":[24.040966,49.846171]},"properties":{"name":"Княжа (853)","band":3,"modes":"bus","arr":["А45"],"off":[0,-0.8]}},{"type":"Feature","geometry":{"type":"Point","coordinates":[24.040966,49.846171]},"properties":{"line":"А45","mode":"bus","color":"#0059a9","colorDark":"#00294f","band":3,"off":[0,1.1],"lbl":"45"}},{"type":"Feature","geometry":{"type":"Point","coordinates":[24.044035,49.844166]},"properties":{"name":"Барвінських (854)","band":3,"modes":"bus","arr":["А45"],"off":[0,-0.8]}},{"type":"Feature","geometry":{"type":"Point","coordinates":[24.044035,49.844166]},"properties":{"line":"А45","mode":"bus","color":"#0059a9","colorDark":"#00294f","band":3,"off":[0,1.1],"lbl":"45"}},{"type":"Feature","geometry":{"type":"Point","coordinates":[24.020694,49.887965]},"properties":{"name":"Голосківський цвинтар (819)","band":3,"modes":"bus","arr":["А46"],"off":[0,-0.8]}},{"type":"Feature","geometry":{"type":"Point","coordinates":[24.020694,49.887965]},"properties":{"name":"Голосківський цвинтар (295)","band":3,"modes":"bus","arr":["А46"],"off":[0,-3]}},{"type":"Feature","geometry":{"type":"Point","coordinates":[24.020694,49.887965]},"properties":{"line":"А46","mode":"bus","color":"#0059a9","colorDark":"#00294f","band":3,"off":[0,1.1],"lbl":"46"}},{"type":"Feature","geometry":{"type":"Point","coordinates":[23.860681,49.842654]},"properties":{"name":"Рудно, Семінарія (1130)","band":3,"modes":"bus","arr":["А52","А84"],"off":[0,-0.8]}},{"type":"Feature","geometry":{"type":"Point","coordinates":[23.860681,49.842654]},"properties":{"name":"Рудно, Семінарія (1129)","band":3,"modes":"bus","arr":["А52","А84"],"off":[0,-3]}},{"type":"Feature","geometry":{"type":"Point","coordinates":[23.860681,49.842654]},"properties":{"line":"А52","mode":"bus","color":"#0059a9","colorDark":"#00294f","band":3,"off":[-1.7,1.1],"lbl":"52"}},{"type":"Feature","geometry":{"type":"Point","coordinates":[23.860681,49.842654]},"properties":{"line":"А84","mode":"bus","color":"#0059a9","colorDark":"#00294f","band":3,"off":[1.7,1.1],"lbl":"84"}},{"type":"Feature","geometry":{"type":"Point","coordinates":[24.01822,49.900403]},"properties":{"name":"Збиранка.Центр (1441)","band":3,"modes":"bus","arr":["А55"],"off":[0,-0.8]}},{"type":"Feature","geometry":{"type":"Point","coordinates":[24.01822,49.900403]},"properties":{"name":"Збиранка, Центр (1442)","band":3,"modes":"bus","arr":["А55"],"off":[0,-3]}},{"type":"Feature","geometry":{"type":"Point","coordinates":[24.01822,49.900403]},"properties":{"line":"А55","mode":"bus","color":"#0059a9","colorDark":"#00294f","band":3,"off":[0,1.1],"lbl":"55"}},{"type":"Feature","geometry":{"type":"Point","coordinates":[24.086545,49.904557]},"properties":{"name":"Дубляни, Центр (1312)","band":3,"modes":"bus","arr":["А56"],"off":[0,-0.8]}},{"type":"Feature","geometry":{"type":"Point","coordinates":[24.086545,49.904557]},"properties":{"name":"Дубляни, Центр (1311)","band":3,"modes":"bus","arr":["А56"],"off":[0,-3]}},{"type":"Feature","geometry":{"type":"Point","coordinates":[24.086545,49.904557]},"properties":{"line":"А56","mode":"bus","color":"#0059a9","colorDark":"#00294f","band":3,"off":[0,1.1],"lbl":"56"}},{"type":"Feature","geometry":{"type":"Point","coordinates":[24.054254,49.911428]},"properties":{"name":"Великі Грибовичі, Садова (1172)","band":3,"modes":"bus","arr":["А80"],"off":[0,-0.8]}},{"type":"Feature","geometry":{"type":"Point","coordinates":[24.054254,49.911428]},"properties":{"line":"А80","mode":"bus","color":"#0059a9","colorDark":"#00294f","band":3,"off":[0,1.1],"lbl":"80"}},{"type":"Feature","geometry":{"type":"Point","coordinates":[24.021175,49.79368]},"properties":{"name":"Максимовича (417)","band":3,"modes":"bus","arr":["А57"],"off":[0,-0.8]}},{"type":"Feature","geometry":{"type":"Point","coordinates":[24.021175,49.79368]},"properties":{"line":"А57","mode":"bus","color":"#0059a9","colorDark":"#00294f","band":3,"off":[0,1.1],"lbl":"57"}},{"type":"Feature","geometry":{"type":"Point","coordinates":[24.021261,49.850524]},"properties":{"name":"Ветеранів (727)","band":3,"modes":"bus","arr":["А58","А59","А63"],"off":[0,-0.8]}},{"type":"Feature","geometry":{"type":"Point","coordinates":[24.021261,49.850524]},"properties":{"name":"Ветеранів (727-1)","band":3,"modes":"bus","arr":["А58","А59","А63"],"off":[0,-1.9]}},{"type":"Feature","geometry":{"type":"Point","coordinates":[24.021261,49.850524]},"properties":{"line":"А58","mode":"bus","color":"#0059a9","colorDark":"#00294f","band":3,"off":[-3.4,1.1],"lbl":"58"}},{"type":"Feature","geometry":{"type":"Point","coordinates":[24.021261,49.850524]},"properties":{"line":"А59","mode":"bus","color":"#0059a9","colorDark":"#00294f","band":3,"off":[0,1.1],"lbl":"59"}},{"type":"Feature","geometry":{"type":"Point","coordinates":[24.021261,49.850524]},"properties":{"line":"А63","mode":"bus","color":"#0059a9","colorDark":"#00294f","band":3,"off":[3.4,1.1],"lbl":"63"}},{"type":"Feature","geometry":{"type":"Point","coordinates":[23.966047,49.945658]},"properties":{"name":"Завадів, Народний дім (1258)","band":3,"modes":"bus","arr":["А58"],"off":[0,-0.8]}},{"type":"Feature","geometry":{"type":"Point","coordinates":[23.966047,49.945658]},"properties":{"name":"Завадів, Народний дім (1257)","band":3,"modes":"bus","arr":["А58"],"off":[0,-3]}},{"type":"Feature","geometry":{"type":"Point","coordinates":[23.966047,49.945658]},"properties":{"line":"А58","mode":"bus","color":"#0059a9","colorDark":"#00294f","band":3,"off":[0,1.1],"lbl":"58"}},{"type":"Feature","geometry":{"type":"Point","coordinates":[23.989323,49.972844]},"properties":{"name":"Зарудці, Біля Озимка (1273)","band":3,"modes":"bus","arr":["А59"],"off":[0,-0.8]}},{"type":"Feature","geometry":{"type":"Point","coordinates":[23.989323,49.972844]},"properties":{"line":"А59","mode":"bus","color":"#0059a9","colorDark":"#00294f","band":3,"off":[0,1.1],"lbl":"59"}},{"type":"Feature","geometry":{"type":"Point","coordinates":[23.974553,49.971672]},"properties":{"name":"Зарудці, Церква (1276)","band":3,"modes":"bus","arr":["А59"],"off":[0,-0.8]}},{"type":"Feature","geometry":{"type":"Point","coordinates":[23.974553,49.971672]},"properties":{"line":"А59","mode":"bus","color":"#0059a9","colorDark":"#00294f","band":3,"off":[0,1.1],"lbl":"59"}},{"type":"Feature","geometry":{"type":"Point","coordinates":[24.120667,49.926191]},"properties":{"name":"Ситихів, Народний дім (1351)","band":3,"modes":"bus","arr":["А60"],"off":[0,-0.8]}},{"type":"Feature","geometry":{"type":"Point","coordinates":[24.120667,49.926191]},"properties":{"line":"А60","mode":"bus","color":"#0059a9","colorDark":"#00294f","band":3,"off":[0,1.1],"lbl":"60"}},{"type":"Feature","geometry":{"type":"Point","coordinates":[24.122638,49.926085]},"properties":{"name":"Ситихів, Народний дім (1352)","band":3,"modes":"bus","arr":["А60"],"off":[0,-0.8]}},{"type":"Feature","geometry":{"type":"Point","coordinates":[24.122638,49.926085]},"properties":{"line":"А60","mode":"bus","color":"#0059a9","colorDark":"#00294f","band":3,"off":[0,1.1],"lbl":"60"}},{"type":"Feature","geometry":{"type":"Point","coordinates":[23.87362,49.875997]},"properties":{"name":"Підрясне, Смерекова (1424)","band":3,"modes":"bus","arr":["А61"],"off":[0,-0.8]}},{"type":"Feature","geometry":{"type":"Point","coordinates":[23.87362,49.875997]},"properties":{"name":"Підрясне, М10 (1423)","band":3,"modes":"bus","arr":["А61"],"off":[0,-3]}},{"type":"Feature","geometry":{"type":"Point","coordinates":[23.87362,49.875997]},"properties":{"line":"А61","mode":"bus","color":"#0059a9","colorDark":"#00294f","band":3,"off":[0,1.1],"lbl":"61"}},{"type":"Feature","geometry":{"type":"Point","coordinates":[24.160181,49.844166]},"properties":{"name":"Підбірці, Народний дім (1390)","band":3,"modes":"bus","arr":["А61"],"off":[0,-0.8]}},{"type":"Feature","geometry":{"type":"Point","coordinates":[24.160181,49.844166]},"properties":{"name":"Підбірці, Народний дім (1389)","band":3,"modes":"bus","arr":["А61"],"off":[0,-3]}},{"type":"Feature","geometry":{"type":"Point","coordinates":[24.160181,49.844166]},"properties":{"line":"А61","mode":"bus","color":"#0059a9","colorDark":"#00294f","band":3,"off":[0,1.1],"lbl":"61"}},{"type":"Feature","geometry":{"type":"Point","coordinates":[24.012729,49.918245]},"properties":{"name":"Малі Грибовичі, Центр (1294)","band":3,"modes":"bus","arr":["А62"],"off":[0,-0.8]}},{"type":"Feature","geometry":{"type":"Point","coordinates":[24.012729,49.918245]},"properties":{"name":"Малі Грибовичі, Центр (1293)","band":3,"modes":"bus","arr":["А62"],"off":[0,-3]}},{"type":"Feature","geometry":{"type":"Point","coordinates":[24.012729,49.918245]},"properties":{"line":"А62","mode":"bus","color":"#0059a9","colorDark":"#00294f","band":3,"off":[0,1.1],"lbl":"62"}},{"type":"Feature","geometry":{"type":"Point","coordinates":[23.989919,49.927697]},"properties":{"name":"Воля Гамулецька, Церква (1324)","band":3,"modes":"bus","arr":["А63"],"off":[0,-0.8]}},{"type":"Feature","geometry":{"type":"Point","coordinates":[23.989919,49.927697]},"properties":{"line":"А63","mode":"bus","color":"#0059a9","colorDark":"#00294f","band":3,"off":[0,1.1],"lbl":"63"}},{"type":"Feature","geometry":{"type":"Point","coordinates":[23.988378,49.927369]},"properties":{"name":"Воля Гамулецька, Центр (1326)","band":3,"modes":"bus","arr":["А63"],"off":[0,-0.8]}},{"type":"Feature","geometry":{"type":"Point","coordinates":[23.988378,49.927369]},"properties":{"line":"А63","mode":"bus","color":"#0059a9","colorDark":"#00294f","band":3,"off":[0,1.1],"lbl":"63"}},{"type":"Feature","geometry":{"type":"Point","coordinates":[24.024017,49.844556]},"properties":{"name":"Магнус (82)","band":3,"modes":"bus","arr":["А67"],"off":[0,-0.8]}},{"type":"Feature","geometry":{"type":"Point","coordinates":[24.024017,49.844556]},"properties":{"line":"А67","mode":"bus","color":"#0059a9","colorDark":"#00294f","band":3,"off":[0,1.1],"lbl":"67"}},{"type":"Feature","geometry":{"type":"Point","coordinates":[23.925809,49.913388]},"properties":{"name":"Брюховичі, Центр святого Миколая (1080)","band":3,"modes":"bus","arr":["А67"],"off":[0,-0.8]}},{"type":"Feature","geometry":{"type":"Point","coordinates":[23.925809,49.913388]},"properties":{"line":"А67","mode":"bus","color":"#0059a9","colorDark":"#00294f","band":3,"off":[0,1.1],"lbl":"67"}},{"type":"Feature","geometry":{"type":"Point","coordinates":[23.925878,49.914034]},"properties":{"name":"Брюховичі, Центр святого Миколая (1079)","band":3,"modes":"bus","arr":["А67"],"off":[0,-0.8]}},{"type":"Feature","geometry":{"type":"Point","coordinates":[23.925878,49.914034]},"properties":{"line":"А67","mode":"bus","color":"#0059a9","colorDark":"#00294f","band":3,"off":[0,1.1],"lbl":"67"}},{"type":"Feature","geometry":{"type":"Point","coordinates":[24.059459,49.911034]},"properties":{"name":"Великі Грибовичі, Шкільна (1168)","band":3,"modes":"bus","arr":["А80"],"off":[0,-0.8]}},{"type":"Feature","geometry":{"type":"Point","coordinates":[24.059459,49.911034]},"properties":{"line":"А80","mode":"bus","color":"#0059a9","colorDark":"#00294f","band":3,"off":[0,1.1],"lbl":"80"}},{"type":"Feature","geometry":{"type":"Point","coordinates":[24.0615,49.842397]},"properties":{"name":"Музей народної архітектури (857)","band":3,"modes":"bus","arr":["А99"],"off":[0,-0.8]}},{"type":"Feature","geometry":{"type":"Point","coordinates":[24.0615,49.842397]},"properties":{"name":"Музей народної архітектури (856)","band":3,"modes":"bus","arr":["А99"],"off":[0,-3]}},{"type":"Feature","geometry":{"type":"Point","coordinates":[24.0615,49.842397]},"properties":{"line":"А99","mode":"bus","color":"#0059a9","colorDark":"#00294f","band":3,"off":[0,1.1],"lbl":"99"}},{"type":"Feature","geometry":{"type":"Point","coordinates":[24.005368,49.837293]},"properties":{"name":"Площа Кропивницького (46)","band":3,"modes":"bus","arr":["Тр38"],"off":[0,-0.8]}},{"type":"Feature","geometry":{"type":"Point","coordinates":[24.005368,49.837293]},"properties":{"line":"Тр38","mode":"bus","color":"#149a3f","colorDark":"#0a5121","band":3,"off":[0,1.1],"lbl":"38"}},{"type":"Feature","geometry":{"type":"Point","coordinates":[24.005566,49.836497]},"properties":{"name":"Площа Кропивницького (79)","band":3,"modes":"bus","arr":["Тр38"],"off":[0,-0.8]}},{"type":"Feature","geometry":{"type":"Point","coordinates":[24.005566,49.836497]},"properties":{"line":"Тр38","mode":"bus","color":"#149a3f","colorDark":"#0a5121","band":3,"off":[0,1.1],"lbl":"38"}},{"type":"Feature","geometry":{"type":"Point","coordinates":[24.096872,49.782899]},"properties":{"name":"Центр легеневого здоров’я (390)","band":3,"modes":"bus","arr":["Тр31"],"off":[0,-0.8]}},{"type":"Feature","geometry":{"type":"Point","coordinates":[24.096872,49.782899]},"properties":{"name":"Центр легеневого здоров’я (353)","band":3,"modes":"bus","arr":["Тр31"],"off":[0,-3]}},{"type":"Feature","geometry":{"type":"Point","coordinates":[24.096872,49.782899]},"properties":{"line":"Тр31","mode":"bus","color":"#149a3f","colorDark":"#0a5121","band":3,"off":[0,1.1],"lbl":"31"}},{"type":"Feature","geometry":{"type":"Point","coordinates":[24.044929,49.80165]},"properties":{"name":"Хуторівка (427)","band":3,"modes":"bus","arr":["Тр38"],"off":[0,-0.8]}},{"type":"Feature","geometry":{"type":"Point","coordinates":[24.044929,49.80165]},"properties":{"name":"Хуторівка (427-1)","band":3,"modes":"bus","arr":["Тр38"],"off":[0,-1.9]}},{"type":"Feature","geometry":{"type":"Point","coordinates":[24.044929,49.80165]},"properties":{"line":"Тр38","mode":"bus","color":"#149a3f","colorDark":"#0a5121","band":3,"off":[0,1.1],"lbl":"38"}},{"type":"Feature","geometry":{"type":"Point","coordinates":[23.996784,49.839013]},"properties":{"name":"Залізничний вокзал (118)","band":3,"modes":"tram","arr":["Т01","Т04","Т06","Т09"],"off":[0,-0.8]}},{"type":"Feature","geometry":{"type":"Point","coordinates":[23.996784,49.839013]},"properties":{"line":"Т01","mode":"tram","color":"#556B2F","colorDark":"#2f3b1a","band":3,"off":[-5.1,1.1],"lbl":"1"}},{"type":"Feature","geometry":{"type":"Point","coordinates":[23.996784,49.839013]},"properties":{"line":"Т04","mode":"tram","color":"#556B2F","colorDark":"#2f3b1a","band":3,"off":[-1.7,1.1],"lbl":"4"}},{"type":"Feature","geometry":{"type":"Point","coordinates":[23.996784,49.839013]},"properties":{"line":"Т06","mode":"tram","color":"#FFFFFF","colorDark":"#8c8c8c","band":3,"off":[1.7,1.1],"lbl":"6"}},{"type":"Feature","geometry":{"type":"Point","coordinates":[23.996784,49.839013]},"properties":{"line":"Т09","mode":"tram","color":"#556B2F","colorDark":"#2f3b1a","band":3,"off":[5.1,1.1],"lbl":"9"}},{"type":"Feature","geometry":{"type":"Point","coordinates":[24.056533,49.829149]},"properties":{"name":"Погулянка (197)","band":3,"modes":"tram","arr":["Т01","Т07"],"off":[0,-0.8]}},{"type":"Feature","geometry":{"type":"Point","coordinates":[24.056533,49.829149]},"properties":{"name":"Погулянка (197-01)","band":3,"modes":"tram","arr":["Т01","Т07"],"off":[0,-1.9]}},{"type":"Feature","geometry":{"type":"Point","coordinates":[24.056533,49.829149]},"properties":{"line":"Т01","mode":"tram","color":"#556B2F","colorDark":"#2f3b1a","band":3,"off":[-1.7,1.1],"lbl":"1"}},{"type":"Feature","geometry":{"type":"Point","coordinates":[24.056533,49.829149]},"properties":{"line":"Т07","mode":"tram","color":"#556B2F","colorDark":"#2f3b1a","band":3,"off":[1.7,1.1],"lbl":"7"}},{"type":"Feature","geometry":{"type":"Point","coordinates":[23.993049,49.824301]},"properties":{"name":"Коновальця, музей Труша (504)","band":3,"modes":"tram","arr":["Т02"],"off":[0,-0.8]}},{"type":"Feature","geometry":{"type":"Point","coordinates":[23.993049,49.824301]},"properties":{"name":"Коновальця (677)","band":3,"modes":"tram","arr":["Т02"],"off":[0,-3]}},{"type":"Feature","geometry":{"type":"Point","coordinates":[23.993049,49.824301]},"properties":{"line":"Т02","mode":"tram","color":"#556B2F","colorDark":"#2f3b1a","band":3,"off":[0,1.1],"lbl":"2"}},{"type":"Feature","geometry":{"type":"Point","coordinates":[24.067965,49.835564]},"properties":{"name":"Пасічна (286)","band":3,"modes":"tram","arr":["Т02"],"off":[0,-0.8]}},{"type":"Feature","geometry":{"type":"Point","coordinates":[24.067965,49.835564]},"properties":{"name":"Пасічна (286-1)","band":3,"modes":"tram","arr":["Т02"],"off":[0,-1.9]}},{"type":"Feature","geometry":{"type":"Point","coordinates":[24.067965,49.835564]},"properties":{"line":"Т02","mode":"tram","color":"#556B2F","colorDark":"#2f3b1a","band":3,"off":[0,1.1],"lbl":"2"}},{"type":"Feature","geometry":{"type":"Point","coordinates":[24.035016,49.838061]},"properties":{"name":"Соборна (74)","band":3,"modes":"tram","arr":["Т03","Т08"],"off":[0,-0.8]}},{"type":"Feature","geometry":{"type":"Point","coordinates":[24.035016,49.838061]},"properties":{"line":"Т03","mode":"tram","color":"#FFFFFF","colorDark":"#8c8c8c","band":3,"off":[-1.7,1.1],"lbl":"3"}},{"type":"Feature","geometry":{"type":"Point","coordinates":[24.035016,49.838061]},"properties":{"line":"Т08","mode":"tram","color":"#FFFFFF","colorDark":"#8c8c8c","band":3,"off":[1.7,1.1],"lbl":"8"}},{"type":"Feature","geometry":{"type":"Point","coordinates":[23.99893,49.807151]},"properties":{"name":"Аквапарк-висадка (519-01)","band":3,"modes":"tram","arr":["Т03"],"off":[0,-0.8]}},{"type":"Feature","geometry":{"type":"Point","coordinates":[23.99893,49.807151]},"properties":{"name":"Аквапарк (519)","band":3,"modes":"tram","arr":["Т03"],"off":[0,-3]}},{"type":"Feature","geometry":{"type":"Point","coordinates":[23.99893,49.807151]},"properties":{"line":"Т03","mode":"tram","color":"#FFFFFF","colorDark":"#8c8c8c","band":3,"off":[0,1.1],"lbl":"3"}},{"type":"Feature","geometry":{"type":"Point","coordinates":[24.034755,49.838592]},"properties":{"name":"ПЛ. СОБОРНА","band":3,"modes":"tram","arr":["Т03","Т08"],"off":[0,-0.8]}},{"type":"Feature","geometry":{"type":"Point","coordinates":[24.034755,49.838592]},"properties":{"line":"Т03","mode":"tram","color":"#FFFFFF","colorDark":"#8c8c8c","band":3,"off":[-1.7,1.1],"lbl":"3"}},{"type":"Feature","geometry":{"type":"Point","coordinates":[24.034755,49.838592]},"properties":{"line":"Т08","mode":"tram","color":"#FFFFFF","colorDark":"#8c8c8c","band":3,"off":[1.7,1.1],"lbl":"8"}},{"type":"Feature","geometry":{"type":"Point","coordinates":[24.059227,49.782462]},"properties":{"name":"Вернадського (785)","band":3,"modes":"tram","arr":["Т04","Т08"],"off":[0,-0.8]}},{"type":"Feature","geometry":{"type":"Point","coordinates":[24.059227,49.782462]},"properties":{"name":"Вернадського (784)","band":3,"modes":"tram","arr":["Т04","Т08"],"off":[0,-1.9]}},{"type":"Feature","geometry":{"type":"Point","coordinates":[24.059227,49.782462]},"properties":{"line":"Т04","mode":"tram","color":"#556B2F","colorDark":"#2f3b1a","band":3,"off":[-1.7,1.1],"lbl":"4"}},{"type":"Feature","geometry":{"type":"Point","coordinates":[24.059227,49.782462]},"properties":{"line":"Т08","mode":"tram","color":"#FFFFFF","colorDark":"#8c8c8c","band":3,"off":[1.7,1.1],"lbl":"8"}},{"type":"Feature","geometry":{"type":"Point","coordinates":[24.044206,49.865903]},"properties":{"name":"Миколайчука (661-01)","band":3,"modes":"tram","arr":["Т06"],"off":[0,-0.8]}},{"type":"Feature","geometry":{"type":"Point","coordinates":[24.044206,49.865903]},"properties":{"line":"Т06","mode":"tram","color":"#FFFFFF","colorDark":"#8c8c8c","band":3,"off":[0,1.1],"lbl":"6"}},{"type":"Feature","geometry":{"type":"Point","coordinates":[24.044541,49.866507]},"properties":{"name":"Миколайчука (661)","band":3,"modes":"tram","arr":["Т06"],"off":[0,-0.8]}},{"type":"Feature","geometry":{"type":"Point","coordinates":[24.044541,49.866507]},"properties":{"line":"Т06","mode":"tram","color":"#FFFFFF","colorDark":"#8c8c8c","band":3,"off":[0,1.1],"lbl":"6"}},{"type":"Feature","geometry":{"type":"Point","coordinates":[23.986928,49.853705]},"properties":{"name":"Отця Омеляна Ковча-висадка (703-1)","band":3,"modes":"tram","arr":["Т07"],"off":[0,-0.8]}},{"type":"Feature","geometry":{"type":"Point","coordinates":[23.986928,49.853705]},"properties":{"name":"Отця Омеляна Ковча (703)","band":3,"modes":"tram","arr":["Т07"],"off":[0,-3]}},{"type":"Feature","geometry":{"type":"Point","coordinates":[23.986928,49.853705]},"properties":{"line":"Т07","mode":"tram","color":"#556B2F","colorDark":"#2f3b1a","band":3,"off":[0,1.1],"lbl":"7"}},{"type":"Feature","geometry":{"type":"Point","coordinates":[24.026695,49.861679]},"properties":{"name":"Торф'яна (704-01)","band":3,"modes":"tram","arr":["Т09"],"off":[0,-0.8]}},{"type":"Feature","geometry":{"type":"Point","coordinates":[24.026695,49.861679]},"properties":{"line":"Т09","mode":"tram","color":"#556B2F","colorDark":"#2f3b1a","band":3,"off":[0,1.1],"lbl":"9"}},{"type":"Feature","geometry":{"type":"Point","coordinates":[24.02675,49.861041]},"properties":{"name":"Торф’яна (704)","band":3,"modes":"tram","arr":["Т09"],"off":[0,-0.8]}},{"type":"Feature","geometry":{"type":"Point","coordinates":[24.02675,49.861041]},"properties":{"line":"Т09","mode":"tram","color":"#556B2F","colorDark":"#2f3b1a","band":3,"off":[0,1.1],"lbl":"9"}},{"type":"Feature","geometry":{"type":"Point","coordinates":[24.09257,49.904272]},"properties":{"name":"Дубляни, Школа (1313)","band":4,"modes":"bus","arr":["А01"],"off":[0,-0.8]}},{"type":"Feature","geometry":{"type":"Point","coordinates":[24.09257,49.904272]},"properties":{"line":"А01","mode":"bus","color":"#0059a9","colorDark":"#00294f","band":4,"off":[0,1.1],"lbl":"1"}},{"type":"Feature","geometry":{"type":"Point","coordinates":[24.056856,49.869418]},"properties":{"name":"Скейт-парк (738)","band":4,"modes":"bus","arr":["А12"],"off":[0,-0.8]}},{"type":"Feature","geometry":{"type":"Point","coordinates":[24.056856,49.869418]},"properties":{"line":"А12","mode":"bus","color":"#0059a9","colorDark":"#00294f","band":4,"off":[0,1.1],"lbl":"12"}},{"type":"Feature","geometry":{"type":"Point","coordinates":[24.050672,49.865109]},"properties":{"name":"Автостанція №2 (601)","band":4,"modes":"bus","arr":["А12"],"off":[0,-0.8]}},{"type":"Feature","geometry":{"type":"Point","coordinates":[24.050672,49.865109]},"properties":{"line":"А12","mode":"bus","color":"#0059a9","colorDark":"#00294f","band":4,"off":[0,1.1],"lbl":"12"}},{"type":"Feature","geometry":{"type":"Point","coordinates":[24.025559,49.845536]},"properties":{"name":"Проспект Чорновола (705)","band":4,"modes":"bus","arr":["А03","А05","А55","А57","А60","А80"],"off":[0,-0.8]}},{"type":"Feature","geometry":{"type":"Point","coordinates":[24.025559,49.845536]},"properties":{"name":"Площа Різні (62)","band":4,"modes":"bus","arr":["А03","А05","А55","А57","А60","А80"],"off":[0,-3]}},{"type":"Feature","geometry":{"type":"Point","coordinates":[24.025559,49.845536]},"properties":{"line":"А03","mode":"bus","color":"#0059a9","colorDark":"#00294f","band":4,"off":[-6.8,1.1],"lbl":"3"}},{"type":"Feature","geometry":{"type":"Point","coordinates":[24.025559,49.845536]},"properties":{"line":"А05","mode":"bus","color":"#0059a9","colorDark":"#00294f","band":4,"off":[-3.4,1.1],"lbl":"5"}},{"type":"Feature","geometry":{"type":"Point","coordinates":[24.025559,49.845536]},"properties":{"line":"А55","mode":"bus","color":"#0059a9","colorDark":"#00294f","band":4,"off":[0,1.1],"lbl":"55"}},{"type":"Feature","geometry":{"type":"Point","coordinates":[24.025559,49.845536]},"properties":{"line":"А57","mode":"bus","color":"#0059a9","colorDark":"#00294f","band":4,"off":[3.4,1.1],"lbl":"57"}},{"type":"Feature","geometry":{"type":"Point","coordinates":[24.025559,49.845536]},"properties":{"line":"А60","mode":"bus","color":"#0059a9","colorDark":"#00294f","band":4,"off":[6.8,1.1],"lbl":"60"}},{"type":"Feature","geometry":{"type":"Point","coordinates":[24.025559,49.845536]},"properties":{"line":"А80","mode":"bus","color":"#0059a9","colorDark":"#00294f","band":4,"off":[0,3.1],"lbl":"80"}},{"type":"Feature","geometry":{"type":"Point","coordinates":[24.028267,49.840049]},"properties":{"name":"Проспект Свободи (67)","band":4,"modes":"bus","arr":["А01","А06"],"off":[0,-0.8]}},{"type":"Feature","geometry":{"type":"Point","coordinates":[24.028267,49.840049]},"properties":{"line":"А01","mode":"bus","color":"#0059a9","colorDark":"#00294f","band":4,"off":[-1.7,1.1],"lbl":"1"}},{"type":"Feature","geometry":{"type":"Point","coordinates":[24.028267,49.840049]},"properties":{"line":"А06","mode":"bus","color":"#0059a9","colorDark":"#00294f","band":4,"off":[1.7,1.1],"lbl":"6"}},{"type":"Feature","geometry":{"type":"Point","coordinates":[24.032807,49.839312]},"properties":{"name":"Площа Галицька (10)","band":4,"modes":"bus","arr":["А01","А06","А39а","А99"],"off":[0,-0.8]}},{"type":"Feature","geometry":{"type":"Point","coordinates":[24.032807,49.839312]},"properties":{"line":"А01","mode":"bus","color":"#0059a9","colorDark":"#00294f","band":4,"off":[-5.1,1.1],"lbl":"1"}},{"type":"Feature","geometry":{"type":"Point","coordinates":[24.032807,49.839312]},"properties":{"line":"А06","mode":"bus","color":"#0059a9","colorDark":"#00294f","band":4,"off":[-1.7,1.1],"lbl":"6"}},{"type":"Feature","geometry":{"type":"Point","coordinates":[24.032807,49.839312]},"properties":{"line":"А39а","mode":"bus","color":"#0059a9","colorDark":"#00294f","band":4,"off":[1.7,1.1],"lbl":"39а"}},{"type":"Feature","geometry":{"type":"Point","coordinates":[24.032807,49.839312]},"properties":{"line":"А99","mode":"bus","color":"#0059a9","colorDark":"#00294f","band":4,"off":[5.1,1.1],"lbl":"99"}},{"type":"Feature","geometry":{"type":"Point","coordinates":[24.027706,49.844814]},"properties":{"name":"Театральна (40)","band":4,"modes":"bus","arr":["А03","А05","А57"],"off":[0,-0.8]}},{"type":"Feature","geometry":{"type":"Point","coordinates":[24.027706,49.844814]},"properties":{"line":"А03","mode":"bus","color":"#0059a9","colorDark":"#00294f","band":4,"off":[-3.4,1.1],"lbl":"3"}},{"type":"Feature","geometry":{"type":"Point","coordinates":[24.027706,49.844814]},"properties":{"line":"А05","mode":"bus","color":"#0059a9","colorDark":"#00294f","band":4,"off":[0,1.1],"lbl":"5"}},{"type":"Feature","geometry":{"type":"Point","coordinates":[24.027706,49.844814]},"properties":{"line":"А57","mode":"bus","color":"#0059a9","colorDark":"#00294f","band":4,"off":[3.4,1.1],"lbl":"57"}},{"type":"Feature","geometry":{"type":"Point","coordinates":[24.056217,49.868663]},"properties":{"name":"Скейт-парк (589)","band":4,"modes":"bus","arr":["А34"],"off":[0,-0.8]}},{"type":"Feature","geometry":{"type":"Point","coordinates":[24.056217,49.868663]},"properties":{"line":"А34","mode":"bus","color":"#0059a9","colorDark":"#00294f","band":4,"off":[0,1.1],"lbl":"34"}},{"type":"Feature","geometry":{"type":"Point","coordinates":[24.060112,49.873229]},"properties":{"name":"Галицьке перехрестя (595)","band":4,"modes":"bus","arr":["А31","А41","А48","А51","А53"],"off":[0,-0.8]}},{"type":"Feature","geometry":{"type":"Point","coordinates":[24.060112,49.873229]},"properties":{"line":"А31","mode":"bus","color":"#0059a9","colorDark":"#00294f","band":4,"off":[-6.8,1.1],"lbl":"31"}},{"type":"Feature","geometry":{"type":"Point","coordinates":[24.060112,49.873229]},"properties":{"line":"А41","mode":"bus","color":"#0059a9","colorDark":"#00294f","band":4,"off":[-3.4,1.1],"lbl":"41"}},{"type":"Feature","geometry":{"type":"Point","coordinates":[24.060112,49.873229]},"properties":{"line":"А48","mode":"bus","color":"#0059a9","colorDark":"#00294f","band":4,"off":[0,1.1],"lbl":"48"}},{"type":"Feature","geometry":{"type":"Point","coordinates":[24.060112,49.873229]},"properties":{"line":"А51","mode":"bus","color":"#0059a9","colorDark":"#00294f","band":4,"off":[3.4,1.1],"lbl":"51"}},{"type":"Feature","geometry":{"type":"Point","coordinates":[24.060112,49.873229]},"properties":{"line":"А53","mode":"bus","color":"#0059a9","colorDark":"#00294f","band":4,"off":[6.8,1.1],"lbl":"53"}},{"type":"Feature","geometry":{"type":"Point","coordinates":[24.09313,49.904251]},"properties":{"name":"Дубляни, Школа (1300)","band":4,"modes":"bus","arr":["А01"],"off":[0,-0.8]}},{"type":"Feature","geometry":{"type":"Point","coordinates":[24.09313,49.904251]},"properties":{"line":"А01","mode":"bus","color":"#0059a9","colorDark":"#00294f","band":4,"off":[0,1.1],"lbl":"1"}},{"type":"Feature","geometry":{"type":"Point","coordinates":[24.012652,49.774182]},"properties":{"name":"ТРЦ Кінг Кросс (320)","band":4,"modes":"bus","arr":["А03","А10","А25","А40"],"off":[0,-0.8]}},{"type":"Feature","geometry":{"type":"Point","coordinates":[24.012652,49.774182]},"properties":{"name":"ТРЦ Кінг Кросс (320-01)","band":4,"modes":"bus","arr":["А03","А10","А25","А40"],"off":[0,-3]}},{"type":"Feature","geometry":{"type":"Point","coordinates":[24.012652,49.774182]},"properties":{"line":"А03","mode":"bus","color":"#0059a9","colorDark":"#00294f","band":4,"off":[-5.1,1.1],"lbl":"3"}},{"type":"Feature","geometry":{"type":"Point","coordinates":[24.012652,49.774182]},"properties":{"line":"А10","mode":"bus","color":"#0059a9","colorDark":"#00294f","band":4,"off":[-1.7,1.1],"lbl":"10"}},{"type":"Feature","geometry":{"type":"Point","coordinates":[24.012652,49.774182]},"properties":{"line":"А25","mode":"bus","color":"#0059a9","colorDark":"#00294f","band":4,"off":[1.7,1.1],"lbl":"25"}},{"type":"Feature","geometry":{"type":"Point","coordinates":[24.012652,49.774182]},"properties":{"line":"А40","mode":"bus","color":"#0059a9","colorDark":"#00294f","band":4,"off":[5.1,1.1],"lbl":"40"}},{"type":"Feature","geometry":{"type":"Point","coordinates":[24.017415,49.787423]},"properties":{"name":"Автовокзал (433)","band":4,"modes":"bus","arr":["А09","Тр22","Тр23","Тр25"],"off":[0,-0.8]}},{"type":"Feature","geometry":{"type":"Point","coordinates":[24.017415,49.787423]},"properties":{"name":"Автовокзал (433-01)","band":4,"modes":"bus","arr":["А09","Тр22","Тр23","Тр25"],"off":[0,-1.9]}},{"type":"Feature","geometry":{"type":"Point","coordinates":[24.017415,49.787423]},"properties":{"line":"А09","mode":"bus","color":"#0059a9","colorDark":"#00294f","band":4,"off":[-5.1,1.1],"lbl":"9"}},{"type":"Feature","geometry":{"type":"Point","coordinates":[24.017415,49.787423]},"properties":{"line":"Тр22","mode":"bus","color":"#149a3f","colorDark":"#0a5121","band":4,"off":[-1.7,1.1],"lbl":"22"}},{"type":"Feature","geometry":{"type":"Point","coordinates":[24.017415,49.787423]},"properties":{"line":"Тр23","mode":"bus","color":"#149a3f","colorDark":"#0a5121","band":4,"off":[1.7,1.1],"lbl":"23"}},{"type":"Feature","geometry":{"type":"Point","coordinates":[24.017415,49.787423]},"properties":{"line":"Тр25","mode":"bus","color":"#149a3f","colorDark":"#0a5121","band":4,"off":[5.1,1.1],"lbl":"25"}},{"type":"Feature","geometry":{"type":"Point","coordinates":[24.035259,49.833607]},"properties":{"name":"Шота Руставелі (291)","band":4,"modes":"bus","arr":["Тр24","Тр25","Тр31"],"off":[0,-0.8]}},{"type":"Feature","geometry":{"type":"Point","coordinates":[24.035259,49.833607]},"properties":{"line":"Тр24","mode":"bus","color":"#149a3f","colorDark":"#0a5121","band":4,"off":[-3.4,1.1],"lbl":"24"}},{"type":"Feature","geometry":{"type":"Point","coordinates":[24.035259,49.833607]},"properties":{"line":"Тр25","mode":"bus","color":"#149a3f","colorDark":"#0a5121","band":4,"off":[0,1.1],"lbl":"25"}},{"type":"Feature","geometry":{"type":"Point","coordinates":[24.035259,49.833607]},"properties":{"line":"Тр31","mode":"bus","color":"#149a3f","colorDark":"#0a5121","band":4,"off":[3.4,1.1],"lbl":"31"}},{"type":"Feature","geometry":{"type":"Point","coordinates":[24.016905,49.797709]},"properties":{"name":"Скорини (560)","band":4,"modes":"bus","arr":["А57"],"off":[0,-0.8]}},{"type":"Feature","geometry":{"type":"Point","coordinates":[24.016905,49.797709]},"properties":{"line":"А57","mode":"bus","color":"#0059a9","colorDark":"#00294f","band":4,"off":[0,1.1],"lbl":"57"}},{"type":"Feature","geometry":{"type":"Point","coordinates":[24.015523,49.791433]},"properties":{"name":"Максимовича (562)","band":4,"modes":"bus","arr":["А09"],"off":[0,-0.8]}},{"type":"Feature","geometry":{"type":"Point","coordinates":[24.015523,49.791433]},"properties":{"line":"А09","mode":"bus","color":"#0059a9","colorDark":"#00294f","band":4,"off":[0,1.1],"lbl":"9"}},{"type":"Feature","geometry":{"type":"Point","coordinates":[24.121033,49.80576]},"properties":{"name":"Винники, Джерельна (1033)","band":4,"modes":"bus","arr":["А05"],"off":[0,-0.8]}},{"type":"Feature","geometry":{"type":"Point","coordinates":[24.121033,49.80576]},"properties":{"line":"А05","mode":"bus","color":"#0059a9","colorDark":"#00294f","band":4,"off":[0,1.1],"lbl":"5"}},{"type":"Feature","geometry":{"type":"Point","coordinates":[24.120149,49.809051]},"properties":{"name":"Винники, Забава (1001)","band":4,"modes":"bus","arr":["А05"],"off":[0,-0.8]}},{"type":"Feature","geometry":{"type":"Point","coordinates":[24.120149,49.809051]},"properties":{"line":"А05","mode":"bus","color":"#0059a9","colorDark":"#00294f","band":4,"off":[0,1.1],"lbl":"5"}},{"type":"Feature","geometry":{"type":"Point","coordinates":[24.071008,49.835923]},"properties":{"name":"Автостанція №6 (256)","band":4,"modes":"bus","arr":["А27"],"off":[0,-0.8]}},{"type":"Feature","geometry":{"type":"Point","coordinates":[24.071008,49.835923]},"properties":{"line":"А27","mode":"bus","color":"#0059a9","colorDark":"#00294f","band":4,"off":[0,1.1],"lbl":"27"}},{"type":"Feature","geometry":{"type":"Point","coordinates":[23.938055,49.875405]},"properties":{"name":"Рясне-2 (655)","band":4,"modes":"bus","arr":["А06","А11","А12","А47","А49"],"off":[0,-0.8]}},{"type":"Feature","geometry":{"type":"Point","coordinates":[23.938055,49.875405]},"properties":{"line":"А06","mode":"bus","color":"#0059a9","colorDark":"#00294f","band":4,"off":[-6.8,1.1],"lbl":"6"}},{"type":"Feature","geometry":{"type":"Point","coordinates":[23.938055,49.875405]},"properties":{"line":"А11","mode":"bus","color":"#0059a9","colorDark":"#00294f","band":4,"off":[-3.4,1.1],"lbl":"11"}},{"type":"Feature","geometry":{"type":"Point","coordinates":[23.938055,49.875405]},"properties":{"line":"А12","mode":"bus","color":"#0059a9","colorDark":"#00294f","band":4,"off":[0,1.1],"lbl":"12"}},{"type":"Feature","geometry":{"type":"Point","coordinates":[23.938055,49.875405]},"properties":{"line":"А47","mode":"bus","color":"#0059a9","colorDark":"#00294f","band":4,"off":[3.4,1.1],"lbl":"47"}},{"type":"Feature","geometry":{"type":"Point","coordinates":[23.938055,49.875405]},"properties":{"line":"А49","mode":"bus","color":"#0059a9","colorDark":"#00294f","band":4,"off":[6.8,1.1],"lbl":"49"}},{"type":"Feature","geometry":{"type":"Point","coordinates":[24.022188,49.843141]},"properties":{"name":"Наливайка (14)","band":4,"modes":"bus","arr":["А67"],"off":[0,-0.8]}},{"type":"Feature","geometry":{"type":"Point","coordinates":[24.022188,49.843141]},"properties":{"line":"А67","mode":"bus","color":"#0059a9","colorDark":"#00294f","band":4,"off":[0,1.1],"lbl":"67"}},{"type":"Feature","geometry":{"type":"Point","coordinates":[23.932543,49.875225]},"properties":{"name":"Величковського (657)","band":4,"modes":"bus","arr":["А11","А12","А47"],"off":[0,-0.8]}},{"type":"Feature","geometry":{"type":"Point","coordinates":[23.932543,49.875225]},"properties":{"line":"А11","mode":"bus","color":"#0059a9","colorDark":"#00294f","band":4,"off":[-3.4,1.1],"lbl":"11"}},{"type":"Feature","geometry":{"type":"Point","coordinates":[23.932543,49.875225]},"properties":{"line":"А12","mode":"bus","color":"#0059a9","colorDark":"#00294f","band":4,"off":[0,1.1],"lbl":"12"}},{"type":"Feature","geometry":{"type":"Point","coordinates":[23.932543,49.875225]},"properties":{"line":"А47","mode":"bus","color":"#0059a9","colorDark":"#00294f","band":4,"off":[3.4,1.1],"lbl":"47"}},{"type":"Feature","geometry":{"type":"Point","coordinates":[23.938314,49.87559]},"properties":{"name":"Рясне-2 (655-1)","band":4,"modes":"bus","arr":["А06","А49"],"off":[0,-0.8]}},{"type":"Feature","geometry":{"type":"Point","coordinates":[23.938314,49.87559]},"properties":{"line":"А06","mode":"bus","color":"#0059a9","colorDark":"#00294f","band":4,"off":[-1.7,1.1],"lbl":"6"}},{"type":"Feature","geometry":{"type":"Point","coordinates":[23.938314,49.87559]},"properties":{"line":"А49","mode":"bus","color":"#0059a9","colorDark":"#00294f","band":4,"off":[1.7,1.1],"lbl":"49"}},{"type":"Feature","geometry":{"type":"Point","coordinates":[24.055372,49.870642]},"properties":{"name":"Чигиринська (576)","band":4,"modes":"bus","arr":["А07","А34"],"off":[0,-0.8]}},{"type":"Feature","geometry":{"type":"Point","coordinates":[24.055372,49.870642]},"properties":{"name":"Чигиринська (575)","band":4,"modes":"bus","arr":["А07","А34"],"off":[0,-1.9]}},{"type":"Feature","geometry":{"type":"Point","coordinates":[24.055372,49.870642]},"properties":{"line":"А07","mode":"bus","color":"#0059a9","colorDark":"#00294f","band":4,"off":[-1.7,1.1],"lbl":"7"}},{"type":"Feature","geometry":{"type":"Point","coordinates":[24.055372,49.870642]},"properties":{"line":"А34","mode":"bus","color":"#0059a9","colorDark":"#00294f","band":4,"off":[1.7,1.1],"lbl":"34"}},{"type":"Feature","geometry":{"type":"Point","coordinates":[24.052262,49.871996]},"properties":{"name":"Грінченка (574)","band":4,"modes":"bus","arr":["А39"],"off":[0,-0.8]}},{"type":"Feature","geometry":{"type":"Point","coordinates":[24.052262,49.871996]},"properties":{"line":"А39","mode":"bus","color":"#0059a9","colorDark":"#00294f","band":4,"off":[0,1.1],"lbl":"39"}},{"type":"Feature","geometry":{"type":"Point","coordinates":[24.016294,49.866405]},"properties":{"name":"Варшавська (612)","band":4,"modes":"bus","arr":["А52"],"off":[0,-0.8]}},{"type":"Feature","geometry":{"type":"Point","coordinates":[24.016294,49.866405]},"properties":{"line":"А52","mode":"bus","color":"#0059a9","colorDark":"#00294f","band":4,"off":[0,1.1],"lbl":"52"}},{"type":"Feature","geometry":{"type":"Point","coordinates":[23.999206,49.836339]},"properties":{"name":"Привокзальний ринок (110)","band":4,"modes":"bus","arr":["А15"],"off":[0,-0.8]}},{"type":"Feature","geometry":{"type":"Point","coordinates":[23.999206,49.836339]},"properties":{"line":"А15","mode":"bus","color":"#0059a9","colorDark":"#00294f","band":4,"off":[0,1.1],"lbl":"15"}},{"type":"Feature","geometry":{"type":"Point","coordinates":[24.058914,49.785328]},"properties":{"name":"Санта Барбара (457)","band":4,"modes":"bus","arr":["А07","А11","А32","А46","А47","А53","Тр24"],"off":[0,-0.8]}},{"type":"Feature","geometry":{"type":"Point","coordinates":[24.058914,49.785328]},"properties":{"line":"А07","mode":"bus","color":"#0059a9","colorDark":"#00294f","band":4,"off":[-6.8,1.1],"lbl":"7"}},{"type":"Feature","geometry":{"type":"Point","coordinates":[24.058914,49.785328]},"properties":{"line":"А11","mode":"bus","color":"#0059a9","colorDark":"#00294f","band":4,"off":[-3.4,1.1],"lbl":"11"}},{"type":"Feature","geometry":{"type":"Point","coordinates":[24.058914,49.785328]},"properties":{"line":"А32","mode":"bus","color":"#0059a9","colorDark":"#00294f","band":4,"off":[0,1.1],"lbl":"32"}},{"type":"Feature","geometry":{"type":"Point","coordinates":[24.058914,49.785328]},"properties":{"line":"А46","mode":"bus","color":"#0059a9","colorDark":"#00294f","band":4,"off":[3.4,1.1],"lbl":"46"}},{"type":"Feature","geometry":{"type":"Point","coordinates":[24.058914,49.785328]},"properties":{"line":"А47","mode":"bus","color":"#0059a9","colorDark":"#00294f","band":4,"off":[6.8,1.1],"lbl":"47"}},{"type":"Feature","geometry":{"type":"Point","coordinates":[24.058914,49.785328]},"properties":{"line":"А53","mode":"bus","color":"#0059a9","colorDark":"#00294f","band":4,"off":[-1.7,3.1],"lbl":"53"}},{"type":"Feature","geometry":{"type":"Point","coordinates":[24.058914,49.785328]},"properties":{"line":"Тр24","mode":"bus","color":"#149a3f","colorDark":"#0a5121","band":4,"off":[1.7,3.1],"lbl":"24"}},{"type":"Feature","geometry":{"type":"Point","coordinates":[24.051758,49.785728]},"properties":{"name":"Гориня (418)","band":4,"modes":"bus","arr":["А07"],"off":[0,-0.8]}},{"type":"Feature","geometry":{"type":"Point","coordinates":[24.051758,49.785728]},"properties":{"line":"А07","mode":"bus","color":"#0059a9","colorDark":"#00294f","band":4,"off":[0,1.1],"lbl":"7"}},{"type":"Feature","geometry":{"type":"Point","coordinates":[24.059291,49.785693]},"properties":{"name":"Санта Барбара (459)","band":4,"modes":"bus","arr":["А11","А32","А46","А47","А53"],"off":[0,-0.8]}},{"type":"Feature","geometry":{"type":"Point","coordinates":[24.059291,49.785693]},"properties":{"line":"А11","mode":"bus","color":"#0059a9","colorDark":"#00294f","band":4,"off":[-6.8,1.1],"lbl":"11"}},{"type":"Feature","geometry":{"type":"Point","coordinates":[24.059291,49.785693]},"properties":{"line":"А32","mode":"bus","color":"#0059a9","colorDark":"#00294f","band":4,"off":[-3.4,1.1],"lbl":"32"}},{"type":"Feature","geometry":{"type":"Point","coordinates":[24.059291,49.785693]},"properties":{"line":"А46","mode":"bus","color":"#0059a9","colorDark":"#00294f","band":4,"off":[0,1.1],"lbl":"46"}},{"type":"Feature","geometry":{"type":"Point","coordinates":[24.059291,49.785693]},"properties":{"line":"А47","mode":"bus","color":"#0059a9","colorDark":"#00294f","band":4,"off":[3.4,1.1],"lbl":"47"}},{"type":"Feature","geometry":{"type":"Point","coordinates":[24.059291,49.785693]},"properties":{"line":"А53","mode":"bus","color":"#0059a9","colorDark":"#00294f","band":4,"off":[6.8,1.1],"lbl":"53"}},{"type":"Feature","geometry":{"type":"Point","coordinates":[23.985575,49.80544]},"properties":{"name":"Симоненка (546)","band":4,"modes":"bus","arr":["А45"],"off":[0,-0.8]}},{"type":"Feature","geometry":{"type":"Point","coordinates":[23.985575,49.80544]},"properties":{"line":"А45","mode":"bus","color":"#0059a9","colorDark":"#00294f","band":4,"off":[0,1.1],"lbl":"45"}},{"type":"Feature","geometry":{"type":"Point","coordinates":[24.024993,49.846406]},"properties":{"name":"Зернова (26)","band":4,"modes":"bus","arr":["А08а","А22"],"off":[0,-0.8]}},{"type":"Feature","geometry":{"type":"Point","coordinates":[24.024993,49.846406]},"properties":{"line":"А08а","mode":"bus","color":"#0059a9","colorDark":"#00294f","band":4,"off":[-1.7,1.1],"lbl":"8а"}},{"type":"Feature","geometry":{"type":"Point","coordinates":[24.024993,49.846406]},"properties":{"line":"А22","mode":"bus","color":"#0059a9","colorDark":"#00294f","band":4,"off":[1.7,1.1],"lbl":"22"}},{"type":"Feature","geometry":{"type":"Point","coordinates":[23.929509,49.903683]},"properties":{"name":"Брюховичі, Ягідна (1054)","band":4,"modes":"bus","arr":["А08а"],"off":[0,-0.8]}},{"type":"Feature","geometry":{"type":"Point","coordinates":[23.929509,49.903683]},"properties":{"line":"А08а","mode":"bus","color":"#0059a9","colorDark":"#00294f","band":4,"off":[0,1.1],"lbl":"8а"}},{"type":"Feature","geometry":{"type":"Point","coordinates":[23.927625,49.905129]},"properties":{"name":"Брюховичі, Кардіологічна лікарня (1056)","band":4,"modes":"bus","arr":["А08а"],"off":[0,-0.8]}},{"type":"Feature","geometry":{"type":"Point","coordinates":[23.927625,49.905129]},"properties":{"line":"А08а","mode":"bus","color":"#0059a9","colorDark":"#00294f","band":4,"off":[0,1.1],"lbl":"8а"}},{"type":"Feature","geometry":{"type":"Point","coordinates":[24.024366,49.848918]},"properties":{"name":"Куліша (54)","band":4,"modes":"bus","arr":["А08а","А22"],"off":[0,-0.8]}},{"type":"Feature","geometry":{"type":"Point","coordinates":[24.024366,49.848918]},"properties":{"line":"А08а","mode":"bus","color":"#0059a9","colorDark":"#00294f","band":4,"off":[-1.7,1.1],"lbl":"8а"}},{"type":"Feature","geometry":{"type":"Point","coordinates":[24.024366,49.848918]},"properties":{"line":"А22","mode":"bus","color":"#0059a9","colorDark":"#00294f","band":4,"off":[1.7,1.1],"lbl":"22"}},{"type":"Feature","geometry":{"type":"Point","coordinates":[24.163311,49.873738]},"properties":{"name":"Сороки-Львівські, Кільцева дорога (1462)","band":4,"modes":"bus","arr":["А09"],"off":[0,-0.8]}},{"type":"Feature","geometry":{"type":"Point","coordinates":[24.163311,49.873738]},"properties":{"name":"Сороки-Львівські, Кільцева дорога (1461)","band":4,"modes":"bus","arr":["А09"],"off":[0,-4.1]}},{"type":"Feature","geometry":{"type":"Point","coordinates":[24.163311,49.873738]},"properties":{"line":"А09","mode":"bus","color":"#0059a9","colorDark":"#00294f","band":4,"off":[0,1.1],"lbl":"9"}},{"type":"Feature","geometry":{"type":"Point","coordinates":[24.000047,49.837678]},"properties":{"name":"Приміський вокзал (189)","band":4,"modes":"bus","arr":["А10","А16","А29","А31","А32","А49"],"off":[0,-0.8]}},{"type":"Feature","geometry":{"type":"Point","coordinates":[24.000047,49.837678]},"properties":{"line":"А10","mode":"bus","color":"#0059a9","colorDark":"#00294f","band":4,"off":[-6.8,1.1],"lbl":"10"}},{"type":"Feature","geometry":{"type":"Point","coordinates":[24.000047,49.837678]},"properties":{"line":"А16","mode":"bus","color":"#0059a9","colorDark":"#00294f","band":4,"off":[-3.4,1.1],"lbl":"16"}},{"type":"Feature","geometry":{"type":"Point","coordinates":[24.000047,49.837678]},"properties":{"line":"А29","mode":"bus","color":"#0059a9","colorDark":"#00294f","band":4,"off":[0,1.1],"lbl":"29"}},{"type":"Feature","geometry":{"type":"Point","coordinates":[24.000047,49.837678]},"properties":{"line":"А31","mode":"bus","color":"#0059a9","colorDark":"#00294f","band":4,"off":[3.4,1.1],"lbl":"31"}},{"type":"Feature","geometry":{"type":"Point","coordinates":[24.000047,49.837678]},"properties":{"line":"А32","mode":"bus","color":"#0059a9","colorDark":"#00294f","band":4,"off":[6.8,1.1],"lbl":"32"}},{"type":"Feature","geometry":{"type":"Point","coordinates":[24.000047,49.837678]},"properties":{"line":"А49","mode":"bus","color":"#0059a9","colorDark":"#00294f","band":4,"off":[0,3.1],"lbl":"49"}},{"type":"Feature","geometry":{"type":"Point","coordinates":[23.995077,49.839814]},"properties":{"name":"Залізничний вокзал (191)","band":4,"modes":"bus,tram","arr":["А10","А16","А29","А31","А32","А49","Т01","Т04","Т06","Т09"],"off":[0,-0.8]}},{"type":"Feature","geometry":{"type":"Point","coordinates":[23.995077,49.839814]},"properties":{"name":"Залізничний вокзал (117)","band":4,"modes":"bus,tram","arr":["А10","А16","А29","А31","А32","А49","Т01","Т04","Т06","Т09"],"off":[0,-3]}},{"type":"Feature","geometry":{"type":"Point","coordinates":[23.995077,49.839814]},"properties":{"line":"А10","mode":"bus","color":"#0059a9","colorDark":"#00294f","band":4,"off":[-6.8,1.1],"lbl":"10"}},{"type":"Feature","geometry":{"type":"Point","coordinates":[23.995077,49.839814]},"properties":{"line":"А16","mode":"bus","color":"#0059a9","colorDark":"#00294f","band":4,"off":[-3.4,1.1],"lbl":"16"}},{"type":"Feature","geometry":{"type":"Point","coordinates":[23.995077,49.839814]},"properties":{"line":"А29","mode":"bus","color":"#0059a9","colorDark":"#00294f","band":4,"off":[0,1.1],"lbl":"29"}},{"type":"Feature","geometry":{"type":"Point","coordinates":[23.995077,49.839814]},"properties":{"line":"А31","mode":"bus","color":"#0059a9","colorDark":"#00294f","band":4,"off":[3.4,1.1],"lbl":"31"}},{"type":"Feature","geometry":{"type":"Point","coordinates":[23.995077,49.839814]},"properties":{"line":"А32","mode":"bus","color":"#0059a9","colorDark":"#00294f","band":4,"off":[6.8,1.1],"lbl":"32"}},{"type":"Feature","geometry":{"type":"Point","coordinates":[23.995077,49.839814]},"properties":{"line":"А49","mode":"bus","color":"#0059a9","colorDark":"#00294f","band":4,"off":[-6.8,3.1],"lbl":"49"}},{"type":"Feature","geometry":{"type":"Point","coordinates":[23.995077,49.839814]},"properties":{"line":"Т01","mode":"tram","color":"#556B2F","colorDark":"#2f3b1a","band":4,"off":[-3.4,3.1],"lbl":"1"}},{"type":"Feature","geometry":{"type":"Point","coordinates":[23.995077,49.839814]},"properties":{"line":"Т04","mode":"tram","color":"#556B2F","colorDark":"#2f3b1a","band":4,"off":[0,3.1],"lbl":"4"}},{"type":"Feature","geometry":{"type":"Point","coordinates":[23.995077,49.839814]},"properties":{"line":"Т06","mode":"tram","color":"#FFFFFF","colorDark":"#8c8c8c","band":4,"off":[3.4,3.1],"lbl":"6"}},{"type":"Feature","geometry":{"type":"Point","coordinates":[23.995077,49.839814]},"properties":{"line":"Т09","mode":"tram","color":"#556B2F","colorDark":"#2f3b1a","band":4,"off":[6.8,3.1],"lbl":"9"}},{"type":"Feature","geometry":{"type":"Point","coordinates":[24.011144,49.865513]},"properties":{"name":"Школа № 23 (624)","band":4,"modes":"bus","arr":["А52"],"off":[0,-0.8]}},{"type":"Feature","geometry":{"type":"Point","coordinates":[24.011144,49.865513]},"properties":{"line":"А52","mode":"bus","color":"#0059a9","colorDark":"#00294f","band":4,"off":[0,1.1],"lbl":"52"}},{"type":"Feature","geometry":{"type":"Point","coordinates":[23.916673,49.82112]},"properties":{"name":"Городоцька-Кільцева (109)","band":4,"modes":"bus","arr":["А14","А92"],"off":[0,-0.8]}},{"type":"Feature","geometry":{"type":"Point","coordinates":[23.916673,49.82112]},"properties":{"line":"А14","mode":"bus","color":"#0059a9","colorDark":"#00294f","band":4,"off":[-1.7,1.1],"lbl":"14"}},{"type":"Feature","geometry":{"type":"Point","coordinates":[23.916673,49.82112]},"properties":{"line":"А92","mode":"bus","color":"#0059a9","colorDark":"#00294f","band":4,"off":[1.7,1.1],"lbl":"92"}},{"type":"Feature","geometry":{"type":"Point","coordinates":[23.954722,49.826778]},"properties":{"name":"Ряшівська (169)","band":4,"modes":"bus","arr":["А48","Тр23","Тр30"],"off":[0,-0.8]}},{"type":"Feature","geometry":{"type":"Point","coordinates":[23.954722,49.826778]},"properties":{"name":"Ряшівська (166)","band":4,"modes":"bus","arr":["А48","Тр23","Тр30"],"off":[0,-1.9]}},{"type":"Feature","geometry":{"type":"Point","coordinates":[23.954722,49.826778]},"properties":{"line":"А48","mode":"bus","color":"#0059a9","colorDark":"#00294f","band":4,"off":[-3.4,1.1],"lbl":"48"}},{"type":"Feature","geometry":{"type":"Point","coordinates":[23.954722,49.826778]},"properties":{"line":"Тр23","mode":"bus","color":"#149a3f","colorDark":"#0a5121","band":4,"off":[0,1.1],"lbl":"23"}},{"type":"Feature","geometry":{"type":"Point","coordinates":[23.954722,49.826778]},"properties":{"line":"Тр30","mode":"bus","color":"#149a3f","colorDark":"#0a5121","band":4,"off":[3.4,1.1],"lbl":"30"}},{"type":"Feature","geometry":{"type":"Point","coordinates":[24.067765,49.790896]},"properties":{"name":"Кос-Анатольського (400)","band":4,"modes":"bus","arr":["А14"],"off":[0,-0.8]}},{"type":"Feature","geometry":{"type":"Point","coordinates":[24.067765,49.790896]},"properties":{"line":"А14","mode":"bus","color":"#0059a9","colorDark":"#00294f","band":4,"off":[0,1.1],"lbl":"14"}},{"type":"Feature","geometry":{"type":"Point","coordinates":[24.069704,49.785195]},"properties":{"name":"Антонича (354)","band":4,"modes":"bus","arr":["А14","А19"],"off":[0,-0.8]}},{"type":"Feature","geometry":{"type":"Point","coordinates":[24.069704,49.785195]},"properties":{"name":"Антонича (354-01)","band":4,"modes":"bus","arr":["А14","А19"],"off":[0,-1.9]}},{"type":"Feature","geometry":{"type":"Point","coordinates":[24.069704,49.785195]},"properties":{"line":"А14","mode":"bus","color":"#0059a9","colorDark":"#00294f","band":4,"off":[-1.7,1.1],"lbl":"14"}},{"type":"Feature","geometry":{"type":"Point","coordinates":[24.069704,49.785195]},"properties":{"line":"А19","mode":"bus","color":"#0059a9","colorDark":"#00294f","band":4,"off":[1.7,1.1],"lbl":"19"}},{"type":"Feature","geometry":{"type":"Point","coordinates":[24.063192,49.794382]},"properties":{"name":"Кавалерідзе (426)","band":4,"modes":"bus","arr":["А16","А41"],"off":[0,-0.8]}},{"type":"Feature","geometry":{"type":"Point","coordinates":[24.063192,49.794382]},"properties":{"line":"А16","mode":"bus","color":"#0059a9","colorDark":"#00294f","band":4,"off":[-1.7,1.1],"lbl":"16"}},{"type":"Feature","geometry":{"type":"Point","coordinates":[24.063192,49.794382]},"properties":{"line":"А41","mode":"bus","color":"#0059a9","colorDark":"#00294f","band":4,"off":[1.7,1.1],"lbl":"41"}},{"type":"Feature","geometry":{"type":"Point","coordinates":[23.918194,49.821489]},"properties":{"name":"Автостанція Західна (105)","band":4,"modes":"bus","arr":["А14","А92"],"off":[0,-0.8]}},{"type":"Feature","geometry":{"type":"Point","coordinates":[23.918194,49.821489]},"properties":{"line":"А14","mode":"bus","color":"#0059a9","colorDark":"#00294f","band":4,"off":[-1.7,1.1],"lbl":"14"}},{"type":"Feature","geometry":{"type":"Point","coordinates":[23.918194,49.821489]},"properties":{"line":"А92","mode":"bus","color":"#0059a9","colorDark":"#00294f","band":4,"off":[1.7,1.1],"lbl":"92"}},{"type":"Feature","geometry":{"type":"Point","coordinates":[23.995597,49.835731]},"properties":{"name":"Приміський вокзал (111)","band":4,"modes":"bus","arr":["А15"],"off":[0,-0.8]}},{"type":"Feature","geometry":{"type":"Point","coordinates":[23.995597,49.835731]},"properties":{"line":"А15","mode":"bus","color":"#0059a9","colorDark":"#00294f","band":4,"off":[0,1.1],"lbl":"15"}},{"type":"Feature","geometry":{"type":"Point","coordinates":[24.062876,49.815983]},"properties":{"name":"Вашингтона (365)","band":4,"modes":"bus","arr":["А92"],"off":[0,-0.8]}},{"type":"Feature","geometry":{"type":"Point","coordinates":[24.062876,49.815983]},"properties":{"name":"Вашингтона (216)","band":4,"modes":"bus","arr":["А92"],"off":[0,-1.9]}},{"type":"Feature","geometry":{"type":"Point","coordinates":[24.062876,49.815983]},"properties":{"line":"А92","mode":"bus","color":"#0059a9","colorDark":"#00294f","band":4,"off":[0,1.1],"lbl":"92"}},{"type":"Feature","geometry":{"type":"Point","coordinates":[24.079322,49.824568]},"properties":{"name":"Каштанова (268)","band":4,"modes":"bus","arr":["А15"],"off":[0,-0.8]}},{"type":"Feature","geometry":{"type":"Point","coordinates":[24.079322,49.824568]},"properties":{"line":"А15","mode":"bus","color":"#0059a9","colorDark":"#00294f","band":4,"off":[0,1.1],"lbl":"15"}},{"type":"Feature","geometry":{"type":"Point","coordinates":[24.084142,49.822993]},"properties":{"name":"Медової Печери (270)","band":4,"modes":"bus","arr":["А15"],"off":[0,-0.8]}},{"type":"Feature","geometry":{"type":"Point","coordinates":[24.084142,49.822993]},"properties":{"line":"А15","mode":"bus","color":"#0059a9","colorDark":"#00294f","band":4,"off":[0,1.1],"lbl":"15"}},{"type":"Feature","geometry":{"type":"Point","coordinates":[24.06845,49.83074]},"properties":{"name":"Таджицька (278)","band":4,"modes":"bus","arr":["А27"],"off":[0,-0.8]}},{"type":"Feature","geometry":{"type":"Point","coordinates":[24.06845,49.83074]},"properties":{"line":"А27","mode":"bus","color":"#0059a9","colorDark":"#00294f","band":4,"off":[0,1.1],"lbl":"27"}},{"type":"Feature","geometry":{"type":"Point","coordinates":[24.065155,49.794755]},"properties":{"name":"Кавалерідзе (423)","band":4,"modes":"bus","arr":["А16","А41"],"off":[0,-0.8]}},{"type":"Feature","geometry":{"type":"Point","coordinates":[24.065155,49.794755]},"properties":{"line":"А16","mode":"bus","color":"#0059a9","colorDark":"#00294f","band":4,"off":[-1.7,1.1],"lbl":"16"}},{"type":"Feature","geometry":{"type":"Point","coordinates":[24.065155,49.794755]},"properties":{"line":"А41","mode":"bus","color":"#0059a9","colorDark":"#00294f","band":4,"off":[1.7,1.1],"lbl":"41"}},{"type":"Feature","geometry":{"type":"Point","coordinates":[24.038553,49.87967]},"properties":{"name":"Леннона (619)","band":4,"modes":"bus","arr":["А17","А19","А84"],"off":[0,-0.8]}},{"type":"Feature","geometry":{"type":"Point","coordinates":[24.038553,49.87967]},"properties":{"line":"А17","mode":"bus","color":"#0059a9","colorDark":"#00294f","band":4,"off":[-3.4,1.1],"lbl":"17"}},{"type":"Feature","geometry":{"type":"Point","coordinates":[24.038553,49.87967]},"properties":{"line":"А19","mode":"bus","color":"#0059a9","colorDark":"#00294f","band":4,"off":[0,1.1],"lbl":"19"}},{"type":"Feature","geometry":{"type":"Point","coordinates":[24.038553,49.87967]},"properties":{"line":"А84","mode":"bus","color":"#0059a9","colorDark":"#00294f","band":4,"off":[3.4,1.1],"lbl":"84"}},{"type":"Feature","geometry":{"type":"Point","coordinates":[23.965521,49.847568]},"properties":{"name":"Суботівська (177)","band":4,"modes":"bus","arr":["А18","А20","А23","А43","Тр32"],"off":[0,-0.8]}},{"type":"Feature","geometry":{"type":"Point","coordinates":[23.965521,49.847568]},"properties":{"line":"А18","mode":"bus","color":"#0059a9","colorDark":"#00294f","band":4,"off":[-6.8,1.1],"lbl":"18"}},{"type":"Feature","geometry":{"type":"Point","coordinates":[23.965521,49.847568]},"properties":{"line":"А20","mode":"bus","color":"#0059a9","colorDark":"#00294f","band":4,"off":[-3.4,1.1],"lbl":"20"}},{"type":"Feature","geometry":{"type":"Point","coordinates":[23.965521,49.847568]},"properties":{"line":"А23","mode":"bus","color":"#0059a9","colorDark":"#00294f","band":4,"off":[0,1.1],"lbl":"23"}},{"type":"Feature","geometry":{"type":"Point","coordinates":[23.965521,49.847568]},"properties":{"line":"А43","mode":"bus","color":"#0059a9","colorDark":"#00294f","band":4,"off":[3.4,1.1],"lbl":"43"}},{"type":"Feature","geometry":{"type":"Point","coordinates":[23.965521,49.847568]},"properties":{"line":"Тр32","mode":"bus","color":"#149a3f","colorDark":"#0a5121","band":4,"off":[6.8,1.1],"lbl":"32"}},{"type":"Feature","geometry":{"type":"Point","coordinates":[23.950313,49.830344]},"properties":{"name":"Львівтеплоенерго (831)","band":4,"modes":"bus","arr":["А17"],"off":[0,-0.8]}},{"type":"Feature","geometry":{"type":"Point","coordinates":[23.950313,49.830344]},"properties":{"line":"А17","mode":"bus","color":"#0059a9","colorDark":"#00294f","band":4,"off":[0,1.1],"lbl":"17"}},{"type":"Feature","geometry":{"type":"Point","coordinates":[23.94542,49.83098]},"properties":{"name":"Данила Апостола (832)","band":4,"modes":"bus","arr":["А17"],"off":[0,-0.8]}},{"type":"Feature","geometry":{"type":"Point","coordinates":[23.94542,49.83098]},"properties":{"line":"А17","mode":"bus","color":"#0059a9","colorDark":"#00294f","band":4,"off":[0,1.1],"lbl":"17"}},{"type":"Feature","geometry":{"type":"Point","coordinates":[23.965968,49.847959]},"properties":{"name":"Суботівська (182)","band":4,"modes":"bus","arr":["А18","А20","А23","А43","Тр32"],"off":[0,-0.8]}},{"type":"Feature","geometry":{"type":"Point","coordinates":[23.965968,49.847959]},"properties":{"line":"А18","mode":"bus","color":"#0059a9","colorDark":"#00294f","band":4,"off":[-6.8,1.1],"lbl":"18"}},{"type":"Feature","geometry":{"type":"Point","coordinates":[23.965968,49.847959]},"properties":{"line":"А20","mode":"bus","color":"#0059a9","colorDark":"#00294f","band":4,"off":[-3.4,1.1],"lbl":"20"}},{"type":"Feature","geometry":{"type":"Point","coordinates":[23.965968,49.847959]},"properties":{"line":"А23","mode":"bus","color":"#0059a9","colorDark":"#00294f","band":4,"off":[0,1.1],"lbl":"23"}},{"type":"Feature","geometry":{"type":"Point","coordinates":[23.965968,49.847959]},"properties":{"line":"А43","mode":"bus","color":"#0059a9","colorDark":"#00294f","band":4,"off":[3.4,1.1],"lbl":"43"}},{"type":"Feature","geometry":{"type":"Point","coordinates":[23.965968,49.847959]},"properties":{"line":"Тр32","mode":"bus","color":"#149a3f","colorDark":"#0a5121","band":4,"off":[6.8,1.1],"lbl":"32"}},{"type":"Feature","geometry":{"type":"Point","coordinates":[24.042645,49.877872]},"properties":{"name":"Розточчя (763)","band":4,"modes":"bus","arr":["А19"],"off":[0,-0.8]}},{"type":"Feature","geometry":{"type":"Point","coordinates":[24.042645,49.877872]},"properties":{"line":"А19","mode":"bus","color":"#0059a9","colorDark":"#00294f","band":4,"off":[0,1.1],"lbl":"19"}},{"type":"Feature","geometry":{"type":"Point","coordinates":[24.040735,49.879142]},"properties":{"name":"Леннона (868)","band":4,"modes":"bus","arr":["А17","А84"],"off":[0,-0.8]}},{"type":"Feature","geometry":{"type":"Point","coordinates":[24.040735,49.879142]},"properties":{"line":"А17","mode":"bus","color":"#0059a9","colorDark":"#00294f","band":4,"off":[-1.7,1.1],"lbl":"17"}},{"type":"Feature","geometry":{"type":"Point","coordinates":[24.040735,49.879142]},"properties":{"line":"А84","mode":"bus","color":"#0059a9","colorDark":"#00294f","band":4,"off":[1.7,1.1],"lbl":"84"}},{"type":"Feature","geometry":{"type":"Point","coordinates":[24.100936,49.841985]},"properties":{"name":"Глинянський Тракт (211)","band":4,"modes":"bus","arr":["А23"],"off":[0,-0.8]}},{"type":"Feature","geometry":{"type":"Point","coordinates":[24.100936,49.841985]},"properties":{"line":"А23","mode":"bus","color":"#0059a9","colorDark":"#00294f","band":4,"off":[0,1.1],"lbl":"23"}},{"type":"Feature","geometry":{"type":"Point","coordinates":[24.103302,49.84227]},"properties":{"name":"Провесінь (212)","band":4,"modes":"bus","arr":["А18","А23"],"off":[0,-0.8]}},{"type":"Feature","geometry":{"type":"Point","coordinates":[24.103302,49.84227]},"properties":{"name":"Провесінь (209)","band":4,"modes":"bus","arr":["А18","А23"],"off":[0,-1.9]}},{"type":"Feature","geometry":{"type":"Point","coordinates":[24.103302,49.84227]},"properties":{"line":"А18","mode":"bus","color":"#0059a9","colorDark":"#00294f","band":4,"off":[-1.7,1.1],"lbl":"18"}},{"type":"Feature","geometry":{"type":"Point","coordinates":[24.103302,49.84227]},"properties":{"line":"А23","mode":"bus","color":"#0059a9","colorDark":"#00294f","band":4,"off":[1.7,1.1],"lbl":"23"}},{"type":"Feature","geometry":{"type":"Point","coordinates":[24.034909,49.836654]},"properties":{"name":"Шухевича (30)","band":4,"modes":"bus","arr":["А39а","А99"],"off":[0,-0.8]}},{"type":"Feature","geometry":{"type":"Point","coordinates":[24.034909,49.836654]},"properties":{"line":"А39а","mode":"bus","color":"#0059a9","colorDark":"#00294f","band":4,"off":[-1.7,1.1],"lbl":"39а"}},{"type":"Feature","geometry":{"type":"Point","coordinates":[24.034909,49.836654]},"properties":{"line":"А99","mode":"bus","color":"#0059a9","colorDark":"#00294f","band":4,"off":[1.7,1.1],"lbl":"99"}},{"type":"Feature","geometry":{"type":"Point","coordinates":[24.076735,49.854249]},"properties":{"name":"Авторинок (200)","band":4,"modes":"bus","arr":["А39","А39а"],"off":[0,-0.8]}},{"type":"Feature","geometry":{"type":"Point","coordinates":[24.076735,49.854249]},"properties":{"line":"А39","mode":"bus","color":"#0059a9","colorDark":"#00294f","band":4,"off":[-1.7,1.1],"lbl":"39"}},{"type":"Feature","geometry":{"type":"Point","coordinates":[24.076735,49.854249]},"properties":{"line":"А39а","mode":"bus","color":"#0059a9","colorDark":"#00294f","band":4,"off":[1.7,1.1],"lbl":"39а"}},{"type":"Feature","geometry":{"type":"Point","coordinates":[24.060682,49.859456]},"properties":{"name":"Ковельська (288)","band":4,"modes":"bus","arr":["А20"],"off":[0,-0.8]}},{"type":"Feature","geometry":{"type":"Point","coordinates":[24.060682,49.859456]},"properties":{"line":"А20","mode":"bus","color":"#0059a9","colorDark":"#00294f","band":4,"off":[0,1.1],"lbl":"20"}},{"type":"Feature","geometry":{"type":"Point","coordinates":[24.076364,49.854645]},"properties":{"name":"Авторинок (199)","band":4,"modes":"bus","arr":["А39","А39а"],"off":[0,-0.8]}},{"type":"Feature","geometry":{"type":"Point","coordinates":[24.076364,49.854645]},"properties":{"line":"А39","mode":"bus","color":"#0059a9","colorDark":"#00294f","band":4,"off":[-1.7,1.1],"lbl":"39"}},{"type":"Feature","geometry":{"type":"Point","coordinates":[24.076364,49.854645]},"properties":{"line":"А39а","mode":"bus","color":"#0059a9","colorDark":"#00294f","band":4,"off":[1.7,1.1],"lbl":"39а"}},{"type":"Feature","geometry":{"type":"Point","coordinates":[24.06728,49.783667]},"properties":{"name":"Трильовського (405)","band":4,"modes":"bus","arr":["А19"],"off":[0,-0.8]}},{"type":"Feature","geometry":{"type":"Point","coordinates":[24.06728,49.783667]},"properties":{"line":"А19","mode":"bus","color":"#0059a9","colorDark":"#00294f","band":4,"off":[0,1.1],"lbl":"19"}},{"type":"Feature","geometry":{"type":"Point","coordinates":[24.025829,49.850446]},"properties":{"name":"Площа 700-річчя Львова (56)","band":4,"modes":"bus","arr":["А56","А58","А59"],"off":[0,-0.8]}},{"type":"Feature","geometry":{"type":"Point","coordinates":[24.025829,49.850446]},"properties":{"name":"Площа 700-річчя Львова (55)","band":4,"modes":"bus","arr":["А56","А58","А59"],"off":[0,-3]}},{"type":"Feature","geometry":{"type":"Point","coordinates":[24.025829,49.850446]},"properties":{"line":"А56","mode":"bus","color":"#0059a9","colorDark":"#00294f","band":4,"off":[-3.4,1.1],"lbl":"56"}},{"type":"Feature","geometry":{"type":"Point","coordinates":[24.025829,49.850446]},"properties":{"line":"А58","mode":"bus","color":"#0059a9","colorDark":"#00294f","band":4,"off":[0,1.1],"lbl":"58"}},{"type":"Feature","geometry":{"type":"Point","coordinates":[24.025829,49.850446]},"properties":{"line":"А59","mode":"bus","color":"#0059a9","colorDark":"#00294f","band":4,"off":[3.4,1.1],"lbl":"59"}},{"type":"Feature","geometry":{"type":"Point","coordinates":[24.063681,49.856889]},"properties":{"name":"Польова, Завод (289)","band":4,"modes":"bus","arr":["А20"],"off":[0,-0.8]}},{"type":"Feature","geometry":{"type":"Point","coordinates":[24.063681,49.856889]},"properties":{"line":"А20","mode":"bus","color":"#0059a9","colorDark":"#00294f","band":4,"off":[0,1.1],"lbl":"20"}},{"type":"Feature","geometry":{"type":"Point","coordinates":[24.03315,49.852269]},"properties":{"name":"Залізничний вокзал Підзамче (581)","band":4,"modes":"bus","arr":["А62"],"off":[0,-0.8]}},{"type":"Feature","geometry":{"type":"Point","coordinates":[24.03315,49.852269]},"properties":{"name":"Залізничний вокзал Підзамче (312)","band":4,"modes":"bus","arr":["А62"],"off":[0,-3]}},{"type":"Feature","geometry":{"type":"Point","coordinates":[24.03315,49.852269]},"properties":{"line":"А62","mode":"bus","color":"#0059a9","colorDark":"#00294f","band":4,"off":[0,1.1],"lbl":"62"}},{"type":"Feature","geometry":{"type":"Point","coordinates":[23.905931,49.830061]},"properties":{"name":"Три слони (314)","band":4,"modes":"bus","arr":["А21"],"off":[0,-0.8]}},{"type":"Feature","geometry":{"type":"Point","coordinates":[23.905931,49.830061]},"properties":{"line":"А21","mode":"bus","color":"#0059a9","colorDark":"#00294f","band":4,"off":[0,1.1],"lbl":"21"}},{"type":"Feature","geometry":{"type":"Point","coordinates":[24.006602,49.867247]},"properties":{"name":"Щепова (864)","band":4,"modes":"bus","arr":["А21"],"off":[0,-0.8]}},{"type":"Feature","geometry":{"type":"Point","coordinates":[24.006602,49.867247]},"properties":{"line":"А21","mode":"bus","color":"#0059a9","colorDark":"#00294f","band":4,"off":[0,1.1],"lbl":"21"}},{"type":"Feature","geometry":{"type":"Point","coordinates":[24.007146,49.867245]},"properties":{"name":"Щепова (865)","band":4,"modes":"bus","arr":["А21"],"off":[0,-0.8]}},{"type":"Feature","geometry":{"type":"Point","coordinates":[24.007146,49.867245]},"properties":{"line":"А21","mode":"bus","color":"#0059a9","colorDark":"#00294f","band":4,"off":[0,1.1],"lbl":"21"}},{"type":"Feature","geometry":{"type":"Point","coordinates":[23.906375,49.830676]},"properties":{"name":"Три слони (307)","band":4,"modes":"bus","arr":["А21"],"off":[0,-0.8]}},{"type":"Feature","geometry":{"type":"Point","coordinates":[23.906375,49.830676]},"properties":{"line":"А21","mode":"bus","color":"#0059a9","colorDark":"#00294f","band":4,"off":[0,1.1],"lbl":"21"}},{"type":"Feature","geometry":{"type":"Point","coordinates":[23.982478,49.922092]},"properties":{"name":"Брюховичі, під Осовою (1091)","band":4,"modes":"bus","arr":["А22"],"off":[0,-0.8]}},{"type":"Feature","geometry":{"type":"Point","coordinates":[23.982478,49.922092]},"properties":{"line":"А22","mode":"bus","color":"#0059a9","colorDark":"#00294f","band":4,"off":[0,1.1],"lbl":"22"}},{"type":"Feature","geometry":{"type":"Point","coordinates":[23.98187,49.921879]},"properties":{"name":"Брюховичі, під Осовою (1090)","band":4,"modes":"bus","arr":["А22"],"off":[0,-0.8]}},{"type":"Feature","geometry":{"type":"Point","coordinates":[23.98187,49.921879]},"properties":{"line":"А22","mode":"bus","color":"#0059a9","colorDark":"#00294f","band":4,"off":[0,1.1],"lbl":"22"}},{"type":"Feature","geometry":{"type":"Point","coordinates":[24.050019,49.850871]},"properties":{"name":"Заклинських (264)","band":4,"modes":"bus","arr":["А25"],"off":[0,-0.8]}},{"type":"Feature","geometry":{"type":"Point","coordinates":[24.050019,49.850871]},"properties":{"line":"А25","mode":"bus","color":"#0059a9","colorDark":"#00294f","band":4,"off":[0,1.1],"lbl":"25"}},{"type":"Feature","geometry":{"type":"Point","coordinates":[24.056624,49.850456]},"properties":{"name":"Старе Знесіння (300)","band":4,"modes":"bus","arr":["А25"],"off":[0,-0.8]}},{"type":"Feature","geometry":{"type":"Point","coordinates":[24.056624,49.850456]},"properties":{"line":"А25","mode":"bus","color":"#0059a9","colorDark":"#00294f","band":4,"off":[0,1.1],"lbl":"25"}},{"type":"Feature","geometry":{"type":"Point","coordinates":[23.93653,49.822025]},"properties":{"name":"Станція Скнилів (85)","band":4,"modes":"bus","arr":["А27","Тр27"],"off":[0,-0.8]}},{"type":"Feature","geometry":{"type":"Point","coordinates":[23.93653,49.822025]},"properties":{"name":"Станція Скнилів (85-01)","band":4,"modes":"bus","arr":["А27","Тр27"],"off":[0,-3]}},{"type":"Feature","geometry":{"type":"Point","coordinates":[23.93653,49.822025]},"properties":{"line":"А27","mode":"bus","color":"#0059a9","colorDark":"#00294f","band":4,"off":[-1.7,1.1],"lbl":"27"}},{"type":"Feature","geometry":{"type":"Point","coordinates":[23.93653,49.822025]},"properties":{"line":"Тр27","mode":"bus","color":"#149a3f","colorDark":"#0a5121","band":4,"off":[1.7,1.1],"lbl":"27"}},{"type":"Feature","geometry":{"type":"Point","coordinates":[24.137207,49.819862]},"properties":{"name":"Винники, Винниченка (1023)","band":4,"modes":"bus","arr":["А29"],"off":[0,-0.8]}},{"type":"Feature","geometry":{"type":"Point","coordinates":[24.137207,49.819862]},"properties":{"name":"Винники, Винниченка (1022)","band":4,"modes":"bus","arr":["А29"],"off":[0,-3]}},{"type":"Feature","geometry":{"type":"Point","coordinates":[24.137207,49.819862]},"properties":{"line":"А29","mode":"bus","color":"#0059a9","colorDark":"#00294f","band":4,"off":[0,1.1],"lbl":"29"}},{"type":"Feature","geometry":{"type":"Point","coordinates":[24.060123,49.87388]},"properties":{"name":"Галицьке перехрестя (741)","band":4,"modes":"bus","arr":["А31","А41","А48","А51","А53"],"off":[0,-0.8]}},{"type":"Feature","geometry":{"type":"Point","coordinates":[24.060123,49.87388]},"properties":{"line":"А31","mode":"bus","color":"#0059a9","colorDark":"#00294f","band":4,"off":[-6.8,1.1],"lbl":"31"}},{"type":"Feature","geometry":{"type":"Point","coordinates":[24.060123,49.87388]},"properties":{"line":"А41","mode":"bus","color":"#0059a9","colorDark":"#00294f","band":4,"off":[-3.4,1.1],"lbl":"41"}},{"type":"Feature","geometry":{"type":"Point","coordinates":[24.060123,49.87388]},"properties":{"line":"А48","mode":"bus","color":"#0059a9","colorDark":"#00294f","band":4,"off":[0,1.1],"lbl":"48"}},{"type":"Feature","geometry":{"type":"Point","coordinates":[24.060123,49.87388]},"properties":{"line":"А51","mode":"bus","color":"#0059a9","colorDark":"#00294f","band":4,"off":[3.4,1.1],"lbl":"51"}},{"type":"Feature","geometry":{"type":"Point","coordinates":[24.060123,49.87388]},"properties":{"line":"А53","mode":"bus","color":"#0059a9","colorDark":"#00294f","band":4,"off":[6.8,1.1],"lbl":"53"}},{"type":"Feature","geometry":{"type":"Point","coordinates":[24.023228,49.839655]},"properties":{"name":"Січових Стрільців (71)","band":4,"modes":"bus","arr":["А33"],"off":[0,-0.8]}},{"type":"Feature","geometry":{"type":"Point","coordinates":[24.023228,49.839655]},"properties":{"line":"А33","mode":"bus","color":"#0059a9","colorDark":"#00294f","band":4,"off":[0,1.1],"lbl":"33"}},{"type":"Feature","geometry":{"type":"Point","coordinates":[23.987873,49.801967]},"properties":{"name":"Технічний коледж (710)","band":4,"modes":"bus","arr":["А33"],"off":[0,-0.8]}},{"type":"Feature","geometry":{"type":"Point","coordinates":[23.987873,49.801967]},"properties":{"line":"А33","mode":"bus","color":"#0059a9","colorDark":"#00294f","band":4,"off":[0,1.1],"lbl":"33"}},{"type":"Feature","geometry":{"type":"Point","coordinates":[23.989082,49.801169]},"properties":{"name":"Пулюя (507)","band":4,"modes":"bus","arr":["А33"],"off":[0,-0.8]}},{"type":"Feature","geometry":{"type":"Point","coordinates":[23.989082,49.801169]},"properties":{"line":"А33","mode":"bus","color":"#0059a9","colorDark":"#00294f","band":4,"off":[0,1.1],"lbl":"33"}},{"type":"Feature","geometry":{"type":"Point","coordinates":[24.015996,49.836366]},"properties":{"name":"Устияновича (48)","band":4,"modes":"bus","arr":["А33"],"off":[0,-0.8]}},{"type":"Feature","geometry":{"type":"Point","coordinates":[24.015996,49.836366]},"properties":{"line":"А33","mode":"bus","color":"#0059a9","colorDark":"#00294f","band":4,"off":[0,1.1],"lbl":"33"}},{"type":"Feature","geometry":{"type":"Point","coordinates":[23.929605,49.845796]},"properties":{"name":"Білогорща (90)","band":4,"modes":"bus","arr":["А34"],"off":[0,-0.8]}},{"type":"Feature","geometry":{"type":"Point","coordinates":[23.929605,49.845796]},"properties":{"name":"Білогорща (90-01)","band":4,"modes":"bus","arr":["А34"],"off":[0,-1.9]}},{"type":"Feature","geometry":{"type":"Point","coordinates":[23.929605,49.845796]},"properties":{"line":"А34","mode":"bus","color":"#0059a9","colorDark":"#00294f","band":4,"off":[0,1.1],"lbl":"34"}},{"type":"Feature","geometry":{"type":"Point","coordinates":[24.003402,49.870732]},"properties":{"name":"Під Голоском (668)","band":4,"modes":"bus","arr":["А37"],"off":[0,-0.8]}},{"type":"Feature","geometry":{"type":"Point","coordinates":[24.003402,49.870732]},"properties":{"line":"А37","mode":"bus","color":"#0059a9","colorDark":"#00294f","band":4,"off":[0,1.1],"lbl":"37"}},{"type":"Feature","geometry":{"type":"Point","coordinates":[24.039264,49.796593]},"properties":{"name":"Річка Зубра (743)","band":4,"modes":"bus","arr":["А37"],"off":[0,-0.8]}},{"type":"Feature","geometry":{"type":"Point","coordinates":[24.039264,49.796593]},"properties":{"line":"А37","mode":"bus","color":"#0059a9","colorDark":"#00294f","band":4,"off":[0,1.1],"lbl":"37"}},{"type":"Feature","geometry":{"type":"Point","coordinates":[24.044579,49.794642]},"properties":{"name":"Хоткевича (310)","band":4,"modes":"bus","arr":["А37"],"off":[0,-0.8]}},{"type":"Feature","geometry":{"type":"Point","coordinates":[24.044579,49.794642]},"properties":{"line":"А37","mode":"bus","color":"#0059a9","colorDark":"#00294f","band":4,"off":[0,1.1],"lbl":"37"}},{"type":"Feature","geometry":{"type":"Point","coordinates":[24.035967,49.834144]},"properties":{"name":"Шота Руставелі (218)","band":4,"modes":"bus","arr":["Тр24","Тр25","Тр31"],"off":[0,-0.8]}},{"type":"Feature","geometry":{"type":"Point","coordinates":[24.035967,49.834144]},"properties":{"line":"Тр24","mode":"bus","color":"#149a3f","colorDark":"#0a5121","band":4,"off":[-3.4,1.1],"lbl":"24"}},{"type":"Feature","geometry":{"type":"Point","coordinates":[24.035967,49.834144]},"properties":{"line":"Тр25","mode":"bus","color":"#149a3f","colorDark":"#0a5121","band":4,"off":[0,1.1],"lbl":"25"}},{"type":"Feature","geometry":{"type":"Point","coordinates":[24.035967,49.834144]},"properties":{"line":"Тр31","mode":"bus","color":"#149a3f","colorDark":"#0a5121","band":4,"off":[3.4,1.1],"lbl":"31"}},{"type":"Feature","geometry":{"type":"Point","coordinates":[24.005234,49.870871]},"properties":{"name":"Під Голоском (669)","band":4,"modes":"bus","arr":["А37"],"off":[0,-0.8]}},{"type":"Feature","geometry":{"type":"Point","coordinates":[24.005234,49.870871]},"properties":{"line":"А37","mode":"bus","color":"#0059a9","colorDark":"#00294f","band":4,"off":[0,1.1],"lbl":"37"}},{"type":"Feature","geometry":{"type":"Point","coordinates":[24.049856,49.873163]},"properties":{"name":"Грінченка (639)","band":4,"modes":"bus","arr":["А39"],"off":[0,-0.8]}},{"type":"Feature","geometry":{"type":"Point","coordinates":[24.049856,49.873163]},"properties":{"line":"А39","mode":"bus","color":"#0059a9","colorDark":"#00294f","band":4,"off":[0,1.1],"lbl":"39"}},{"type":"Feature","geometry":{"type":"Point","coordinates":[24.14394,49.817351]},"properties":{"name":"Винники, Галицька (1005)","band":4,"modes":"bus","arr":["А40"],"off":[0,-0.8]}},{"type":"Feature","geometry":{"type":"Point","coordinates":[24.14394,49.817351]},"properties":{"line":"А40","mode":"bus","color":"#0059a9","colorDark":"#00294f","band":4,"off":[0,1.1],"lbl":"40"}},{"type":"Feature","geometry":{"type":"Point","coordinates":[24.146451,49.82199]},"properties":{"name":"Винники, Лисика (1016)","band":4,"modes":"bus","arr":["А40"],"off":[0,-0.8]}},{"type":"Feature","geometry":{"type":"Point","coordinates":[24.146451,49.82199]},"properties":{"line":"А40","mode":"bus","color":"#0059a9","colorDark":"#00294f","band":4,"off":[0,1.1],"lbl":"40"}},{"type":"Feature","geometry":{"type":"Point","coordinates":[24.050569,49.816599]},"properties":{"name":"Дунайська (368)","band":4,"modes":"bus","arr":["А43"],"off":[0,-0.8]}},{"type":"Feature","geometry":{"type":"Point","coordinates":[24.050569,49.816599]},"properties":{"line":"А43","mode":"bus","color":"#0059a9","colorDark":"#00294f","band":4,"off":[0,1.1],"lbl":"43"}},{"type":"Feature","geometry":{"type":"Point","coordinates":[24.050901,49.814119]},"properties":{"name":"Лікарня Святого Луки (367)","band":4,"modes":"bus","arr":["А43"],"off":[0,-0.8]}},{"type":"Feature","geometry":{"type":"Point","coordinates":[24.050901,49.814119]},"properties":{"line":"А43","mode":"bus","color":"#0059a9","colorDark":"#00294f","band":4,"off":[0,1.1],"lbl":"43"}},{"type":"Feature","geometry":{"type":"Point","coordinates":[23.980331,49.805952]},"properties":{"name":"Вікторія Гарденс (547)","band":4,"modes":"bus","arr":["А45","А51"],"off":[0,-0.8]}},{"type":"Feature","geometry":{"type":"Point","coordinates":[23.980331,49.805952]},"properties":{"line":"А45","mode":"bus","color":"#0059a9","colorDark":"#00294f","band":4,"off":[-1.7,1.1],"lbl":"45"}},{"type":"Feature","geometry":{"type":"Point","coordinates":[23.980331,49.805952]},"properties":{"line":"А51","mode":"bus","color":"#0059a9","colorDark":"#00294f","band":4,"off":[1.7,1.1],"lbl":"51"}},{"type":"Feature","geometry":{"type":"Point","coordinates":[24.040966,49.846171]},"properties":{"name":"Княжа (853)","band":4,"modes":"bus","arr":["А45"],"off":[0,-0.8]}},{"type":"Feature","geometry":{"type":"Point","coordinates":[24.040966,49.846171]},"properties":{"line":"А45","mode":"bus","color":"#0059a9","colorDark":"#00294f","band":4,"off":[0,1.1],"lbl":"45"}},{"type":"Feature","geometry":{"type":"Point","coordinates":[24.044035,49.844166]},"properties":{"name":"Барвінських (854)","band":4,"modes":"bus","arr":["А45"],"off":[0,-0.8]}},{"type":"Feature","geometry":{"type":"Point","coordinates":[24.044035,49.844166]},"properties":{"line":"А45","mode":"bus","color":"#0059a9","colorDark":"#00294f","band":4,"off":[0,1.1],"lbl":"45"}},{"type":"Feature","geometry":{"type":"Point","coordinates":[24.020694,49.887965]},"properties":{"name":"Голосківський цвинтар (819)","band":4,"modes":"bus","arr":["А46"],"off":[0,-0.8]}},{"type":"Feature","geometry":{"type":"Point","coordinates":[24.020694,49.887965]},"properties":{"name":"Голосківський цвинтар (295)","band":4,"modes":"bus","arr":["А46"],"off":[0,-3]}},{"type":"Feature","geometry":{"type":"Point","coordinates":[24.020694,49.887965]},"properties":{"line":"А46","mode":"bus","color":"#0059a9","colorDark":"#00294f","band":4,"off":[0,1.1],"lbl":"46"}},{"type":"Feature","geometry":{"type":"Point","coordinates":[23.979705,49.806015]},"properties":{"name":"Вікторія Гарденс (866)","band":4,"modes":"bus","arr":["А51"],"off":[0,-0.8]}},{"type":"Feature","geometry":{"type":"Point","coordinates":[23.979705,49.806015]},"properties":{"line":"А51","mode":"bus","color":"#0059a9","colorDark":"#00294f","band":4,"off":[0,1.1],"lbl":"51"}},{"type":"Feature","geometry":{"type":"Point","coordinates":[23.860681,49.842654]},"properties":{"name":"Рудно, Семінарія (1130)","band":4,"modes":"bus","arr":["А52","А84"],"off":[0,-0.8]}},{"type":"Feature","geometry":{"type":"Point","coordinates":[23.860681,49.842654]},"properties":{"name":"Рудно, Семінарія (1129)","band":4,"modes":"bus","arr":["А52","А84"],"off":[0,-3]}},{"type":"Feature","geometry":{"type":"Point","coordinates":[23.860681,49.842654]},"properties":{"line":"А52","mode":"bus","color":"#0059a9","colorDark":"#00294f","band":4,"off":[-1.7,1.1],"lbl":"52"}},{"type":"Feature","geometry":{"type":"Point","coordinates":[23.860681,49.842654]},"properties":{"line":"А84","mode":"bus","color":"#0059a9","colorDark":"#00294f","band":4,"off":[1.7,1.1],"lbl":"84"}},{"type":"Feature","geometry":{"type":"Point","coordinates":[24.018124,49.900221]},"properties":{"name":"Збиранка, Центр (1442)","band":4,"modes":"bus","arr":["А55"],"off":[0,-0.8]}},{"type":"Feature","geometry":{"type":"Point","coordinates":[24.018124,49.900221]},"properties":{"line":"А55","mode":"bus","color":"#0059a9","colorDark":"#00294f","band":4,"off":[0,1.1],"lbl":"55"}},{"type":"Feature","geometry":{"type":"Point","coordinates":[24.018316,49.900584]},"properties":{"name":"Збиранка.Центр (1441)","band":4,"modes":"bus","arr":["А55"],"off":[0,-0.8]}},{"type":"Feature","geometry":{"type":"Point","coordinates":[24.018316,49.900584]},"properties":{"line":"А55","mode":"bus","color":"#0059a9","colorDark":"#00294f","band":4,"off":[0,1.1],"lbl":"55"}},{"type":"Feature","geometry":{"type":"Point","coordinates":[24.086545,49.904557]},"properties":{"name":"Дубляни, Центр (1312)","band":4,"modes":"bus","arr":["А56"],"off":[0,-0.8]}},{"type":"Feature","geometry":{"type":"Point","coordinates":[24.086545,49.904557]},"properties":{"name":"Дубляни, Центр (1311)","band":4,"modes":"bus","arr":["А56"],"off":[0,-3]}},{"type":"Feature","geometry":{"type":"Point","coordinates":[24.086545,49.904557]},"properties":{"line":"А56","mode":"bus","color":"#0059a9","colorDark":"#00294f","band":4,"off":[0,1.1],"lbl":"56"}},{"type":"Feature","geometry":{"type":"Point","coordinates":[24.054254,49.911428]},"properties":{"name":"Великі Грибовичі, Садова (1172)","band":4,"modes":"bus","arr":["А80"],"off":[0,-0.8]}},{"type":"Feature","geometry":{"type":"Point","coordinates":[24.054254,49.911428]},"properties":{"line":"А80","mode":"bus","color":"#0059a9","colorDark":"#00294f","band":4,"off":[0,1.1],"lbl":"80"}},{"type":"Feature","geometry":{"type":"Point","coordinates":[24.021175,49.79368]},"properties":{"name":"Максимовича (417)","band":4,"modes":"bus","arr":["А57"],"off":[0,-0.8]}},{"type":"Feature","geometry":{"type":"Point","coordinates":[24.021175,49.79368]},"properties":{"line":"А57","mode":"bus","color":"#0059a9","colorDark":"#00294f","band":4,"off":[0,1.1],"lbl":"57"}},{"type":"Feature","geometry":{"type":"Point","coordinates":[24.021261,49.850524]},"properties":{"name":"Ветеранів (727)","band":4,"modes":"bus","arr":["А58","А59","А63"],"off":[0,-0.8]}},{"type":"Feature","geometry":{"type":"Point","coordinates":[24.021261,49.850524]},"properties":{"name":"Ветеранів (727-1)","band":4,"modes":"bus","arr":["А58","А59","А63"],"off":[0,-1.9]}},{"type":"Feature","geometry":{"type":"Point","coordinates":[24.021261,49.850524]},"properties":{"line":"А58","mode":"bus","color":"#0059a9","colorDark":"#00294f","band":4,"off":[-3.4,1.1],"lbl":"58"}},{"type":"Feature","geometry":{"type":"Point","coordinates":[24.021261,49.850524]},"properties":{"line":"А59","mode":"bus","color":"#0059a9","colorDark":"#00294f","band":4,"off":[0,1.1],"lbl":"59"}},{"type":"Feature","geometry":{"type":"Point","coordinates":[24.021261,49.850524]},"properties":{"line":"А63","mode":"bus","color":"#0059a9","colorDark":"#00294f","band":4,"off":[3.4,1.1],"lbl":"63"}},{"type":"Feature","geometry":{"type":"Point","coordinates":[23.966047,49.945658]},"properties":{"name":"Завадів, Народний дім (1258)","band":4,"modes":"bus","arr":["А58"],"off":[0,-0.8]}},{"type":"Feature","geometry":{"type":"Point","coordinates":[23.966047,49.945658]},"properties":{"name":"Завадів, Народний дім (1257)","band":4,"modes":"bus","arr":["А58"],"off":[0,-3]}},{"type":"Feature","geometry":{"type":"Point","coordinates":[23.966047,49.945658]},"properties":{"line":"А58","mode":"bus","color":"#0059a9","colorDark":"#00294f","band":4,"off":[0,1.1],"lbl":"58"}},{"type":"Feature","geometry":{"type":"Point","coordinates":[23.989323,49.972844]},"properties":{"name":"Зарудці, Біля Озимка (1273)","band":4,"modes":"bus","arr":["А59"],"off":[0,-0.8]}},{"type":"Feature","geometry":{"type":"Point","coordinates":[23.989323,49.972844]},"properties":{"line":"А59","mode":"bus","color":"#0059a9","colorDark":"#00294f","band":4,"off":[0,1.1],"lbl":"59"}},{"type":"Feature","geometry":{"type":"Point","coordinates":[23.974553,49.971672]},"properties":{"name":"Зарудці, Церква (1276)","band":4,"modes":"bus","arr":["А59"],"off":[0,-0.8]}},{"type":"Feature","geometry":{"type":"Point","coordinates":[23.974553,49.971672]},"properties":{"line":"А59","mode":"bus","color":"#0059a9","colorDark":"#00294f","band":4,"off":[0,1.1],"lbl":"59"}},{"type":"Feature","geometry":{"type":"Point","coordinates":[24.120667,49.926191]},"properties":{"name":"Ситихів, Народний дім (1351)","band":4,"modes":"bus","arr":["А60"],"off":[0,-0.8]}},{"type":"Feature","geometry":{"type":"Point","coordinates":[24.120667,49.926191]},"properties":{"line":"А60","mode":"bus","color":"#0059a9","colorDark":"#00294f","band":4,"off":[0,1.1],"lbl":"60"}},{"type":"Feature","geometry":{"type":"Point","coordinates":[24.122638,49.926085]},"properties":{"name":"Ситихів, Народний дім (1352)","band":4,"modes":"bus","arr":["А60"],"off":[0,-0.8]}},{"type":"Feature","geometry":{"type":"Point","coordinates":[24.122638,49.926085]},"properties":{"line":"А60","mode":"bus","color":"#0059a9","colorDark":"#00294f","band":4,"off":[0,1.1],"lbl":"60"}},{"type":"Feature","geometry":{"type":"Point","coordinates":[23.87362,49.875997]},"properties":{"name":"Підрясне, Смерекова (1424)","band":4,"modes":"bus","arr":["А61"],"off":[0,-0.8]}},{"type":"Feature","geometry":{"type":"Point","coordinates":[23.87362,49.875997]},"properties":{"name":"Підрясне, М10 (1423)","band":4,"modes":"bus","arr":["А61"],"off":[0,-3]}},{"type":"Feature","geometry":{"type":"Point","coordinates":[23.87362,49.875997]},"properties":{"line":"А61","mode":"bus","color":"#0059a9","colorDark":"#00294f","band":4,"off":[0,1.1],"lbl":"61"}},{"type":"Feature","geometry":{"type":"Point","coordinates":[24.160471,49.844126]},"properties":{"name":"Підбірці, Народний дім (1389)","band":4,"modes":"bus","arr":["А61"],"off":[0,-0.8]}},{"type":"Feature","geometry":{"type":"Point","coordinates":[24.160471,49.844126]},"properties":{"line":"А61","mode":"bus","color":"#0059a9","colorDark":"#00294f","band":4,"off":[0,1.1],"lbl":"61"}},{"type":"Feature","geometry":{"type":"Point","coordinates":[24.159891,49.844205]},"properties":{"name":"Підбірці, Народний дім (1390)","band":4,"modes":"bus","arr":["А61"],"off":[0,-0.8]}},{"type":"Feature","geometry":{"type":"Point","coordinates":[24.159891,49.844205]},"properties":{"line":"А61","mode":"bus","color":"#0059a9","colorDark":"#00294f","band":4,"off":[0,1.1],"lbl":"61"}},{"type":"Feature","geometry":{"type":"Point","coordinates":[24.012755,49.918399]},"properties":{"name":"Малі Грибовичі, Центр (1293)","band":4,"modes":"bus","arr":["А62"],"off":[0,-0.8]}},{"type":"Feature","geometry":{"type":"Point","coordinates":[24.012755,49.918399]},"properties":{"line":"А62","mode":"bus","color":"#0059a9","colorDark":"#00294f","band":4,"off":[0,1.1],"lbl":"62"}},{"type":"Feature","geometry":{"type":"Point","coordinates":[24.012703,49.91809]},"properties":{"name":"Малі Грибовичі, Центр (1294)","band":4,"modes":"bus","arr":["А62"],"off":[0,-0.8]}},{"type":"Feature","geometry":{"type":"Point","coordinates":[24.012703,49.91809]},"properties":{"line":"А62","mode":"bus","color":"#0059a9","colorDark":"#00294f","band":4,"off":[0,1.1],"lbl":"62"}},{"type":"Feature","geometry":{"type":"Point","coordinates":[23.989919,49.927697]},"properties":{"name":"Воля Гамулецька, Церква (1324)","band":4,"modes":"bus","arr":["А63"],"off":[0,-0.8]}},{"type":"Feature","geometry":{"type":"Point","coordinates":[23.989919,49.927697]},"properties":{"line":"А63","mode":"bus","color":"#0059a9","colorDark":"#00294f","band":4,"off":[0,1.1],"lbl":"63"}},{"type":"Feature","geometry":{"type":"Point","coordinates":[23.988378,49.927369]},"properties":{"name":"Воля Гамулецька, Центр (1326)","band":4,"modes":"bus","arr":["А63"],"off":[0,-0.8]}},{"type":"Feature","geometry":{"type":"Point","coordinates":[23.988378,49.927369]},"properties":{"line":"А63","mode":"bus","color":"#0059a9","colorDark":"#00294f","band":4,"off":[0,1.1],"lbl":"63"}},{"type":"Feature","geometry":{"type":"Point","coordinates":[24.024017,49.844556]},"properties":{"name":"Магнус (82)","band":4,"modes":"bus","arr":["А67"],"off":[0,-0.8]}},{"type":"Feature","geometry":{"type":"Point","coordinates":[24.024017,49.844556]},"properties":{"line":"А67","mode":"bus","color":"#0059a9","colorDark":"#00294f","band":4,"off":[0,1.1],"lbl":"67"}},{"type":"Feature","geometry":{"type":"Point","coordinates":[23.925809,49.913388]},"properties":{"name":"Брюховичі, Центр святого Миколая (1080)","band":4,"modes":"bus","arr":["А67"],"off":[0,-0.8]}},{"type":"Feature","geometry":{"type":"Point","coordinates":[23.925809,49.913388]},"properties":{"line":"А67","mode":"bus","color":"#0059a9","colorDark":"#00294f","band":4,"off":[0,1.1],"lbl":"67"}},{"type":"Feature","geometry":{"type":"Point","coordinates":[23.925878,49.914034]},"properties":{"name":"Брюховичі, Центр святого Миколая (1079)","band":4,"modes":"bus","arr":["А67"],"off":[0,-0.8]}},{"type":"Feature","geometry":{"type":"Point","coordinates":[23.925878,49.914034]},"properties":{"line":"А67","mode":"bus","color":"#0059a9","colorDark":"#00294f","band":4,"off":[0,1.1],"lbl":"67"}},{"type":"Feature","geometry":{"type":"Point","coordinates":[24.059459,49.911034]},"properties":{"name":"Великі Грибовичі, Шкільна (1168)","band":4,"modes":"bus","arr":["А80"],"off":[0,-0.8]}},{"type":"Feature","geometry":{"type":"Point","coordinates":[24.059459,49.911034]},"properties":{"line":"А80","mode":"bus","color":"#0059a9","colorDark":"#00294f","band":4,"off":[0,1.1],"lbl":"80"}},{"type":"Feature","geometry":{"type":"Point","coordinates":[24.061665,49.842278]},"properties":{"name":"Музей народної архітектури (856)","band":4,"modes":"bus","arr":["А99"],"off":[0,-0.8]}},{"type":"Feature","geometry":{"type":"Point","coordinates":[24.061665,49.842278]},"properties":{"line":"А99","mode":"bus","color":"#0059a9","colorDark":"#00294f","band":4,"off":[0,1.1],"lbl":"99"}},{"type":"Feature","geometry":{"type":"Point","coordinates":[24.061334,49.842516]},"properties":{"name":"Музей народної архітектури (857)","band":4,"modes":"bus","arr":["А99"],"off":[0,-0.8]}},{"type":"Feature","geometry":{"type":"Point","coordinates":[24.061334,49.842516]},"properties":{"line":"А99","mode":"bus","color":"#0059a9","colorDark":"#00294f","band":4,"off":[0,1.1],"lbl":"99"}},{"type":"Feature","geometry":{"type":"Point","coordinates":[24.021912,49.840062]},"properties":{"name":"Університет (78)","band":4,"modes":"bus","arr":["Тр22","Тр27","Тр30","Тр32"],"off":[0,-0.8]}},{"type":"Feature","geometry":{"type":"Point","coordinates":[24.021912,49.840062]},"properties":{"line":"Тр22","mode":"bus","color":"#149a3f","colorDark":"#0a5121","band":4,"off":[-5.1,1.1],"lbl":"22"}},{"type":"Feature","geometry":{"type":"Point","coordinates":[24.021912,49.840062]},"properties":{"line":"Тр27","mode":"bus","color":"#149a3f","colorDark":"#0a5121","band":4,"off":[-1.7,1.1],"lbl":"27"}},{"type":"Feature","geometry":{"type":"Point","coordinates":[24.021912,49.840062]},"properties":{"line":"Тр30","mode":"bus","color":"#149a3f","colorDark":"#0a5121","band":4,"off":[1.7,1.1],"lbl":"30"}},{"type":"Feature","geometry":{"type":"Point","coordinates":[24.021912,49.840062]},"properties":{"line":"Тр32","mode":"bus","color":"#149a3f","colorDark":"#0a5121","band":4,"off":[5.1,1.1],"lbl":"32"}},{"type":"Feature","geometry":{"type":"Point","coordinates":[24.005368,49.837293]},"properties":{"name":"Площа Кропивницького (46)","band":4,"modes":"bus","arr":["Тр38"],"off":[0,-0.8]}},{"type":"Feature","geometry":{"type":"Point","coordinates":[24.005368,49.837293]},"properties":{"line":"Тр38","mode":"bus","color":"#149a3f","colorDark":"#0a5121","band":4,"off":[0,1.1],"lbl":"38"}},{"type":"Feature","geometry":{"type":"Point","coordinates":[24.022537,49.839564]},"properties":{"name":"Університет (78-01)","band":4,"modes":"bus","arr":["Тр22","Тр27","Тр30","Тр32"],"off":[0,-0.8]}},{"type":"Feature","geometry":{"type":"Point","coordinates":[24.022537,49.839564]},"properties":{"line":"Тр22","mode":"bus","color":"#149a3f","colorDark":"#0a5121","band":4,"off":[-5.1,1.1],"lbl":"22"}},{"type":"Feature","geometry":{"type":"Point","coordinates":[24.022537,49.839564]},"properties":{"line":"Тр27","mode":"bus","color":"#149a3f","colorDark":"#0a5121","band":4,"off":[-1.7,1.1],"lbl":"27"}},{"type":"Feature","geometry":{"type":"Point","coordinates":[24.022537,49.839564]},"properties":{"line":"Тр30","mode":"bus","color":"#149a3f","colorDark":"#0a5121","band":4,"off":[1.7,1.1],"lbl":"30"}},{"type":"Feature","geometry":{"type":"Point","coordinates":[24.022537,49.839564]},"properties":{"line":"Тр32","mode":"bus","color":"#149a3f","colorDark":"#0a5121","band":4,"off":[5.1,1.1],"lbl":"32"}},{"type":"Feature","geometry":{"type":"Point","coordinates":[24.05888,49.785922]},"properties":{"name":"Санта Барбара (457-1)","band":4,"modes":"bus","arr":["Тр24"],"off":[0,-0.8]}},{"type":"Feature","geometry":{"type":"Point","coordinates":[24.05888,49.785922]},"properties":{"line":"Тр24","mode":"bus","color":"#149a3f","colorDark":"#0a5121","band":4,"off":[0,1.1],"lbl":"24"}},{"type":"Feature","geometry":{"type":"Point","coordinates":[24.005566,49.836497]},"properties":{"name":"Площа Кропивницького (79)","band":4,"modes":"bus","arr":["Тр38"],"off":[0,-0.8]}},{"type":"Feature","geometry":{"type":"Point","coordinates":[24.005566,49.836497]},"properties":{"line":"Тр38","mode":"bus","color":"#149a3f","colorDark":"#0a5121","band":4,"off":[0,1.1],"lbl":"38"}},{"type":"Feature","geometry":{"type":"Point","coordinates":[24.097198,49.782993]},"properties":{"name":"Центр легеневого здоров’я (390)","band":4,"modes":"bus","arr":["Тр31"],"off":[0,-0.8]}},{"type":"Feature","geometry":{"type":"Point","coordinates":[24.097198,49.782993]},"properties":{"line":"Тр31","mode":"bus","color":"#149a3f","colorDark":"#0a5121","band":4,"off":[0,1.1],"lbl":"31"}},{"type":"Feature","geometry":{"type":"Point","coordinates":[24.096546,49.782805]},"properties":{"name":"Центр легеневого здоров’я (353)","band":4,"modes":"bus","arr":["Тр31"],"off":[0,-0.8]}},{"type":"Feature","geometry":{"type":"Point","coordinates":[24.096546,49.782805]},"properties":{"line":"Тр31","mode":"bus","color":"#149a3f","colorDark":"#0a5121","band":4,"off":[0,1.1],"lbl":"31"}},{"type":"Feature","geometry":{"type":"Point","coordinates":[24.045004,49.801785]},"properties":{"name":"Хуторівка (427)","band":4,"modes":"bus","arr":["Тр38"],"off":[0,-0.8]}},{"type":"Feature","geometry":{"type":"Point","coordinates":[24.045004,49.801785]},"properties":{"line":"Тр38","mode":"bus","color":"#149a3f","colorDark":"#0a5121","band":4,"off":[0,1.1],"lbl":"38"}},{"type":"Feature","geometry":{"type":"Point","coordinates":[24.044854,49.801515]},"properties":{"name":"Хуторівка (427-1)","band":4,"modes":"bus","arr":["Тр38"],"off":[0,-0.8]}},{"type":"Feature","geometry":{"type":"Point","coordinates":[24.044854,49.801515]},"properties":{"line":"Тр38","mode":"bus","color":"#149a3f","colorDark":"#0a5121","band":4,"off":[0,1.1],"lbl":"38"}},{"type":"Feature","geometry":{"type":"Point","coordinates":[23.996784,49.839013]},"properties":{"name":"Залізничний вокзал (118)","band":4,"modes":"tram","arr":["Т01","Т04","Т06","Т09"],"off":[0,-0.8]}},{"type":"Feature","geometry":{"type":"Point","coordinates":[23.996784,49.839013]},"properties":{"line":"Т01","mode":"tram","color":"#556B2F","colorDark":"#2f3b1a","band":4,"off":[-5.1,1.1],"lbl":"1"}},{"type":"Feature","geometry":{"type":"Point","coordinates":[23.996784,49.839013]},"properties":{"line":"Т04","mode":"tram","color":"#556B2F","colorDark":"#2f3b1a","band":4,"off":[-1.7,1.1],"lbl":"4"}},{"type":"Feature","geometry":{"type":"Point","coordinates":[23.996784,49.839013]},"properties":{"line":"Т06","mode":"tram","color":"#FFFFFF","colorDark":"#8c8c8c","band":4,"off":[1.7,1.1],"lbl":"6"}},{"type":"Feature","geometry":{"type":"Point","coordinates":[23.996784,49.839013]},"properties":{"line":"Т09","mode":"tram","color":"#556B2F","colorDark":"#2f3b1a","band":4,"off":[5.1,1.1],"lbl":"9"}},{"type":"Feature","geometry":{"type":"Point","coordinates":[24.056154,49.82899]},"properties":{"name":"Погулянка (197-01)","band":4,"modes":"tram","arr":["Т01","Т07"],"off":[0,-0.8]}},{"type":"Feature","geometry":{"type":"Point","coordinates":[24.056154,49.82899]},"properties":{"line":"Т01","mode":"tram","color":"#556B2F","colorDark":"#2f3b1a","band":4,"off":[-1.7,1.1],"lbl":"1"}},{"type":"Feature","geometry":{"type":"Point","coordinates":[24.056154,49.82899]},"properties":{"line":"Т07","mode":"tram","color":"#556B2F","colorDark":"#2f3b1a","band":4,"off":[1.7,1.1],"lbl":"7"}},{"type":"Feature","geometry":{"type":"Point","coordinates":[24.056912,49.829308]},"properties":{"name":"Погулянка (197)","band":4,"modes":"tram","arr":["Т01","Т07"],"off":[0,-0.8]}},{"type":"Feature","geometry":{"type":"Point","coordinates":[24.056912,49.829308]},"properties":{"line":"Т01","mode":"tram","color":"#556B2F","colorDark":"#2f3b1a","band":4,"off":[-1.7,1.1],"lbl":"1"}},{"type":"Feature","geometry":{"type":"Point","coordinates":[24.056912,49.829308]},"properties":{"line":"Т07","mode":"tram","color":"#556B2F","colorDark":"#2f3b1a","band":4,"off":[1.7,1.1],"lbl":"7"}},{"type":"Feature","geometry":{"type":"Point","coordinates":[23.993194,49.824393]},"properties":{"name":"Коновальця, музей Труша (504)","band":4,"modes":"tram","arr":["Т02"],"off":[0,-0.8]}},{"type":"Feature","geometry":{"type":"Point","coordinates":[23.993194,49.824393]},"properties":{"line":"Т02","mode":"tram","color":"#556B2F","colorDark":"#2f3b1a","band":4,"off":[0,1.1],"lbl":"2"}},{"type":"Feature","geometry":{"type":"Point","coordinates":[24.067965,49.835564]},"properties":{"name":"Пасічна (286)","band":4,"modes":"tram","arr":["Т02"],"off":[0,-0.8]}},{"type":"Feature","geometry":{"type":"Point","coordinates":[24.067965,49.835564]},"properties":{"name":"Пасічна (286-1)","band":4,"modes":"tram","arr":["Т02"],"off":[0,-1.9]}},{"type":"Feature","geometry":{"type":"Point","coordinates":[24.067965,49.835564]},"properties":{"line":"Т02","mode":"tram","color":"#556B2F","colorDark":"#2f3b1a","band":4,"off":[0,1.1],"lbl":"2"}},{"type":"Feature","geometry":{"type":"Point","coordinates":[23.992904,49.824209]},"properties":{"name":"Коновальця (677)","band":4,"modes":"tram","arr":["Т02"],"off":[0,-0.8]}},{"type":"Feature","geometry":{"type":"Point","coordinates":[23.992904,49.824209]},"properties":{"line":"Т02","mode":"tram","color":"#556B2F","colorDark":"#2f3b1a","band":4,"off":[0,1.1],"lbl":"2"}},{"type":"Feature","geometry":{"type":"Point","coordinates":[24.035016,49.838061]},"properties":{"name":"Соборна (74)","band":4,"modes":"tram","arr":["Т03","Т08"],"off":[0,-0.8]}},{"type":"Feature","geometry":{"type":"Point","coordinates":[24.035016,49.838061]},"properties":{"line":"Т03","mode":"tram","color":"#FFFFFF","colorDark":"#8c8c8c","band":4,"off":[-1.7,1.1],"lbl":"3"}},{"type":"Feature","geometry":{"type":"Point","coordinates":[24.035016,49.838061]},"properties":{"line":"Т08","mode":"tram","color":"#FFFFFF","colorDark":"#8c8c8c","band":4,"off":[1.7,1.1],"lbl":"8"}},{"type":"Feature","geometry":{"type":"Point","coordinates":[23.99893,49.807151]},"properties":{"name":"Аквапарк-висадка (519-01)","band":4,"modes":"tram","arr":["Т03"],"off":[0,-0.8]}},{"type":"Feature","geometry":{"type":"Point","coordinates":[23.99893,49.807151]},"properties":{"name":"Аквапарк (519)","band":4,"modes":"tram","arr":["Т03"],"off":[0,-3]}},{"type":"Feature","geometry":{"type":"Point","coordinates":[23.99893,49.807151]},"properties":{"line":"Т03","mode":"tram","color":"#FFFFFF","colorDark":"#8c8c8c","band":4,"off":[0,1.1],"lbl":"3"}},{"type":"Feature","geometry":{"type":"Point","coordinates":[24.034755,49.838592]},"properties":{"name":"ПЛ. СОБОРНА","band":4,"modes":"tram","arr":["Т03","Т08"],"off":[0,-0.8]}},{"type":"Feature","geometry":{"type":"Point","coordinates":[24.034755,49.838592]},"properties":{"line":"Т03","mode":"tram","color":"#FFFFFF","colorDark":"#8c8c8c","band":4,"off":[-1.7,1.1],"lbl":"3"}},{"type":"Feature","geometry":{"type":"Point","coordinates":[24.034755,49.838592]},"properties":{"line":"Т08","mode":"tram","color":"#FFFFFF","colorDark":"#8c8c8c","band":4,"off":[1.7,1.1],"lbl":"8"}},{"type":"Feature","geometry":{"type":"Point","coordinates":[24.059227,49.782462]},"properties":{"name":"Вернадського (785)","band":4,"modes":"tram","arr":["Т04","Т08"],"off":[0,-0.8]}},{"type":"Feature","geometry":{"type":"Point","coordinates":[24.059227,49.782462]},"properties":{"name":"Вернадського (784)","band":4,"modes":"tram","arr":["Т04","Т08"],"off":[0,-1.9]}},{"type":"Feature","geometry":{"type":"Point","coordinates":[24.059227,49.782462]},"properties":{"line":"Т04","mode":"tram","color":"#556B2F","colorDark":"#2f3b1a","band":4,"off":[-1.7,1.1],"lbl":"4"}},{"type":"Feature","geometry":{"type":"Point","coordinates":[24.059227,49.782462]},"properties":{"line":"Т08","mode":"tram","color":"#FFFFFF","colorDark":"#8c8c8c","band":4,"off":[1.7,1.1],"lbl":"8"}},{"type":"Feature","geometry":{"type":"Point","coordinates":[24.044206,49.865903]},"properties":{"name":"Миколайчука (661-01)","band":4,"modes":"tram","arr":["Т06"],"off":[0,-0.8]}},{"type":"Feature","geometry":{"type":"Point","coordinates":[24.044206,49.865903]},"properties":{"line":"Т06","mode":"tram","color":"#FFFFFF","colorDark":"#8c8c8c","band":4,"off":[0,1.1],"lbl":"6"}},{"type":"Feature","geometry":{"type":"Point","coordinates":[24.044541,49.866507]},"properties":{"name":"Миколайчука (661)","band":4,"modes":"tram","arr":["Т06"],"off":[0,-0.8]}},{"type":"Feature","geometry":{"type":"Point","coordinates":[24.044541,49.866507]},"properties":{"line":"Т06","mode":"tram","color":"#FFFFFF","colorDark":"#8c8c8c","band":4,"off":[0,1.1],"lbl":"6"}},{"type":"Feature","geometry":{"type":"Point","coordinates":[23.986695,49.853605]},"properties":{"name":"Отця Омеляна Ковча (703)","band":4,"modes":"tram","arr":["Т07"],"off":[0,-0.8]}},{"type":"Feature","geometry":{"type":"Point","coordinates":[23.986695,49.853605]},"properties":{"line":"Т07","mode":"tram","color":"#556B2F","colorDark":"#2f3b1a","band":4,"off":[0,1.1],"lbl":"7"}},{"type":"Feature","geometry":{"type":"Point","coordinates":[23.987161,49.853804]},"properties":{"name":"Отця Омеляна Ковча-висадка (703-1)","band":4,"modes":"tram","arr":["Т07"],"off":[0,-0.8]}},{"type":"Feature","geometry":{"type":"Point","coordinates":[23.987161,49.853804]},"properties":{"line":"Т07","mode":"tram","color":"#556B2F","colorDark":"#2f3b1a","band":4,"off":[0,1.1],"lbl":"7"}},{"type":"Feature","geometry":{"type":"Point","coordinates":[24.026695,49.861679]},"properties":{"name":"Торф'яна (704-01)","band":4,"modes":"tram","arr":["Т09"],"off":[0,-0.8]}},{"type":"Feature","geometry":{"type":"Point","coordinates":[24.026695,49.861679]},"properties":{"line":"Т09","mode":"tram","color":"#556B2F","colorDark":"#2f3b1a","band":4,"off":[0,1.1],"lbl":"9"}},{"type":"Feature","geometry":{"type":"Point","coordinates":[24.02675,49.861041]},"properties":{"name":"Торф’яна (704)","band":4,"modes":"tram","arr":["Т09"],"off":[0,-0.8]}},{"type":"Feature","geometry":{"type":"Point","coordinates":[24.02675,49.861041]},"properties":{"line":"Т09","mode":"tram","color":"#556B2F","colorDark":"#2f3b1a","band":4,"off":[0,1.1],"lbl":"9"}}]}