{"type":"FeatureCollection","features":[{"type":"Feature","geometry":{"type":"LineString","coordinates":[[24.09257,49.90427],[24.08771,49.90445],[24.08795,49.90316],[24.08814,49.90221],[24.08866,49.89989],[24.08888,49.89947],[24.08997,49.89796],[24.09054,49.8973],[24.09079,49.89707],[24.09164,49.89647],[24.09177,49.89625],[24.09179,49.8961],[24.09177,49.89597],[24.09126,49.89436],[24.08982,49.88987],[24.08972,49.88968],[24.08961,49.8895],[24.08036,49.8867],[24.07901,49.8863],[24.07866,49.88617],[24.07823,49.88598],[24.07774,49.8857],[24.07716,49.88535],[24.07633,49.8848],[24.0761,49.8846],[24.0758,49.88426],[24.07544,49.88382],[24.07456,49.88273],[24.07405,49.88218],[24.07358,49.88192],[24.0728,49.8816],[24.07027,49.88065],[24.06775,49.87968],[24.0671,49.87937],[24.06681,49.87921],[24.06597,49.87867],[24.06406,49.87728],[24.06362,49.87694],[24.06264,49.87608],[24.06111,49.87431],[24.06031,49.87347],[24.05685,49.86941],[24.05357,49.86558],[24.05326,49.86542],[24.05288,49.8653],[24.05274,49.86523],[24.05204,49.865],[24.05067,49.8651],[24.04752,49.86535],[24.04676,49.86538],[24.04593,49.86538],[24.04547,49.86535],[24.04458,49.86529],[24.04364,49.86518],[24.04065,49.86487],[24.03865,49.86465],[24.03527,49.86419],[24.03476,49.86409],[24.03437,49.86397],[24.03264,49.86339],[24.02977,49.86241],[24.02936,49.86224],[24.02897,49.86202],[24.02868,49.8618],[24.0276,49.86077],[24.02706,49.8603],[24.02682,49.86011],[24.02616,49.85963],[24.02365,49.85779],[24.02321,49.85752],[24.02241,49.85712],[24.02216,49.85704],[24.02178,49.85696],[24.02169,49.85697],[24.02157,49.85698],[24.02145,49.85696],[24.02135,49.85691],[24.02124,49.85682],[24.02125,49.85688],[24.02124,49.85682],[24.02122,49.85668],[24.02125,49.85661],[24.02131,49.85655],[24.02147,49.85648],[24.02165,49.85636],[24.02175,49.85628],[24.02191,49.85596],[24.02279,49.85428],[24.02309,49.85368],[24.02446,49.85047],[24.02448,49.85032],[24.02446,49.84988],[24.02445,49.84985],[24.02446,49.84988],[24.02458,49.84978],[24.02472,49.84975],[24.02486,49.84975],[24.02497,49.84973],[24.02506,49.84968],[24.02522,49.84941],[24.02561,49.84869],[24.02565,49.8485],[24.0256,49.84788],[24.02549,49.84714],[24.02524,49.84573],[24.02523,49.84552],[24.02522,49.84539],[24.02546,49.84456],[24.02577,49.84399],[24.02723,49.8414],[24.02785,49.84055],[24.02826,49.84004]]},"properties":{"line":"А01","dir":"0","mode":"bus"}},{"type":"Feature","geometry":{"type":"LineString","coordinates":[[24.0328,49.8393],[24.03317,49.8393],[24.03337,49.83929],[24.0339,49.83917],[24.03534,49.83881],[24.03543,49.83899],[24.03643,49.84034],[24.03632,49.84051],[24.03617,49.8406],[24.03597,49.84066],[24.03585,49.84074],[24.03574,49.84094],[24.03511,49.84251],[24.03462,49.84375],[24.03454,49.84389],[24.03448,49.84394],[24.03437,49.84398],[24.03382,49.84406],[24.03363,49.84414],[24.03318,49.84441],[24.03315,49.84442],[24.03115,49.84458],[24.02963,49.84472],[24.0292,49.84474],[24.02842,49.84474],[24.02832,49.84479],[24.0277,49.84479],[24.02722,49.84479],[24.02686,49.845],[24.02675,49.84515],[24.02655,49.8453],[24.02622,49.84543],[24.02571,49.84556],[24.02546,49.84568],[24.02542,49.84573],[24.02541,49.84579],[24.02561,49.84683],[24.02581,49.84841],[24.02579,49.84862],[24.02567,49.84889],[24.02524,49.84965],[24.02494,49.8501],[24.02464,49.85047],[24.02455,49.85061],[24.02432,49.85118],[24.02322,49.85376],[24.0229,49.8544],[24.02192,49.85632],[24.02198,49.8566],[24.0221,49.8568],[24.02226,49.85699],[24.02241,49.85712],[24.02321,49.85752],[24.02365,49.85779],[24.02682,49.86011],[24.02739,49.86059],[24.02868,49.8618],[24.02897,49.86202],[24.02936,49.86224],[24.02977,49.86241],[24.0319,49.86313],[24.03362,49.86372],[24.03446,49.864],[24.03483,49.8641],[24.03527,49.86419],[24.03865,49.86465],[24.04242,49.86506],[24.04458,49.86529],[24.04593,49.86538],[24.04676,49.86538],[24.04752,49.86535],[24.05168,49.86503],[24.05204,49.865],[24.05236,49.86493],[24.05267,49.86481],[24.0528,49.86473],[24.0529,49.86469],[24.05313,49.86465],[24.05332,49.86468],[24.05344,49.86472],[24.05353,49.86477],[24.0536,49.86484],[24.05364,49.86492],[24.05365,49.865],[24.05354,49.86537],[24.05357,49.86558],[24.05621,49.86866],[24.06009,49.87323],[24.06034,49.87352],[24.06081,49.87398],[24.06111,49.87431],[24.06193,49.87527],[24.06264,49.87608],[24.06362,49.87694],[24.06406,49.87728],[24.06597,49.87867],[24.06681,49.87921],[24.0671,49.87937],[24.06775,49.87968],[24.0686,49.88002],[24.07035,49.88068],[24.07225,49.88139],[24.07358,49.88192],[24.07405,49.88218],[24.07456,49.88273],[24.07562,49.88405],[24.0761,49.8846],[24.07633,49.8848],[24.07716,49.88535],[24.07823,49.88598],[24.07866,49.88617],[24.07901,49.8863],[24.08108,49.88692],[24.08106,49.88686],[24.08108,49.88692],[24.08961,49.8895],[24.08982,49.88987],[24.08985,49.88997],[24.09128,49.89442],[24.09131,49.89451],[24.09177,49.89597],[24.09179,49.8961],[24.09177,49.89625],[24.09164,49.89647],[24.09079,49.89707],[24.0905,49.89735],[24.08997,49.89796],[24.08888,49.89947],[24.08866,49.89989],[24.08814,49.90221],[24.08792,49.9033],[24.08771,49.90445],[24.09313,49.90425]]},"properties":{"line":"А01","dir":"1","mode":"bus"}},{"type":"Feature","geometry":{"type":"LineString","coordinates":[[24.01271,49.77414],[24.01386,49.77417],[24.01402,49.77421],[24.01423,49.77422],[24.01411,49.77811],[24.01402,49.7815],[24.01403,49.78243],[24.01422,49.78423],[24.01437,49.7853],[24.01493,49.78783],[24.01779,49.78758],[24.01777,49.78753],[24.01779,49.78758],[24.01644,49.7877],[24.01645,49.78758],[24.01656,49.78749],[24.01668,49.78748],[24.01753,49.7874],[24.01771,49.78744],[24.01779,49.78758],[24.01784,49.7878],[24.01784,49.78783],[24.01501,49.7881],[24.01602,49.79262],[24.01648,49.79471],[24.01719,49.798],[24.01804,49.80168],[24.01799,49.80192],[24.01815,49.80262],[24.01889,49.80591],[24.01897,49.80654],[24.01917,49.80852],[24.01953,49.81217],[24.01983,49.81515],[24.02034,49.82043],[24.02077,49.82466],[24.02085,49.82491],[24.02096,49.82504],[24.02109,49.82513],[24.02133,49.82524],[24.02166,49.82532],[24.02201,49.82534],[24.02248,49.82529],[24.02299,49.82518],[24.02422,49.82493],[24.02441,49.82493],[24.02472,49.825],[24.02487,49.82509],[24.02528,49.82543],[24.02549,49.82554],[24.02573,49.82561],[24.02619,49.8257],[24.02698,49.82593],[24.02723,49.82607],[24.02866,49.82718],[24.02884,49.82723],[24.02903,49.82727],[24.03001,49.82735],[24.03023,49.82738],[24.03044,49.82748],[24.03075,49.82769],[24.031,49.8279],[24.03158,49.82872],[24.03224,49.82953],[24.03229,49.82965],[24.03237,49.8297],[24.03261,49.82988],[24.03326,49.83026],[24.03388,49.83081],[24.03485,49.83202],[24.03504,49.8323],[24.0351,49.83248],[24.03519,49.83299],[24.0354,49.83393],[24.0355,49.83426],[24.03519,49.83438],[24.035,49.8345],[24.03489,49.83464],[24.03478,49.83486],[24.03486,49.83492],[24.03493,49.83504],[24.03493,49.83619],[24.03488,49.83648],[24.03493,49.83718],[24.03496,49.83737],[24.03506,49.83783],[24.03534,49.83881],[24.03543,49.83899],[24.03643,49.84034],[24.03632,49.84051],[24.03617,49.8406],[24.03597,49.84066],[24.03585,49.84074],[24.03578,49.84085],[24.03566,49.84112],[24.03511,49.84251],[24.03462,49.84375],[24.03454,49.84389],[24.03448,49.84394],[24.03437,49.84398],[24.03382,49.84406],[24.03363,49.84414],[24.03318,49.84441],[24.03269,49.84445],[24.03196,49.8445],[24.02963,49.84472],[24.0292,49.84474],[24.02842,49.84474],[24.02832,49.84479],[24.0277,49.84479]]},"properties":{"line":"А03","dir":"0","mode":"bus"}},{"type":"Feature","geometry":{"type":"LineString","coordinates":[[24.02571,49.84556],[24.02557,49.84554],[24.02543,49.8455],[24.02533,49.84543],[24.02526,49.84526],[24.02546,49.84456],[24.02577,49.84399],[24.02727,49.84131],[24.02826,49.84004],[24.02841,49.83985],[24.02855,49.83974],[24.02884,49.83958],[24.02907,49.83949],[24.02984,49.83927],[24.03051,49.83908],[24.03066,49.83907],[24.03138,49.83919],[24.03205,49.83929],[24.03306,49.83767],[24.03356,49.83691],[24.03379,49.8367],[24.03468,49.83638],[24.03483,49.83628],[24.03493,49.83619],[24.03493,49.83504],[24.03486,49.83492],[24.03478,49.83486],[24.03489,49.83464],[24.035,49.8345],[24.03519,49.83438],[24.0355,49.83426],[24.03542,49.83405],[24.03538,49.83387],[24.03519,49.83299],[24.0351,49.83248],[24.03504,49.8323],[24.03485,49.83202],[24.03388,49.83081],[24.03326,49.83026],[24.03261,49.82988],[24.03248,49.82978],[24.03229,49.82965],[24.03223,49.82951],[24.03158,49.82872],[24.031,49.8279],[24.03075,49.82769],[24.03044,49.82748],[24.03023,49.82738],[24.03001,49.82735],[24.02903,49.82727],[24.02884,49.82723],[24.02866,49.82718],[24.02723,49.82607],[24.02698,49.82593],[24.02619,49.8257],[24.02573,49.82561],[24.02549,49.82554],[24.02528,49.82543],[24.02487,49.82509],[24.02472,49.825],[24.02441,49.82493],[24.02422,49.82493],[24.02248,49.82529],[24.02201,49.82534],[24.02162,49.82531],[24.02133,49.82524],[24.02109,49.82513],[24.02096,49.82504],[24.02085,49.82491],[24.02077,49.82466],[24.02071,49.82411],[24.02058,49.82273],[24.02035,49.82051],[24.01981,49.81497],[24.01959,49.81287],[24.01943,49.81104],[24.01907,49.80762],[24.01897,49.80654],[24.01889,49.80591],[24.01799,49.80192],[24.01787,49.80181],[24.01778,49.8017],[24.01768,49.80129],[24.01762,49.80091],[24.0169,49.7977],[24.0161,49.7941],[24.01552,49.79143],[24.01467,49.78757],[24.01432,49.78595],[24.01407,49.78448],[24.01391,49.78312],[24.01384,49.7815],[24.01393,49.77771],[24.01389,49.77767],[24.01393,49.77771],[24.01402,49.77421],[24.01386,49.77425],[24.01258,49.77422]]},"properties":{"line":"А03","dir":"1","mode":"bus"}},{"type":"Feature","geometry":{"type":"LineString","coordinates":[[24.02582,49.84553],[24.02571,49.84556],[24.02557,49.84554],[24.02543,49.8455],[24.02533,49.84543],[24.02526,49.84526],[24.02546,49.84456],[24.02577,49.84399],[24.02723,49.8414],[24.02785,49.84055],[24.02826,49.84004],[24.02841,49.83985],[24.02855,49.83974],[24.02884,49.83958],[24.02907,49.83949],[24.03051,49.83908],[24.03066,49.83907],[24.03138,49.83919],[24.03205,49.83929],[24.03227,49.8393],[24.0328,49.8393],[24.03317,49.8393],[24.03337,49.83929],[24.0339,49.83917],[24.03534,49.83881],[24.03543,49.83899],[24.036,49.83978],[24.03718,49.8398],[24.03968,49.83986],[24.04146,49.83993],[24.04183,49.83996],[24.04219,49.84001],[24.04329,49.84027],[24.04411,49.84046],[24.04467,49.84057],[24.04564,49.84071],[24.04623,49.84075],[24.04643,49.84075],[24.0469,49.84067],[24.04722,49.84059],[24.04877,49.84011],[24.04987,49.83987],[24.05127,49.83957],[24.05403,49.83878],[24.05491,49.83854],[24.05667,49.83812],[24.0602,49.83736],[24.06284,49.83679],[24.06381,49.8366],[24.06653,49.83616],[24.06735,49.83608],[24.06804,49.83603],[24.07153,49.83589],[24.07554,49.83573],[24.08058,49.83553],[24.0816,49.83536],[24.08416,49.83485],[24.08745,49.8342],[24.08816,49.83402],[24.08914,49.83375],[24.08942,49.83365],[24.08966,49.83353],[24.08993,49.83336],[24.09084,49.8327],[24.09124,49.83247],[24.09436,49.83113],[24.09584,49.83042],[24.09643,49.83011],[24.0991,49.8286],[24.10069,49.82763],[24.10136,49.82717],[24.10206,49.82645],[24.10392,49.8249],[24.10423,49.82469],[24.10612,49.82384],[24.10931,49.8224],[24.10991,49.8221],[24.11168,49.82122],[24.11229,49.82086],[24.11252,49.82068],[24.1131,49.82023],[24.11504,49.8186],[24.11567,49.8181],[24.11582,49.81801],[24.11614,49.81786],[24.11691,49.81764],[24.11747,49.81741],[24.11782,49.81721],[24.1189,49.81652],[24.11929,49.81634],[24.11979,49.81621],[24.12194,49.81586],[24.12294,49.81573],[24.12323,49.81571],[24.12381,49.81569],[24.12523,49.81572],[24.12628,49.81591],[24.1283,49.81607],[24.12948,49.81617],[24.12987,49.81624],[24.13009,49.81632],[24.13022,49.81639],[24.13043,49.81659],[24.13051,49.8168],[24.13053,49.81695],[24.13052,49.81767],[24.13052,49.81779],[24.13056,49.81789],[24.1306,49.81796],[24.1307,49.81805],[24.13094,49.81815],[24.1311,49.81818],[24.13124,49.81819],[24.13141,49.81817],[24.13154,49.81814],[24.13176,49.81806],[24.13398,49.81712],[24.13437,49.81697],[24.13484,49.8169],[24.13598,49.81682],[24.1357,49.81631],[24.13555,49.81605],[24.13541,49.81588],[24.13521,49.81574],[24.13517,49.81568],[24.13513,49.81557],[24.13517,49.81552],[24.13524,49.81547],[24.13551,49.81542],[24.13641,49.81537],[24.1365,49.81536],[24.13657,49.81533],[24.13658,49.81526],[24.13654,49.81522],[24.13643,49.81516],[24.13534,49.81491],[24.1351,49.81484],[24.13493,49.81476],[24.13483,49.81469],[24.13474,49.81459],[24.1347,49.81452],[24.13465,49.81424],[24.13468,49.814],[24.13473,49.81394],[24.13488,49.81383],[24.13525,49.81369],[24.1355,49.8136],[24.13569,49.81353],[24.13613,49.81319],[24.13703,49.81291],[24.13731,49.81265],[24.13763,49.81225],[24.13813,49.81172],[24.13907,49.81103],[24.13855,49.8092],[24.13841,49.80902],[24.13829,49.80894],[24.13817,49.80889],[24.13728,49.80847],[24.13712,49.80833],[24.13697,49.80816],[24.13672,49.80774],[24.13699,49.80737],[24.13725,49.80638],[24.13713,49.80571],[24.13702,49.80508],[24.13689,49.8047],[24.13649,49.80432],[24.13605,49.80297],[24.13607,49.80233],[24.13489,49.80234],[24.13278,49.80234],[24.13192,49.80232],[24.13105,49.80235],[24.12959,49.8026],[24.12921,49.80278],[24.1288,49.80297],[24.12825,49.80318],[24.12756,49.80339],[24.1261,49.80392],[24.12538,49.80433],[24.12499,49.80451],[24.12383,49.80491],[24.12291,49.80526],[24.12274,49.80529],[24.12238,49.8053],[24.12195,49.80536],[24.12143,49.80556],[24.12118,49.80567],[24.12099,49.80578]]},"properties":{"line":"А05","dir":"0","mode":"bus"}},{"type":"Feature","geometry":{"type":"LineString","coordinates":[[24.12015,49.80905],[24.11966,49.80871],[24.11915,49.80826],[24.11892,49.80798],[24.11889,49.80792],[24.11894,49.80771],[24.11914,49.80724],[24.11933,49.80697],[24.11944,49.80685],[24.11968,49.80667],[24.12023,49.80632],[24.12096,49.80579],[24.12118,49.80567],[24.12143,49.80556],[24.12195,49.80536],[24.12238,49.8053],[24.12274,49.80529],[24.12291,49.80526],[24.12383,49.80491],[24.12499,49.80451],[24.12538,49.80433],[24.1261,49.80392],[24.12756,49.80339],[24.12825,49.80318],[24.1288,49.80297],[24.12959,49.8026],[24.12978,49.80257],[24.13105,49.80235],[24.13192,49.80232],[24.13278,49.80234],[24.13558,49.80234],[24.13607,49.80233],[24.13605,49.80297],[24.13625,49.80361],[24.13649,49.80432],[24.13689,49.8047],[24.13702,49.80508],[24.13706,49.80536],[24.13725,49.80638],[24.13699,49.80737],[24.13672,49.80774],[24.13697,49.80816],[24.13712,49.80833],[24.13728,49.80847],[24.13811,49.80886],[24.13829,49.80894],[24.13841,49.80902],[24.13855,49.8092],[24.13889,49.81044],[24.13913,49.81118],[24.13929,49.81154],[24.13972,49.81241],[24.14003,49.813],[24.14028,49.81339],[24.14039,49.81365],[24.14042,49.81373],[24.14036,49.81448],[24.14039,49.81471],[24.14052,49.81527],[24.14068,49.81547],[24.14099,49.81569],[24.14308,49.81695],[24.14439,49.81723],[24.14483,49.81729],[24.14549,49.81734],[24.14558,49.81736],[24.14565,49.81742],[24.14567,49.81746],[24.14396,49.81735],[24.13957,49.81703],[24.13686,49.81686],[24.13598,49.81682],[24.13484,49.8169],[24.13437,49.81697],[24.13398,49.81712],[24.13163,49.81811],[24.13141,49.81817],[24.13124,49.81819],[24.1311,49.81818],[24.13094,49.81815],[24.1307,49.81805],[24.1306,49.81796],[24.13052,49.81779],[24.13052,49.81723],[24.13053,49.81695],[24.13051,49.8168],[24.13043,49.81659],[24.13022,49.81639],[24.13009,49.81632],[24.12987,49.81624],[24.12948,49.81617],[24.12628,49.81591],[24.12523,49.81572],[24.12381,49.81569],[24.12323,49.81571],[24.12294,49.81573],[24.12194,49.81586],[24.11979,49.81621],[24.11929,49.81634],[24.1189,49.81652],[24.11782,49.81721],[24.11747,49.81741],[24.11691,49.81764],[24.11614,49.81786],[24.11582,49.81801],[24.11567,49.8181],[24.11504,49.8186],[24.1131,49.82023],[24.11255,49.82066],[24.11229,49.82086],[24.11168,49.82122],[24.10991,49.8221],[24.10931,49.8224],[24.10626,49.82378],[24.10423,49.82469],[24.10392,49.8249],[24.10207,49.82645],[24.10171,49.82681],[24.10136,49.82717],[24.10069,49.82763],[24.0991,49.8286],[24.09643,49.83011],[24.09584,49.83042],[24.09436,49.83113],[24.09124,49.83247],[24.09084,49.8327],[24.08993,49.83336],[24.08957,49.83358],[24.08926,49.83371],[24.08904,49.83378],[24.08793,49.83408],[24.08745,49.8342],[24.08683,49.83433],[24.08363,49.83496],[24.0816,49.83536],[24.08058,49.83553],[24.075,49.83575],[24.071,49.83592],[24.06876,49.836],[24.06723,49.83609],[24.06653,49.83616],[24.06381,49.8366],[24.06251,49.83685],[24.06086,49.83722],[24.05667,49.83812],[24.05553,49.83839],[24.05491,49.83854],[24.05422,49.83872],[24.05127,49.83957],[24.04923,49.84001],[24.04877,49.84011],[24.04714,49.84061],[24.0469,49.84067],[24.04643,49.84075],[24.04623,49.84075],[24.04564,49.84071],[24.04467,49.84057],[24.04411,49.84046],[24.04316,49.84024],[24.04219,49.84001],[24.04183,49.83996],[24.04146,49.83993],[24.03968,49.83986],[24.038,49.83982],[24.036,49.83978],[24.03643,49.84034],[24.03632,49.84051],[24.03617,49.8406],[24.03597,49.84066],[24.03585,49.84074],[24.03577,49.84085],[24.03511,49.84251],[24.03462,49.84375],[24.03454,49.84389],[24.03448,49.84394],[24.03437,49.84398],[24.03382,49.84406],[24.03341,49.84408],[24.03103,49.84428],[24.02952,49.84438],[24.02943,49.84468],[24.0292,49.84474],[24.02842,49.84474],[24.02832,49.84479],[24.0277,49.84479]]},"properties":{"line":"А05","dir":"1","mode":"bus"}},{"type":"Feature","geometry":{"type":"LineString","coordinates":[[23.93805,49.8754],[23.9381,49.87592],[23.93809,49.876],[23.93829,49.87597],[23.93834,49.87591],[23.93833,49.87582],[23.93828,49.8753],[23.93814,49.87517],[23.938,49.8751],[23.93794,49.87495],[23.93782,49.8748],[23.93776,49.87476],[23.93758,49.87471],[23.93656,49.87458],[23.93615,49.87457],[23.93527,49.87463],[23.93496,49.87471],[23.93419,49.87499],[23.93402,49.87503],[23.93334,49.87515],[23.93299,49.87519],[23.93244,49.87522],[23.93118,49.87529],[23.92958,49.8754],[23.92946,49.87539],[23.92939,49.87537],[23.92913,49.87525],[23.929,49.87516],[23.92891,49.87506],[23.92885,49.87494],[23.92877,49.87432],[23.92861,49.8736],[23.92851,49.87281],[23.92852,49.87281],[23.93002,49.87272],[23.9338,49.87252],[23.93645,49.87236],[23.93788,49.87223],[23.94337,49.87129],[23.94414,49.8711],[23.94485,49.87085],[23.94561,49.87054],[23.94946,49.86888],[23.95028,49.86863],[23.95093,49.86845],[23.95434,49.86749],[23.9547,49.86737],[23.95534,49.86711],[23.9556,49.86698],[23.95643,49.86647],[23.95712,49.86602],[23.95896,49.8649],[23.95964,49.86453],[23.96011,49.86431],[23.9625,49.8633],[23.96326,49.863],[23.96744,49.86128],[23.96852,49.86082],[23.97076,49.8599],[23.97807,49.85688],[23.98137,49.85549],[23.98536,49.85383],[23.98597,49.85359],[23.98698,49.85335],[23.98857,49.85244],[23.99185,49.851],[23.99461,49.84975],[23.99484,49.84967],[23.99497,49.84965],[23.99592,49.84933],[23.99601,49.84927],[23.99666,49.84906],[23.99723,49.84886],[23.99805,49.84863],[23.99901,49.84833],[24.00057,49.84797],[24.00096,49.84785],[24.00145,49.84767],[24.00237,49.84732],[24.0031,49.84709],[24.00356,49.84698],[24.00459,49.8468],[24.00479,49.84675],[24.0053,49.84655],[24.00703,49.84585],[24.00874,49.84525],[24.01417,49.84335],[24.01539,49.84303],[24.01554,49.84287],[24.01558,49.84203],[24.01559,49.84174],[24.01563,49.84168],[24.01572,49.84166],[24.01587,49.84168],[24.01657,49.84197],[24.01766,49.84241],[24.01821,49.84261],[24.01838,49.84266],[24.02052,49.84292],[24.02134,49.84302],[24.02218,49.84313],[24.02264,49.8432],[24.02276,49.84325],[24.02296,49.84328],[24.02467,49.84422],[24.02503,49.84433],[24.02537,49.84438],[24.02553,49.84442],[24.02577,49.84399],[24.02723,49.8414],[24.02785,49.84055],[24.02826,49.84004]]},"properties":{"line":"А06","dir":"0","mode":"bus"}},{"type":"Feature","geometry":{"type":"LineString","coordinates":[[24.0328,49.8393],[24.03317,49.8393],[24.03337,49.83929],[24.0339,49.83917],[24.03534,49.83881],[24.03543,49.83899],[24.03643,49.84034],[24.03632,49.84051],[24.03617,49.8406],[24.03597,49.84066],[24.03585,49.84074],[24.03578,49.84085],[24.03561,49.84124],[24.03511,49.84251],[24.03462,49.84375],[24.03454,49.84389],[24.03448,49.84394],[24.03437,49.84398],[24.03382,49.84406],[24.03363,49.84414],[24.03318,49.84441],[24.03305,49.84442],[24.03196,49.8445],[24.03067,49.84462],[24.02963,49.84472],[24.0292,49.84474],[24.02842,49.84474],[24.02832,49.84479],[24.0277,49.84479],[24.02722,49.84479],[24.02697,49.84478],[24.02675,49.84475],[24.02531,49.84445],[24.02503,49.84433],[24.02467,49.84422],[24.02412,49.84391],[24.02296,49.84328],[24.02276,49.84325],[24.02262,49.84326],[24.02084,49.84304],[24.01872,49.84281],[24.01826,49.84275],[24.01816,49.84273],[24.01758,49.84276],[24.01579,49.84297],[24.01539,49.84303],[24.01417,49.84335],[24.00845,49.84535],[24.00703,49.84585],[24.0053,49.84655],[24.00479,49.84675],[24.00459,49.8468],[24.00356,49.84698],[24.0031,49.84709],[24.00237,49.84732],[24.00135,49.84771],[24.00096,49.84785],[24.00057,49.84797],[23.99901,49.84833],[23.99805,49.84863],[23.99723,49.84886],[23.99601,49.84927],[23.99592,49.84933],[23.99536,49.84952],[23.99497,49.84965],[23.99484,49.84967],[23.99461,49.84975],[23.99141,49.85119],[23.98857,49.85244],[23.98693,49.85337],[23.98597,49.85359],[23.98501,49.85397],[23.98137,49.85549],[23.97807,49.85688],[23.97085,49.85987],[23.96852,49.86082],[23.96649,49.86167],[23.9635,49.8629],[23.9619,49.86355],[23.95995,49.86438],[23.95964,49.86453],[23.95863,49.8651],[23.95663,49.86634],[23.9556,49.86698],[23.95534,49.86711],[23.95501,49.86725],[23.95434,49.86749],[23.95254,49.868],[23.95028,49.86863],[23.94946,49.86888],[23.94614,49.87031],[23.94485,49.87085],[23.94414,49.8711],[23.94337,49.87129],[23.93788,49.87223],[23.93645,49.87236],[23.93317,49.87255],[23.92906,49.87278],[23.9287,49.87295],[23.92854,49.87306],[23.92861,49.8736],[23.92877,49.87432],[23.92885,49.87494],[23.92891,49.87506],[23.929,49.87516],[23.92913,49.87525],[23.92939,49.87537],[23.92946,49.87539],[23.92958,49.8754],[23.93118,49.87529],[23.93254,49.87522],[23.93299,49.87519],[23.93334,49.87515],[23.93402,49.87503],[23.93419,49.87499],[23.93496,49.87471],[23.93527,49.87463],[23.93615,49.87457],[23.93656,49.87458],[23.93758,49.87471],[23.93776,49.87476],[23.93782,49.8748],[23.93794,49.87495],[23.938,49.8751],[23.93814,49.87517],[23.93828,49.8753],[23.93831,49.87559]]},"properties":{"line":"А06","dir":"1","mode":"bus"}},{"type":"Feature","geometry":{"type":"LineString","coordinates":[[24.05537,49.87063],[24.05226,49.87199],[24.05036,49.8728],[24.04997,49.87296],[24.04965,49.87306],[24.04913,49.8731],[24.04883,49.87308],[24.04459,49.87266],[24.04378,49.87252],[24.0392,49.87176],[24.03129,49.87046],[24.02538,49.86949],[24.02496,49.86943],[24.02372,49.86921],[24.02348,49.86919],[24.02308,49.86922],[24.02291,49.86926],[24.02051,49.87032],[24.01946,49.8708],[24.01924,49.87082],[24.01903,49.87079],[24.01882,49.8707],[24.01853,49.87034],[24.01845,49.87014],[24.0184,49.86983],[24.01831,49.86953],[24.01819,49.86926],[24.01804,49.86901],[24.01784,49.86877],[24.01768,49.86863],[24.01707,49.8682],[24.01608,49.86756],[24.016,49.86728],[24.01599,49.86699],[24.01629,49.8664],[24.01815,49.86293],[24.01883,49.86164],[24.01972,49.85998],[24.02093,49.85769],[24.02124,49.8571],[24.02126,49.85704],[24.02123,49.85685],[24.0212,49.85671],[24.02124,49.85664],[24.0213,49.85658],[24.02139,49.85653],[24.02149,49.8565],[24.02175,49.85628],[24.02192,49.85597],[24.02279,49.85428],[24.02309,49.85368],[24.02446,49.85047],[24.02448,49.85032],[24.02446,49.84995],[24.02446,49.84988],[24.02458,49.84978],[24.02472,49.84975],[24.02486,49.84975],[24.02497,49.84973],[24.02506,49.84968],[24.02529,49.84927],[24.02561,49.84869],[24.02565,49.8485],[24.02565,49.84841],[24.02549,49.84714],[24.02535,49.84631],[24.02528,49.84552],[24.0253,49.84528],[24.02536,49.84505],[24.02551,49.84457],[24.02555,49.84449],[24.02521,49.84441],[24.02505,49.84432],[24.02474,49.84425],[24.02412,49.84392],[24.02297,49.84329],[24.02285,49.84326],[24.02274,49.84328],[24.01875,49.8428],[24.01827,49.84272],[24.01816,49.84271],[24.01763,49.84273],[24.01581,49.84297],[24.01563,49.84293],[24.01556,49.84288],[24.01551,49.84281],[24.01557,49.84203],[24.01559,49.84159],[24.0122,49.84024],[24.00684,49.83814],[24.00557,49.83769],[24.00511,49.83753],[24.005,49.8376],[24.00476,49.83764],[24.00424,49.83765],[24.00315,49.83756],[24.00226,49.8374],[24.00199,49.8371],[24.00177,49.83684],[24.00153,49.83674],[24.00116,49.83666],[23.9992,49.83633],[23.99827,49.83617],[23.99471,49.83554],[23.9943,49.83547],[23.99395,49.83546],[23.99229,49.83553],[23.99146,49.83555],[23.99126,49.83554],[23.99098,49.83546],[23.9907,49.83535],[23.99061,49.83528],[23.99057,49.83521],[23.99057,49.83509],[23.99075,49.83465],[23.99086,49.83449],[23.99089,49.83442],[23.99078,49.83395],[23.99077,49.8335],[23.99078,49.83168],[23.99076,49.83139],[23.99066,49.83094],[23.99018,49.82883],[23.98993,49.82652],[23.98978,49.82539],[23.98923,49.82338],[23.98846,49.82079],[23.98793,49.81928],[23.98783,49.819],[23.98751,49.81837],[23.98475,49.81343],[23.9844,49.81276],[23.98437,49.81232],[23.9845,49.81222],[23.98457,49.8121],[23.98458,49.81197],[23.98451,49.81184],[23.98437,49.81173],[23.98388,49.81153],[23.98357,49.81125],[23.98304,49.81031],[23.98258,49.8094],[23.98242,49.80909],[23.9818,49.80751],[23.98152,49.80625],[23.98138,49.80608],[23.98121,49.80593],[23.98103,49.80586],[23.98096,49.80579],[23.98092,49.80572],[23.9809,49.80564],[23.98094,49.80552],[23.98103,49.80543],[23.98115,49.80537],[23.98129,49.80534],[23.98144,49.80533],[23.98158,49.80536],[23.9817,49.80541],[23.98177,49.80546],[23.98219,49.80548],[23.98255,49.80544],[23.98306,49.80537],[23.98654,49.80501],[23.98652,49.80493],[23.98769,49.80481],[23.99174,49.80437],[23.99317,49.80422],[23.99371,49.80416],[23.99375,49.8043],[23.99652,49.80401],[24.00099,49.80355],[24.00687,49.80296],[24.01352,49.80228],[24.01483,49.80216],[24.01558,49.80215],[24.01714,49.80201],[24.01902,49.8018],[24.0222,49.80143],[24.0251,49.80098],[24.03124,49.80024],[24.03131,49.80024],[24.03328,49.80002],[24.03371,49.79998],[24.03459,49.79992],[24.03546,49.79991],[24.03631,49.79992],[24.03758,49.80001],[24.03826,49.80009],[24.03887,49.80017],[24.03945,49.80027],[24.04066,49.80053],[24.04249,49.80096],[24.04298,49.80097],[24.04327,49.80094],[24.04375,49.80084],[24.044,49.80075],[24.04569,49.7999],[24.04589,49.79983],[24.04692,49.79956],[24.04724,49.79947],[24.04774,49.79927],[24.04796,49.79911],[24.04805,49.79904],[24.04882,49.79867],[24.04948,49.7983],[24.05162,49.79719],[24.05319,49.79637],[24.05498,49.79542],[24.05633,49.79463],[24.05713,49.79409],[24.05755,49.79371],[24.05771,49.79353],[24.05797,49.79313],[24.05817,49.79269],[24.05844,49.79189],[24.05856,49.79153],[24.05868,49.79103],[24.05872,49.79003],[24.05877,49.78865],[24.05891,49.78532]]},"properties":{"line":"А07","dir":"0","mode":"bus"}},{"type":"Feature","geometry":{"type":"LineString","coordinates":[[24.05175,49.78572],[24.05171,49.78591],[24.05186,49.78663],[24.05171,49.78591],[24.05224,49.7833],[24.05245,49.78338],[24.05522,49.78471],[24.05547,49.78479],[24.0557,49.78483],[24.05614,49.78487],[24.05933,49.78492],[24.05929,49.78569],[24.05921,49.78753],[24.05909,49.79066],[24.05904,49.79179],[24.05899,49.79236],[24.05892,49.7927],[24.05886,49.79287],[24.05874,49.79314],[24.05848,49.79364],[24.05816,49.7941],[24.05792,49.7943],[24.05747,49.79462],[24.05705,49.79487],[24.05673,49.79503],[24.0556,49.79547],[24.05477,49.79588],[24.05365,49.79646],[24.05239,49.79713],[24.05107,49.79779],[24.04923,49.79876],[24.04868,49.79907],[24.04813,49.79939],[24.04789,49.79961],[24.0475,49.8],[24.04721,49.80034],[24.04693,49.80083],[24.04679,49.80117],[24.04667,49.80167],[24.04652,49.80256],[24.04644,49.80329],[24.04644,49.8036],[24.04647,49.80415],[24.04677,49.8044],[24.04709,49.80579],[24.04711,49.80599],[24.04703,49.80612],[24.04692,49.80618],[24.04612,49.80633],[24.04596,49.80632],[24.04587,49.80627],[24.04582,49.8062],[24.04569,49.80565],[24.04551,49.80488],[24.04541,49.80436],[24.0454,49.80417],[24.04544,49.80408],[24.04552,49.80399],[24.04591,49.80378],[24.04575,49.80323],[24.04561,49.80296],[24.04537,49.80266],[24.04503,49.80231],[24.04482,49.80214],[24.04442,49.80188],[24.0443,49.80162],[24.04181,49.801],[24.04091,49.80078],[24.04013,49.80062],[24.03878,49.80036],[24.03775,49.80023],[24.03637,49.80012],[24.03571,49.80012],[24.03461,49.80013],[24.03369,49.80019],[24.03269,49.80028],[24.0301,49.80059],[24.02404,49.80128],[24.0222,49.80143],[24.02,49.80169],[24.01724,49.802],[24.01558,49.80215],[24.01477,49.80232],[24.01409,49.80238],[24.00485,49.80333],[24.00004,49.80384],[23.99907,49.80393],[23.99906,49.80393],[23.99907,49.80393],[23.99798,49.80405],[23.99519,49.80432],[23.99172,49.80467],[23.98724,49.80512],[23.98658,49.80519],[23.98661,49.80532],[23.98557,49.80544],[23.98521,49.80547],[23.98486,49.80546],[23.98477,49.80537],[23.98223,49.80565],[23.98208,49.80568],[23.9818,49.80579],[23.98174,49.80585],[23.98159,49.80606],[23.98152,49.80625],[23.9818,49.80751],[23.98242,49.80909],[23.98255,49.80935],[23.98304,49.81031],[23.98357,49.81125],[23.98362,49.81153],[23.98361,49.81166],[23.98355,49.81176],[23.98347,49.81183],[23.98342,49.81191],[23.98339,49.81204],[23.98342,49.81216],[23.98348,49.81223],[23.98356,49.8123],[23.98414,49.81256],[23.9844,49.81276],[23.98502,49.81392],[23.98718,49.81777],[23.98765,49.81865],[23.98783,49.819],[23.98846,49.82079],[23.98923,49.82338],[23.98978,49.82539],[23.98986,49.82595],[23.99018,49.82883],[23.99073,49.83124],[23.99078,49.83168],[23.99078,49.83395],[23.99084,49.83418],[23.99089,49.83442],[23.99086,49.83449],[23.99075,49.83465],[23.9938,49.83519],[23.99423,49.83525],[23.99506,49.8354],[23.99915,49.83615],[24.002,49.83663],[24.00268,49.83676],[24.00286,49.8368],[24.00388,49.83712],[24.00487,49.83745],[24.00559,49.83769],[24.00684,49.83814],[24.0122,49.84024],[24.01586,49.84169],[24.01655,49.84199],[24.01769,49.84246],[24.0182,49.84261],[24.01862,49.84271],[24.01957,49.84283],[24.02064,49.84295],[24.02156,49.84306],[24.02218,49.84314],[24.02276,49.8432],[24.02285,49.84326],[24.02297,49.84329],[24.02474,49.84425],[24.02505,49.84432],[24.02526,49.84433],[24.02544,49.84436],[24.02679,49.84468],[24.02685,49.84468],[24.02679,49.84468],[24.02687,49.84477],[24.02688,49.84497],[24.02658,49.84531],[24.02623,49.84543],[24.02582,49.84554],[24.02576,49.84556],[24.02551,49.84568],[24.02547,49.84573],[24.02546,49.84579],[24.02551,49.8463],[24.02561,49.84683],[24.02581,49.84841],[24.02579,49.84862],[24.02567,49.84889],[24.02496,49.85018],[24.02465,49.85048],[24.02457,49.85062],[24.02432,49.85118],[24.02322,49.85376],[24.0229,49.8544],[24.02192,49.85631],[24.02197,49.85664],[24.02201,49.85673],[24.022,49.8568],[24.02196,49.85687],[24.0219,49.85693],[24.02174,49.857],[24.02153,49.85714],[24.02143,49.85724],[24.02117,49.85771],[24.02006,49.85985],[24.01855,49.86264],[24.01685,49.86586],[24.01674,49.86607],[24.01659,49.86647],[24.01655,49.86667],[24.01654,49.86689],[24.01657,49.86746],[24.0168,49.86782],[24.01707,49.8682],[24.01768,49.86863],[24.01784,49.86877],[24.01804,49.86901],[24.01823,49.86932],[24.01838,49.86979],[24.01845,49.87014],[24.01853,49.87034],[24.01882,49.8707],[24.01903,49.87079],[24.01924,49.87082],[24.01946,49.8708],[24.02068,49.87024],[24.02291,49.86926],[24.02308,49.86922],[24.02348,49.86919],[24.02372,49.86921],[24.02498,49.86943],[24.03255,49.87066],[24.03944,49.8718],[24.04327,49.87244],[24.04459,49.87266],[24.04883,49.87308],[24.04913,49.8731],[24.04965,49.87306],[24.04997,49.87296],[24.05061,49.8727],[24.05214,49.87204],[24.05536,49.87064],[24.05537,49.87063]]},"properties":{"line":"А07","dir":"1","mode":"bus"}},{"type":"Feature","geometry":{"type":"LineString","coordinates":[[24.02499,49.8464],[24.02536,49.84639],[24.02559,49.84783],[24.02565,49.8485],[24.02561,49.84869],[24.0251,49.84962],[24.02506,49.84968],[24.02497,49.84973],[24.02486,49.84975],[24.02496,49.84983],[24.02502,49.84997],[24.02494,49.8501],[24.02464,49.85047],[24.02455,49.85061],[24.02432,49.85118],[24.02322,49.85376],[24.0229,49.8544],[24.02192,49.85632],[24.02198,49.8566],[24.02202,49.8567],[24.02201,49.85677],[24.02198,49.85684],[24.02191,49.8569],[24.02175,49.85696],[24.02146,49.85718],[24.02117,49.85771],[24.02006,49.85985],[24.01855,49.86264],[24.01686,49.86586],[24.01674,49.86607],[24.01658,49.8665],[24.01654,49.86689],[24.01657,49.86746],[24.0168,49.86782],[24.01707,49.8682],[24.01768,49.86863],[24.01784,49.86877],[24.01804,49.86901],[24.01823,49.86932],[24.01838,49.86979],[24.01845,49.87014],[24.01853,49.87034],[24.01882,49.8707],[24.01882,49.87081],[24.01885,49.87093],[24.01883,49.87102],[24.01872,49.87112],[24.01846,49.87123],[24.01802,49.87143],[24.0178,49.87159],[24.01652,49.87297],[24.0163,49.87317],[24.01617,49.87325],[24.01591,49.87337],[24.01449,49.87364],[24.01349,49.87393],[24.0135,49.87394],[24.01349,49.87393],[24.01246,49.87433],[24.01215,49.87447],[24.01133,49.87499],[24.0111,49.87511],[24.00798,49.87608],[24.00564,49.87679],[24.00499,49.87701],[24.00474,49.8771],[24.00452,49.87722],[24.00414,49.87744],[24.00396,49.87757],[24.00292,49.87827],[24.0022,49.87888],[24.00191,49.87917],[24.00166,49.87949],[24.00137,49.8799],[24.00053,49.88117],[24.0004,49.88134],[23.99993,49.88184],[23.99971,49.88201],[23.99904,49.88248],[23.99866,49.8827],[23.99827,49.88291],[23.99619,49.88387],[23.99439,49.8846],[23.99199,49.88553],[23.98895,49.88666],[23.98821,49.88689],[23.9841,49.88798],[23.98294,49.88841],[23.98232,49.88869],[23.98204,49.88885],[23.9818,49.88903],[23.98106,49.8897],[23.98014,49.89062],[23.97964,49.89102],[23.97908,49.89141],[23.97857,49.89173],[23.9776,49.89228],[23.9771,49.89251],[23.97014,49.89516],[23.96622,49.89647],[23.96601,49.89656],[23.96579,49.8967],[23.96544,49.89686],[23.96513,49.897],[23.96412,49.89739],[23.9634,49.89772],[23.96305,49.89793],[23.96272,49.89817],[23.96243,49.89842],[23.9615,49.89929],[23.96063,49.90009],[23.96045,49.90035],[23.95998,49.90144],[23.95986,49.90174],[23.9598,49.90199],[23.95976,49.90226],[23.95982,49.90283],[23.9601,49.90375],[23.9602,49.90412],[23.9601,49.90439],[23.95991,49.90473],[23.95975,49.90489],[23.95955,49.90502],[23.95937,49.90512],[23.95905,49.90524],[23.95717,49.90572],[23.95524,49.90621],[23.95428,49.90642],[23.95195,49.90666],[23.94894,49.90704],[23.94881,49.90705],[23.94804,49.90704],[23.94791,49.90702],[23.94764,49.90694],[23.94364,49.90542],[23.94102,49.90441],[23.94014,49.90404],[23.93972,49.9039],[23.94008,49.90362],[23.94118,49.90278],[23.9413,49.90262],[23.94137,49.90224],[23.94145,49.90206],[23.94113,49.90195],[23.94104,49.90194],[23.93953,49.90196],[23.93891,49.90193],[23.93871,49.9019],[23.93813,49.90173],[23.93769,49.90155],[23.93696,49.90132],[23.93668,49.90128],[23.93571,49.90121],[23.93536,49.90119],[23.93507,49.9012],[23.9348,49.90123],[23.93331,49.9015],[23.93279,49.90165],[23.9321,49.902],[23.93091,49.90268],[23.93014,49.9032],[23.9295,49.90368]]},"properties":{"line":"А08а","dir":"0","mode":"bus"}},{"type":"Feature","geometry":{"type":"LineString","coordinates":[[23.92759,49.9051],[23.92755,49.90512],[23.92736,49.90507],[23.92654,49.90456],[23.92736,49.90507],[23.92755,49.90512],[23.92769,49.90504],[23.93014,49.9032],[23.93102,49.90262],[23.93239,49.90184],[23.93279,49.90165],[23.93331,49.9015],[23.93398,49.90137],[23.9348,49.90123],[23.93507,49.9012],[23.93536,49.90119],[23.93592,49.90122],[23.93668,49.90128],[23.93696,49.90132],[23.93769,49.90155],[23.93813,49.90173],[23.93871,49.9019],[23.93891,49.90193],[23.93915,49.90195],[23.94041,49.90195],[23.94113,49.90195],[23.94145,49.90206],[23.94137,49.90224],[23.94129,49.90265],[23.94131,49.90266],[23.94129,49.90265],[23.94118,49.90278],[23.93972,49.9039],[23.94014,49.90404],[23.9404,49.90415],[23.94102,49.90441],[23.94364,49.90542],[23.94768,49.90696],[23.94791,49.90702],[23.94804,49.90704],[23.94881,49.90705],[23.94894,49.90704],[23.95195,49.90666],[23.95428,49.90642],[23.95524,49.90621],[23.95741,49.90566],[23.95885,49.9053],[23.95905,49.90524],[23.95937,49.90512],[23.95964,49.90496],[23.95984,49.90481],[23.95991,49.90473],[23.9601,49.9044],[23.96018,49.9042],[23.96019,49.90405],[23.95982,49.90283],[23.95976,49.90226],[23.9598,49.90199],[23.95986,49.90174],[23.96006,49.90124],[23.96045,49.90035],[23.96063,49.90009],[23.96157,49.89922],[23.96243,49.89842],[23.96272,49.89817],[23.96305,49.89793],[23.9634,49.89772],[23.96412,49.89739],[23.96445,49.89726],[23.96513,49.897],[23.96579,49.8967],[23.96601,49.89656],[23.96622,49.89647],[23.97014,49.89516],[23.9771,49.89251],[23.9776,49.89228],[23.97857,49.89173],[23.97908,49.89141],[23.97964,49.89102],[23.98014,49.89062],[23.98106,49.8897],[23.9818,49.88903],[23.98204,49.88885],[23.98232,49.88869],[23.98294,49.88841],[23.9841,49.88798],[23.98821,49.88689],[23.98895,49.88666],[23.99199,49.88553],[23.99439,49.8846],[23.99619,49.88387],[23.99827,49.88291],[23.99866,49.8827],[23.99904,49.88248],[23.99971,49.88201],[23.99993,49.88184],[24.0004,49.88134],[24.00166,49.87949],[24.00191,49.87917],[24.0022,49.87888],[24.00292,49.87827],[24.00407,49.87749],[24.00474,49.8771],[24.00499,49.87701],[24.00564,49.87679],[24.00798,49.87608],[24.0111,49.87511],[24.01133,49.87499],[24.01215,49.87447],[24.01246,49.87433],[24.01349,49.87393],[24.01372,49.87386],[24.01449,49.87364],[24.01591,49.87337],[24.01617,49.87325],[24.0163,49.87317],[24.01652,49.87297],[24.0178,49.87159],[24.01802,49.87143],[24.01815,49.87136],[24.01872,49.87112],[24.01883,49.87102],[24.01885,49.87093],[24.01882,49.87081],[24.01882,49.8707],[24.01853,49.87034],[24.01845,49.87014],[24.0184,49.86983],[24.01831,49.86953],[24.01819,49.86926],[24.01804,49.86901],[24.01784,49.86877],[24.01768,49.86863],[24.01707,49.8682],[24.01608,49.86756],[24.016,49.86729],[24.01599,49.86699],[24.01629,49.8664],[24.01883,49.86164],[24.01972,49.85998],[24.02093,49.85769],[24.02124,49.85711],[24.02126,49.85702],[24.02124,49.85682],[24.02122,49.85668],[24.02125,49.85661],[24.02131,49.85655],[24.02147,49.85648],[24.02165,49.85636],[24.02175,49.85628],[24.02191,49.85596],[24.02279,49.85428],[24.02309,49.85368],[24.02446,49.85047],[24.02448,49.85032],[24.02446,49.84988],[24.02436,49.84892],[24.02431,49.84892]]},"properties":{"line":"А08а","dir":"1","mode":"bus"}},{"type":"Feature","geometry":{"type":"LineString","coordinates":[[24.01761,49.7874],[24.01774,49.78745],[24.01778,49.78748],[24.01784,49.78757],[24.02064,49.78731],[24.02356,49.78698],[24.02433,49.78684],[24.02526,49.78659],[24.02634,49.78626],[24.02649,49.78621],[24.02663,49.78641],[24.02483,49.78697],[24.02429,49.7871],[24.02382,49.78719],[24.02289,49.78729],[24.02183,49.78736],[24.0186,49.78767],[24.0179,49.78782],[24.01707,49.7879],[24.01502,49.7881],[24.01602,49.79262],[24.01648,49.79471],[24.01719,49.798],[24.01804,49.80166],[24.01799,49.80192],[24.01815,49.80262],[24.01876,49.80534],[24.01775,49.80545],[24.01155,49.80612],[24.00722,49.80659],[24.00755,49.80791],[24.00802,49.8098],[24.00726,49.80991],[24.0065,49.80997],[24.00411,49.81007],[24.00236,49.81018],[24.0021,49.81019],[24.00109,49.81031],[24.00075,49.81034],[24.00062,49.81037],[24.00039,49.81046],[24.00017,49.81057],[24.00012,49.81063],[24.0001,49.81073],[24.00008,49.81102],[24.00025,49.81204],[24.00033,49.81233],[24.00045,49.81263],[24.00167,49.81504],[24.00353,49.81787],[24.00469,49.81964],[24.00758,49.8238],[24.00809,49.8245],[24.00858,49.82507],[24.00892,49.8254],[24.00939,49.8258],[24.01038,49.82656],[24.01039,49.82682],[24.01107,49.82733],[24.012,49.82807],[24.01225,49.8283],[24.01266,49.82882],[24.0128,49.82895],[24.01435,49.8301],[24.01495,49.83063],[24.01571,49.83107],[24.01809,49.8324],[24.01855,49.8327],[24.01852,49.83265],[24.01882,49.83327],[24.01906,49.83361],[24.01932,49.83387],[24.02017,49.83447],[24.02044,49.83464],[24.02051,49.83473],[24.02276,49.83614],[24.02275,49.83625],[24.02269,49.83631],[24.02196,49.83679],[24.0218,49.83691],[24.02178,49.83705],[24.02182,49.8371],[24.02346,49.83806],[24.02361,49.83816],[24.02544,49.83929],[24.02722,49.84025],[24.02771,49.84052],[24.02872,49.84072],[24.02804,49.84185],[24.02747,49.84278],[24.02684,49.84372],[24.02668,49.84409],[24.02671,49.84445],[24.02674,49.8446],[24.02687,49.84477],[24.02688,49.84497],[24.02658,49.84531],[24.02623,49.84543],[24.02576,49.84556],[24.02551,49.84568],[24.02547,49.84573],[24.02546,49.84579],[24.02551,49.8463],[24.02561,49.84683],[24.02581,49.84841],[24.02579,49.84862],[24.02567,49.84889],[24.02496,49.85018],[24.02465,49.85048],[24.02457,49.85062],[24.02432,49.85118],[24.02322,49.85376],[24.0229,49.8544],[24.02192,49.85631],[24.02197,49.85664],[24.022,49.8567],[24.02235,49.85712],[24.02317,49.85754],[24.0236,49.85777],[24.02416,49.85812],[24.02578,49.85931],[24.02688,49.86009],[24.02712,49.86028],[24.02744,49.86057],[24.02879,49.86184],[24.029,49.86199],[24.02929,49.86215],[24.0298,49.86238],[24.03365,49.86369],[24.03427,49.8639],[24.03477,49.86404],[24.03542,49.86417],[24.03702,49.8644],[24.04017,49.86482],[24.04242,49.86506],[24.04428,49.86526],[24.04548,49.86537],[24.04589,49.86539],[24.04657,49.86539],[24.04727,49.86537],[24.05168,49.86503],[24.05203,49.865],[24.05238,49.86507],[24.05274,49.86523],[24.05288,49.8653],[24.05336,49.86545],[24.05349,49.86554],[24.05357,49.86557],[24.05621,49.86866],[24.05767,49.87039],[24.05815,49.87092],[24.05935,49.87236],[24.06011,49.87322],[24.06036,49.87351],[24.06085,49.87399],[24.06193,49.87527],[24.06225,49.87565],[24.06264,49.87608],[24.06364,49.87694],[24.06413,49.87685],[24.0646,49.87679],[24.06495,49.87677],[24.06531,49.87678],[24.06697,49.87686],[24.06873,49.87696],[24.07087,49.87703],[24.07237,49.87703],[24.07604,49.87702],[24.07646,49.87705],[24.07818,49.87735],[24.08002,49.87769],[24.08113,49.87788],[24.08224,49.87812],[24.08241,49.87817],[24.08286,49.87836],[24.08292,49.87838],[24.08316,49.87838],[24.08342,49.87835],[24.08368,49.87835],[24.08392,49.87837],[24.08422,49.87837],[24.08493,49.87825],[24.08613,49.87791],[24.08764,49.87752],[24.08809,49.87737],[24.08987,49.87673],[24.09191,49.87602],[24.0922,49.87597],[24.09258,49.87597],[24.09379,49.87605],[24.0949,49.8761],[24.0954,49.87607],[24.09637,49.87593],[24.09696,49.87583],[24.09846,49.8754],[24.09962,49.87516],[24.09999,49.87511],[24.10147,49.87508],[24.10214,49.875],[24.10251,49.87493],[24.10395,49.8747],[24.10584,49.87442],[24.10672,49.87431],[24.10882,49.87407],[24.10914,49.87403],[24.10999,49.87395],[24.11026,49.87394],[24.11025,49.87386],[24.11026,49.87394],[24.11081,49.87395],[24.11164,49.87403],[24.11195,49.87403],[24.1148,49.87354],[24.1154,49.87351],[24.11665,49.87356],[24.11701,49.87355],[24.11787,49.87345],[24.1185,49.87339],[24.11922,49.87334],[24.12089,49.87331],[24.12393,49.87322],[24.12419,49.87321],[24.12779,49.87293],[24.12921,49.87274],[24.12976,49.87266],[24.13098,49.87244],[24.13326,49.87194],[24.13342,49.87192],[24.13377,49.87191],[24.13408,49.87194],[24.14074,49.87278],[24.14371,49.87318],[24.14762,49.87368],[24.14946,49.87389],[24.1502,49.87396],[24.15716,49.87421],[24.15929,49.87421],[24.16081,49.87416],[24.16316,49.87376]]},"properties":{"line":"А09","dir":"0","mode":"bus"}},{"type":"Feature","geometry":{"type":"LineString","coordinates":[[24.16346,49.87371],[24.16081,49.87416],[24.15929,49.87421],[24.15716,49.87421],[24.1502,49.87396],[24.14946,49.87389],[24.14762,49.87368],[24.14371,49.87318],[24.14165,49.8729],[24.13418,49.87194],[24.13377,49.87191],[24.13342,49.87192],[24.13326,49.87194],[24.13098,49.87244],[24.12976,49.87266],[24.12912,49.87275],[24.12779,49.87293],[24.12404,49.87321],[24.12089,49.87331],[24.11922,49.87334],[24.1185,49.87339],[24.11768,49.87347],[24.11701,49.87355],[24.11665,49.87356],[24.1154,49.87351],[24.1148,49.87354],[24.11195,49.87403],[24.11164,49.87403],[24.11081,49.87395],[24.11063,49.87395],[24.11026,49.87394],[24.10999,49.87395],[24.10914,49.87403],[24.10588,49.87441],[24.10395,49.8747],[24.10206,49.87501],[24.10147,49.87508],[24.09999,49.87511],[24.09962,49.87516],[24.09872,49.87534],[24.09816,49.87548],[24.09685,49.87586],[24.0954,49.87607],[24.09506,49.87609],[24.0949,49.8761],[24.09439,49.87608],[24.09365,49.87605],[24.09258,49.87597],[24.0922,49.87597],[24.09191,49.87602],[24.08978,49.87676],[24.08809,49.87737],[24.08764,49.87752],[24.08613,49.87791],[24.08525,49.87816],[24.08478,49.87828],[24.08422,49.87837],[24.08383,49.87836],[24.08342,49.87835],[24.08316,49.87838],[24.08292,49.87838],[24.08286,49.87836],[24.08241,49.87817],[24.08224,49.87812],[24.08113,49.87788],[24.08002,49.87769],[24.07761,49.87724],[24.07646,49.87705],[24.07604,49.87702],[24.07278,49.87703],[24.07087,49.87703],[24.07037,49.87702],[24.06873,49.87696],[24.06674,49.87685],[24.06495,49.87677],[24.0646,49.87679],[24.06413,49.87685],[24.06364,49.87694],[24.06264,49.87608],[24.06225,49.87565],[24.06114,49.87433],[24.06085,49.87399],[24.06032,49.87347],[24.05935,49.87236],[24.05685,49.86941],[24.05357,49.86557],[24.05355,49.8654],[24.05361,49.86513],[24.05365,49.865],[24.05364,49.86492],[24.0536,49.86484],[24.05353,49.86477],[24.05338,49.8647],[24.05324,49.86466],[24.05313,49.86465],[24.0529,49.86469],[24.0528,49.86473],[24.05267,49.86481],[24.05255,49.86487],[24.05225,49.86496],[24.05203,49.865],[24.05067,49.8651],[24.04727,49.86537],[24.04657,49.86539],[24.04589,49.86539],[24.04548,49.86537],[24.04364,49.86518],[24.04065,49.86487],[24.04017,49.86482],[24.03702,49.8644],[24.03542,49.86417],[24.03477,49.86404],[24.03444,49.86395],[24.03267,49.86336],[24.0298,49.86238],[24.02929,49.86215],[24.029,49.86199],[24.02879,49.86184],[24.02777,49.86087],[24.02712,49.86028],[24.02688,49.86009],[24.0262,49.8596],[24.02578,49.85931],[24.02416,49.85812],[24.0236,49.85777],[24.02235,49.85712],[24.02177,49.85699],[24.02156,49.85701],[24.02144,49.85699],[24.02133,49.85695],[24.02123,49.85686],[24.02123,49.85685],[24.0212,49.85671],[24.02124,49.85664],[24.0213,49.85658],[24.02139,49.85653],[24.02149,49.8565],[24.02175,49.85628],[24.02192,49.85597],[24.02279,49.85428],[24.02309,49.85368],[24.02446,49.85047],[24.02448,49.85032],[24.02446,49.84989],[24.02446,49.84988],[24.02458,49.84978],[24.02472,49.84975],[24.02486,49.84975],[24.02497,49.84973],[24.02506,49.84968],[24.0254,49.84907],[24.02561,49.84869],[24.02565,49.8485],[24.02565,49.84841],[24.02549,49.84714],[24.02535,49.84631],[24.02528,49.84552],[24.0253,49.84528],[24.02551,49.84457],[24.02583,49.84401],[24.02728,49.84139],[24.02785,49.84055],[24.02771,49.84052],[24.02707,49.84017],[24.02544,49.83929],[24.02361,49.83816],[24.02346,49.83806],[24.02182,49.8371],[24.02178,49.83705],[24.0218,49.83691],[24.02241,49.83649],[24.02269,49.83631],[24.02275,49.83625],[24.02276,49.83614],[24.02051,49.83473],[24.02018,49.83464],[24.0199,49.83461],[24.01888,49.83472],[24.01848,49.83473],[24.01673,49.8347],[24.01624,49.83445],[24.01475,49.8337],[24.01215,49.83241],[24.00875,49.83068],[24.00765,49.83012],[24.01099,49.82727],[24.01039,49.82682],[24.00979,49.82635],[24.00938,49.82603],[24.00873,49.82552],[24.00819,49.82494],[24.00787,49.82455],[24.00674,49.82298],[24.00528,49.82086],[24.00452,49.8197],[24.00289,49.81731],[24.00145,49.81512],[24.00129,49.81485],[24.00018,49.81267],[23.99996,49.81201],[23.99968,49.81104],[23.99962,49.81092],[23.99946,49.8107],[23.99963,49.81075],[23.99982,49.81075],[23.99994,49.81073],[24.00004,49.81069],[24.00017,49.81057],[24.00039,49.81046],[24.00062,49.81037],[24.00075,49.81034],[24.0021,49.81019],[24.00393,49.81008],[24.00473,49.81005],[24.00657,49.80996],[24.00716,49.80992],[24.00782,49.80984],[24.00906,49.80957],[24.01209,49.80893],[24.01522,49.80838],[24.0156,49.80834],[24.01674,49.80826],[24.01913,49.80815],[24.01908,49.80762],[24.01903,49.80762],[24.01908,49.80762],[24.01889,49.80591],[24.01799,49.80192],[24.01778,49.80169],[24.01769,49.80129],[24.0169,49.7977],[24.0161,49.7941],[24.01552,49.79143]]},"properties":{"line":"А09","dir":"1","mode":"bus"}},{"type":"Feature","geometry":{"type":"LineString","coordinates":[[24.01271,49.77414],[24.01386,49.77417],[24.01402,49.77421],[24.01423,49.77422],[24.01411,49.77811],[24.01402,49.7815],[24.01403,49.78243],[24.01422,49.78423],[24.01437,49.7853],[24.01493,49.78783],[24.01779,49.78758],[24.01777,49.78753],[24.01771,49.78744],[24.01752,49.7874],[24.01656,49.78749],[24.01655,49.78746],[24.01656,49.78749],[24.01645,49.78758],[24.01644,49.7877],[24.01779,49.78758],[24.01783,49.78779],[24.01784,49.78783],[24.01501,49.7881],[24.01602,49.79262],[24.01648,49.79471],[24.01719,49.798],[24.01804,49.80168],[24.01799,49.80192],[24.01724,49.80199],[24.01483,49.80223],[24.01473,49.80232],[24.00485,49.80333],[23.99956,49.80388],[23.99903,49.80393],[23.99519,49.80432],[23.99172,49.80467],[23.98724,49.80512],[23.98658,49.80519],[23.98661,49.80532],[23.98557,49.80543],[23.98521,49.80547],[23.98505,49.80545],[23.9848,49.80547],[23.98477,49.80537],[23.98223,49.80565],[23.98208,49.80568],[23.9818,49.80579],[23.98174,49.80585],[23.98159,49.80606],[23.98152,49.80625],[23.9818,49.80751],[23.98197,49.80805],[23.98218,49.80862],[23.9825,49.80936],[23.98269,49.80975],[23.98353,49.81129],[23.98362,49.81153],[23.98361,49.81166],[23.98355,49.81176],[23.98347,49.81183],[23.98339,49.81199],[23.98339,49.81207],[23.98342,49.81216],[23.98348,49.81223],[23.98356,49.8123],[23.98414,49.81256],[23.9844,49.81276],[23.98502,49.81392],[23.98718,49.81777],[23.98765,49.81865],[23.98783,49.819],[23.98846,49.82079],[23.98923,49.82338],[23.98978,49.82542],[23.99019,49.82883],[23.9907,49.83124],[23.99076,49.83172],[23.99078,49.8335],[23.99077,49.83396],[23.99082,49.83417],[23.99086,49.83441],[23.99078,49.83466],[23.99411,49.83525],[23.99423,49.83525],[23.99506,49.8354],[23.99915,49.83615],[24.00205,49.83666],[24.00253,49.83674],[24.00263,49.83677],[24.00262,49.83679],[24.00242,49.83707],[24.00235,49.83712],[24.00224,49.83716],[24.00201,49.83716],[24.00191,49.83714],[24.00186,49.8371],[24.00169,49.8371],[24.0016,49.83712],[24.0001,49.83767]]},"properties":{"line":"А10","dir":"0","mode":"bus"}},{"type":"Feature","geometry":{"type":"LineString","coordinates":[[23.99511,49.83973],[23.99512,49.83978],[23.9954,49.84021],[23.99549,49.84024],[23.99558,49.84024],[23.99581,49.8402],[23.99613,49.8399],[23.99621,49.8398],[23.99619,49.83969],[23.99596,49.8394],[23.99598,49.83926],[23.99604,49.83919],[23.99629,49.83911],[23.99735,49.83872],[23.99736,49.83869],[23.99947,49.83791],[24.0016,49.83712],[24.00169,49.8371],[24.00186,49.8371],[24.00172,49.83694],[24.0017,49.83687],[24.00138,49.83675],[24.0003,49.83653],[23.9992,49.83634],[23.99827,49.83617],[23.99471,49.83554],[23.9943,49.83546],[23.99396,49.83542],[23.99183,49.83554],[23.99133,49.83553],[23.991,49.83546],[23.99071,49.83534],[23.99062,49.83524],[23.99059,49.83509],[23.99072,49.83476],[23.99078,49.83466],[23.99086,49.83441],[23.99086,49.83429],[23.99078,49.834],[23.9907,49.83401],[23.99078,49.834],[23.99077,49.83396],[23.99076,49.83172],[23.99067,49.83111],[23.99019,49.82883],[23.98991,49.82653],[23.98978,49.82542],[23.98923,49.82338],[23.98846,49.82079],[23.98793,49.81928],[23.98783,49.819],[23.98751,49.81837],[23.98475,49.81343],[23.9844,49.81276],[23.98437,49.81232],[23.9845,49.81222],[23.98457,49.8121],[23.98458,49.81197],[23.98454,49.8119],[23.98451,49.81184],[23.98437,49.81173],[23.98388,49.81153],[23.98353,49.81129],[23.98254,49.80945],[23.98218,49.80862],[23.98197,49.80805],[23.9818,49.80751],[23.98152,49.80625],[23.98138,49.80608],[23.98121,49.80593],[23.98103,49.80586],[23.98096,49.80579],[23.98092,49.80572],[23.9809,49.80564],[23.98092,49.80557],[23.98096,49.80549],[23.98089,49.8055],[23.98096,49.80549],[23.98103,49.80543],[23.98115,49.80537],[23.98129,49.80534],[23.98144,49.80533],[23.98158,49.80536],[23.9817,49.80541],[23.98177,49.80546],[23.98203,49.80548],[23.98219,49.80548],[23.98256,49.80543],[23.98306,49.80537],[23.98654,49.80501],[23.98652,49.80493],[23.98769,49.80481],[23.98922,49.80463],[23.98925,49.80474],[23.99375,49.8043],[23.99371,49.80416],[23.99317,49.80422],[23.99371,49.80416],[23.99375,49.8043],[23.99652,49.80401],[24.00099,49.80355],[24.00687,49.80296],[24.01352,49.80228],[24.0147,49.80217],[24.01483,49.80223],[24.01487,49.80223],[24.01799,49.80192],[24.01787,49.80181],[24.01778,49.8017],[24.01768,49.80129],[24.01762,49.80091],[24.0169,49.7977],[24.0161,49.7941],[24.01552,49.79143],[24.01467,49.78757],[24.01432,49.78595],[24.01407,49.78448],[24.01391,49.78312],[24.01384,49.7815],[24.01393,49.77771],[24.01389,49.77767],[24.01393,49.77771],[24.01402,49.77421],[24.01386,49.77425],[24.01258,49.77422]]},"properties":{"line":"А10","dir":"1","mode":"bus"}},{"type":"Feature","geometry":{"type":"LineString","coordinates":[[24.05929,49.78569],[24.05921,49.78753],[24.05909,49.79066],[24.05904,49.79179],[24.05899,49.79236],[24.05892,49.7927],[24.05886,49.79287],[24.0586,49.79341],[24.05849,49.79361],[24.05832,49.79385],[24.05799,49.79421],[24.05746,49.79461],[24.05705,49.79487],[24.05667,49.79503],[24.0556,49.79547],[24.05477,49.79588],[24.05365,49.79646],[24.05237,49.79714],[24.04882,49.79892],[24.04863,49.79904],[24.04882,49.79892],[24.04919,49.79874],[24.04895,49.79855],[24.04828,49.79891],[24.04804,49.79906],[24.04775,49.79928],[24.04691,49.79957],[24.04589,49.79983],[24.04569,49.7999],[24.044,49.80075],[24.04375,49.80084],[24.04327,49.80094],[24.04293,49.80097],[24.04237,49.80094],[24.04162,49.80076],[24.04237,49.80094],[24.04268,49.80102],[24.04272,49.80107],[24.04273,49.80112],[24.0427,49.80115],[24.04259,49.80118],[24.04284,49.80126],[24.04394,49.80154],[24.04394,49.80165],[24.04383,49.80165],[24.04394,49.80165],[24.04395,49.80167],[24.04424,49.80181],[24.04453,49.80197],[24.04504,49.80238],[24.04533,49.80266],[24.04561,49.80302],[24.04571,49.8032],[24.04588,49.8038],[24.04552,49.80399],[24.04544,49.80408],[24.0454,49.80417],[24.04541,49.80436],[24.04551,49.80488],[24.04569,49.80565],[24.04582,49.8062],[24.04587,49.80627],[24.04596,49.80632],[24.04612,49.80633],[24.04692,49.80618],[24.04703,49.80612],[24.04711,49.80599],[24.04709,49.80579],[24.04686,49.80478],[24.04677,49.8044],[24.04647,49.80415],[24.04645,49.80389],[24.04645,49.80314],[24.04652,49.80252],[24.04673,49.80125],[24.04682,49.80097],[24.04692,49.80078],[24.04721,49.80034],[24.0475,49.8],[24.04789,49.79961],[24.04813,49.79939],[24.04847,49.79914],[24.04862,49.79905],[24.04882,49.79892],[24.04919,49.79874],[24.04895,49.79855],[24.04828,49.79891],[24.04804,49.79906],[24.04775,49.79928],[24.04691,49.79957],[24.04589,49.79983],[24.04569,49.7999],[24.044,49.80075],[24.04375,49.80084],[24.04327,49.80094],[24.04293,49.80097],[24.04237,49.80094],[24.04268,49.80102],[24.04272,49.80107],[24.04273,49.80112],[24.0427,49.80115],[24.04259,49.80118],[24.04177,49.80098],[24.04013,49.80062],[24.03926,49.80045],[24.03816,49.80027],[24.03681,49.80013],[24.03637,49.80012],[24.03571,49.80012],[24.03495,49.80012],[24.03429,49.80015],[24.03355,49.8002],[24.03266,49.80028],[24.0301,49.80059],[24.02404,49.80128],[24.0222,49.80143],[24.01799,49.80192],[24.01815,49.80262],[24.01876,49.80534],[24.01775,49.80545],[24.01155,49.80612],[24.00722,49.80659],[24.00742,49.8074],[24.00802,49.8098],[24.00752,49.80988],[24.00703,49.80993],[24.00393,49.81008],[24.00236,49.81018],[24.0021,49.81019],[24.00109,49.81031],[24.00075,49.81034],[24.00062,49.81037],[24.00039,49.81046],[24.00018,49.81057],[24.00005,49.81068],[23.99996,49.81072],[23.99975,49.81075],[23.99954,49.81073],[23.99942,49.8107],[23.99938,49.81066],[23.99924,49.81063],[23.99881,49.81055],[23.99867,49.81054],[23.99659,49.81074],[23.99012,49.8114],[23.98516,49.81191],[23.9848,49.81184],[23.98437,49.81173],[23.98418,49.81166],[23.98397,49.81164],[23.98376,49.81167],[23.98355,49.81176],[23.98347,49.81183],[23.98342,49.81191],[23.98317,49.81203],[23.98263,49.81216],[23.98192,49.81224],[23.98093,49.81235],[23.98024,49.81246],[23.9796,49.81259],[23.979,49.81275],[23.97803,49.81304],[23.97748,49.81325],[23.97676,49.81359],[23.97615,49.81391],[23.97332,49.81573],[23.97295,49.81599],[23.9728,49.81613],[23.97226,49.81668],[23.96982,49.8196],[23.96787,49.82194],[23.9677,49.82215],[23.96742,49.82262],[23.96749,49.82341],[23.96779,49.8263],[23.96822,49.83065],[23.96943,49.83086],[23.97728,49.83225],[23.97761,49.8325],[23.97777,49.83268],[23.97786,49.83284],[23.97792,49.83304],[23.97793,49.83326],[23.97788,49.83346],[23.97699,49.83528],[23.97699,49.83547],[23.97696,49.83577],[23.97697,49.8359],[23.97705,49.83649],[23.97716,49.83765],[23.97729,49.83858],[23.9774,49.83888],[23.97838,49.84066],[23.97892,49.84152],[23.97937,49.84246],[23.97934,49.84262],[23.97961,49.84271],[23.98035,49.84307],[23.98135,49.84355],[23.9819,49.84378],[23.98426,49.84465],[23.98655,49.84545],[23.99034,49.84685],[23.99265,49.84772],[23.99438,49.84851],[23.99446,49.84851],[23.99438,49.84851],[23.99565,49.84913],[23.99589,49.84925],[23.99601,49.84927],[23.99592,49.84933],[23.99514,49.84959],[23.99461,49.84975],[23.9919,49.85097],[23.98857,49.85244],[23.98693,49.85337],[23.98597,49.85359],[23.98501,49.85397],[23.98137,49.85549],[23.97807,49.85688],[23.97085,49.85987],[23.96852,49.86082],[23.96649,49.86167],[23.9635,49.8629],[23.9619,49.86355],[23.95995,49.86438],[23.95964,49.86453],[23.95863,49.8651],[23.95663,49.86634],[23.9556,49.86698],[23.95534,49.86711],[23.95501,49.86725],[23.95434,49.86749],[23.95254,49.868],[23.95028,49.86863],[23.94946,49.86888],[23.94614,49.87031],[23.94485,49.87085],[23.94414,49.8711],[23.94337,49.87129],[23.93788,49.87223],[23.93645,49.87236],[23.93317,49.87255],[23.92906,49.87278],[23.9287,49.87295],[23.92854,49.87306],[23.92861,49.8736],[23.92877,49.87432],[23.92885,49.87494],[23.92891,49.87506],[23.929,49.87516],[23.92913,49.87525],[23.92939,49.87537],[23.92946,49.87539],[23.92958,49.8754],[23.93118,49.87529],[23.93254,49.87522]]},"properties":{"line":"А11","dir":"0","mode":"bus"}},{"type":"Feature","geometry":{"type":"LineString","coordinates":[[23.93805,49.8754],[23.93799,49.87506],[23.93794,49.87495],[23.93787,49.87485],[23.93776,49.87476],[23.93758,49.87471],[23.93642,49.87457],[23.93615,49.87457],[23.93527,49.87463],[23.93496,49.87471],[23.93419,49.87499],[23.93402,49.87503],[23.93334,49.87515],[23.93299,49.87519],[23.93244,49.87522],[23.93118,49.87529],[23.92958,49.8754],[23.92946,49.87539],[23.92939,49.87537],[23.92913,49.87525],[23.929,49.87516],[23.92891,49.87506],[23.92885,49.87494],[23.92877,49.87432],[23.92861,49.8736],[23.92854,49.87306],[23.9287,49.87295],[23.92906,49.87278],[23.9338,49.87252],[23.93645,49.87236],[23.93788,49.87223],[23.94337,49.87129],[23.94414,49.8711],[23.94485,49.87085],[23.94561,49.87054],[23.94946,49.86888],[23.95028,49.86863],[23.95093,49.86845],[23.95434,49.86749],[23.9547,49.86737],[23.95534,49.86711],[23.9556,49.86698],[23.95643,49.86647],[23.95712,49.86602],[23.95896,49.8649],[23.95964,49.86453],[23.96011,49.86431],[23.9625,49.8633],[23.96326,49.863],[23.96744,49.86128],[23.96852,49.86082],[23.97076,49.8599],[23.97807,49.85688],[23.98137,49.85549],[23.98536,49.85383],[23.98597,49.85359],[23.98698,49.85335],[23.98857,49.85244],[23.99185,49.851],[23.99461,49.84975],[23.99484,49.84967],[23.99492,49.84961],[23.99558,49.84937],[23.99565,49.84934],[23.9957,49.84922],[23.99569,49.84918],[23.99565,49.84913],[23.99565,49.84913],[23.99513,49.84887],[23.99402,49.84835],[23.99265,49.84772],[23.99036,49.84686],[23.98655,49.84545],[23.98515,49.84497],[23.98369,49.84444],[23.9819,49.84378],[23.98135,49.84355],[23.97961,49.84271],[23.97934,49.84262],[23.97926,49.84255],[23.9792,49.84247],[23.97899,49.84205],[23.97883,49.84173],[23.97771,49.83982],[23.9772,49.83891],[23.97713,49.83871],[23.97695,49.83748],[23.97686,49.83666],[23.97682,49.83617],[23.97683,49.83573],[23.97686,49.83546],[23.97699,49.83528],[23.97772,49.83379],[23.97788,49.83346],[23.97793,49.83326],[23.97792,49.83304],[23.97786,49.83284],[23.97777,49.83268],[23.97761,49.8325],[23.97728,49.83225],[23.96822,49.83065],[23.96817,49.83006],[23.96775,49.82584],[23.96742,49.82262],[23.9677,49.82215],[23.96787,49.82194],[23.96946,49.82004],[23.97164,49.81742],[23.97234,49.81658],[23.97295,49.81599],[23.97332,49.81573],[23.97544,49.81436],[23.97615,49.81391],[23.9767,49.81362],[23.97748,49.81325],[23.97803,49.81304],[23.979,49.81275],[23.9796,49.81259],[23.98024,49.81246],[23.98093,49.81235],[23.98223,49.8122],[23.98221,49.81211],[23.98223,49.8122],[23.98263,49.81216],[23.98318,49.81218],[23.98341,49.81224],[23.98356,49.8123],[23.98367,49.81236],[23.98379,49.81239],[23.98393,49.81241],[23.98411,49.8124],[23.9842,49.81239],[23.98437,49.81232],[23.9845,49.81222],[23.98486,49.81203],[23.98516,49.81191],[23.99169,49.81124],[23.99815,49.81059],[23.99867,49.81054],[23.9988,49.81051],[23.99915,49.81038],[23.99925,49.81032],[23.99933,49.81021],[23.99956,49.81012],[23.99973,49.8101],[23.99987,49.81011],[24,49.81015],[24.0001,49.8102],[24.00017,49.81027],[24.00031,49.8103],[24.0006,49.81034],[24.00075,49.81034],[24.0021,49.81019],[24.00393,49.81008],[24.00473,49.81005],[24.00657,49.80996],[24.00716,49.80992],[24.00782,49.80984],[24.00878,49.80963],[24.01209,49.80893],[24.01285,49.80877],[24.01346,49.80867],[24.01463,49.80847],[24.0156,49.80834],[24.01593,49.80831],[24.01674,49.80826],[24.01913,49.80815],[24.01907,49.80762],[24.01897,49.80654],[24.01889,49.80591],[24.01799,49.80192],[24.01902,49.8018],[24.0222,49.80143],[24.0251,49.80098],[24.03124,49.80024],[24.03131,49.80024],[24.03373,49.79997],[24.03427,49.79993],[24.03546,49.79991],[24.03625,49.79992],[24.03685,49.79995],[24.03826,49.80009],[24.03975,49.80033],[24.04066,49.80054],[24.04237,49.80094],[24.04293,49.80097],[24.04327,49.80094],[24.04375,49.80084],[24.044,49.80075],[24.04569,49.7999],[24.04589,49.79983],[24.04694,49.79956],[24.04775,49.79928],[24.04797,49.79911],[24.04828,49.79891],[24.04877,49.79863],[24.05162,49.79718],[24.05319,49.79637],[24.05498,49.79542],[24.05543,49.79516],[24.0565,49.79452],[24.05713,49.79409],[24.0574,49.79387],[24.05755,49.79371],[24.05771,49.79353],[24.05797,49.79313],[24.05817,49.79269],[24.05844,49.79189],[24.05856,49.79153],[24.05867,49.79102],[24.05876,49.78865],[24.0589,49.78542]]},"properties":{"line":"А11","dir":"1","mode":"bus"}},{"type":"Feature","geometry":{"type":"LineString","coordinates":[[23.93805,49.8754],[23.93799,49.87506],[23.93794,49.87495],[23.93787,49.87485],[23.93776,49.87476],[23.93758,49.87471],[23.93642,49.87457],[23.93615,49.87457],[23.93527,49.87463],[23.93496,49.87471],[23.9345,49.87489],[23.93399,49.87504],[23.93334,49.87515],[23.93299,49.87519],[23.93244,49.87522],[23.93118,49.87529],[23.92958,49.8754],[23.92946,49.87539],[23.92939,49.87537],[23.92913,49.87525],[23.929,49.87516],[23.92891,49.87506],[23.92886,49.87497],[23.92866,49.87431],[23.92849,49.87304],[23.92864,49.87292],[23.92906,49.87278],[23.9338,49.87252],[23.93662,49.87235],[23.93788,49.87223],[23.94337,49.87129],[23.94411,49.87113],[23.94456,49.871],[23.94565,49.87057],[23.9467,49.87013],[23.94875,49.86918],[23.94946,49.86888],[23.95093,49.86845],[23.95434,49.86749],[23.9547,49.86737],[23.95534,49.86711],[23.9556,49.86698],[23.95643,49.86647],[23.95712,49.86602],[23.95863,49.8651],[23.95913,49.86481],[23.96011,49.86431],[23.9619,49.86355],[23.96326,49.863],[23.96744,49.86128],[23.96852,49.86082],[23.97076,49.8599],[23.97856,49.85667],[23.98004,49.85601],[23.98533,49.8538],[23.98595,49.85357],[23.98658,49.85343],[23.98686,49.85345],[23.98641,49.85404],[23.98572,49.85488],[23.98558,49.8551],[23.98535,49.85559],[23.98524,49.85592],[23.98519,49.85623],[23.98517,49.85655],[23.9852,49.85751],[23.98524,49.85779],[23.98531,49.85804],[23.98539,49.85817],[23.9855,49.85829],[23.98579,49.85852],[23.9862,49.85878],[23.98717,49.85938],[23.9876,49.85971],[23.98909,49.86092],[23.98927,49.86104],[23.98951,49.86118],[23.98979,49.86128],[23.9904,49.86145],[23.99158,49.86172],[23.99277,49.86194],[23.99372,49.8621],[23.99452,49.86222],[23.99518,49.86227],[23.99575,49.86228],[23.99667,49.86225],[23.99738,49.86221],[23.9979,49.86214],[23.99838,49.86205],[23.9991,49.86188],[24.00038,49.86149],[24.00093,49.86136],[24.00112,49.86134],[24.00138,49.86137],[24.00157,49.86141],[24.00285,49.86208],[24.00351,49.86248],[24.00384,49.86264],[24.00639,49.86402],[24.00731,49.86449],[24.00752,49.8646],[24.00806,49.86481],[24.00863,49.86499],[24.00925,49.86513],[24.01114,49.86551],[24.01341,49.86598],[24.01352,49.86601],[24.0138,49.86615],[24.01457,49.86661],[24.01501,49.86685],[24.01539,49.8671],[24.01558,49.86711],[24.01574,49.8671],[24.01584,49.86707],[24.01599,49.86699],[24.01617,49.86661],[24.01629,49.8666],[24.01641,49.86661],[24.01655,49.86667],[24.01654,49.86689],[24.01657,49.86746],[24.0168,49.86782],[24.01707,49.8682],[24.01768,49.86863],[24.01784,49.86877],[24.01804,49.86901],[24.01823,49.86932],[24.01831,49.86953],[24.0184,49.86983],[24.01845,49.87014],[24.01853,49.87034],[24.01882,49.8707],[24.01903,49.87079],[24.01924,49.87082],[24.01946,49.8708],[24.02068,49.87024],[24.02291,49.86926],[24.02308,49.86922],[24.02348,49.86919],[24.02372,49.86921],[24.02498,49.86943],[24.02496,49.86943],[24.02372,49.86921],[24.02348,49.86919],[24.02308,49.86922],[24.02291,49.86926],[24.02068,49.87024],[24.01946,49.8708],[24.01924,49.87082],[24.01903,49.87079],[24.01882,49.8707],[24.01853,49.87034],[24.01845,49.87014],[24.01838,49.86979],[24.01845,49.87014],[24.01853,49.87034],[24.01882,49.8707],[24.01903,49.87079],[24.01924,49.87082],[24.01946,49.8708],[24.02068,49.87024],[24.02291,49.86926],[24.02308,49.86922],[24.02348,49.86919],[24.02372,49.86921],[24.02498,49.86943],[24.03255,49.87066],[24.03944,49.8718],[24.04327,49.87244],[24.04459,49.87266],[24.04883,49.87308],[24.04913,49.8731],[24.04965,49.87306],[24.04997,49.87296],[24.05061,49.8727],[24.05214,49.87204],[24.0557,49.87049],[24.05723,49.86986],[24.05685,49.86941]]},"properties":{"line":"А12","dir":"0","mode":"bus"}},{"type":"Feature","geometry":{"type":"LineString","coordinates":[[24.05067,49.8651],[24.04727,49.86537],[24.04657,49.86539],[24.04589,49.86539],[24.04548,49.86537],[24.04436,49.86526],[24.04427,49.86571],[24.04402,49.86681],[24.0431,49.86953],[24.04283,49.87042],[24.0422,49.87226],[24.0392,49.87176],[24.0422,49.87226],[24.04084,49.87641],[24.04068,49.87653],[24.03684,49.876],[24.0357,49.87583],[24.03512,49.87569],[24.03479,49.87554],[24.03455,49.87539],[24.03347,49.87443],[24.03312,49.87397],[24.03266,49.87313],[24.0326,49.87297],[24.03258,49.87282],[24.03262,49.87264],[24.03294,49.87171],[24.03327,49.87078],[24.03129,49.87046],[24.02538,49.86949],[24.02496,49.86943],[24.02372,49.86921],[24.02348,49.86919],[24.02308,49.86922],[24.02291,49.86926],[24.02051,49.87032],[24.01946,49.8708],[24.01924,49.87082],[24.01903,49.87079],[24.01882,49.8707],[24.01853,49.87034],[24.01845,49.87014],[24.0184,49.86983],[24.01831,49.86953],[24.01819,49.86926],[24.01804,49.86901],[24.01784,49.86877],[24.01768,49.86863],[24.01707,49.8682],[24.01608,49.86756],[24.01501,49.86685],[24.01477,49.86672],[24.0138,49.86615],[24.01352,49.86601],[24.01341,49.86598],[24.01091,49.86546],[24.00916,49.86511],[24.00863,49.86499],[24.00822,49.86487],[24.00752,49.8646],[24.00702,49.86435],[24.00371,49.86257],[24.00351,49.86248],[24.00285,49.86208],[24.00157,49.86141],[24.00138,49.86137],[24.00112,49.86134],[24.00093,49.86136],[24.00055,49.86145],[23.99971,49.8617],[23.9991,49.86188],[23.99838,49.86205],[23.9979,49.86214],[23.99738,49.86221],[23.99667,49.86225],[23.99575,49.86228],[23.99518,49.86227],[23.99452,49.86222],[23.99195,49.86179],[23.99158,49.86172],[23.9904,49.86145],[23.98979,49.86128],[23.98951,49.86118],[23.98927,49.86104],[23.98909,49.86092],[23.98782,49.85988],[23.98717,49.85938],[23.9862,49.85878],[23.98579,49.85852],[23.9855,49.85829],[23.98539,49.85817],[23.98531,49.85804],[23.98524,49.85779],[23.9852,49.85751],[23.98517,49.85655],[23.98519,49.85623],[23.98524,49.85592],[23.98535,49.85559],[23.98558,49.8551],[23.98572,49.85488],[23.98641,49.85404],[23.98686,49.85345],[23.98658,49.85343],[23.98595,49.85357],[23.98502,49.85392],[23.98503,49.854],[23.98502,49.85392],[23.98004,49.85601],[23.97856,49.85667],[23.97085,49.85987],[23.96852,49.86082],[23.96649,49.86167],[23.9635,49.8629],[23.9619,49.86355],[23.96009,49.86432],[23.96012,49.86443],[23.96009,49.86432],[23.95913,49.86481],[23.95712,49.86602],[23.95663,49.86634],[23.9556,49.86698],[23.95534,49.86711],[23.95501,49.86725],[23.95434,49.86749],[23.95254,49.868],[23.95068,49.86852],[23.94946,49.86888],[23.94875,49.86918],[23.9467,49.87013],[23.94617,49.87035],[23.94564,49.87058],[23.94456,49.871],[23.94411,49.87113],[23.94337,49.87129],[23.93788,49.87223],[23.93662,49.87235],[23.93436,49.87249],[23.92906,49.87278],[23.92864,49.87292],[23.92849,49.87304],[23.92866,49.87431],[23.92886,49.87497],[23.92891,49.87506],[23.929,49.87516],[23.92913,49.87525],[23.92939,49.87537],[23.92946,49.87539],[23.92958,49.8754],[23.93118,49.87529],[23.93219,49.87524],[23.93299,49.87519],[23.93334,49.87515],[23.93414,49.87501],[23.9345,49.87489],[23.93496,49.87471],[23.93527,49.87463],[23.93615,49.87457],[23.93656,49.87458],[23.93758,49.87471],[23.93776,49.87476],[23.93782,49.8748],[23.93794,49.87495],[23.938,49.8751],[23.93814,49.87517],[23.93828,49.8753],[23.93831,49.8756],[23.93834,49.87591],[23.93829,49.87597],[23.93809,49.876],[23.93802,49.87626],[23.93772,49.87695],[23.93769,49.8771],[23.93773,49.87737],[23.93769,49.8771],[23.93772,49.87695],[23.93802,49.87626],[23.93808,49.87602],[23.9381,49.87592],[23.93805,49.87541],[23.93799,49.87506],[23.93794,49.87495],[23.93787,49.87485],[23.93776,49.87476],[23.93758,49.87471],[23.93642,49.87457],[23.93615,49.87457],[23.93527,49.87463],[23.93496,49.87471],[23.9345,49.87489],[23.93414,49.87501],[23.93334,49.87515],[23.93288,49.8752],[23.93118,49.87529],[23.92958,49.8754],[23.92946,49.87539],[23.92939,49.87537],[23.92913,49.87525],[23.929,49.87516],[23.92891,49.87506],[23.92886,49.87497],[23.92866,49.87431],[23.92849,49.87304],[23.92864,49.87292],[23.92906,49.87278],[23.93317,49.87255],[23.92906,49.87278],[23.92864,49.87292],[23.92849,49.87304],[23.92866,49.87431],[23.92886,49.87497],[23.92891,49.87506],[23.929,49.87516],[23.92913,49.87525],[23.92939,49.87537],[23.92946,49.87539],[23.92958,49.8754],[23.93118,49.87529],[23.93254,49.87522]]},"properties":{"line":"А12","dir":"1","mode":"bus"}},{"type":"Feature","geometry":{"type":"LineString","coordinates":[[23.91667,49.82112],[23.91871,49.82146],[23.92008,49.82171],[23.92526,49.82266],[23.92846,49.82326],[23.93069,49.82365],[23.93256,49.82401],[23.93438,49.82436],[23.93488,49.82452],[23.94326,49.8261],[23.94517,49.82645],[23.94644,49.82667],[23.9469,49.82681],[23.94732,49.82689],[23.9476,49.82682],[23.94805,49.8269],[23.94892,49.82709],[23.94933,49.82718],[23.94962,49.82729],[23.95351,49.82798],[23.95379,49.82791],[23.95403,49.82775],[23.95431,49.82737],[23.95456,49.82684],[23.95579,49.82401],[23.95598,49.82359],[23.95995,49.8232],[23.96145,49.82307],[23.96561,49.82269],[23.96605,49.82266],[23.96742,49.8226],[23.9677,49.82215],[23.9679,49.82188],[23.96854,49.82115],[23.96946,49.82004],[23.97163,49.81742],[23.97246,49.81642],[23.97278,49.81611],[23.97309,49.81586],[23.97352,49.81557],[23.97612,49.81395],[23.97671,49.81362],[23.97718,49.81338],[23.97748,49.81325],[23.97803,49.81304],[23.979,49.81275],[23.9796,49.81259],[23.98024,49.81246],[23.98093,49.81234],[23.98223,49.8122],[23.98221,49.81211],[23.98223,49.8122],[23.98339,49.81207],[23.98342,49.81216],[23.98348,49.81223],[23.98356,49.8123],[23.98367,49.81236],[23.98379,49.81239],[23.98393,49.81241],[23.98406,49.81241],[23.9842,49.81239],[23.98437,49.81232],[23.98447,49.81225],[23.9845,49.81222],[23.98457,49.8121],[23.98458,49.81197],[23.98451,49.81184],[23.98437,49.81173],[23.98418,49.81166],[23.98397,49.81164],[23.98376,49.81167],[23.98312,49.81054],[23.98254,49.80945],[23.98218,49.80862],[23.98197,49.80805],[23.9818,49.80751],[23.98152,49.80625],[23.98138,49.80608],[23.98113,49.8059],[23.98103,49.80586],[23.98096,49.80579],[23.98092,49.80572],[23.9809,49.80564],[23.98095,49.80552],[23.98103,49.80543],[23.98115,49.80537],[23.98129,49.80534],[23.98144,49.80533],[23.98158,49.80536],[23.9817,49.80541],[23.98203,49.80548],[23.98219,49.80548],[23.98256,49.80543],[23.98306,49.80537],[23.98654,49.80501],[23.98652,49.80493],[23.98769,49.80481],[23.98922,49.80463],[23.98925,49.80474],[23.99375,49.8043],[23.99371,49.80416],[23.99317,49.80422],[23.99371,49.80416],[23.99375,49.8043],[23.99652,49.80401],[24.00099,49.80355],[24.00679,49.80297],[24.01352,49.80228],[24.0147,49.80217],[24.01483,49.80223],[24.01487,49.80223],[24.01876,49.80183],[24.02404,49.80122],[24.02422,49.80112],[24.02533,49.80095],[24.0305,49.80035],[24.03363,49.79999],[24.03427,49.79995],[24.03547,49.79992],[24.03632,49.79994],[24.03688,49.79997],[24.03748,49.80002],[24.03825,49.8001],[24.03936,49.80027],[24.04066,49.80055],[24.04183,49.80081],[24.04252,49.80097],[24.04327,49.80094],[24.04375,49.80084],[24.044,49.80075],[24.04569,49.7999],[24.04589,49.79983],[24.04694,49.79956],[24.0477,49.79926],[24.04793,49.79912],[24.04895,49.79857],[24.04883,49.79848],[24.05143,49.79712],[24.05306,49.79626],[24.05317,49.79635],[24.05498,49.79542],[24.05649,49.79452],[24.05711,49.79409],[24.05737,49.79387],[24.05753,49.7937],[24.05781,49.79332],[24.05793,49.79313],[24.05802,49.79293],[24.0582,49.79244],[24.05838,49.79239],[24.05854,49.79237],[24.05863,49.79237],[24.05883,49.79245],[24.05894,49.79253],[24.05885,49.79287],[24.05874,49.79314],[24.05832,49.79385],[24.06059,49.79389],[24.06113,49.79397],[24.06167,49.79408],[24.0641,49.79455],[24.06455,49.79355],[24.06463,49.79334],[24.06475,49.79318],[24.06589,49.79237],[24.06713,49.79144],[24.06776,49.79089]]},"properties":{"line":"А14","dir":"0","mode":"bus"}},{"type":"Feature","geometry":{"type":"LineString","coordinates":[[24.06968,49.78521],[24.06812,49.78765],[24.06801,49.78831],[24.06771,49.7888],[24.06746,49.78858],[24.06712,49.78819],[24.06695,49.78806],[24.06641,49.78771],[24.06556,49.78754],[24.06535,49.7875],[24.06515,49.78751],[24.06207,49.78794],[24.06172,49.78798],[24.06086,49.78798],[24.05918,49.78795],[24.05914,49.78922],[24.05874,49.78922],[24.05878,49.78799],[24.05893,49.78476],[24.059,49.78286],[24.05904,49.78283],[24.05921,49.7828],[24.05929,49.78281],[24.05944,49.78286],[24.05929,49.78557],[24.05941,49.78334],[24.0592,49.78746],[24.05938,49.78385],[24.05986,49.78386],[24.06016,49.78372],[24.06031,49.78368],[24.06061,49.78364],[24.06073,49.78361],[24.06085,49.78352],[24.06093,49.7834],[24.061,49.78335],[24.06109,49.78333],[24.06119,49.78331],[24.0619,49.78331],[24.06189,49.78386],[24.0619,49.78399],[24.06194,49.78403],[24.06201,49.78404],[24.06208,49.78402],[24.06279,49.78368],[24.06294,49.78365],[24.06327,49.78366],[24.06439,49.78368],[24.06785,49.78366],[24.06806,49.78363],[24.06912,49.78328],[24.06921,49.78339],[24.06961,49.78385],[24.06992,49.78426],[24.07004,49.78459],[24.07003,49.78469],[24.06914,49.78605],[24.06812,49.78765],[24.06801,49.78831],[24.06771,49.7888],[24.06746,49.78858],[24.06712,49.78819],[24.06695,49.78806],[24.06656,49.7878],[24.06695,49.78806],[24.06712,49.78819],[24.06746,49.78858],[24.06771,49.7888],[24.0683,49.78922],[24.0687,49.78943],[24.06912,49.78961],[24.06761,49.79103],[24.06737,49.79124],[24.06713,49.79144],[24.06548,49.79266],[24.06475,49.79318],[24.06463,49.79334],[24.0641,49.79455],[24.06294,49.79433],[24.06113,49.79397],[24.06059,49.79389],[24.05832,49.79385],[24.05801,49.79421],[24.05746,49.79461],[24.05734,49.7947],[24.05705,49.79487],[24.05668,49.79504],[24.0556,49.79547],[24.05364,49.79646],[24.04872,49.79904],[24.04828,49.7993],[24.04791,49.79961],[24.04772,49.79979],[24.04727,49.80029],[24.04693,49.80078],[24.04675,49.80125],[24.04666,49.80168],[24.04649,49.80274],[24.04641,49.80321],[24.04643,49.80412],[24.04662,49.80426],[24.04677,49.8044],[24.04709,49.80579],[24.04711,49.80599],[24.04703,49.80612],[24.04692,49.80618],[24.04612,49.80633],[24.04596,49.80632],[24.04587,49.80627],[24.04582,49.8062],[24.04569,49.80565],[24.04551,49.80488],[24.04541,49.80436],[24.0454,49.80417],[24.04544,49.80408],[24.04552,49.80399],[24.04588,49.8038],[24.04576,49.80334],[24.04561,49.80302],[24.04533,49.80266],[24.04504,49.80238],[24.04453,49.80197],[24.04424,49.80181],[24.04395,49.80167],[24.04328,49.80143],[24.0417,49.80102],[24.03991,49.80062],[24.03923,49.80048],[24.03869,49.80039],[24.03771,49.80026],[24.03678,49.80018],[24.03571,49.80014],[24.03496,49.80014],[24.03429,49.80017],[24.03356,49.80022],[24.03039,49.80058],[24.02478,49.80123],[24.0243,49.80128],[24.02418,49.80126],[24.02404,49.80122],[24.01832,49.80188],[24.01724,49.80199],[24.01483,49.80223],[24.01473,49.80232],[24.00482,49.80333],[23.99956,49.80388],[23.99903,49.80393],[23.99486,49.80435],[23.99183,49.80466],[23.98724,49.80512],[23.98658,49.80519],[23.98661,49.80532],[23.98557,49.80543],[23.98521,49.80547],[23.98505,49.80545],[23.9848,49.80547],[23.98477,49.80537],[23.98223,49.80565],[23.98208,49.80568],[23.98174,49.80585],[23.98159,49.80606],[23.98152,49.80625],[23.9818,49.80751],[23.98197,49.80805],[23.98218,49.80862],[23.9825,49.80936],[23.98312,49.81054],[23.98376,49.81167],[23.98364,49.81171],[23.98347,49.81183],[23.98339,49.81199],[23.98339,49.81207],[23.98192,49.81223],[23.98093,49.81234],[23.98024,49.81246],[23.9796,49.81259],[23.979,49.81275],[23.97803,49.81304],[23.97748,49.81325],[23.97718,49.81338],[23.97676,49.8136],[23.97612,49.81395],[23.97352,49.81557],[23.97309,49.81586],[23.97278,49.81611],[23.97246,49.81642],[23.97224,49.81667],[23.96981,49.8196],[23.96854,49.82115],[23.9679,49.82188],[23.9677,49.82215],[23.96742,49.8226],[23.96605,49.82266],[23.96516,49.82273],[23.9605,49.82315],[23.95632,49.82356],[23.95597,49.82427],[23.9549,49.82671],[23.95464,49.8273],[23.9546,49.82753],[23.95456,49.82818],[23.95456,49.82818],[23.94962,49.82729],[23.94928,49.82727],[23.94823,49.82706],[23.94783,49.82699],[23.9476,49.82682],[23.94732,49.82689],[23.9469,49.82681],[23.94653,49.8267],[23.94644,49.82667],[23.94488,49.8264],[23.93488,49.82452],[23.93432,49.82446],[23.93388,49.82439],[23.93142,49.82391],[23.92892,49.82344],[23.92419,49.82257],[23.91819,49.82148]]},"properties":{"line":"А14","dir":"1","mode":"bus"}},{"type":"Feature","geometry":{"type":"LineString","coordinates":[[23.9956,49.83573],[23.99557,49.83569],[23.99447,49.83549],[23.99412,49.83546],[23.99395,49.83546],[23.99229,49.83553],[23.99146,49.83555],[23.99126,49.83554],[23.99098,49.83546],[23.9907,49.83535],[23.99061,49.83528],[23.99057,49.83521],[23.99057,49.83509],[23.99074,49.83466],[23.99075,49.83465],[23.9938,49.83519],[23.99423,49.83525],[23.99506,49.8354],[23.99915,49.83615],[24.00205,49.83666],[24.00263,49.83677],[24.00386,49.83713],[24.00442,49.83627],[24.0045,49.83615],[24.00464,49.83599],[24.00509,49.83556],[24.00528,49.83543],[24.00592,49.83521],[24.00692,49.83489],[24.00727,49.8348],[24.00923,49.83475],[24.01282,49.83468],[24.01613,49.83469],[24.01774,49.8347],[24.01872,49.83472],[24.02002,49.83458],[24.02036,49.83463],[24.02082,49.83492],[24.02185,49.8356],[24.02264,49.8361],[24.0226,49.83627],[24.02254,49.83636],[24.02195,49.83679],[24.02177,49.83694],[24.02171,49.83714],[24.02339,49.83811],[24.02354,49.83822],[24.02388,49.83842],[24.02525,49.83921],[24.02721,49.84025],[24.02771,49.84052],[24.02785,49.84055],[24.02826,49.84004],[24.02841,49.83985],[24.02855,49.83974],[24.02884,49.83958],[24.02907,49.83949],[24.03051,49.83908],[24.03066,49.83907],[24.03138,49.83919],[24.03205,49.83929],[24.03306,49.83767],[24.03356,49.83691],[24.03379,49.8367],[24.03463,49.8364],[24.03483,49.83628],[24.03494,49.83615],[24.03493,49.83504],[24.03486,49.83492],[24.0348,49.83487],[24.03492,49.83464],[24.03502,49.83451],[24.03519,49.83438],[24.0355,49.83426],[24.03705,49.83385],[24.03783,49.83364],[24.03858,49.83342],[24.0402,49.83286],[24.04058,49.83271],[24.04092,49.83254],[24.04138,49.83227],[24.042,49.83183],[24.0434,49.83072],[24.04372,49.83044],[24.0447,49.82953],[24.04484,49.82916],[24.04491,49.82883],[24.04491,49.82862],[24.04497,49.82853],[24.04575,49.82788],[24.04587,49.82774],[24.0459,49.82767],[24.0459,49.82758],[24.04584,49.82746],[24.04579,49.82741],[24.04574,49.82736],[24.04556,49.82727],[24.04533,49.82719],[24.04506,49.82713],[24.04481,49.82712],[24.04416,49.82715],[24.04392,49.82712],[24.04376,49.82707],[24.04363,49.82699],[24.04352,49.82688],[24.04344,49.82674],[24.04343,49.82654],[24.04348,49.82645],[24.0436,49.82634],[24.04368,49.82628],[24.04402,49.82617],[24.04866,49.82516],[24.04912,49.825],[24.04937,49.82488],[24.05011,49.82444],[24.05047,49.82427],[24.0517,49.82377],[24.0523,49.82352],[24.05278,49.82331],[24.05355,49.82291],[24.05407,49.82259],[24.0543,49.82242],[24.05485,49.82186],[24.05593,49.82068],[24.05729,49.81921],[24.05759,49.8189],[24.05772,49.81879],[24.0579,49.81867],[24.05945,49.81779],[24.06112,49.81689],[24.06142,49.81671],[24.06159,49.81657],[24.06167,49.81647],[24.06171,49.81638],[24.06171,49.81621],[24.06181,49.81607],[24.06186,49.81603],[24.062,49.81597],[24.063,49.81598],[24.06446,49.816],[24.06785,49.81619],[24.06828,49.81617],[24.06922,49.81605],[24.06989,49.81593],[24.07048,49.81579],[24.07229,49.81532],[24.07536,49.81451],[24.07648,49.81421],[24.07697,49.8141],[24.07737,49.81404],[24.07781,49.81398],[24.07818,49.81396],[24.07835,49.81398],[24.07718,49.81702],[24.07507,49.82255],[24.07498,49.82281],[24.07495,49.823],[24.07512,49.82378],[24.07513,49.82392],[24.07511,49.82419],[24.07505,49.82446],[24.075,49.82459],[24.07479,49.82496],[24.07463,49.82516],[24.07422,49.82552],[24.07392,49.82572],[24.07375,49.82581],[24.0729,49.82622],[24.07237,49.82651],[24.0722,49.82669],[24.07222,49.82666],[24.07271,49.82665],[24.07344,49.82648],[24.07549,49.82582],[24.07932,49.82456]]},"properties":{"line":"А15","dir":"0","mode":"bus"}},{"type":"Feature","geometry":{"type":"LineString","coordinates":[[24.08414,49.82299],[24.07906,49.82465],[24.07344,49.82648],[24.0728,49.82663],[24.07271,49.82665],[24.07244,49.82666],[24.07222,49.82666],[24.07123,49.82779],[24.06907,49.83031],[24.06881,49.83053],[24.06844,49.83074],[24.06707,49.83145],[24.06689,49.83162],[24.06683,49.83175],[24.06682,49.83184],[24.0669,49.83213],[24.06698,49.83226],[24.06735,49.83256],[24.0675,49.83271],[24.06761,49.83289],[24.0683,49.83564],[24.06832,49.83575],[24.06831,49.83581],[24.06826,49.83593],[24.06814,49.83601],[24.06804,49.83603],[24.06723,49.83609],[24.06653,49.83616],[24.06381,49.8366],[24.06251,49.83685],[24.06086,49.83722],[24.05667,49.83812],[24.05553,49.83839],[24.05491,49.83854],[24.05422,49.83872],[24.05127,49.83957],[24.04923,49.84001],[24.04877,49.84011],[24.04714,49.84061],[24.0469,49.84067],[24.04643,49.84075],[24.04623,49.84075],[24.04564,49.84071],[24.04467,49.84057],[24.04411,49.84046],[24.04316,49.84024],[24.04219,49.84001],[24.04183,49.83996],[24.04146,49.83993],[24.03968,49.83986],[24.038,49.83982],[24.036,49.83978],[24.03643,49.84034],[24.03632,49.84051],[24.03617,49.8406],[24.03597,49.84066],[24.03585,49.84074],[24.03578,49.84085],[24.03569,49.84105],[24.03511,49.84251],[24.03462,49.84375],[24.03454,49.84389],[24.03448,49.84394],[24.03437,49.84398],[24.03382,49.84406],[24.03363,49.84414],[24.03319,49.8444],[24.03318,49.84441],[24.03196,49.8445],[24.0302,49.84466],[24.0292,49.84474],[24.02842,49.84474],[24.02832,49.84479],[24.0277,49.84479],[24.02722,49.84479],[24.02697,49.84478],[24.02675,49.84475],[24.02531,49.84445],[24.02503,49.84433],[24.02467,49.84422],[24.02412,49.84391],[24.02296,49.84328],[24.02276,49.84325],[24.02262,49.84326],[24.02084,49.84304],[24.01872,49.84281],[24.01826,49.84275],[24.01816,49.84273],[24.01758,49.84276],[24.01579,49.84297],[24.01554,49.84287],[24.01558,49.84203],[24.01559,49.84174],[24.01552,49.84155],[24.0122,49.84024],[24.00822,49.83869],[24.00695,49.83817],[24.00557,49.83769],[24.00511,49.83752],[24.00402,49.83718],[24.00263,49.83677],[24.00254,49.83689],[24.00242,49.83707],[24.00235,49.83712],[24.00224,49.83716],[24.00199,49.83716],[24.00191,49.83714],[24.00181,49.83705],[24.00172,49.83694],[24.0017,49.83687],[24.00138,49.83675],[24.00026,49.83652],[23.9992,49.83634]]},"properties":{"line":"А15","dir":"1","mode":"bus"}},{"type":"Feature","geometry":{"type":"LineString","coordinates":[[24.06319,49.79437],[24.06113,49.79397],[24.06059,49.79389],[24.0587,49.79386],[24.05859,49.79375],[24.05849,49.79361],[24.05881,49.79299],[24.05896,49.79253],[24.05883,49.79245],[24.05864,49.79238],[24.05854,49.79237],[24.05842,49.79238],[24.05825,49.79244],[24.05817,49.79269],[24.05799,49.7931],[24.05771,49.79353],[24.0574,49.79387],[24.05713,49.79409],[24.0565,49.79452],[24.05651,49.79461],[24.05657,49.79474],[24.05662,49.79477],[24.05668,49.79481],[24.05693,49.79486],[24.05705,49.79487],[24.05746,49.79461],[24.05705,49.79487],[24.05693,49.79486],[24.05668,49.79481],[24.05662,49.79477],[24.05657,49.79474],[24.05651,49.79461],[24.0565,49.79452],[24.05642,49.79457],[24.05565,49.79503],[24.05498,49.79542],[24.05319,49.79637],[24.05344,49.79658],[24.05365,49.79646],[24.05237,49.79714],[24.04882,49.79892],[24.04863,49.79904],[24.04847,49.79914],[24.04813,49.79939],[24.04789,49.79961],[24.0475,49.8],[24.04721,49.80034],[24.04692,49.80078],[24.04682,49.80097],[24.04667,49.80167],[24.04652,49.80252],[24.04645,49.80314],[24.04644,49.8036],[24.04647,49.80415],[24.04691,49.8071],[24.04694,49.8079],[24.04693,49.80832],[24.04684,49.80893],[24.04652,49.81021],[24.04624,49.81021],[24.04581,49.81033],[24.04488,49.81065],[24.04201,49.81164],[24.04183,49.81178],[24.04182,49.81185],[24.04184,49.81191],[24.04208,49.81219],[24.04269,49.81289],[24.04348,49.81374],[24.04216,49.81368],[24.03728,49.81351],[24.03718,49.81352],[24.03712,49.81356],[24.03708,49.81357],[24.03699,49.81356],[24.03666,49.81363],[24.03557,49.81397],[24.02967,49.8158],[24.02615,49.81687],[24.02589,49.81691],[24.02581,49.81628],[24.02571,49.81571],[24.02554,49.81449],[24.02309,49.81457],[24.01979,49.8147],[24.01959,49.81287],[24.01943,49.81104],[24.01913,49.80815],[24.01697,49.80825],[24.01593,49.80831],[24.01522,49.80838],[24.01285,49.80877],[24.01188,49.80898],[24.00802,49.8098],[24.00752,49.80988],[24.00703,49.80993],[24.00393,49.81008],[24.00236,49.81018],[24.0021,49.81019],[24.00109,49.81031],[24.00075,49.81034],[24.00062,49.81037],[24.00039,49.81046],[24.00017,49.81057],[24.00004,49.81069],[23.99994,49.81073],[23.99982,49.81075],[23.99969,49.81075],[23.99954,49.81073],[23.99943,49.81068],[23.99924,49.81063],[23.99881,49.81055],[23.99867,49.81054],[23.99659,49.81074],[23.99012,49.8114],[23.98516,49.81191],[23.98486,49.81203],[23.9845,49.81222],[23.98437,49.81232],[23.98414,49.8124],[23.98393,49.81241],[23.98379,49.81239],[23.98367,49.81236],[23.98341,49.81224],[23.98318,49.81218],[23.98301,49.81217],[23.98263,49.81216],[23.98192,49.81224],[23.98093,49.81235],[23.98024,49.81246],[23.9796,49.81259],[23.979,49.81275],[23.97803,49.81304],[23.97748,49.81325],[23.97676,49.81359],[23.97615,49.81391],[23.97332,49.81573],[23.97295,49.81599],[23.9728,49.81613],[23.97226,49.81668],[23.96982,49.8196],[23.96891,49.82069],[23.96967,49.82095],[23.97137,49.82153],[23.97321,49.82224],[23.97407,49.82259],[23.97443,49.82276],[23.97751,49.82423],[23.97898,49.82503],[23.97998,49.82558],[23.98094,49.82609],[23.98212,49.82668],[23.98275,49.82706],[23.98256,49.8272],[23.98213,49.82757],[23.9797,49.82964],[23.97962,49.82974],[23.97812,49.83232],[23.97809,49.8324],[23.97915,49.83258],[23.98454,49.83355],[23.98694,49.83399],[23.99018,49.83455],[23.99097,49.83468],[23.9938,49.83519],[23.99423,49.83525],[23.99506,49.8354],[23.99915,49.83615],[24.00205,49.83666],[24.00257,49.83675],[24.00263,49.83677],[24.00242,49.83707],[24.00235,49.83712],[24.00224,49.83716],[24.00201,49.83716],[24.00191,49.83714],[24.0018,49.83708],[24.00171,49.83707],[24.00165,49.83708],[24.00053,49.83749],[24.00004,49.83767]]},"properties":{"line":"А16","dir":"0","mode":"bus"}},{"type":"Feature","geometry":{"type":"LineString","coordinates":[[23.99511,49.83973],[23.99513,49.83982],[23.9954,49.84021],[23.99549,49.84024],[23.99555,49.84025],[23.99574,49.84022],[23.99581,49.8402],[23.99591,49.84011],[23.99602,49.84001],[23.99613,49.8399],[23.99621,49.8398],[23.99619,49.83969],[23.99596,49.8394],[23.99598,49.83926],[23.99605,49.8392],[23.99948,49.83792],[23.9996,49.83788],[23.99989,49.83761],[23.99998,49.83758],[24.00134,49.83708],[24.00142,49.837],[24.00145,49.83692],[24.00144,49.83687],[24.00138,49.83675],[24.00026,49.83652],[23.9992,49.83634],[23.99827,49.83617],[23.99471,49.83554],[23.9943,49.83547],[23.99395,49.83546],[23.99229,49.83553],[23.99146,49.83555],[23.99126,49.83554],[23.99098,49.83546],[23.9907,49.83535],[23.99061,49.83528],[23.99057,49.83521],[23.99057,49.83509],[23.99075,49.83465],[23.98923,49.83438],[23.98694,49.83399],[23.98525,49.83368],[23.98523,49.83371],[23.98525,49.83368],[23.98387,49.83343],[23.98418,49.8327],[23.98478,49.83137],[23.98747,49.82928],[23.98758,49.82927],[23.98626,49.82861],[23.98532,49.82818],[23.98359,49.82743],[23.98323,49.82729],[23.98296,49.82717],[23.98212,49.82668],[23.98094,49.82609],[23.97998,49.82558],[23.97764,49.82429],[23.97664,49.82382],[23.97407,49.82259],[23.97258,49.82199],[23.97137,49.82153],[23.96891,49.82069],[23.96946,49.82004],[23.97164,49.81742],[23.97234,49.81658],[23.97295,49.81599],[23.97332,49.81573],[23.97544,49.81436],[23.97615,49.81391],[23.9767,49.81362],[23.97748,49.81325],[23.97803,49.81304],[23.979,49.81275],[23.9796,49.81259],[23.98024,49.81246],[23.98093,49.81235],[23.98207,49.81222],[23.98263,49.81216],[23.98317,49.81203],[23.98342,49.81191],[23.98347,49.81183],[23.98364,49.81171],[23.98376,49.81167],[23.98397,49.81164],[23.98418,49.81166],[23.98437,49.81173],[23.9848,49.81184],[23.98516,49.81191],[23.99169,49.81124],[23.99815,49.81059],[23.99867,49.81054],[23.99899,49.81046],[23.99932,49.81031],[23.99944,49.81022],[23.99954,49.81017],[23.99966,49.81015],[23.99978,49.81015],[23.9999,49.81017],[24.00008,49.81024],[24.00031,49.8103],[24.0006,49.81034],[24.00075,49.81034],[24.0021,49.81019],[24.00393,49.81008],[24.00473,49.81005],[24.00657,49.80996],[24.00716,49.80992],[24.00782,49.80984],[24.00878,49.80963],[24.01209,49.80893],[24.01285,49.80877],[24.01346,49.80867],[24.01463,49.80847],[24.0156,49.80834],[24.01593,49.80831],[24.01674,49.80826],[24.01913,49.80815],[24.01917,49.80852],[24.01953,49.81217],[24.01979,49.8147],[24.02195,49.81461],[24.02554,49.81449],[24.02589,49.81691],[24.02615,49.81687],[24.02696,49.81662],[24.02967,49.8158],[24.03588,49.81387],[24.03666,49.81363],[24.03692,49.81348],[24.03694,49.81345],[24.037,49.81341],[24.03709,49.8134],[24.03817,49.81299],[24.0399,49.81237],[24.04144,49.81184],[24.04459,49.81075],[24.04587,49.81031],[24.04624,49.81021],[24.04658,49.80891],[24.04667,49.80829],[24.04668,49.80809],[24.0466,49.80687],[24.04619,49.80443],[24.04614,49.80383],[24.04614,49.8036],[24.04615,49.80318],[24.0462,49.80277],[24.04637,49.80164],[24.04646,49.80119],[24.04661,49.80069],[24.04686,49.80024],[24.04709,49.79994],[24.04775,49.79928],[24.04797,49.79911],[24.04828,49.79891],[24.04877,49.79863],[24.05162,49.79718],[24.05319,49.79637],[24.05344,49.79658],[24.05477,49.79588],[24.0556,49.79547],[24.05705,49.79487],[24.05734,49.79469],[24.05768,49.79445],[24.05799,49.79421],[24.05813,49.79407],[24.0587,49.79386],[24.06059,49.79389],[24.06113,49.79397],[24.06167,49.79408],[24.06258,49.79426],[24.06515,49.79475]]},"properties":{"line":"А16","dir":"1","mode":"bus"}},{"type":"Feature","geometry":{"type":"LineString","coordinates":[[24.03855,49.87966],[24.03833,49.87971],[24.03819,49.87977],[24.03794,49.8799],[24.03773,49.88007],[24.03765,49.88021],[24.03764,49.8803],[24.03768,49.88081],[24.03735,49.8808],[24.03723,49.88075],[24.0372,49.88071],[24.03718,49.88065],[24.03719,49.88035],[24.03717,49.88029],[24.0371,49.88025],[24.0366,49.88007],[24.03634,49.87993],[24.03579,49.87951],[24.03575,49.87946],[24.03573,49.87942],[24.03577,49.87938],[24.03611,49.87915],[24.03665,49.87884],[24.03599,49.87922],[24.03585,49.87913],[24.03646,49.87775],[24.03627,49.87704],[24.03627,49.87691],[24.03635,49.87663],[24.03641,49.87623],[24.03639,49.87594],[24.0357,49.87583],[24.03512,49.87569],[24.03479,49.87554],[24.03455,49.87539],[24.03347,49.87443],[24.03312,49.87397],[24.03266,49.87313],[24.0326,49.87297],[24.03258,49.87282],[24.03262,49.87264],[24.03303,49.87145],[24.03327,49.87078],[24.03883,49.8717],[24.0422,49.87226],[24.04133,49.87491],[24.0422,49.87226],[24.0392,49.87176],[24.03129,49.87046],[24.02538,49.86949],[24.02496,49.86943],[24.02372,49.86921],[24.02348,49.86919],[24.02308,49.86922],[24.02291,49.86926],[24.02051,49.87032],[24.01946,49.8708],[24.01924,49.87082],[24.01903,49.87079],[24.01882,49.8707],[24.01853,49.87034],[24.01845,49.87014],[24.0184,49.86983],[24.01831,49.86953],[24.01819,49.86926],[24.01804,49.86901],[24.01784,49.86877],[24.01768,49.86863],[24.01707,49.8682],[24.01608,49.86756],[24.01604,49.86742],[24.01599,49.86719],[24.01599,49.86699],[24.01629,49.8664],[24.01815,49.86293],[24.01883,49.86164],[24.01972,49.85998],[24.02093,49.85769],[24.02124,49.8571],[24.02126,49.85704],[24.02123,49.85685],[24.0212,49.85671],[24.02124,49.85664],[24.0213,49.85658],[24.02139,49.85653],[24.02149,49.8565],[24.02175,49.85628],[24.02192,49.85597],[24.02279,49.85428],[24.02309,49.85368],[24.02446,49.85047],[24.02448,49.85032],[24.02446,49.84995],[24.02446,49.84988],[24.02458,49.84978],[24.02472,49.84975],[24.02486,49.84975],[24.02497,49.84973],[24.02506,49.84968],[24.02529,49.84927],[24.0254,49.84907],[24.02561,49.84869],[24.02565,49.8485],[24.02565,49.84841],[24.02549,49.84714],[24.02535,49.84631],[24.02528,49.84552],[24.0253,49.84528],[24.02536,49.84505],[24.02551,49.84457],[24.02555,49.84449],[24.02521,49.84441],[24.02505,49.84432],[24.02474,49.84425],[24.02412,49.84392],[24.02297,49.84329],[24.02285,49.84326],[24.02274,49.84328],[24.01875,49.8428],[24.01827,49.84272],[24.01816,49.84271],[24.01763,49.84273],[24.01581,49.84297],[24.01524,49.84305],[24.01418,49.84336],[24.01323,49.84367],[24.00844,49.84535],[24.00702,49.84584],[24.00629,49.84612],[24.00532,49.84653],[24.00483,49.84671],[24.00456,49.84678],[24.00353,49.84697],[24.003,49.8471],[24.00237,49.84732],[24.00135,49.84771],[24.00096,49.84785],[24.00053,49.84799],[23.99927,49.84826],[23.99901,49.84833],[23.998,49.84864],[23.99725,49.84885],[23.99602,49.84926],[23.99557,49.8491],[23.99463,49.84863],[23.99404,49.84834],[23.9924,49.84762],[23.99036,49.84686],[23.98903,49.84638],[23.98862,49.84622],[23.98844,49.84638],[23.98831,49.84652],[23.98816,49.84666],[23.98808,49.84669],[23.98799,49.84669],[23.98521,49.84629],[23.98304,49.84597],[23.97987,49.84548],[23.9783,49.84531],[23.9777,49.84526],[23.97236,49.84448],[23.9719,49.84447],[23.97123,49.84448],[23.97082,49.84456],[23.97073,49.84459],[23.97073,49.84464],[23.97002,49.84707],[23.96957,49.84876],[23.9695,49.84901],[23.96558,49.84855],[23.96555,49.84851],[23.96554,49.84846],[23.96564,49.8481],[23.96547,49.84806],[23.96542,49.84801],[23.96552,49.84756],[23.96557,49.8474],[23.96587,49.84729],[23.96667,49.84453],[23.96742,49.84204],[23.96757,49.84178],[23.9688,49.84185],[23.96916,49.84186],[23.96943,49.84035],[23.96956,49.83943],[23.96967,49.8384],[23.96975,49.83786],[23.96942,49.83669],[23.9694,49.83656],[23.96895,49.83665],[23.96877,49.83669],[23.96895,49.83665],[23.96852,49.8367],[23.96804,49.8367],[23.96751,49.83667],[23.96689,49.83658],[23.9662,49.83638],[23.96599,49.8363],[23.96557,49.8361],[23.96503,49.83578],[23.96487,49.8357],[23.96456,49.83563],[23.96442,49.83564],[23.96281,49.83593],[23.96271,49.8359],[23.96265,49.83585],[23.96253,49.83555],[23.96245,49.83548],[23.96135,49.83511],[23.96095,49.83495],[23.96069,49.8348],[23.96045,49.83473],[23.96008,49.83452],[23.95976,49.83433],[23.95671,49.83228],[23.95599,49.83184],[23.95553,49.8316],[23.95551,49.83162],[23.95553,49.8316],[23.95524,49.83148],[23.95464,49.83125],[23.95062,49.82993],[23.9503,49.83034]]},"properties":{"line":"А17","dir":"0","mode":"bus"}},{"type":"Feature","geometry":{"type":"LineString","coordinates":[[23.94542,49.83098],[23.94519,49.8309],[23.94619,49.82968],[23.947,49.82876],[23.94877,49.82933],[23.95464,49.83125],[23.95524,49.83148],[23.95583,49.83175],[23.95599,49.83184],[23.95671,49.83228],[23.95976,49.83433],[23.96027,49.83464],[23.96045,49.83473],[23.96068,49.8348],[23.96095,49.83495],[23.96135,49.83511],[23.96245,49.83548],[23.96253,49.83555],[23.96265,49.83585],[23.96271,49.8359],[23.96277,49.83593],[23.96321,49.83587],[23.96442,49.83564],[23.96456,49.83563],[23.96487,49.8357],[23.96503,49.83578],[23.96557,49.8361],[23.96599,49.8363],[23.9662,49.83638],[23.96689,49.83658],[23.96751,49.83667],[23.96804,49.8367],[23.9685,49.8367],[23.96908,49.83663],[23.9694,49.83656],[23.96942,49.83669],[23.96975,49.83786],[23.96967,49.8384],[23.96959,49.83918],[23.96943,49.84035],[23.9692,49.84173],[23.96916,49.84186],[23.96912,49.84192],[23.96898,49.842],[23.96781,49.84194],[23.96771,49.84208],[23.96762,49.84237],[23.96686,49.84488],[23.96666,49.84562],[23.96596,49.84795],[23.96579,49.84857],[23.9695,49.84901],[23.96976,49.84803],[23.97002,49.84707],[23.97073,49.84464],[23.97073,49.84459],[23.97082,49.84456],[23.97123,49.84448],[23.97169,49.84447],[23.97236,49.84448],[23.9777,49.84526],[23.97817,49.8453],[23.97887,49.84537],[23.97987,49.84548],[23.98266,49.84591],[23.98528,49.84629],[23.98533,49.84623],[23.98528,49.84629],[23.98799,49.84669],[23.98808,49.84669],[23.98816,49.84666],[23.98831,49.84652],[23.98844,49.84638],[23.98862,49.84622],[23.98903,49.84638],[23.99034,49.84685],[23.99265,49.84772],[23.99428,49.84845],[23.9943,49.84846],[23.99557,49.8491],[23.99602,49.84926],[23.99665,49.84905],[23.99725,49.84885],[23.998,49.84864],[23.99916,49.84828],[24.00053,49.84799],[24.00096,49.84785],[24.00145,49.84767],[24.00245,49.84729],[24.003,49.8471],[24.00353,49.84697],[24.00456,49.84678],[24.00483,49.84671],[24.00532,49.84653],[24.00629,49.84612],[24.00702,49.84584],[24.00874,49.84524],[24.01323,49.84367],[24.01418,49.84336],[24.01524,49.84305],[24.01542,49.84295],[24.01551,49.84281],[24.01557,49.84203],[24.01559,49.84159],[24.01586,49.84169],[24.01769,49.84246],[24.0182,49.84261],[24.01875,49.84273],[24.02055,49.84294],[24.02111,49.84301],[24.02086,49.84298],[24.02084,49.84305],[24.01875,49.8428],[24.01816,49.84271],[24.01763,49.84273],[24.0177,49.84266],[24.01774,49.84257],[24.01773,49.8425],[24.01769,49.84246],[24.01655,49.84199],[24.01769,49.84246],[24.01773,49.8425],[24.01774,49.84257],[24.0177,49.84266],[24.01763,49.84273],[24.01816,49.84271],[24.01875,49.8428],[24.02274,49.84328],[24.02285,49.84326],[24.02297,49.84329],[24.02474,49.84425],[24.02505,49.84432],[24.02526,49.84433],[24.02567,49.84442],[24.02679,49.84468],[24.02682,49.84471],[24.02679,49.84468],[24.02634,49.84457],[24.02629,49.84466],[24.02521,49.84441],[24.02505,49.84432],[24.02474,49.84425],[24.02297,49.84329],[24.02285,49.84326],[24.02276,49.8432],[24.02218,49.84314],[24.02276,49.8432],[24.02285,49.84326],[24.02267,49.84386],[24.02268,49.84391],[24.02284,49.84405],[24.02367,49.8447],[24.02383,49.84464],[24.02394,49.84473],[24.02399,49.84482],[24.02415,49.84642],[24.02553,49.84639],[24.02561,49.84683],[24.02581,49.84841],[24.02579,49.84862],[24.02567,49.84889],[24.02496,49.85018],[24.02465,49.85048],[24.02457,49.85062],[24.02432,49.85118],[24.02322,49.85376],[24.0229,49.8544],[24.02192,49.85631],[24.02197,49.85664],[24.02201,49.85673],[24.022,49.8568],[24.02196,49.85687],[24.0219,49.85693],[24.02174,49.857],[24.02153,49.85714],[24.02143,49.85724],[24.02117,49.85771],[24.02006,49.85985],[24.01855,49.86264],[24.01685,49.86586],[24.01674,49.86607],[24.01659,49.86647],[24.01655,49.86667],[24.01654,49.86689],[24.01657,49.86746],[24.0168,49.86782],[24.01707,49.8682],[24.01768,49.86863],[24.01784,49.86877],[24.01804,49.86901],[24.01823,49.86932],[24.01838,49.86979],[24.01845,49.87014],[24.01853,49.87034],[24.01882,49.8707],[24.01903,49.87079],[24.01924,49.87082],[24.01946,49.8708],[24.02068,49.87024],[24.02291,49.86926],[24.02308,49.86922],[24.02348,49.86919],[24.02372,49.86921],[24.02498,49.86943],[24.03255,49.87066],[24.03944,49.8718],[24.0422,49.87226],[24.04127,49.8751],[24.04084,49.87641],[24.04068,49.87653],[24.03711,49.87604],[24.04068,49.87653],[24.04084,49.87641],[24.0413,49.87657],[24.0427,49.87696],[24.04281,49.87704],[24.04288,49.87711],[24.04292,49.87721],[24.04292,49.87737],[24.04289,49.87755],[24.04283,49.87766],[24.04264,49.87787],[24.04258,49.87792],[24.04146,49.87863],[24.04138,49.87874],[24.04133,49.87899],[24.04111,49.87906],[24.04073,49.87914]]},"properties":{"line":"А17","dir":"1","mode":"bus"}},{"type":"Feature","geometry":{"type":"LineString","coordinates":[[23.96552,49.84756],[23.96557,49.8474],[23.96587,49.84729],[23.96667,49.84453],[23.96742,49.84204],[23.96757,49.84178],[23.9688,49.84185],[23.97259,49.84207],[23.97349,49.84216],[23.97433,49.8423],[23.97613,49.84238],[23.97655,49.84242],[23.97701,49.84251],[23.97773,49.8427],[23.97797,49.84275],[23.97822,49.84278],[23.97858,49.84276],[23.97934,49.84262],[23.97922,49.84251],[23.97899,49.84205],[23.97883,49.84173],[23.97792,49.84018],[23.97721,49.83891],[23.97711,49.83867],[23.97706,49.83845],[23.97685,49.83666],[23.97678,49.83617],[23.97686,49.83546],[23.97771,49.83378],[23.97787,49.83346],[23.97793,49.83326],[23.97789,49.83283],[23.97784,49.8327],[23.97776,49.83259],[23.97764,49.83245],[23.97728,49.83225],[23.96822,49.83065],[23.96817,49.83006],[23.96775,49.82584],[23.96742,49.82262],[23.9677,49.82215],[23.96787,49.82194],[23.96946,49.82004],[23.97164,49.81742],[23.97234,49.81658],[23.97295,49.81599],[23.97332,49.81573],[23.97544,49.81436],[23.97615,49.81391],[23.9767,49.81362],[23.97747,49.81327],[23.97803,49.81304],[23.979,49.81275],[23.9796,49.81259],[23.98024,49.81246],[23.98093,49.81235],[23.98133,49.81231],[23.98162,49.81225],[23.98222,49.81218],[23.98221,49.81212],[23.98222,49.81218],[23.98207,49.8122],[23.98266,49.81213],[23.98317,49.81203],[23.98342,49.81191],[23.98347,49.81183],[23.98364,49.81171],[23.98376,49.81167],[23.98397,49.81164],[23.98418,49.81166],[23.98437,49.81173],[23.9848,49.81184],[23.98516,49.81191],[23.99169,49.81125],[23.99815,49.8106],[23.99867,49.81054],[23.99899,49.81046],[23.99932,49.81031],[23.99944,49.81022],[23.99954,49.81017],[23.99966,49.81015],[23.99978,49.81015],[23.9999,49.81017],[24.00008,49.81024],[24.00031,49.8103],[24.0006,49.81034],[24.00075,49.81034],[24.0021,49.81019],[24.00402,49.81008],[24.00657,49.80996],[24.00716,49.80992],[24.00782,49.80984],[24.00878,49.80963],[24.00782,49.80984],[24.00716,49.80992],[24.00657,49.80996],[24.00473,49.81005],[24.00657,49.80996],[24.00716,49.80992],[24.00782,49.80984],[24.00906,49.80957],[24.01209,49.80893],[24.01522,49.80838],[24.0156,49.80834],[24.01674,49.80826],[24.01913,49.80815],[24.01917,49.80852],[24.01953,49.81217],[24.01983,49.81515],[24.02005,49.81733],[24.02019,49.81857],[24.02024,49.81923],[24.02035,49.81987],[24.0204,49.82042],[24.02066,49.82321],[24.02085,49.82491],[24.02096,49.82504],[24.02109,49.82513],[24.02133,49.82524],[24.02166,49.82532],[24.02201,49.82534],[24.02248,49.82529],[24.02299,49.82518],[24.02422,49.82493],[24.02441,49.82493],[24.02472,49.825],[24.02487,49.82509],[24.02528,49.82543],[24.02549,49.82554],[24.02573,49.82561],[24.02619,49.8257],[24.02698,49.82593],[24.02723,49.82607],[24.02866,49.82718],[24.02884,49.82723],[24.02903,49.82727],[24.03001,49.82735],[24.03023,49.82738],[24.03044,49.82748],[24.03076,49.82771],[24.03105,49.82799],[24.03158,49.82872],[24.03225,49.82954],[24.03239,49.82971],[24.03327,49.83024],[24.03342,49.83037],[24.03388,49.83081],[24.0348,49.83195],[24.03504,49.8323],[24.0351,49.83248],[24.03524,49.83332],[24.03531,49.8334],[24.03548,49.83401],[24.03552,49.83415],[24.0355,49.83426],[24.03519,49.83438],[24.03502,49.83451],[24.03492,49.83464],[24.0348,49.83487],[24.03486,49.83492],[24.03495,49.83505],[24.03496,49.83607],[24.03494,49.83615],[24.03491,49.8364],[24.03491,49.83691],[24.03496,49.83737],[24.03507,49.83784],[24.03534,49.83881],[24.03544,49.839],[24.0359,49.83963],[24.03601,49.83981],[24.03636,49.83977],[24.03717,49.8398],[24.03914,49.83984],[24.04149,49.83994],[24.04208,49.84],[24.04329,49.84028],[24.04411,49.84046],[24.04467,49.84057],[24.04564,49.84071],[24.04623,49.84075],[24.04643,49.84075],[24.0469,49.84067],[24.04714,49.84061],[24.04877,49.84011],[24.04987,49.83986],[24.05127,49.83956],[24.05402,49.83876],[24.05667,49.83812],[24.0602,49.83736],[24.06284,49.83679],[24.06381,49.8366],[24.06653,49.83616],[24.06735,49.83608],[24.06804,49.83603],[24.07153,49.8359],[24.07518,49.83574],[24.07528,49.8363],[24.07542,49.83712],[24.07535,49.83721],[24.07648,49.83764],[24.07698,49.83784],[24.07712,49.83786],[24.07916,49.83797],[24.07934,49.83801],[24.07951,49.83806],[24.07997,49.83823],[24.08149,49.83887],[24.08274,49.83939],[24.08314,49.83957],[24.08384,49.83993],[24.08423,49.84006],[24.0853,49.84034],[24.0857,49.84028],[24.08615,49.84025],[24.08933,49.84016],[24.09017,49.84023],[24.09103,49.84035],[24.09219,49.84066],[24.09275,49.84078],[24.09376,49.84096],[24.09522,49.84121],[24.09658,49.84135],[24.09797,49.8415],[24.099,49.84165],[24.10093,49.84198],[24.10139,49.84205],[24.10305,49.84224]]},"properties":{"line":"А18","dir":"0","mode":"bus"}},{"type":"Feature","geometry":{"type":"LineString","coordinates":[[24.10355,49.84229],[24.10139,49.84205],[24.10095,49.84198],[24.099,49.84165],[24.09797,49.8415],[24.09673,49.84137],[24.09522,49.84121],[24.09376,49.84096],[24.09275,49.84078],[24.09219,49.84066],[24.09103,49.84035],[24.09017,49.84023],[24.08933,49.84016],[24.08615,49.84025],[24.0857,49.84028],[24.0853,49.84034],[24.08437,49.8401],[24.08394,49.83997],[24.08384,49.83993],[24.08314,49.83957],[24.08274,49.83939],[24.0798,49.83817],[24.07951,49.83806],[24.07916,49.83797],[24.07712,49.83786],[24.07698,49.83784],[24.07648,49.83764],[24.07523,49.83718],[24.07398,49.83695],[24.07097,49.83645],[24.07059,49.83636],[24.07044,49.83626],[24.07036,49.83613],[24.0703,49.83594],[24.06878,49.836],[24.06773,49.83606],[24.06735,49.83608],[24.06653,49.83616],[24.06381,49.8366],[24.06251,49.83685],[24.06086,49.83722],[24.05667,49.83812],[24.05553,49.83839],[24.05667,49.83812],[24.05918,49.83759],[24.06284,49.83679],[24.06381,49.8366],[24.06653,49.83616],[24.06723,49.83609],[24.06653,49.83616],[24.06381,49.8366],[24.06251,49.83685],[24.06086,49.83722],[24.05667,49.83812],[24.05547,49.83841],[24.05404,49.83876],[24.05127,49.83956],[24.04923,49.84],[24.04877,49.84011],[24.04714,49.84061],[24.0469,49.84067],[24.04643,49.84075],[24.04623,49.84075],[24.04564,49.84071],[24.04467,49.84057],[24.04411,49.84046],[24.04315,49.84025],[24.04218,49.84002],[24.04182,49.83997],[24.04149,49.83994],[24.03914,49.83984],[24.038,49.83981],[24.03725,49.8398],[24.03636,49.83977],[24.03601,49.83981],[24.0359,49.83963],[24.03544,49.839],[24.03534,49.83881],[24.03495,49.83732],[24.03491,49.83691],[24.03491,49.83665],[24.03491,49.8364],[24.03496,49.83607],[24.03495,49.83505],[24.03486,49.83492],[24.0348,49.83487],[24.03492,49.83464],[24.03502,49.83451],[24.03519,49.83438],[24.0355,49.83426],[24.03541,49.83417],[24.03525,49.8336],[24.0352,49.8334],[24.03524,49.83332],[24.0351,49.83248],[24.03504,49.8323],[24.03485,49.83202],[24.03388,49.83081],[24.03342,49.83037],[24.03327,49.83024],[24.03248,49.82977],[24.03239,49.82971],[24.03158,49.82872],[24.03105,49.82799],[24.03076,49.82771],[24.03044,49.82748],[24.03023,49.82738],[24.03001,49.82735],[24.02903,49.82727],[24.02884,49.82723],[24.02866,49.82718],[24.02723,49.82607],[24.02698,49.82593],[24.02619,49.8257],[24.02573,49.82561],[24.02549,49.82554],[24.02528,49.82543],[24.02487,49.82509],[24.02472,49.825],[24.02441,49.82493],[24.02422,49.82493],[24.02248,49.82529],[24.02201,49.82534],[24.02166,49.82532],[24.02133,49.82524],[24.02109,49.82513],[24.02096,49.82504],[24.02085,49.82491],[24.02076,49.82411],[24.02041,49.82051],[24.02035,49.81987],[24.02024,49.81923],[24.02019,49.81857],[24.02005,49.81733],[24.01986,49.81547],[24.01959,49.81287],[24.01943,49.81104],[24.01913,49.80815],[24.01752,49.80822],[24.01597,49.80831],[24.01522,49.80838],[24.01287,49.80879],[24.01215,49.80892],[24.01147,49.80906],[24.00802,49.8098],[24.00752,49.80988],[24.00703,49.80993],[24.00752,49.80988],[24.00802,49.8098],[24.01183,49.80899],[24.01215,49.80892],[24.01522,49.80838],[24.0156,49.80834],[24.01674,49.80826],[24.01913,49.80815],[24.01953,49.81217],[24.01981,49.81497],[24.01959,49.81287],[24.01943,49.81104],[24.01913,49.80815],[24.01752,49.80822],[24.01597,49.80831],[24.01522,49.80838],[24.01287,49.80879],[24.01215,49.80892],[24.01147,49.80906],[24.00802,49.8098],[24.00767,49.80986],[24.00716,49.80992],[24.00657,49.80996],[24.00411,49.81007],[24.00236,49.81018],[24.0021,49.81019],[24.00075,49.81034],[24.00062,49.81037],[24.00039,49.81046],[24.00017,49.81057],[24.00004,49.81069],[23.99994,49.81073],[23.99982,49.81075],[23.99968,49.81075],[23.99982,49.81075],[23.99994,49.81073],[24.00004,49.81069],[24.00017,49.81057],[24.00039,49.81046],[24.00062,49.81037],[24.00081,49.81034],[24.0021,49.81019],[24.00393,49.81008],[24.00507,49.81003],[24.00657,49.80996],[24.00716,49.80992],[24.00782,49.80984],[24.01183,49.80899],[24.01215,49.80892],[24.01522,49.80838],[24.01597,49.80831],[24.01697,49.80825],[24.01597,49.80831],[24.01522,49.80838],[24.01215,49.80892],[24.01188,49.80898],[24.00802,49.8098],[24.00767,49.80986],[24.00716,49.80992],[24.00657,49.80996],[24.00411,49.81007],[24.00236,49.81018],[24.0021,49.81019],[24.00075,49.81034],[24.0006,49.81034],[24.00031,49.8103],[24.00008,49.81024],[23.9999,49.81017],[23.99978,49.81015],[23.99966,49.81015],[23.99954,49.81017],[23.99944,49.81022],[23.99932,49.81031],[23.99899,49.81046],[23.9987,49.81053],[23.99747,49.81066],[23.99013,49.8114],[23.98516,49.81191],[23.98486,49.81203],[23.9845,49.81222],[23.98437,49.81232],[23.9842,49.81239],[23.98403,49.81241],[23.9842,49.81239],[23.98437,49.81232],[23.9845,49.81222],[23.98486,49.81203],[23.98516,49.81191],[23.98924,49.81149],[23.99628,49.81078],[23.99867,49.81054],[23.99899,49.81046],[23.99932,49.81031],[23.99944,49.81022],[23.99954,49.81017],[23.99966,49.81015],[23.99978,49.81015],[23.9999,49.81017],[24.00008,49.81024],[24.00031,49.8103],[24.0006,49.81034],[24.00081,49.81034],[24.0021,49.81019],[24.00236,49.81018],[24.00411,49.81007],[24.0065,49.80997],[24.00411,49.81007],[24.00236,49.81018],[24.0021,49.81019],[24.00109,49.81031],[24.00075,49.81034],[24.0006,49.81034],[24.00031,49.8103],[24.00008,49.81024],[23.9999,49.81017],[23.99978,49.81015],[23.99966,49.81015],[23.99954,49.81017],[23.99944,49.81022],[23.99932,49.81031],[23.99899,49.81046],[23.99867,49.81054],[23.99659,49.81075],[23.99012,49.8114],[23.98516,49.81191],[23.9848,49.81184],[23.98437,49.81173],[23.98418,49.81166],[23.98397,49.81164],[23.98376,49.81167],[23.98355,49.81176],[23.98347,49.81183],[23.98342,49.81191],[23.98317,49.81203],[23.98266,49.81213],[23.98192,49.81221],[23.98162,49.81225],[23.98133,49.81231],[23.98093,49.81235],[23.98024,49.81246],[23.9796,49.81259],[23.979,49.81275],[23.97803,49.81304],[23.97747,49.81327],[23.97676,49.81359],[23.97615,49.81391],[23.97332,49.81573],[23.97295,49.81599],[23.9728,49.81613],[23.97226,49.81668],[23.96982,49.8196],[23.96787,49.82194],[23.9677,49.82215],[23.96742,49.82262],[23.96749,49.82341],[23.96779,49.8263],[23.96822,49.83065],[23.96943,49.83086],[23.97728,49.83225],[23.97764,49.83245],[23.97776,49.83259],[23.97784,49.8327],[23.97789,49.83283],[23.97793,49.83326],[23.97787,49.83346],[23.97771,49.83378],[23.97695,49.83529],[23.97697,49.8359],[23.97697,49.83617],[23.97716,49.83765],[23.97723,49.83827],[23.97729,49.83858],[23.9774,49.83887],[23.97812,49.84023],[23.97903,49.84173],[23.97937,49.84246],[23.97934,49.84262],[23.97861,49.84276],[23.97848,49.84278],[23.97822,49.84278],[23.97797,49.84275],[23.97773,49.8427],[23.97701,49.84251],[23.97655,49.84242],[23.97613,49.84238],[23.97433,49.8423],[23.97151,49.84214],[23.96781,49.84194],[23.96771,49.84208],[23.96762,49.84237],[23.96686,49.84488],[23.96666,49.84562],[23.96596,49.84795]]},"properties":{"line":"А18","dir":"1","mode":"bus"}},{"type":"Feature","geometry":{"type":"LineString","coordinates":[[24.06971,49.78517],[24.07003,49.78469],[24.07004,49.78459],[24.06992,49.78426],[24.06961,49.78385],[24.06912,49.78328],[24.06806,49.78363],[24.06785,49.78366],[24.0673,49.78366],[24.06729,49.78373],[24.0673,49.78366],[24.06439,49.78368],[24.06294,49.78365],[24.06279,49.78368],[24.06208,49.78402],[24.06201,49.78404],[24.06194,49.78403],[24.0619,49.78399],[24.06189,49.78386],[24.0619,49.78331],[24.06119,49.78331],[24.06109,49.78333],[24.061,49.78335],[24.06093,49.7834],[24.06085,49.78352],[24.06073,49.78361],[24.06061,49.78364],[24.06031,49.78368],[24.06016,49.78372],[24.05986,49.78386],[24.05938,49.78385],[24.05929,49.78569],[24.05921,49.78753],[24.05909,49.79066],[24.05904,49.79179],[24.05896,49.79253],[24.05881,49.79299],[24.05849,49.79361],[24.05859,49.79375],[24.0587,49.79386],[24.06059,49.79389],[24.06086,49.79393],[24.06515,49.79475],[24.07195,49.79601],[24.07214,49.79608],[24.07226,49.79616],[24.07234,49.79626],[24.07237,49.79633],[24.07236,49.79642],[24.07232,49.79653],[24.07188,49.79716],[24.07084,49.79865],[24.06896,49.79954],[24.06799,49.80003],[24.06755,49.80029],[24.06615,49.80142],[24.06544,49.80204],[24.06524,49.80223],[24.0649,49.80258],[24.0639,49.80379],[24.06273,49.80513],[24.0625,49.80541],[24.06218,49.8059],[24.06211,49.80601],[24.06157,49.80641],[24.06147,49.80647],[24.0614,49.80654],[24.06136,49.80667],[24.06136,49.80674],[24.06145,49.80686],[24.06155,49.80694],[24.06178,49.80701],[24.06193,49.80701],[24.06206,49.80699],[24.06238,49.80688],[24.06263,49.80683],[24.06302,49.8068],[24.06445,49.80695],[24.06598,49.80712],[24.06833,49.80735],[24.06939,49.80739],[24.07022,49.80739],[24.07196,49.80732],[24.07418,49.8072],[24.07488,49.80719],[24.07559,49.80723],[24.07574,49.80726],[24.07642,49.80744],[24.07674,49.80756],[24.0771,49.80774],[24.07735,49.8079],[24.07777,49.80822],[24.07888,49.80921],[24.07921,49.80959],[24.07932,49.80975],[24.07944,49.80999],[24.07956,49.81037],[24.07957,49.81062],[24.07953,49.8109],[24.07907,49.81219],[24.07829,49.81411],[24.07718,49.81702],[24.07507,49.82255],[24.07498,49.82281],[24.07495,49.823],[24.07512,49.82378],[24.07513,49.82392],[24.07511,49.82419],[24.07505,49.82446],[24.075,49.82459],[24.07479,49.82496],[24.07463,49.82516],[24.07422,49.82552],[24.07392,49.82572],[24.07375,49.82581],[24.0729,49.82622],[24.07237,49.82651],[24.07222,49.82666],[24.07095,49.82811],[24.06907,49.83031],[24.06881,49.83053],[24.06844,49.83074],[24.06707,49.83145],[24.06689,49.83162],[24.06683,49.83175],[24.06682,49.83184],[24.0669,49.83213],[24.06698,49.83226],[24.06735,49.83256],[24.0675,49.83271],[24.06761,49.83289],[24.0683,49.83564],[24.06849,49.83586],[24.06876,49.836],[24.07153,49.83589],[24.07518,49.83574],[24.0753,49.83644],[24.07542,49.83712],[24.07535,49.83721],[24.07648,49.83764],[24.07698,49.83784],[24.07734,49.83788],[24.07916,49.83797],[24.07951,49.83806],[24.0805,49.83845],[24.08274,49.83939],[24.08314,49.83957],[24.08384,49.83993],[24.08423,49.84006],[24.0853,49.84034],[24.08564,49.84051],[24.08591,49.84068],[24.08628,49.84105],[24.08649,49.84137],[24.08665,49.84175],[24.08671,49.8421],[24.08671,49.84222],[24.08669,49.84236],[24.08654,49.84276],[24.08627,49.84317],[24.08618,49.84329],[24.08601,49.84344],[24.08573,49.84364],[24.08528,49.84391],[24.08493,49.84408],[24.08478,49.84417],[24.08466,49.84427],[24.0846,49.84435],[24.08455,49.84446],[24.08453,49.84459],[24.08455,49.84477],[24.0849,49.84608],[24.08493,49.84648],[24.0849,49.84679],[24.08472,49.84774],[24.08463,49.84797],[24.08438,49.84824],[24.08313,49.84918],[24.08249,49.84967],[24.08175,49.85021],[24.08149,49.85036],[24.08112,49.8505],[24.08066,49.85057],[24.07956,49.85064],[24.07925,49.85067],[24.07906,49.85072],[24.07877,49.85082],[24.07788,49.85128],[24.07759,49.8515],[24.07746,49.85168],[24.0774,49.85188],[24.07739,49.85218],[24.07747,49.85309],[24.07739,49.85343],[24.07717,49.85378],[24.07673,49.85424],[24.0733,49.85792],[24.07288,49.85835],[24.0726,49.85869],[24.07225,49.85932],[24.072,49.85974],[24.07188,49.86053],[24.07185,49.8606],[24.07175,49.86067],[24.07167,49.86069],[24.07155,49.86069],[24.07062,49.8606],[24.06431,49.85989],[24.06017,49.85941],[24.05983,49.85948],[24.05917,49.859],[24.05838,49.85841],[24.05768,49.85784],[24.05731,49.85749],[24.05723,49.85741],[24.05705,49.85705],[24.05663,49.85524],[24.05362,49.85556],[24.05119,49.85582],[24.05046,49.85588],[24.04989,49.8559],[24.04971,49.85588],[24.04858,49.85568],[24.04816,49.85557],[24.04777,49.85543],[24.0467,49.85484],[24.04615,49.85454],[24.04599,49.8545],[24.04588,49.85456],[24.04534,49.85549],[24.0452,49.85554],[24.04576,49.8562],[24.04751,49.85831],[24.05094,49.86234],[24.05272,49.86441],[24.05324,49.86466],[24.05343,49.86472],[24.05353,49.86477],[24.0536,49.86484],[24.05364,49.86492],[24.05365,49.865],[24.05363,49.86508],[24.05354,49.86537],[24.05357,49.86558],[24.05621,49.86866],[24.05723,49.86986],[24.05537,49.87063],[24.05226,49.87199],[24.05036,49.8728],[24.04997,49.87296],[24.04965,49.87306],[24.04913,49.8731],[24.04883,49.87308],[24.04459,49.87266],[24.04378,49.87252],[24.0422,49.87226],[24.04127,49.8751],[24.04084,49.87641],[24.0413,49.87657],[24.0427,49.87696],[24.04281,49.87704],[24.04288,49.87711],[24.04292,49.87721],[24.04292,49.87737],[24.04289,49.87755],[24.04283,49.87766],[24.04264,49.87787]]},"properties":{"line":"А19","dir":"0","mode":"bus"}},{"type":"Feature","geometry":{"type":"LineString","coordinates":[[24.03855,49.87966],[24.03833,49.87971],[24.03819,49.87977],[24.03794,49.8799],[24.0378,49.88],[24.03773,49.88007],[24.03765,49.88021],[24.03763,49.8803],[24.03765,49.88081],[24.03735,49.8808],[24.03723,49.88075],[24.03717,49.88065],[24.03716,49.88036],[24.03709,49.88026],[24.0366,49.88007],[24.03634,49.87993],[24.03575,49.87946],[24.03573,49.87942],[24.03577,49.87938],[24.03599,49.87922],[24.03585,49.87913],[24.03646,49.87775],[24.03628,49.87709],[24.03627,49.87691],[24.03635,49.87663],[24.03641,49.87623],[24.03639,49.87594],[24.0389,49.87629],[24.04068,49.87653],[24.04084,49.87641],[24.04133,49.87491],[24.0422,49.87226],[24.04327,49.87244],[24.04459,49.87266],[24.04883,49.87308],[24.04913,49.8731],[24.04965,49.87306],[24.04997,49.87296],[24.05061,49.8727],[24.05214,49.87204],[24.05536,49.87064],[24.05723,49.86986],[24.05685,49.86941],[24.05357,49.86558],[24.05326,49.86542],[24.05288,49.8653],[24.05274,49.86523],[24.05267,49.86517],[24.05264,49.86512],[24.05259,49.86503],[24.05262,49.86488],[24.05271,49.86478],[24.05275,49.8646],[24.05272,49.86441],[24.05245,49.8641],[24.05198,49.86353],[24.05055,49.86188],[24.04732,49.85808],[24.0452,49.85554],[24.04534,49.85549],[24.04588,49.85456],[24.04599,49.8545],[24.04615,49.85454],[24.04689,49.85495],[24.04777,49.85543],[24.04816,49.85557],[24.04858,49.85568],[24.04971,49.85588],[24.04989,49.8559],[24.05046,49.85588],[24.05119,49.85582],[24.05345,49.85558],[24.05663,49.85524],[24.05705,49.85705],[24.05723,49.85741],[24.05734,49.85752],[24.05768,49.85784],[24.05838,49.85841],[24.05983,49.85948],[24.06017,49.85941],[24.06067,49.85947],[24.06371,49.85982],[24.06372,49.85956],[24.064,49.85959],[24.06415,49.85971],[24.06441,49.85973],[24.06415,49.85971],[24.064,49.85959],[24.06372,49.85956],[24.06371,49.85982],[24.06909,49.86044],[24.07093,49.86063],[24.07113,49.86057],[24.07137,49.86041],[24.07173,49.86007],[24.07202,49.85971],[24.0726,49.85869],[24.07288,49.85835],[24.0733,49.85792],[24.07636,49.85464],[24.07717,49.85378],[24.07739,49.85343],[24.07747,49.85309],[24.07739,49.85218],[24.0774,49.85188],[24.07746,49.85168],[24.07759,49.8515],[24.07788,49.85128],[24.07877,49.85082],[24.079,49.85074],[24.07925,49.85067],[24.07941,49.85066],[24.08066,49.85057],[24.08112,49.8505],[24.08149,49.85036],[24.08175,49.85021],[24.08249,49.84967],[24.08331,49.84904],[24.08354,49.84887],[24.08438,49.84824],[24.08463,49.84797],[24.08472,49.84774],[24.0849,49.84679],[24.08493,49.84648],[24.0849,49.84608],[24.08455,49.84477],[24.08453,49.84459],[24.08455,49.84446],[24.08466,49.84427],[24.08478,49.84417],[24.08552,49.84378],[24.08601,49.84344],[24.08611,49.84334],[24.08626,49.84319],[24.08648,49.84287],[24.08656,49.84272],[24.08669,49.84236],[24.08671,49.84222],[24.08671,49.8421],[24.08665,49.84175],[24.08649,49.84137],[24.08628,49.84105],[24.08591,49.84068],[24.08564,49.8405],[24.0853,49.84034],[24.08437,49.8401],[24.08394,49.83997],[24.08384,49.83993],[24.08314,49.83957],[24.08274,49.83939],[24.0798,49.83817],[24.07951,49.83806],[24.07916,49.83797],[24.07734,49.83788],[24.07698,49.83784],[24.07648,49.83764],[24.07523,49.83718],[24.07489,49.8371],[24.07097,49.83645],[24.07059,49.83636],[24.07044,49.83626],[24.07036,49.83613],[24.0703,49.83594],[24.06876,49.836],[24.06849,49.83586],[24.0683,49.83564],[24.06794,49.83416],[24.06761,49.83289],[24.0675,49.83271],[24.06735,49.83256],[24.06698,49.83226],[24.0669,49.83213],[24.06682,49.83184],[24.06683,49.83175],[24.06689,49.83162],[24.06707,49.83145],[24.06872,49.83059],[24.06891,49.83046],[24.06907,49.83031],[24.06962,49.82966],[24.07148,49.82749],[24.07222,49.82666],[24.07237,49.82651],[24.07288,49.82623],[24.07327,49.82604],[24.07392,49.82572],[24.07422,49.82552],[24.07471,49.82507],[24.075,49.82459],[24.07505,49.82446],[24.07511,49.82419],[24.07513,49.82392],[24.07512,49.82378],[24.07495,49.823],[24.07501,49.82271],[24.07518,49.82226],[24.07582,49.82061],[24.0768,49.81798],[24.07791,49.81513],[24.07907,49.81219],[24.07938,49.81134],[24.07953,49.8109],[24.07956,49.81077],[24.07956,49.81037],[24.07944,49.80999],[24.07932,49.80975],[24.07921,49.80959],[24.07894,49.80927],[24.07777,49.80822],[24.07735,49.8079],[24.0771,49.80774],[24.07674,49.80756],[24.07641,49.80744],[24.07625,49.80739],[24.07574,49.80726],[24.07559,49.80723],[24.07488,49.80719],[24.07418,49.8072],[24.07056,49.80738],[24.06957,49.80739],[24.06886,49.80738],[24.06833,49.80735],[24.06598,49.80712],[24.06444,49.80695],[24.06302,49.8068],[24.06282,49.80672],[24.06232,49.80649],[24.06221,49.80642],[24.06213,49.80626],[24.0621,49.80613],[24.06211,49.80601],[24.0625,49.80541],[24.06286,49.80499],[24.0639,49.80379],[24.0649,49.80258],[24.06544,49.80204],[24.066,49.80155],[24.06755,49.80029],[24.06777,49.80016],[24.06814,49.79995],[24.06896,49.79954],[24.07084,49.79865],[24.07194,49.79707],[24.07232,49.79653],[24.07236,49.79642],[24.07237,49.79633],[24.07226,49.79616],[24.07214,49.79608],[24.07195,49.79601],[24.06319,49.79437],[24.06113,49.79397],[24.06059,49.79389],[24.0587,49.79386],[24.05813,49.79407],[24.05799,49.79421],[24.05746,49.79461],[24.05705,49.79487],[24.05693,49.79486],[24.05668,49.79481],[24.05657,49.79474],[24.05653,49.79467],[24.0565,49.79452],[24.05713,49.79409],[24.0574,49.79387],[24.05771,49.79353],[24.05797,49.79313],[24.05807,49.79294],[24.05844,49.79189],[24.05856,49.79153],[24.05867,49.79102],[24.05876,49.78865],[24.05891,49.78532],[24.05902,49.78288],[24.05913,49.78283],[24.05926,49.78281],[24.05936,49.78284],[24.05942,49.78288],[24.05938,49.78385],[24.05986,49.78386],[24.06016,49.78372],[24.06031,49.78368],[24.06061,49.78364],[24.06073,49.78361],[24.06085,49.78352],[24.06093,49.7834],[24.061,49.78335],[24.06109,49.78333],[24.06119,49.78331],[24.0619,49.78331],[24.06189,49.78386],[24.0619,49.78399],[24.06194,49.78403],[24.06201,49.78404],[24.06208,49.78402],[24.06279,49.78368],[24.06294,49.78365],[24.06439,49.78368],[24.06728,49.78366]]},"properties":{"line":"А19","dir":"1","mode":"bus"}},{"type":"Feature","geometry":{"type":"LineString","coordinates":[[23.96552,49.84756],[23.96557,49.8474],[23.96587,49.84729],[23.96667,49.84453],[23.96742,49.84204],[23.96757,49.84178],[23.9688,49.84185],[23.97259,49.84207],[23.97349,49.84216],[23.97433,49.8423],[23.97613,49.84238],[23.97655,49.84242],[23.97701,49.84251],[23.97773,49.8427],[23.97797,49.84275],[23.97822,49.84278],[23.97858,49.84276],[23.97934,49.84262],[23.97922,49.84251],[23.97899,49.84205],[23.97883,49.84173],[23.97792,49.84018],[23.97721,49.83891],[23.97711,49.83867],[23.97706,49.83845],[23.97685,49.83666],[23.97678,49.83617],[23.97686,49.83546],[23.97771,49.83378],[23.9779,49.83367],[23.97825,49.83352],[23.97842,49.83349],[23.97878,49.83346],[23.97985,49.83343],[23.98162,49.83338],[23.98337,49.83333],[23.98454,49.83355],[23.98694,49.83399],[23.99018,49.83455],[23.99097,49.83468],[23.9938,49.83519],[23.99423,49.83525],[23.99506,49.8354],[23.99915,49.83615],[24.002,49.83663],[24.00268,49.83676],[24.00286,49.8368],[24.00388,49.83712],[24.00487,49.83745],[24.00559,49.83769],[24.00684,49.83814],[24.0122,49.84024],[24.01586,49.84169],[24.01655,49.84199],[24.01769,49.84246],[24.01773,49.8425],[24.01774,49.84257],[24.0177,49.84266],[24.01763,49.84273],[24.01816,49.84271],[24.01875,49.8428],[24.02031,49.84299],[24.0203,49.84291],[24.0205,49.84294],[24.02114,49.84301],[24.02218,49.84314],[24.02276,49.8432],[24.02285,49.84326],[24.02297,49.84329],[24.02474,49.84425],[24.02505,49.84432],[24.02531,49.84433],[24.02664,49.84464],[24.02679,49.84468],[24.02687,49.84477],[24.02688,49.84497],[24.02658,49.84531],[24.02623,49.84543],[24.02576,49.84556],[24.02551,49.84568],[24.02547,49.84573],[24.02546,49.84579],[24.02551,49.8463],[24.02561,49.84683],[24.02581,49.84841],[24.02579,49.84862],[24.02567,49.84889],[24.02496,49.85018],[24.02494,49.85039],[24.02508,49.85046],[24.02608,49.85043],[24.02652,49.85041],[24.02675,49.85043],[24.02676,49.85064],[24.02683,49.85095],[24.02887,49.8507],[24.02901,49.85071],[24.02912,49.85076],[24.02992,49.8513],[24.03016,49.85139],[24.03195,49.85192],[24.03334,49.85236],[24.03501,49.85298],[24.03528,49.85305],[24.03646,49.85319],[24.03978,49.85354],[24.04021,49.8536],[24.04089,49.85369],[24.04109,49.85366],[24.04111,49.85365],[24.04177,49.85374],[24.0429,49.85388],[24.04336,49.85396],[24.0435,49.85401],[24.04405,49.8542],[24.04577,49.8562],[24.04755,49.85829],[24.05042,49.86168],[24.05099,49.86232],[24.05105,49.86239],[24.0521,49.86201],[24.05238,49.86198],[24.05258,49.86202],[24.05313,49.86225],[24.05323,49.86228],[24.05474,49.86258],[24.05494,49.86264],[24.05536,49.86288],[24.05544,49.86284],[24.05554,49.86282],[24.05678,49.86274],[24.06065,49.86243],[24.06115,49.86239],[24.06131,49.86235],[24.06141,49.8623],[24.06145,49.8622],[24.06143,49.86212],[24.06115,49.86147],[24.06085,49.86095],[24.06029,49.86004],[24.05983,49.85948],[24.06017,49.85941],[24.06064,49.85947],[24.06067,49.85947]]},"properties":{"line":"А20","dir":"0","mode":"bus"}},{"type":"Feature","geometry":{"type":"LineString","coordinates":[[24.06368,49.85688],[24.06371,49.85982],[24.06017,49.85941],[24.05983,49.85948],[24.06025,49.85998],[24.06044,49.86025],[24.06115,49.86147],[24.06143,49.86212],[24.06145,49.8622],[24.06141,49.8623],[24.06131,49.86235],[24.06115,49.86239],[24.05678,49.86274],[24.05554,49.86282],[24.05544,49.86284],[24.05536,49.86288],[24.05532,49.86293],[24.0553,49.86299],[24.05532,49.86363],[24.05536,49.86438],[24.05531,49.86455],[24.05527,49.86462],[24.05519,49.86468],[24.05505,49.86471],[24.0542,49.86477],[24.05401,49.86482],[24.05385,49.86488],[24.05363,49.86508],[24.05354,49.8652],[24.05346,49.86526],[24.05324,49.86533],[24.05312,49.86534],[24.053,49.86533],[24.05288,49.8653],[24.053,49.86533],[24.05312,49.86534],[24.05324,49.86533],[24.05346,49.86526],[24.05354,49.8652],[24.05363,49.86508],[24.05385,49.86488],[24.05401,49.86482],[24.0542,49.86477],[24.05505,49.86471],[24.05519,49.86468],[24.05527,49.86462],[24.05531,49.86455],[24.05536,49.86438],[24.05532,49.86363],[24.0553,49.86299],[24.05532,49.86293],[24.05536,49.86288],[24.05544,49.86284],[24.05554,49.86282],[24.05678,49.86274],[24.06038,49.86245],[24.05678,49.86274],[24.05554,49.86282],[24.05544,49.86284],[24.05536,49.86288],[24.05532,49.86293],[24.0553,49.86299],[24.05532,49.86363],[24.05536,49.86438],[24.05531,49.86455],[24.05527,49.86462],[24.05519,49.86468],[24.05505,49.86471],[24.0542,49.86477],[24.05401,49.86482],[24.05385,49.86488],[24.05363,49.86508],[24.05365,49.865],[24.05364,49.86492],[24.0536,49.86484],[24.05353,49.86477],[24.05343,49.86472],[24.05324,49.86466],[24.05279,49.86443],[24.05273,49.86436],[24.05252,49.86419],[24.05245,49.8641],[24.0521,49.86369],[24.05105,49.86239],[24.05058,49.86186],[24.04736,49.85807],[24.04508,49.85539],[24.04405,49.8542],[24.04396,49.85403],[24.04392,49.854],[24.04372,49.85393],[24.04392,49.854],[24.04396,49.85403],[24.04405,49.8542],[24.04504,49.85535],[24.04405,49.8542],[24.04377,49.85411],[24.04336,49.85396],[24.0429,49.85388],[24.04214,49.85379],[24.04176,49.85381],[24.04111,49.85373],[24.0408,49.85368],[24.04019,49.85359],[24.03978,49.85354],[24.03843,49.8534],[24.03528,49.85305],[24.03501,49.85298],[24.03332,49.85235],[24.03209,49.85196],[24.03016,49.85139],[24.03002,49.8514],[24.02989,49.85145],[24.02973,49.85155],[24.02957,49.85169],[24.02932,49.852],[24.02848,49.85312],[24.02829,49.85317],[24.02819,49.85316],[24.02804,49.8531],[24.02753,49.85225],[24.02713,49.85154],[24.02683,49.85095],[24.02676,49.85064],[24.02675,49.85043],[24.02652,49.85041],[24.02558,49.85045],[24.02508,49.85046],[24.02465,49.85048],[24.02446,49.85047],[24.02448,49.85032],[24.02446,49.84998],[24.02446,49.84988],[24.02458,49.84978],[24.02472,49.84975],[24.02486,49.84975],[24.02497,49.84973],[24.02506,49.84968],[24.02522,49.84941],[24.02506,49.84968],[24.02497,49.84973],[24.02486,49.84975],[24.025,49.84983],[24.02506,49.84999],[24.02496,49.85018],[24.02494,49.85039],[24.02508,49.85046],[24.02557,49.85045],[24.02508,49.85046],[24.02494,49.85039],[24.02496,49.85018],[24.02506,49.84999],[24.025,49.84983],[24.02486,49.84975],[24.02497,49.84973],[24.02506,49.84968],[24.0254,49.84907],[24.02561,49.84869],[24.02565,49.8485],[24.02565,49.84841],[24.02549,49.84714],[24.02535,49.84631],[24.02528,49.84552],[24.0253,49.84528],[24.02536,49.84505],[24.02551,49.84457],[24.02555,49.84449],[24.02521,49.84441],[24.02505,49.84432],[24.02474,49.84425],[24.02412,49.84392],[24.02297,49.84329],[24.02285,49.84326],[24.02274,49.84328],[24.01875,49.8428],[24.01827,49.84272],[24.01816,49.84271],[24.01763,49.84273],[24.01581,49.84297],[24.01563,49.84293],[24.01556,49.84288],[24.01551,49.84281],[24.01557,49.84203],[24.01559,49.84159],[24.0122,49.84024],[24.00684,49.83814],[24.00557,49.83769],[24.00511,49.83753],[24.005,49.8376],[24.00476,49.83764],[24.00424,49.83765],[24.00315,49.83756],[24.00226,49.8374],[24.00199,49.8371],[24.00177,49.83684],[24.00153,49.83674],[24.00116,49.83666],[23.9992,49.83633],[23.99827,49.83617],[23.99471,49.83554],[23.9943,49.83547],[23.99395,49.83546],[23.99229,49.83553],[23.99146,49.83555],[23.99126,49.83554],[23.99098,49.83546],[23.9907,49.83535],[23.99061,49.83528],[23.99057,49.83521],[23.99057,49.83509],[23.99075,49.83465],[23.98923,49.83438],[23.98694,49.83399],[23.98525,49.83368],[23.98523,49.83371],[23.98525,49.83368],[23.98337,49.83333],[23.98193,49.83338],[23.97878,49.83346],[23.97842,49.83349],[23.97825,49.83352],[23.9779,49.83367],[23.97771,49.83378],[23.97695,49.83529],[23.97697,49.8359],[23.97697,49.83617],[23.97716,49.83765],[23.97723,49.83827],[23.97729,49.83858],[23.9774,49.83887],[23.97812,49.84023],[23.97903,49.84173],[23.97937,49.84246],[23.97934,49.84262],[23.97861,49.84276],[23.97848,49.84278],[23.97822,49.84278],[23.97797,49.84275],[23.97773,49.8427],[23.97701,49.84251],[23.97655,49.84242],[23.97613,49.84238],[23.97433,49.8423],[23.97151,49.84214],[23.96781,49.84194],[23.96771,49.84208],[23.96762,49.84237],[23.96686,49.84488],[23.96666,49.84562],[23.96596,49.84795]]},"properties":{"line":"А20","dir":"1","mode":"bus"}},{"type":"Feature","geometry":{"type":"LineString","coordinates":[[23.90589,49.83005],[23.90561,49.83042],[23.90591,49.83054],[23.90602,49.83055],[23.90648,49.83071],[23.90649,49.8307],[23.90688,49.83083],[23.90689,49.83081],[23.90713,49.83089],[23.90738,49.83057],[23.90745,49.83055],[23.90821,49.8308],[23.90825,49.83083],[23.90809,49.83106],[23.9081,49.83117],[23.90799,49.8313],[23.90766,49.83173],[23.90756,49.83172],[23.90717,49.83159],[23.90676,49.83146],[23.90673,49.8314],[23.90701,49.83104],[23.90641,49.83083],[23.90641,49.83081],[23.90644,49.83076],[23.90598,49.83059],[23.90591,49.83054],[23.90561,49.83042],[23.91036,49.82424],[23.91251,49.82124],[23.91259,49.82096],[23.91262,49.8207],[23.91258,49.82062],[23.91259,49.82051],[23.91268,49.8204],[23.91261,49.8204],[23.91268,49.8204],[23.91283,49.82034],[23.91289,49.82033],[23.91295,49.82033],[23.91313,49.82035],[23.91327,49.82042],[23.91333,49.82049],[23.91358,49.8206],[23.91403,49.82071],[23.91667,49.82112],[23.92008,49.82171],[23.92526,49.82266],[23.92846,49.82326],[23.93069,49.82365],[23.93256,49.82401],[23.93438,49.82436],[23.93488,49.82452],[23.94326,49.8261],[23.94517,49.82645],[23.94644,49.82667],[23.94694,49.8267],[23.9476,49.82682],[23.94805,49.8269],[23.94916,49.82714],[23.94933,49.82718],[23.94962,49.82729],[23.95351,49.82798],[23.95374,49.82792],[23.95392,49.82784],[23.95402,49.82775],[23.95431,49.82737],[23.95455,49.82684],[23.95579,49.82401],[23.95597,49.82359],[23.9575,49.82342],[23.96145,49.82305],[23.96566,49.82268],[23.96656,49.82263],[23.96742,49.82262],[23.9677,49.82215],[23.96787,49.82194],[23.96946,49.82004],[23.97164,49.81742],[23.97234,49.81658],[23.97295,49.81599],[23.97332,49.81573],[23.97544,49.81436],[23.97615,49.81391],[23.9767,49.81362],[23.97748,49.81325],[23.97803,49.81304],[23.979,49.81275],[23.9796,49.81259],[23.98024,49.81246],[23.98093,49.81235],[23.98207,49.81222],[23.98263,49.81216],[23.98318,49.81218],[23.98341,49.81224],[23.98356,49.8123],[23.98367,49.81236],[23.98379,49.81239],[23.98393,49.81241],[23.98414,49.8124],[23.98437,49.81232],[23.9845,49.81222],[23.98486,49.81203],[23.98516,49.81191],[23.99169,49.81124],[23.99815,49.81059],[23.99867,49.81054],[23.99899,49.81046],[23.99932,49.81031],[23.99944,49.81022],[23.99954,49.81017],[23.99973,49.81015],[23.9999,49.81017],[24.00005,49.81022],[24.00015,49.8103],[24.00021,49.81043],[24.0002,49.8105],[24.00012,49.81063],[24.0001,49.81073],[24.00008,49.81102],[24.00025,49.81204],[24.00033,49.81233],[24.00045,49.81263],[24.00167,49.81504],[24.00353,49.81787],[24.00469,49.81964],[24.00758,49.8238],[24.00809,49.8245],[24.00858,49.82507],[24.00892,49.8254],[24.00939,49.8258],[24.01032,49.82653],[24.01043,49.82684],[24.01157,49.82768],[24.01204,49.82806],[24.01227,49.82828],[24.01267,49.82882],[24.01281,49.82894],[24.01369,49.82956],[24.01438,49.83008],[24.01498,49.83062],[24.01571,49.83105],[24.01716,49.83185],[24.01809,49.8324],[24.01843,49.83261],[24.01855,49.8327],[24.01852,49.83265],[24.01882,49.83327],[24.01916,49.83373],[24.01956,49.83406],[24.02011,49.83446],[24.02002,49.83458],[24.02036,49.83463],[24.02185,49.8356],[24.02264,49.8361],[24.0226,49.83627],[24.02254,49.83636],[24.02195,49.83679],[24.02177,49.83694],[24.02171,49.83714],[24.02339,49.83811],[24.02354,49.83822],[24.02388,49.83842],[24.02525,49.83921],[24.02721,49.84025],[24.02771,49.84052],[24.02872,49.84072],[24.02804,49.84185],[24.02724,49.84315],[24.02656,49.84413],[24.02668,49.84461],[24.02683,49.84477],[24.02686,49.845],[24.02675,49.84515],[24.02655,49.8453],[24.02622,49.84543],[24.02571,49.84556],[24.02546,49.84568],[24.02542,49.84573],[24.02541,49.84579],[24.02561,49.84683],[24.02581,49.84841],[24.02579,49.84862],[24.02567,49.84889],[24.02524,49.84965],[24.02494,49.8501],[24.02464,49.85047],[24.02455,49.85061],[24.02432,49.85118],[24.02322,49.85376],[24.0229,49.8544],[24.02192,49.85632],[24.02198,49.8566],[24.02202,49.8567],[24.02201,49.85677],[24.02198,49.85684],[24.02191,49.8569],[24.02175,49.85696],[24.02146,49.85718],[24.02117,49.85771],[24.02006,49.85985],[24.01855,49.86264],[24.01686,49.86586],[24.01674,49.86607],[24.01658,49.8665],[24.01654,49.86689],[24.01657,49.86746],[24.01652,49.86755],[24.01646,49.86761],[24.01638,49.86765],[24.01622,49.86764],[24.0162,49.86763],[24.01608,49.86756],[24.01524,49.86701],[24.01523,49.86707],[24.01505,49.86729],[24.01432,49.86839],[24.01421,49.86849],[24.01405,49.86858],[24.01334,49.8684],[24.01334,49.86839],[24.01334,49.8684],[24.01258,49.8682],[24.01214,49.86808],[24.01173,49.86811],[24.0103,49.86785],[24.00969,49.86771],[24.00891,49.86758],[24.00867,49.86752],[24.00766,49.86738],[24.00739,49.86737],[24.00726,49.86725],[24.0069,49.86721],[24.00659,49.86724]]},"properties":{"line":"А21","dir":"0","mode":"bus"}},{"type":"Feature","geometry":{"type":"LineString","coordinates":[[24.00714,49.86724],[24.00726,49.86725],[24.00739,49.86737],[24.00766,49.86738],[24.00867,49.86752],[24.00891,49.86758],[24.00969,49.86771],[24.0103,49.86785],[24.01173,49.86811],[24.01214,49.86808],[24.01275,49.86824],[24.01405,49.86858],[24.01421,49.86849],[24.01432,49.86839],[24.01507,49.86726],[24.01523,49.86707],[24.01524,49.86701],[24.01539,49.8671],[24.01558,49.86711],[24.01574,49.8671],[24.01584,49.86707],[24.01599,49.86699],[24.01629,49.8664],[24.01883,49.86164],[24.01972,49.85998],[24.02093,49.85769],[24.02124,49.85711],[24.02126,49.85702],[24.02124,49.85682],[24.02122,49.85668],[24.02125,49.85661],[24.02131,49.85655],[24.02147,49.85648],[24.02165,49.85636],[24.02175,49.85628],[24.02191,49.85596],[24.02279,49.85428],[24.02309,49.85368],[24.02446,49.85047],[24.02448,49.85032],[24.02446,49.84988],[24.02446,49.84988],[24.02458,49.84978],[24.02472,49.84975],[24.02486,49.84975],[24.02497,49.84973],[24.02506,49.84968],[24.02522,49.84941],[24.02561,49.84869],[24.02565,49.8485],[24.0256,49.84788],[24.02549,49.84714],[24.02524,49.84573],[24.02523,49.84552],[24.02522,49.84539],[24.02546,49.84456],[24.02577,49.84399],[24.02723,49.8414],[24.02785,49.84055],[24.02771,49.84052],[24.02707,49.84018],[24.02525,49.83921],[24.02388,49.83842],[24.02354,49.83822],[24.02339,49.83811],[24.02171,49.83714],[24.02177,49.83694],[24.02185,49.83686],[24.02239,49.83647],[24.02254,49.83636],[24.0226,49.83627],[24.02264,49.8361],[24.02185,49.8356],[24.02036,49.83463],[24.02002,49.83458],[24.01872,49.83472],[24.01707,49.8347],[24.01707,49.83465],[24.01711,49.83426],[24.01715,49.83423],[24.01882,49.83327],[24.01855,49.8327],[24.01843,49.83261],[24.01809,49.8324],[24.01653,49.8315],[24.01571,49.83105],[24.01498,49.83062],[24.01438,49.83008],[24.01369,49.82956],[24.01281,49.82894],[24.01267,49.82882],[24.01227,49.82828],[24.01204,49.82806],[24.01157,49.82768],[24.01043,49.82684],[24.00977,49.82633],[24.00938,49.82603],[24.00873,49.82552],[24.00816,49.82492],[24.00785,49.82456],[24.00674,49.82298],[24.00528,49.82086],[24.00452,49.8197],[24.00289,49.81731],[24.00145,49.81512],[24.00129,49.81485],[24.00018,49.81267],[23.99996,49.81201],[23.99968,49.81104],[23.99962,49.81092],[23.99946,49.8107],[23.99924,49.81063],[23.99881,49.81055],[23.99867,49.81054],[23.99659,49.81074],[23.99012,49.8114],[23.98516,49.81191],[23.9848,49.81184],[23.98437,49.81173],[23.98418,49.81166],[23.98397,49.81164],[23.98376,49.81167],[23.98355,49.81176],[23.98347,49.81183],[23.98342,49.81191],[23.98317,49.81203],[23.98263,49.81216],[23.98192,49.81224],[23.98093,49.81235],[23.98024,49.81246],[23.9796,49.81259],[23.979,49.81275],[23.97803,49.81304],[23.97748,49.81325],[23.97676,49.81359],[23.97615,49.81391],[23.97332,49.81573],[23.97295,49.81599],[23.9728,49.81613],[23.97226,49.81668],[23.96982,49.8196],[23.96787,49.82194],[23.9677,49.82215],[23.96742,49.82262],[23.96656,49.82263],[23.96516,49.82272],[23.9605,49.82314],[23.9575,49.82342],[23.9563,49.82356],[23.95596,49.82426],[23.95489,49.82671],[23.95462,49.82732],[23.95458,49.82753],[23.95456,49.82818],[23.95443,49.82815],[23.94962,49.82729],[23.94928,49.82727],[23.94823,49.82706],[23.94783,49.82699],[23.9469,49.82681],[23.94656,49.82671],[23.94644,49.82667],[23.94488,49.8264],[23.93488,49.82452],[23.93432,49.82446],[23.93388,49.82439],[23.93142,49.82391],[23.92892,49.82344],[23.92419,49.82257],[23.91819,49.82148],[23.91667,49.82123],[23.91398,49.8208],[23.91371,49.82077],[23.91349,49.82076],[23.91315,49.8208],[23.91309,49.82081],[23.91276,49.82101],[23.91265,49.82113],[23.91251,49.82124],[23.91054,49.824],[23.91021,49.82443],[23.90682,49.82884],[23.90561,49.83042],[23.90591,49.83054],[23.90602,49.83055],[23.90638,49.83067]]},"properties":{"line":"А21","dir":"1","mode":"bus"}},{"type":"Feature","geometry":{"type":"LineString","coordinates":[[24.02499,49.8464],[24.02553,49.84639],[24.02561,49.84683],[24.02581,49.84841],[24.02579,49.84862],[24.02567,49.84889],[24.02524,49.84965],[24.02494,49.8501],[24.02464,49.85047],[24.02455,49.85061],[24.02432,49.85118],[24.02322,49.85376],[24.0229,49.8544],[24.02192,49.85632],[24.02198,49.8566],[24.02202,49.8567],[24.02201,49.85677],[24.02198,49.85684],[24.02191,49.8569],[24.02175,49.85696],[24.02146,49.85718],[24.02117,49.85771],[24.02006,49.85985],[24.01855,49.86264],[24.01686,49.86586],[24.01674,49.86607],[24.01658,49.8665],[24.01654,49.86689],[24.01657,49.86746],[24.0168,49.86782],[24.01707,49.8682],[24.01768,49.86863],[24.01784,49.86877],[24.01804,49.86901],[24.01823,49.86932],[24.01838,49.86979],[24.01845,49.87014],[24.01853,49.87034],[24.01882,49.8707],[24.01882,49.87081],[24.01885,49.87093],[24.01883,49.87102],[24.01872,49.87112],[24.01846,49.87123],[24.01802,49.87143],[24.0178,49.87159],[24.01652,49.87297],[24.0163,49.87317],[24.01617,49.87325],[24.01591,49.87337],[24.01449,49.87364],[24.01349,49.87393],[24.0135,49.87394],[24.01349,49.87393],[24.01246,49.87433],[24.01215,49.87447],[24.01133,49.87499],[24.0111,49.87511],[24.00798,49.87608],[24.00564,49.87679],[24.00499,49.87701],[24.00474,49.8771],[24.00452,49.87722],[24.00414,49.87744],[24.00396,49.87757],[24.00292,49.87827],[24.0022,49.87888],[24.00191,49.87917],[24.00166,49.87949],[24.00137,49.8799],[24.00053,49.88117],[24.0004,49.88134],[23.99993,49.88184],[23.99971,49.88201],[23.99904,49.88248],[23.99866,49.8827],[23.99827,49.88291],[23.99619,49.88387],[23.99439,49.8846],[23.99199,49.88553],[23.98895,49.88666],[23.98821,49.88689],[23.9841,49.88798],[23.98294,49.88841],[23.98232,49.88869],[23.98204,49.88885],[23.9818,49.88903],[23.98106,49.8897],[23.98014,49.89062],[23.97964,49.89102],[23.97908,49.89141],[23.97857,49.89173],[23.9776,49.89228],[23.9771,49.89251],[23.97014,49.89516],[23.96622,49.89647],[23.96601,49.89656],[23.96579,49.8967],[23.96544,49.89686],[23.96513,49.897],[23.96412,49.89739],[23.9634,49.89772],[23.96305,49.89793],[23.96272,49.89817],[23.96243,49.89842],[23.9615,49.89929],[23.96135,49.89943],[23.95726,49.89762],[23.95569,49.89694],[23.95555,49.89681],[23.95549,49.89666],[23.9554,49.89626],[23.95531,49.89551],[23.95518,49.89482],[23.95514,49.89473],[23.95508,49.89467],[23.95501,49.89463],[23.95487,49.89461],[23.95435,49.89461],[23.95011,49.8947],[23.94669,49.89482],[23.94624,49.89484],[23.94525,49.89571],[23.94488,49.89607],[23.94472,49.89625],[23.94448,49.89661],[23.94335,49.89876],[23.94245,49.90061],[23.94221,49.90106],[23.94206,49.90129],[23.94142,49.90211],[23.94137,49.90224],[23.94129,49.90265],[23.94118,49.90278],[23.93972,49.9039],[23.94014,49.90404],[23.9404,49.90415],[23.94102,49.90441],[23.94364,49.90542],[23.94768,49.90696],[23.94791,49.90702],[23.94804,49.90704],[23.94881,49.90705],[23.94894,49.90704],[23.95195,49.90666],[23.95428,49.90642],[23.95524,49.90621],[23.95741,49.90566],[23.95885,49.9053],[23.95905,49.90524],[23.95937,49.90512],[23.95964,49.90496],[23.95984,49.90481],[23.95991,49.90473],[23.9601,49.9044],[23.96012,49.90435],[23.96018,49.90432],[23.96031,49.90431],[23.96042,49.90435],[23.96093,49.9052],[23.96134,49.90567],[23.96262,49.90682],[23.96338,49.90736],[23.96389,49.90776],[23.96431,49.90818],[23.96443,49.90841],[23.96475,49.90937],[23.96492,49.9098],[23.96495,49.91226],[23.96539,49.91385],[23.96543,49.91406],[23.96551,49.91448],[23.9655,49.91477],[23.96574,49.91508],[23.96593,49.91529],[23.96603,49.91554],[23.96615,49.91576],[23.96645,49.91609],[23.96663,49.91623],[23.96826,49.91733],[23.96914,49.91779],[23.96964,49.91797],[23.97061,49.91844],[23.97115,49.91866],[23.97151,49.91878],[23.9729,49.91912],[23.97345,49.91922],[23.97433,49.91926],[23.97518,49.91937],[23.97734,49.91977],[23.97774,49.9199],[23.97882,49.92034],[23.97958,49.92072],[23.97982,49.92084],[23.98048,49.92125],[23.98085,49.92155],[23.98096,49.9216],[23.9812,49.92169],[23.98188,49.92188],[23.98244,49.92207],[23.98188,49.92188],[23.9812,49.92169],[23.98096,49.9216],[23.98085,49.92155],[23.98048,49.92125],[23.97982,49.92084],[23.97963,49.92074],[23.97982,49.92084],[23.98048,49.92125],[23.98085,49.92155],[23.98096,49.9216],[23.9812,49.92169],[23.98188,49.92188],[23.98248,49.92209]]},"properties":{"line":"А22","dir":"0","mode":"bus"}},{"type":"Feature","geometry":{"type":"LineString","coordinates":[[23.98187,49.92188],[23.9812,49.92169],[23.98096,49.9216],[23.98085,49.92155],[23.98048,49.92125],[23.97982,49.92084],[23.97882,49.92034],[23.97774,49.9199],[23.97734,49.91977],[23.97518,49.91937],[23.97433,49.91926],[23.97345,49.91922],[23.9729,49.91912],[23.97151,49.91878],[23.97115,49.91866],[23.97061,49.91844],[23.96964,49.91797],[23.96914,49.91779],[23.9685,49.91746],[23.9683,49.91735],[23.96663,49.91623],[23.96645,49.91609],[23.96615,49.91576],[23.96603,49.91554],[23.96593,49.91529],[23.96574,49.91508],[23.9655,49.91477],[23.96551,49.91448],[23.96542,49.914],[23.96495,49.91226],[23.96492,49.9098],[23.96475,49.90937],[23.96443,49.90841],[23.96431,49.90818],[23.96389,49.90776],[23.96338,49.90736],[23.96262,49.90682],[23.96134,49.90567],[23.96093,49.9052],[23.96042,49.90435],[23.96031,49.90431],[23.96018,49.90432],[23.96012,49.90435],[23.96003,49.90451],[23.95991,49.90473],[23.95984,49.90481],[23.95964,49.90496],[23.95937,49.90512],[23.95905,49.90524],[23.95885,49.9053],[23.95717,49.90572],[23.95524,49.90621],[23.95428,49.90642],[23.95195,49.90666],[23.94894,49.90704],[23.94881,49.90705],[23.94804,49.90704],[23.94791,49.90702],[23.94764,49.90694],[23.94364,49.90542],[23.94102,49.90441],[23.94014,49.90404],[23.93972,49.9039],[23.94008,49.90362],[23.94118,49.90278],[23.9413,49.90262],[23.94137,49.90224],[23.94142,49.90211],[23.94166,49.9018],[23.94206,49.90129],[23.94245,49.90061],[23.94335,49.89876],[23.94448,49.89661],[23.94472,49.89625],[23.94488,49.89607],[23.94525,49.89571],[23.94624,49.89484],[23.94656,49.89483],[23.94663,49.89483],[23.95011,49.8947],[23.95436,49.89461],[23.95487,49.89461],[23.95501,49.89463],[23.95508,49.89467],[23.95514,49.89473],[23.95518,49.89482],[23.95531,49.89551],[23.9554,49.89626],[23.95549,49.89666],[23.95555,49.89681],[23.95569,49.89694],[23.95847,49.89815],[23.96135,49.89943],[23.96157,49.89922],[23.96243,49.89842],[23.96272,49.89817],[23.96305,49.89793],[23.9634,49.89772],[23.96412,49.89739],[23.96445,49.89726],[23.96513,49.897],[23.96579,49.8967],[23.96601,49.89656],[23.96622,49.89647],[23.97014,49.89516],[23.9771,49.89251],[23.9776,49.89228],[23.97857,49.89173],[23.97908,49.89141],[23.97964,49.89102],[23.98014,49.89062],[23.98106,49.8897],[23.9818,49.88903],[23.98204,49.88885],[23.98232,49.88869],[23.98294,49.88841],[23.9841,49.88798],[23.98821,49.88689],[23.98895,49.88666],[23.99199,49.88553],[23.99439,49.8846],[23.99619,49.88387],[23.99827,49.88291],[23.99866,49.8827],[23.99904,49.88248],[23.99971,49.88201],[23.99993,49.88184],[24.0004,49.88134],[24.00166,49.87949],[24.00191,49.87917],[24.0022,49.87888],[24.00292,49.87827],[24.00407,49.87749],[24.00474,49.8771],[24.00499,49.87701],[24.00564,49.87679],[24.00798,49.87608],[24.0111,49.87511],[24.01133,49.87499],[24.01215,49.87447],[24.01246,49.87433],[24.01349,49.87393],[24.01372,49.87386],[24.01449,49.87364],[24.01591,49.87337],[24.01617,49.87325],[24.0163,49.87317],[24.01652,49.87297],[24.0178,49.87159],[24.01802,49.87143],[24.01815,49.87136],[24.01872,49.87112],[24.01883,49.87102],[24.01885,49.87093],[24.01882,49.87081],[24.01882,49.8707],[24.01853,49.87034],[24.01845,49.87014],[24.0184,49.86983],[24.01831,49.86953],[24.01823,49.86932],[24.01804,49.86901],[24.01784,49.86877],[24.01768,49.86863],[24.01707,49.8682],[24.01608,49.86756],[24.01601,49.86734],[24.01608,49.86756],[24.0162,49.86763],[24.01735,49.86838],[24.01768,49.86863],[24.01784,49.86877],[24.01804,49.86901],[24.01819,49.86926],[24.01804,49.86901],[24.01784,49.86877],[24.01768,49.86863],[24.01707,49.8682],[24.0168,49.86782],[24.01657,49.86746],[24.01654,49.86689],[24.01655,49.86667],[24.01648,49.86662],[24.01639,49.8666],[24.01629,49.8666],[24.01617,49.86661],[24.01629,49.8664],[24.01883,49.86164],[24.01972,49.85998],[24.02093,49.85769],[24.02124,49.85711],[24.02126,49.85702],[24.02124,49.85682],[24.02122,49.85668],[24.02125,49.85661],[24.02131,49.85655],[24.02147,49.85648],[24.02165,49.85636],[24.02175,49.85628],[24.02191,49.85596],[24.02279,49.85428],[24.02309,49.85368],[24.02446,49.85047],[24.02448,49.85032],[24.02446,49.84988],[24.02436,49.84892],[24.02431,49.84892]]},"properties":{"line":"А22","dir":"1","mode":"bus"}},{"type":"Feature","geometry":{"type":"LineString","coordinates":[[23.96552,49.84756],[23.96557,49.8474],[23.96587,49.84729],[23.96667,49.84453],[23.96742,49.84204],[23.96757,49.84178],[23.9688,49.84185],[23.97259,49.84207],[23.97349,49.84216],[23.97433,49.8423],[23.97613,49.84238],[23.97655,49.84242],[23.97701,49.84251],[23.97773,49.8427],[23.97797,49.84275],[23.97822,49.84278],[23.97858,49.84276],[23.97934,49.84262],[23.97922,49.84251],[23.97899,49.84205],[23.97883,49.84173],[23.97792,49.84018],[23.97721,49.83891],[23.97711,49.83867],[23.97706,49.83845],[23.97685,49.83666],[23.97678,49.83617],[23.97686,49.83546],[23.97771,49.83378],[23.97787,49.83346],[23.97793,49.83326],[23.97789,49.83283],[23.97784,49.8327],[23.97776,49.83259],[23.97764,49.83245],[23.97728,49.83225],[23.96822,49.83065],[23.96817,49.83006],[23.96775,49.82584],[23.96742,49.82262],[23.9677,49.82215],[23.96787,49.82194],[23.96946,49.82004],[23.97164,49.81742],[23.97234,49.81658],[23.97295,49.81599],[23.97332,49.81573],[23.97544,49.81436],[23.97615,49.81391],[23.9767,49.81362],[23.97747,49.81327],[23.97803,49.81304],[23.979,49.81275],[23.9796,49.81259],[23.98024,49.81246],[23.98093,49.81235],[23.98133,49.81231],[23.98162,49.81225],[23.98222,49.81218],[23.98221,49.81212],[23.98222,49.81218],[23.98266,49.81213],[23.98317,49.81203],[23.98342,49.81191],[23.98347,49.81183],[23.98355,49.81176],[23.98361,49.81166],[23.98362,49.81153],[23.98357,49.81125],[23.98304,49.81031],[23.98274,49.80973],[23.98242,49.80909],[23.9822,49.80912],[23.98231,49.80948],[23.9822,49.80912],[23.98242,49.80909],[23.9818,49.80751],[23.98152,49.80625],[23.98159,49.80606],[23.98174,49.80585],[23.9818,49.80579],[23.98186,49.80566],[23.98182,49.80552],[23.98177,49.80546],[23.98219,49.80548],[23.98256,49.80543],[23.98219,49.80548],[23.98177,49.80546],[23.98182,49.80552],[23.98186,49.80566],[23.98184,49.80573],[23.98159,49.80606],[23.98152,49.80625],[23.9818,49.80751],[23.98242,49.80909],[23.98304,49.81031],[23.98357,49.81125],[23.98362,49.81153],[23.98361,49.81166],[23.98355,49.81176],[23.98347,49.81183],[23.98342,49.81191],[23.98317,49.81203],[23.98266,49.81213],[23.98207,49.8122],[23.98266,49.81213],[23.98318,49.81218],[23.98341,49.81224],[23.98356,49.8123],[23.98367,49.81236],[23.98379,49.81239],[23.98393,49.81241],[23.98406,49.81241],[23.9842,49.81239],[23.98437,49.81232],[23.98446,49.81225],[23.9845,49.81222],[23.98457,49.8121],[23.98458,49.81197],[23.98451,49.81184],[23.98437,49.81173],[23.98388,49.81153],[23.98357,49.81125],[23.98304,49.81031],[23.98258,49.8094],[23.98242,49.80909],[23.9818,49.80751],[23.98152,49.80625],[23.98138,49.80608],[23.98121,49.80593],[23.98103,49.80586],[23.98096,49.80579],[23.98092,49.80572],[23.9809,49.80564],[23.98095,49.80551],[23.98103,49.80543],[23.98115,49.80537],[23.98129,49.80534],[23.98144,49.80533],[23.98158,49.80536],[23.9817,49.80541],[23.98177,49.80546],[23.98219,49.80548],[23.98255,49.80544],[23.98306,49.80537],[23.98654,49.80501],[23.98652,49.80493],[23.98769,49.80481],[23.98991,49.80456],[23.99317,49.80422],[23.99154,49.80439],[23.99371,49.80416],[23.99375,49.8043],[23.99652,49.80401],[24.00099,49.80355],[24.00687,49.80296],[24.01352,49.80228],[24.01483,49.80216],[24.01558,49.80215],[24.01714,49.80201],[24.01902,49.8018],[24.0222,49.80143],[24.0251,49.80098],[24.03124,49.80024],[24.03131,49.80024],[24.03328,49.80002],[24.03371,49.79998],[24.03459,49.79992],[24.03546,49.79991],[24.03631,49.79992],[24.03758,49.80001],[24.03826,49.80009],[24.03887,49.80017],[24.03945,49.80027],[24.04066,49.80053],[24.04249,49.80096],[24.04298,49.80097],[24.04327,49.80094],[24.04375,49.80084],[24.044,49.80075],[24.04569,49.7999],[24.04589,49.79983],[24.04692,49.79956],[24.04724,49.79947],[24.04774,49.79927],[24.04796,49.79911],[24.04805,49.79904],[24.04882,49.79867],[24.04948,49.7983],[24.05162,49.79719],[24.05319,49.79637],[24.05498,49.79542],[24.05633,49.79463],[24.05713,49.79409],[24.05755,49.79371],[24.05785,49.79333],[24.05807,49.79294],[24.05825,49.79244],[24.05842,49.79238],[24.05854,49.79237],[24.05864,49.79238],[24.05883,49.79245],[24.05896,49.79253],[24.05881,49.79299],[24.05848,49.79364],[24.05857,49.79374],[24.05871,49.79385],[24.06,49.79388],[24.06067,49.79391],[24.06113,49.79398],[24.06167,49.79408],[24.06515,49.79475],[24.06733,49.79515],[24.06935,49.7955],[24.07078,49.79579],[24.07195,49.79601],[24.0721,49.79607],[24.07226,49.79617],[24.07232,49.79627],[24.07234,49.79638],[24.07233,49.79649],[24.07188,49.79716],[24.07155,49.79766],[24.07082,49.79866],[24.06856,49.79973],[24.06777,49.80016],[24.06715,49.80062],[24.06568,49.80185],[24.06525,49.80224],[24.06491,49.80258],[24.06351,49.80428],[24.06252,49.80541],[24.0622,49.80591],[24.0622,49.80592],[24.06217,49.80613],[24.06227,49.8064],[24.06238,49.80648],[24.0624,49.80652],[24.06245,49.80658],[24.06245,49.8067],[24.06241,49.8068],[24.06233,49.80688],[24.0622,49.80696],[24.06181,49.80728],[24.06159,49.80752],[24.06156,49.80763],[24.06121,49.80914],[24.06109,49.81042],[24.06103,49.8114],[24.06097,49.81176],[24.0607,49.81268],[24.06055,49.81301],[24.06021,49.81361],[24.06008,49.81386],[24.06002,49.8142],[24.06002,49.81442],[24.06005,49.81465],[24.06015,49.81486],[24.06031,49.81505],[24.06045,49.81518],[24.0614,49.81584],[24.06157,49.81603],[24.06163,49.81611],[24.06162,49.8161],[24.06173,49.81612],[24.06181,49.8161],[24.06191,49.81603],[24.06211,49.81596],[24.063,49.81598],[24.06446,49.816],[24.06785,49.81619],[24.06827,49.81618],[24.06931,49.81603],[24.06989,49.81593],[24.07047,49.81579],[24.07229,49.81532],[24.07536,49.81451],[24.07618,49.81428],[24.07676,49.81414],[24.07717,49.81406],[24.07786,49.81397],[24.07818,49.81396],[24.07837,49.81398],[24.07718,49.81702],[24.07507,49.82255],[24.07498,49.82281],[24.07495,49.823],[24.07512,49.82378],[24.07513,49.82392],[24.07508,49.82434],[24.07505,49.82446],[24.07493,49.82472],[24.07471,49.82507],[24.07422,49.82552],[24.07392,49.82572],[24.07375,49.82581],[24.0729,49.82622],[24.07252,49.82643],[24.07222,49.82666],[24.07123,49.82779],[24.06907,49.83031],[24.06881,49.83053],[24.06844,49.83074],[24.06707,49.83145],[24.06689,49.83162],[24.06683,49.83175],[24.06682,49.83184],[24.0669,49.83213],[24.06698,49.83226],[24.06735,49.83256],[24.0675,49.83271],[24.06761,49.83289],[24.06831,49.83564],[24.06849,49.83586],[24.06864,49.83595],[24.06878,49.836],[24.07153,49.8359],[24.07398,49.83579],[24.07399,49.83643],[24.07386,49.83693],[24.07523,49.83718],[24.07648,49.83764],[24.07698,49.83784],[24.07712,49.83786],[24.07916,49.83797],[24.07934,49.83801],[24.07951,49.83806],[24.07997,49.83823],[24.08149,49.83887],[24.08274,49.83939],[24.08314,49.83957],[24.08384,49.83993],[24.08423,49.84006],[24.0853,49.84034],[24.0857,49.84028],[24.08615,49.84025],[24.08933,49.84016],[24.09017,49.84023],[24.09103,49.84035],[24.09219,49.84066],[24.09275,49.84078],[24.09376,49.84096],[24.09522,49.84121],[24.09658,49.84135],[24.09797,49.8415],[24.099,49.84165],[24.10093,49.84198]]},"properties":{"line":"А23","dir":"0","mode":"bus"}},{"type":"Feature","geometry":{"type":"LineString","coordinates":[[24.10355,49.84229],[24.10139,49.84205],[24.10095,49.84198],[24.099,49.84165],[24.09797,49.8415],[24.09673,49.84137],[24.09522,49.84121],[24.09376,49.84096],[24.09275,49.84078],[24.09219,49.84066],[24.09103,49.84035],[24.09017,49.84023],[24.08933,49.84016],[24.08615,49.84025],[24.0857,49.84028],[24.0853,49.84034],[24.08437,49.8401],[24.08394,49.83997],[24.08384,49.83993],[24.08314,49.83957],[24.08274,49.83939],[24.0798,49.83817],[24.07951,49.83806],[24.07916,49.83797],[24.07712,49.83786],[24.07698,49.83784],[24.07648,49.83764],[24.07523,49.83718],[24.07398,49.83695],[24.07097,49.83645],[24.07059,49.83636],[24.07044,49.83626],[24.07036,49.83613],[24.0703,49.83594],[24.06878,49.836],[24.06864,49.83595],[24.06849,49.83586],[24.06831,49.83564],[24.06794,49.83416],[24.06761,49.83289],[24.0675,49.83271],[24.06735,49.83256],[24.06698,49.83226],[24.0669,49.83213],[24.06682,49.83184],[24.06683,49.83175],[24.06689,49.83162],[24.06707,49.83145],[24.06872,49.83059],[24.06891,49.83046],[24.06907,49.83031],[24.06962,49.82966],[24.07148,49.82749],[24.07222,49.82666],[24.07252,49.82643],[24.07276,49.82629],[24.07327,49.82604],[24.07392,49.82572],[24.07422,49.82552],[24.07471,49.82507],[24.07493,49.82472],[24.07505,49.82446],[24.07508,49.82434],[24.07513,49.82392],[24.07512,49.82378],[24.07495,49.823],[24.07501,49.82271],[24.07518,49.82226],[24.07582,49.82061],[24.0768,49.81798],[24.07792,49.81513],[24.07837,49.81398],[24.07801,49.81396],[24.07762,49.81399],[24.07676,49.81414],[24.07618,49.81428],[24.07229,49.81532],[24.07048,49.81579],[24.06989,49.81593],[24.06931,49.81603],[24.06827,49.81618],[24.06785,49.81619],[24.06446,49.816],[24.06286,49.81598],[24.06211,49.81596],[24.06187,49.81605],[24.06181,49.8161],[24.06173,49.81612],[24.06165,49.81611],[24.06173,49.81612],[24.06181,49.8161],[24.06191,49.81603],[24.06211,49.81596],[24.06446,49.816],[24.06758,49.81618],[24.06785,49.81619],[24.06827,49.81618],[24.06931,49.81603],[24.06989,49.81593],[24.07229,49.81532],[24.0759,49.81436],[24.07229,49.81532],[24.07048,49.81579],[24.06989,49.81593],[24.06928,49.81604],[24.06827,49.81618],[24.06785,49.81619],[24.06446,49.816],[24.06274,49.81598],[24.06211,49.81596],[24.06178,49.81593],[24.06168,49.81593],[24.0614,49.81584],[24.06045,49.81518],[24.06031,49.81505],[24.06015,49.81486],[24.06005,49.81465],[24.06002,49.81442],[24.06003,49.81412],[24.06011,49.8138],[24.06055,49.81301],[24.0607,49.81268],[24.06099,49.81163],[24.06103,49.81141],[24.06109,49.81042],[24.06121,49.80914],[24.06159,49.80752],[24.06181,49.80728],[24.0622,49.80696],[24.06233,49.80688],[24.06242,49.80677],[24.06233,49.80688],[24.0622,49.80696],[24.06181,49.80728],[24.06159,49.80752],[24.06121,49.80914],[24.06109,49.81042],[24.06103,49.81141],[24.06099,49.81163],[24.0607,49.81268],[24.06055,49.81301],[24.06013,49.81376],[24.06055,49.81301],[24.0607,49.81268],[24.0609,49.812],[24.06097,49.81176],[24.06102,49.81143],[24.06115,49.80965],[24.06121,49.80914],[24.06158,49.80755],[24.06159,49.80752],[24.06161,49.80726],[24.06158,49.80695],[24.06156,49.8069],[24.06147,49.80682],[24.06142,49.80673],[24.06142,49.80665],[24.06146,49.80653],[24.06153,49.80645],[24.06163,49.80639],[24.0622,49.80592],[24.06252,49.80541],[24.06287,49.805],[24.06333,49.8045],[24.06392,49.8038],[24.06491,49.80258],[24.0655,49.80201],[24.06602,49.80157],[24.06715,49.80062],[24.06777,49.80016],[24.06856,49.79973],[24.07082,49.79866],[24.07155,49.79766],[24.07194,49.79707],[24.07233,49.79649],[24.07234,49.79638],[24.07232,49.79627],[24.07226,49.79617],[24.0721,49.79607],[24.07195,49.79601],[24.07078,49.79579],[24.06935,49.7955],[24.06733,49.79515],[24.06478,49.79469],[24.06319,49.79438],[24.06137,49.79402],[24.06067,49.79391],[24.06,49.79388],[24.05871,49.79385],[24.05844,49.79395],[24.05816,49.7941],[24.05792,49.7943],[24.05747,49.79462],[24.05705,49.79487],[24.05673,49.79503],[24.0556,49.79547],[24.05477,49.79588],[24.05365,49.79646],[24.05239,49.79713],[24.05107,49.79779],[24.04923,49.79876],[24.04868,49.79907],[24.04813,49.79939],[24.04789,49.79961],[24.0475,49.8],[24.04721,49.80034],[24.04693,49.80083],[24.04679,49.80117],[24.04667,49.80167],[24.04652,49.80256],[24.04644,49.80329],[24.04644,49.8036],[24.04647,49.80415],[24.04677,49.8044],[24.04709,49.80579],[24.04711,49.80599],[24.04703,49.80612],[24.04692,49.80618],[24.04612,49.80633],[24.04596,49.80632],[24.04587,49.80627],[24.04582,49.8062],[24.04569,49.80565],[24.04551,49.80488],[24.04541,49.80436],[24.0454,49.80417],[24.04544,49.80408],[24.04552,49.80399],[24.04591,49.80378],[24.04575,49.80323],[24.04561,49.80296],[24.04537,49.80266],[24.04503,49.80231],[24.04482,49.80214],[24.04442,49.80188],[24.0443,49.80162],[24.04181,49.801],[24.04091,49.80078],[24.04013,49.80062],[24.03878,49.80036],[24.03775,49.80023],[24.03637,49.80012],[24.03571,49.80012],[24.03461,49.80013],[24.03369,49.80019],[24.03269,49.80028],[24.0301,49.80059],[24.02404,49.80128],[24.0222,49.80143],[24.01831,49.80188],[24.01558,49.80215],[24.01481,49.80231],[24.00544,49.80327],[23.99956,49.80388],[24.00462,49.80335],[24.01285,49.80251],[24.01477,49.80232],[24.01558,49.80215],[24.01724,49.802],[24.01558,49.80215],[24.01477,49.80232],[24.01409,49.80238],[24.00485,49.80333],[24.00004,49.80384],[23.99907,49.80393],[23.99906,49.80393],[23.99907,49.80393],[23.99798,49.80405],[23.99519,49.80432],[23.99172,49.80467],[23.98724,49.80512],[23.98658,49.80519],[23.98661,49.80532],[23.98557,49.80544],[23.98521,49.80547],[23.98486,49.80546],[23.98477,49.80537],[23.98223,49.80565],[23.98208,49.80568],[23.9818,49.80579],[23.98174,49.80585],[23.98159,49.80606],[23.98152,49.80625],[23.9818,49.80751],[23.98242,49.80909],[23.98255,49.80935],[23.98304,49.81031],[23.98357,49.81125],[23.98362,49.81153],[23.98361,49.81166],[23.98355,49.81176],[23.98347,49.81183],[23.98342,49.81191],[23.98317,49.81203],[23.98266,49.81213],[23.98192,49.81221],[23.98162,49.81225],[23.98133,49.81231],[23.98093,49.81235],[23.98024,49.81246],[23.9796,49.81259],[23.979,49.81275],[23.97803,49.81304],[23.97747,49.81327],[23.97676,49.81359],[23.97615,49.81391],[23.97332,49.81573],[23.97295,49.81599],[23.9728,49.81613],[23.97226,49.81668],[23.96982,49.8196],[23.96787,49.82194],[23.9677,49.82215],[23.96742,49.82262],[23.96749,49.82341],[23.96779,49.8263],[23.96822,49.83065],[23.96943,49.83086],[23.97728,49.83225],[23.97764,49.83245],[23.97776,49.83259],[23.97784,49.8327],[23.97789,49.83283],[23.97793,49.83326],[23.97787,49.83346],[23.97771,49.83378],[23.97695,49.83529],[23.97697,49.8359],[23.97697,49.83617],[23.97716,49.83765],[23.97723,49.83827],[23.97729,49.83858],[23.9774,49.83887],[23.97812,49.84023],[23.97903,49.84173],[23.97937,49.84246],[23.97934,49.84262],[23.97861,49.84276],[23.97848,49.84278],[23.97822,49.84278],[23.97797,49.84275],[23.97773,49.8427],[23.97701,49.84251],[23.97655,49.84242],[23.97613,49.84238],[23.97433,49.8423],[23.97151,49.84214],[23.96781,49.84194],[23.96771,49.84208],[23.96762,49.84237],[23.96686,49.84488],[23.96666,49.84562],[23.96596,49.84795]]},"properties":{"line":"А23","dir":"1","mode":"bus"}},{"type":"Feature","geometry":{"type":"LineString","coordinates":[[24.01271,49.77414],[24.01372,49.77417],[24.01386,49.77417],[24.01402,49.77421],[24.01424,49.77422],[24.01417,49.77714],[24.01413,49.77811],[24.01405,49.78149],[24.01406,49.78243],[24.01424,49.78423],[24.01453,49.78594],[24.01495,49.78783],[24.01784,49.78757],[24.01778,49.78748],[24.01774,49.78745],[24.01761,49.7874],[24.01754,49.7874],[24.01668,49.78748],[24.01656,49.78749],[24.01645,49.78758],[24.01644,49.7877],[24.01784,49.78757],[24.0179,49.78782],[24.01666,49.78794],[24.01503,49.7881],[24.01602,49.79262],[24.01648,49.79471],[24.01719,49.798],[24.01804,49.80168],[24.01799,49.80192],[24.01724,49.80199],[24.01483,49.80223],[24.01473,49.80232],[24.01409,49.80238],[24.00485,49.80333],[23.99956,49.80388],[23.99907,49.80393],[23.99798,49.80405],[23.99519,49.80432],[23.99172,49.80467],[23.98724,49.80512],[23.98658,49.80519],[23.98661,49.80532],[23.98557,49.80543],[23.98521,49.80547],[23.98505,49.80545],[23.9848,49.80547],[23.98477,49.80537],[23.98223,49.80565],[23.98208,49.80568],[23.9818,49.80579],[23.98174,49.80585],[23.98159,49.80606],[23.98152,49.80625],[23.9818,49.80751],[23.98197,49.80805],[23.98218,49.80862],[23.9825,49.80936],[23.98269,49.80975],[23.98353,49.81129],[23.98388,49.81153],[23.98418,49.81166],[23.98437,49.81173],[23.98451,49.81184],[23.98458,49.81197],[23.98457,49.8121],[23.9845,49.81222],[23.98437,49.81232],[23.9843,49.81235],[23.9842,49.81239],[23.98406,49.81241],[23.98393,49.81241],[23.98379,49.81239],[23.98367,49.81236],[23.98341,49.81224],[23.98318,49.81218],[23.98301,49.81217],[23.98263,49.81216],[23.98192,49.81224],[23.98093,49.81235],[23.98024,49.81246],[23.9796,49.81259],[23.979,49.81275],[23.97803,49.81304],[23.97748,49.81325],[23.97676,49.81359],[23.97615,49.81391],[23.97332,49.81573],[23.97295,49.81599],[23.9728,49.81613],[23.97226,49.81668],[23.96982,49.8196],[23.96891,49.82069],[23.96967,49.82095],[23.97137,49.82153],[23.97321,49.82224],[23.97407,49.82259],[23.97443,49.82276],[23.97751,49.82423],[23.97898,49.82503],[23.97998,49.82558],[23.98094,49.82609],[23.98212,49.82668],[23.98235,49.82676],[23.98272,49.82694],[23.98284,49.82697],[23.98292,49.82697],[23.98359,49.82669],[23.98417,49.82645],[23.9854,49.82609],[23.98887,49.82514],[23.98915,49.82515],[23.98978,49.82539],[23.98986,49.82595],[23.99018,49.82883],[23.99073,49.83124],[23.99078,49.83168],[23.99078,49.83395],[23.99084,49.83418],[23.99089,49.83442],[23.99086,49.83449],[23.99075,49.83465],[23.9938,49.83519],[23.99423,49.83525],[23.99506,49.8354],[23.99915,49.83615],[24.00205,49.83666],[24.00253,49.83674],[24.00273,49.83679],[24.00386,49.83713],[24.00488,49.83745],[24.00625,49.83792],[24.00695,49.83817],[24.00822,49.83869],[24.0122,49.84024],[24.01552,49.84155],[24.01657,49.84197],[24.01766,49.84241],[24.01821,49.84261],[24.01838,49.84266],[24.02058,49.84293],[24.02101,49.84298],[24.02218,49.84313],[24.02264,49.8432],[24.02276,49.84325],[24.02296,49.84328],[24.02467,49.84422],[24.02503,49.84433],[24.02541,49.84439],[24.0267,49.84467],[24.02675,49.84468],[24.02683,49.84477],[24.02686,49.845],[24.02675,49.84515],[24.02655,49.8453],[24.02622,49.84543],[24.02571,49.84556],[24.02546,49.84568],[24.02542,49.84573],[24.02541,49.84579],[24.02561,49.84683],[24.02581,49.84841],[24.02579,49.84862],[24.02567,49.84889],[24.02524,49.84965],[24.02494,49.8501],[24.02464,49.85047],[24.02455,49.85061],[24.02432,49.85118],[24.02322,49.85376],[24.0229,49.8544],[24.02192,49.85632],[24.02198,49.8566],[24.0221,49.8568],[24.02226,49.85699],[24.02241,49.85712],[24.02321,49.85752],[24.02365,49.85779],[24.02682,49.86011],[24.02739,49.86059],[24.02868,49.8618],[24.02897,49.86202],[24.02936,49.86224],[24.02977,49.86241],[24.0319,49.86313],[24.03362,49.86372],[24.03446,49.864],[24.03483,49.8641],[24.03527,49.86419],[24.03865,49.86465],[24.04242,49.86506],[24.04458,49.86529],[24.04593,49.86538],[24.04676,49.86538],[24.04752,49.86535],[24.05168,49.86503],[24.05204,49.865],[24.05236,49.86493],[24.05267,49.86481],[24.05271,49.86478],[24.05275,49.8646],[24.05272,49.86441],[24.05245,49.8641],[24.05198,49.86353],[24.05055,49.86188],[24.04732,49.85808],[24.0457,49.85613],[24.04503,49.85535],[24.04407,49.85425],[24.04399,49.85419],[24.04379,49.85412],[24.04355,49.85407],[24.04327,49.85394],[24.04112,49.85371],[24.04131,49.85333],[24.04184,49.85232],[24.04227,49.85181],[24.04249,49.85165],[24.04362,49.85105],[24.04377,49.85092],[24.0438,49.85084],[24.04468,49.85088],[24.04537,49.85094],[24.04616,49.85097],[24.04644,49.85096],[24.04687,49.8509],[24.05007,49.85087]]},"properties":{"line":"А25","dir":"0","mode":"bus"}},{"type":"Feature","geometry":{"type":"LineString","coordinates":[[24.05662,49.85046],[24.05642,49.85036],[24.05609,49.85027],[24.05567,49.8502],[24.05494,49.85018],[24.05388,49.85027],[24.05287,49.85033],[24.05239,49.85039],[24.05176,49.85051],[24.05036,49.85085],[24.04946,49.85087],[24.04687,49.8509],[24.04644,49.85096],[24.04616,49.85097],[24.04537,49.85094],[24.04446,49.85087],[24.0438,49.85084],[24.04377,49.85092],[24.04362,49.85105],[24.04249,49.85165],[24.04227,49.85181],[24.04184,49.85232],[24.04112,49.85371],[24.04176,49.85378],[24.04327,49.85394],[24.04345,49.85392],[24.04363,49.85393],[24.04374,49.85397],[24.04382,49.85399],[24.0439,49.85405],[24.04399,49.85419],[24.04407,49.85425],[24.04576,49.8562],[24.04751,49.85831],[24.05094,49.86234],[24.05272,49.86441],[24.05324,49.86466],[24.05343,49.86472],[24.05353,49.86477],[24.0536,49.86484],[24.05364,49.86492],[24.05365,49.865],[24.05361,49.86513],[24.05354,49.8652],[24.05342,49.86527],[24.05324,49.86533],[24.05312,49.86534],[24.053,49.86533],[24.05288,49.8653],[24.05274,49.86523],[24.05237,49.8651],[24.05204,49.865],[24.05067,49.8651],[24.04752,49.86535],[24.04676,49.86538],[24.04593,49.86538],[24.04547,49.86535],[24.04458,49.86529],[24.04364,49.86518],[24.04065,49.86487],[24.03865,49.86465],[24.03527,49.86419],[24.03476,49.86409],[24.03437,49.86397],[24.03264,49.86339],[24.02977,49.86241],[24.02936,49.86224],[24.02897,49.86202],[24.02868,49.8618],[24.0276,49.86077],[24.02706,49.8603],[24.02682,49.86011],[24.02616,49.85963],[24.02365,49.85779],[24.02321,49.85752],[24.02241,49.85712],[24.02216,49.85704],[24.02178,49.85696],[24.02169,49.85697],[24.02157,49.85698],[24.02145,49.85696],[24.02135,49.85691],[24.02124,49.85682],[24.02125,49.85685],[24.02124,49.85682],[24.02122,49.85668],[24.02125,49.85661],[24.02131,49.85655],[24.02147,49.85648],[24.02165,49.85636],[24.02175,49.85628],[24.02191,49.85596],[24.02279,49.85428],[24.02309,49.85368],[24.02446,49.85047],[24.02448,49.85032],[24.02446,49.84988],[24.02446,49.84988],[24.02458,49.84978],[24.02472,49.84975],[24.02486,49.84975],[24.02497,49.84973],[24.02506,49.84968],[24.02522,49.84941],[24.02561,49.84869],[24.02565,49.8485],[24.0256,49.84788],[24.02549,49.84714],[24.02524,49.84573],[24.02523,49.84552],[24.02522,49.84539],[24.02549,49.8445],[24.02531,49.84445],[24.02503,49.84433],[24.02467,49.84422],[24.02412,49.84391],[24.02296,49.84328],[24.02276,49.84325],[24.02262,49.84326],[24.02084,49.84304],[24.01872,49.84281],[24.01826,49.84275],[24.01816,49.84273],[24.01758,49.84276],[24.01579,49.84297],[24.01554,49.84287],[24.01558,49.84203],[24.01559,49.84174],[24.01552,49.84155],[24.0122,49.84024],[24.00822,49.83869],[24.00695,49.83817],[24.00557,49.83769],[24.00511,49.83752],[24.005,49.83762],[24.00477,49.83767],[24.00424,49.8377],[24.00311,49.83757],[24.00252,49.83749],[24.0022,49.83743],[24.00214,49.8374],[24.00194,49.8372],[24.00191,49.83714],[24.00181,49.83705],[24.00172,49.83694],[24.0017,49.83687],[24.00138,49.83675],[24.00026,49.83652],[23.9992,49.83634],[23.99827,49.83617],[23.99471,49.83554],[23.9943,49.83547],[23.99395,49.83546],[23.99229,49.83553],[23.99146,49.83555],[23.99126,49.83554],[23.99098,49.83546],[23.9907,49.83535],[23.99061,49.83528],[23.99057,49.83521],[23.99057,49.83509],[23.99075,49.83465],[23.99086,49.83449],[23.99089,49.83442],[23.99078,49.83395],[23.99077,49.8335],[23.99078,49.83168],[23.99076,49.83139],[23.99039,49.82978],[23.99018,49.82883],[23.98758,49.82927],[23.98716,49.82906],[23.98626,49.82861],[23.98532,49.82818],[23.98359,49.82743],[23.98323,49.82729],[23.98296,49.82717],[23.98212,49.82668],[23.98094,49.82609],[23.97998,49.82558],[23.97764,49.82429],[23.97681,49.82389],[23.97407,49.82259],[23.97258,49.82199],[23.97137,49.82153],[23.96891,49.82069],[23.96946,49.82004],[23.97164,49.81742],[23.97234,49.81658],[23.97295,49.81599],[23.97332,49.81573],[23.97544,49.81436],[23.97615,49.81391],[23.9767,49.81362],[23.97748,49.81325],[23.97803,49.81304],[23.979,49.81275],[23.9796,49.81259],[23.98024,49.81246],[23.98093,49.81235],[23.98223,49.8122],[23.98221,49.81211],[23.98223,49.8122],[23.98263,49.81216],[23.98317,49.81203],[23.98342,49.81191],[23.98347,49.81183],[23.98355,49.81176],[23.98361,49.81166],[23.98362,49.81153],[23.98353,49.81129],[23.98254,49.80945],[23.98218,49.80862],[23.98197,49.80805],[23.9818,49.80751],[23.98152,49.80625],[23.98138,49.80608],[23.98121,49.80593],[23.98103,49.80586],[23.98096,49.80579],[23.98092,49.80572],[23.9809,49.80564],[23.98092,49.80557],[23.98098,49.80548],[23.98103,49.80543],[23.98115,49.80537],[23.98129,49.80534],[23.98144,49.80533],[23.98158,49.80536],[23.9817,49.80541],[23.98177,49.80546],[23.98203,49.80548],[23.98219,49.80548],[23.98256,49.80543],[23.98306,49.80537],[23.98654,49.80501],[23.98652,49.80493],[23.98769,49.80481],[23.98984,49.80457],[23.99317,49.80422],[23.99154,49.80439],[23.99077,49.80447],[23.99371,49.80416],[23.99375,49.8043],[23.99652,49.80401],[24.00099,49.80355],[24.00687,49.80296],[24.01352,49.80228],[24.0147,49.80217],[24.01483,49.80223],[24.01487,49.80223],[24.01799,49.80192],[24.01787,49.80181],[24.01778,49.8017],[24.01768,49.80129],[24.01762,49.80091],[24.0169,49.7977],[24.0161,49.7941],[24.01552,49.79143],[24.01467,49.78757],[24.0142,49.7853],[24.01407,49.78448],[24.01391,49.78312],[24.01384,49.7815],[24.01393,49.77771],[24.01389,49.77767],[24.01393,49.77771],[24.01402,49.77441],[24.01386,49.77425],[24.01258,49.77422]]},"properties":{"line":"А25","dir":"1","mode":"bus"}},{"type":"Feature","geometry":{"type":"LineString","coordinates":[[23.93662,49.82202],[23.93667,49.82194],[23.93676,49.82187],[23.93677,49.82182],[23.93671,49.82173],[23.93665,49.8217],[23.93658,49.82168],[23.93643,49.8217],[23.93637,49.82173],[23.93632,49.82181],[23.9363,49.82188],[23.93804,49.824],[23.93839,49.82438],[23.93885,49.82464],[23.93937,49.82488],[23.9397,49.82503],[23.94072,49.82535],[23.94282,49.82576],[23.94302,49.82578],[23.94324,49.82575],[23.94375,49.82564],[23.94392,49.82566],[23.94406,49.82576],[23.94488,49.8264],[23.94644,49.82667],[23.94694,49.8267],[23.9476,49.82682],[23.94805,49.8269],[23.94916,49.82714],[23.94933,49.82718],[23.94962,49.82729],[23.95351,49.82798],[23.95374,49.82792],[23.95392,49.82784],[23.95402,49.82775],[23.95431,49.82737],[23.95455,49.82684],[23.95579,49.82401],[23.95597,49.82359],[23.9575,49.82342],[23.96145,49.82305],[23.96566,49.82268],[23.96656,49.82263],[23.96742,49.82262],[23.9677,49.82215],[23.96787,49.82194],[23.96946,49.82004],[23.97164,49.81742],[23.97234,49.81658],[23.97295,49.81599],[23.97332,49.81573],[23.97544,49.81436],[23.97615,49.81391],[23.9767,49.81362],[23.97748,49.81325],[23.97803,49.81304],[23.979,49.81275],[23.9796,49.81259],[23.98024,49.81246],[23.98093,49.81235],[23.98223,49.8122],[23.98221,49.81211],[23.98223,49.8122],[23.98263,49.81216],[23.98317,49.81203],[23.98342,49.81191],[23.98347,49.81183],[23.98355,49.81176],[23.98361,49.81166],[23.98362,49.81153],[23.98353,49.81129],[23.98254,49.80945],[23.98218,49.80862],[23.98197,49.80805],[23.9818,49.80751],[23.98152,49.80625],[23.98138,49.80608],[23.98121,49.80593],[23.98103,49.80586],[23.98096,49.80579],[23.98092,49.80572],[23.9809,49.80564],[23.98092,49.80557],[23.98096,49.80549],[23.98094,49.80549],[23.98096,49.80549],[23.98103,49.80543],[23.98115,49.80537],[23.98129,49.80534],[23.98144,49.80533],[23.98158,49.80536],[23.9817,49.80541],[23.98177,49.80546],[23.98203,49.80548],[23.98219,49.80548],[23.98256,49.80543],[23.98306,49.80537],[23.98654,49.80501],[23.98652,49.80493],[23.98769,49.80481],[23.98922,49.80463],[23.98925,49.80474],[23.99375,49.8043],[23.99371,49.80416],[23.99317,49.80422],[23.99371,49.80416],[23.99375,49.8043],[23.99652,49.80401],[24.00099,49.80355],[24.00687,49.80296],[24.01352,49.80228],[24.0147,49.80217],[24.01483,49.80223],[24.01487,49.80223],[24.01799,49.80192],[24.01815,49.80262],[24.01889,49.80591],[24.01897,49.80654],[24.01917,49.80852],[24.01953,49.81217],[24.01979,49.8147],[24.02195,49.81461],[24.02554,49.81449],[24.02589,49.81691],[24.02615,49.81687],[24.02696,49.81662],[24.02967,49.8158],[24.03588,49.81387],[24.03666,49.81363],[24.03692,49.81348],[24.03694,49.81345],[24.037,49.81341],[24.03709,49.8134],[24.03817,49.81299],[24.0399,49.81237],[24.04144,49.81184],[24.04459,49.81075],[24.04587,49.81031],[24.04601,49.81033],[24.04613,49.81038],[24.04618,49.81042],[24.0458,49.8118],[24.04606,49.81183],[24.04644,49.81179],[24.05054,49.81129],[24.05587,49.81066],[24.05717,49.81052],[24.05756,49.81046],[24.0576,49.81043],[24.05763,49.81037],[24.05738,49.8096],[24.05739,49.8095],[24.05748,49.80939],[24.0577,49.80925],[24.05789,49.80919],[24.05813,49.80915],[24.05914,49.80912],[24.06116,49.80914],[24.061,49.8114],[24.06095,49.81176],[24.06072,49.8126],[24.06054,49.81301],[24.0602,49.81361],[24.06008,49.81386],[24.06004,49.81403],[24.06002,49.8145],[24.06009,49.81479],[24.06018,49.81493],[24.06044,49.81518],[24.06147,49.81589],[24.06169,49.81595],[24.062,49.81597],[24.063,49.81598],[24.06446,49.816],[24.06785,49.81619],[24.06828,49.81617],[24.06922,49.81605],[24.06989,49.81593],[24.07048,49.81579],[24.07229,49.81532],[24.07536,49.81451],[24.07648,49.81421],[24.07697,49.8141],[24.07737,49.81404],[24.07781,49.81398],[24.07818,49.81396],[24.07835,49.81398],[24.07718,49.81702],[24.07507,49.82255],[24.07498,49.82281],[24.07495,49.823],[24.07512,49.82378],[24.07513,49.82392],[24.07511,49.82419],[24.07505,49.82446],[24.075,49.82459],[24.07479,49.82496],[24.07463,49.82516],[24.07422,49.82552],[24.07392,49.82572],[24.07375,49.82581],[24.0729,49.82622],[24.07237,49.82651],[24.07222,49.82666],[24.07123,49.82779],[24.06907,49.83031],[24.06881,49.83053],[24.06844,49.83074]]},"properties":{"line":"А27","dir":"0","mode":"bus"}},{"type":"Feature","geometry":{"type":"LineString","coordinates":[[24.071,49.83592],[24.06876,49.836],[24.06849,49.83586],[24.0683,49.83564],[24.06794,49.83416],[24.06761,49.83289],[24.0675,49.83271],[24.06735,49.83256],[24.06698,49.83226],[24.0669,49.83213],[24.06682,49.83184],[24.06683,49.83175],[24.06689,49.83162],[24.06707,49.83145],[24.06872,49.83059],[24.06891,49.83046],[24.06907,49.83031],[24.06962,49.82966],[24.07148,49.82749],[24.07222,49.82666],[24.07237,49.82651],[24.07288,49.82623],[24.07327,49.82604],[24.07392,49.82572],[24.07422,49.82552],[24.07471,49.82507],[24.075,49.82459],[24.07505,49.82446],[24.07511,49.82419],[24.07513,49.82392],[24.07512,49.82378],[24.07495,49.823],[24.07501,49.82271],[24.07518,49.82226],[24.07582,49.82061],[24.0768,49.81798],[24.07791,49.81513],[24.07835,49.81398],[24.07818,49.81396],[24.07796,49.81397],[24.07718,49.81407],[24.07676,49.81414],[24.07591,49.81436],[24.07229,49.81532],[24.07016,49.81587],[24.06928,49.81604],[24.06828,49.81617],[24.06785,49.81619],[24.06446,49.816],[24.06274,49.81598],[24.062,49.81597],[24.06177,49.81595],[24.06169,49.81595],[24.06147,49.81589],[24.06044,49.81518],[24.06018,49.81493],[24.06009,49.81479],[24.06002,49.8145],[24.06004,49.81403],[24.06008,49.81386],[24.06013,49.81376],[24.06062,49.81284],[24.06072,49.8126],[24.06088,49.812],[24.06095,49.81176],[24.06101,49.81135],[24.06116,49.80914],[24.05914,49.80912],[24.05813,49.80915],[24.05789,49.80919],[24.0577,49.80925],[24.05748,49.80939],[24.05739,49.8095],[24.05738,49.8096],[24.05763,49.81037],[24.0576,49.81043],[24.05756,49.81046],[24.05717,49.81052],[24.05587,49.81066],[24.05043,49.81131],[24.04644,49.81179],[24.04606,49.81183],[24.0458,49.8118],[24.04618,49.81042],[24.04613,49.81038],[24.04601,49.81033],[24.04587,49.81031],[24.04488,49.81065],[24.04201,49.81164],[24.04183,49.81178],[24.04182,49.81185],[24.04184,49.81191],[24.04208,49.81219],[24.04269,49.81289],[24.04348,49.81374],[24.04216,49.81368],[24.03728,49.81351],[24.03718,49.81352],[24.03712,49.81356],[24.03708,49.81357],[24.03699,49.81356],[24.03666,49.81363],[24.03557,49.81397],[24.03047,49.81555],[24.02615,49.81687],[24.02589,49.81691],[24.02581,49.81628],[24.02571,49.81571],[24.02554,49.81449],[24.02309,49.81457],[24.01979,49.8147],[24.01959,49.81287],[24.01943,49.81104],[24.01907,49.80762],[24.01897,49.80654],[24.01889,49.80591],[24.01799,49.80192],[24.01724,49.80199],[24.01483,49.80223],[24.01473,49.80232],[24.00485,49.80333],[23.99956,49.80388],[23.99907,49.80393],[23.99798,49.80405],[23.99519,49.80432],[23.99172,49.80467],[23.98724,49.80512],[23.98658,49.80519],[23.98661,49.80532],[23.98557,49.80543],[23.98521,49.80547],[23.98505,49.80545],[23.9848,49.80547],[23.98477,49.80537],[23.98223,49.80565],[23.98208,49.80568],[23.9818,49.80579],[23.98174,49.80585],[23.98159,49.80606],[23.98152,49.80625],[23.9818,49.80751],[23.98197,49.80805],[23.98218,49.80862],[23.9825,49.80936],[23.98269,49.80975],[23.98353,49.81129],[23.98388,49.81153],[23.98418,49.81166],[23.98437,49.81173],[23.98451,49.81184],[23.98458,49.81197],[23.98457,49.8121],[23.9845,49.81222],[23.98441,49.81229],[23.98437,49.81232],[23.9842,49.81239],[23.98406,49.81241],[23.98393,49.81241],[23.98379,49.81239],[23.98367,49.81236],[23.98341,49.81224],[23.98318,49.81218],[23.98301,49.81217],[23.98263,49.81216],[23.98192,49.81224],[23.98093,49.81235],[23.98024,49.81246],[23.9796,49.81259],[23.979,49.81275],[23.97803,49.81304],[23.97748,49.81325],[23.97676,49.81359],[23.97615,49.81391],[23.97332,49.81573],[23.97295,49.81599],[23.9728,49.81613],[23.97226,49.81668],[23.96982,49.8196],[23.96787,49.82194],[23.9677,49.82215],[23.96742,49.82262],[23.96656,49.82263],[23.96516,49.82272],[23.9605,49.82314],[23.9575,49.82342],[23.9563,49.82356],[23.95596,49.82426],[23.95489,49.82671],[23.95462,49.82732],[23.95458,49.82753],[23.95456,49.82818],[23.95451,49.82817],[23.94962,49.82729],[23.94928,49.82727],[23.94823,49.82706],[23.94783,49.82699],[23.9469,49.82681],[23.94656,49.82671],[23.94644,49.82667],[23.94488,49.8264],[23.94353,49.82679],[23.94326,49.82683],[23.94302,49.82681],[23.94201,49.8266],[23.94174,49.82652],[23.94052,49.82604],[23.94005,49.82577],[23.93934,49.82528],[23.93863,49.82465],[23.93804,49.824],[23.93643,49.82202]]},"properties":{"line":"А27","dir":"1","mode":"bus"}},{"type":"Feature","geometry":{"type":"LineString","coordinates":[[23.99511,49.83973],[23.99513,49.83982],[23.9954,49.84021],[23.99549,49.84023],[23.99562,49.84022],[23.99579,49.84018],[23.99583,49.84013],[23.99595,49.84003],[23.99612,49.83984],[23.99613,49.83975],[23.99611,49.83971],[23.99601,49.83962],[23.9959,49.83942],[23.99589,49.83934],[23.99591,49.83928],[23.99607,49.83919],[23.99948,49.83792],[23.99964,49.83786],[23.99989,49.83761],[24.00011,49.83754],[24.00145,49.83703],[24.00162,49.83697],[24.0018,49.83688],[24.00177,49.83684],[24.00179,49.83678],[24.0019,49.83668],[24.002,49.83663],[24.00268,49.83676],[24.00388,49.83712],[24.00487,49.83745],[24.00559,49.83769],[24.00684,49.83814],[24.0122,49.84024],[24.01586,49.84169],[24.01655,49.84199],[24.01769,49.84246],[24.0182,49.84261],[24.01842,49.84266],[24.01877,49.84273],[24.02063,49.84295],[24.0209,49.84298],[24.02152,49.84306],[24.02218,49.84314],[24.02276,49.8432],[24.02285,49.84326],[24.02297,49.84329],[24.02474,49.84425],[24.02505,49.84432],[24.02521,49.84441],[24.02629,49.84466],[24.02698,49.84479],[24.02722,49.84481],[24.02831,49.84481],[24.02842,49.84476],[24.02925,49.84475],[24.03163,49.84454],[24.03318,49.84441],[24.03319,49.8444],[24.03382,49.84406],[24.03439,49.844],[24.03455,49.84396],[24.03463,49.84389],[24.03504,49.84277],[24.0353,49.84203],[24.0357,49.84098],[24.03576,49.84081],[24.03585,49.84074],[24.03632,49.84051],[24.03638,49.84043],[24.0364,49.8403],[24.03601,49.83981],[24.03636,49.83977],[24.03717,49.8398],[24.03914,49.83984],[24.04149,49.83994],[24.04208,49.84],[24.04329,49.84028],[24.04411,49.84046],[24.04467,49.84057],[24.04564,49.84071],[24.04623,49.84075],[24.04643,49.84075],[24.0469,49.84067],[24.04714,49.84061],[24.04877,49.84011],[24.04987,49.83986],[24.05127,49.83956],[24.05402,49.83876],[24.05667,49.83812],[24.0602,49.83736],[24.06284,49.83679],[24.06381,49.8366],[24.06653,49.83616],[24.06735,49.83608],[24.06804,49.83603],[24.07153,49.8359],[24.07518,49.83574],[24.07529,49.83639],[24.07542,49.83712],[24.07535,49.83721],[24.07648,49.83764],[24.07698,49.83784],[24.07712,49.83786],[24.07916,49.83797],[24.07934,49.83801],[24.07951,49.83806],[24.07997,49.83823],[24.08149,49.83887],[24.08274,49.83939],[24.08314,49.83957],[24.08384,49.83993],[24.08423,49.84006],[24.0853,49.84034],[24.0857,49.84028],[24.08615,49.84025],[24.08933,49.84016],[24.09017,49.84023],[24.09103,49.84035],[24.09219,49.84066],[24.09275,49.84078],[24.09376,49.84096],[24.09522,49.84121],[24.09658,49.84135],[24.09797,49.8415],[24.099,49.84165],[24.10093,49.84198],[24.10139,49.84205],[24.10305,49.84224],[24.10438,49.84237],[24.10586,49.84258],[24.10686,49.84278],[24.11035,49.84361],[24.11159,49.84387],[24.11193,49.8439],[24.1125,49.84397],[24.11293,49.844],[24.11365,49.84403],[24.11389,49.84401],[24.11711,49.84352],[24.11813,49.84339],[24.11837,49.84339],[24.11839,49.843],[24.11841,49.84257],[24.11852,49.84189],[24.11865,49.8414],[24.11893,49.84092],[24.11893,49.84069],[24.119,49.84029],[24.11919,49.83986],[24.11936,49.83957],[24.12045,49.8379],[24.12073,49.8374],[24.12071,49.83655],[24.1209,49.8358],[24.12097,49.83572],[24.12103,49.83567],[24.12143,49.83549],[24.12161,49.83544],[24.12184,49.83539],[24.12378,49.8351],[24.12532,49.83478],[24.12606,49.83465],[24.12648,49.83451],[24.12686,49.83434],[24.12919,49.83321],[24.13109,49.83223],[24.13187,49.83178],[24.13311,49.83075],[24.13353,49.83033],[24.134,49.82979],[24.1345,49.82916],[24.13462,49.82893],[24.13528,49.82744],[24.13556,49.82666],[24.13694,49.82343],[24.13697,49.82333],[24.13699,49.82306],[24.13714,49.82127],[24.1372,49.81984]]},"properties":{"line":"А29","dir":"0","mode":"bus"}},{"type":"Feature","geometry":{"type":"LineString","coordinates":[[24.1372,49.81987],[24.13714,49.82127],[24.13697,49.82333],[24.13687,49.8236],[24.13569,49.82636],[24.13552,49.82676],[24.13528,49.82744],[24.13462,49.82893],[24.1345,49.82916],[24.134,49.82979],[24.13353,49.83033],[24.13318,49.83069],[24.13187,49.83178],[24.13111,49.83222],[24.13066,49.83247],[24.12919,49.83321],[24.12697,49.83428],[24.12641,49.83453],[24.12606,49.83465],[24.12532,49.83478],[24.12378,49.8351],[24.12184,49.83539],[24.12158,49.83544],[24.12143,49.83549],[24.12103,49.83567],[24.12097,49.83572],[24.1209,49.8358],[24.12071,49.83655],[24.12073,49.8374],[24.12039,49.838],[24.12026,49.8382],[24.12037,49.83804],[24.11936,49.83957],[24.11919,49.83986],[24.119,49.84029],[24.11893,49.84069],[24.11893,49.84092],[24.11865,49.8414],[24.11852,49.84189],[24.11841,49.84257],[24.11837,49.84339],[24.11813,49.84339],[24.11796,49.84341],[24.11711,49.84352],[24.11389,49.84401],[24.11365,49.84403],[24.1125,49.84397],[24.11159,49.84387],[24.11113,49.84377],[24.11035,49.84361],[24.10686,49.84278],[24.10586,49.84258],[24.10438,49.84237],[24.10355,49.84229],[24.10139,49.84205],[24.10095,49.84198],[24.099,49.84165],[24.09797,49.8415],[24.09673,49.84137],[24.09522,49.84121],[24.09376,49.84096],[24.09275,49.84078],[24.09219,49.84066],[24.09103,49.84035],[24.09017,49.84023],[24.08933,49.84016],[24.08615,49.84025],[24.0857,49.84028],[24.0853,49.84034],[24.08437,49.8401],[24.08394,49.83997],[24.08384,49.83993],[24.08314,49.83957],[24.08274,49.83939],[24.0798,49.83817],[24.07951,49.83806],[24.07916,49.83797],[24.07712,49.83786],[24.07698,49.83784],[24.07648,49.83764],[24.07523,49.83718],[24.07398,49.83695],[24.07097,49.83645],[24.07059,49.83636],[24.07044,49.83626],[24.07036,49.83613],[24.0703,49.83594],[24.06878,49.836],[24.06804,49.83603],[24.06723,49.83609],[24.06653,49.83616],[24.06381,49.8366],[24.06251,49.83685],[24.06086,49.83722],[24.05667,49.83812],[24.05547,49.83841],[24.05404,49.83876],[24.05127,49.83956],[24.04923,49.84],[24.04877,49.84011],[24.04714,49.84061],[24.0469,49.84067],[24.04643,49.84075],[24.04623,49.84075],[24.04564,49.84071],[24.04467,49.84057],[24.04411,49.84046],[24.04315,49.84025],[24.04218,49.84002],[24.04182,49.83997],[24.04149,49.83994],[24.03914,49.83984],[24.038,49.83981],[24.03725,49.8398],[24.03636,49.83977],[24.03601,49.83981],[24.0364,49.8403],[24.03638,49.84043],[24.03632,49.84051],[24.03585,49.84074],[24.03576,49.84081],[24.0356,49.84123],[24.03513,49.84252],[24.03463,49.84389],[24.03455,49.84396],[24.03439,49.844],[24.03382,49.84406],[24.03103,49.84428],[24.02962,49.84437],[24.02956,49.84438],[24.02951,49.8446],[24.02947,49.84466],[24.02925,49.84475],[24.02842,49.84476],[24.02831,49.84481],[24.0277,49.84481],[24.02722,49.84481],[24.02687,49.84477],[24.02521,49.84441],[24.02505,49.84432],[24.02474,49.84425],[24.02412,49.84392],[24.02297,49.84329],[24.02285,49.84326],[24.02274,49.84328],[24.01875,49.8428],[24.01827,49.84272],[24.01816,49.84271],[24.01763,49.84273],[24.01581,49.84297],[24.01563,49.84293],[24.01556,49.84288],[24.01551,49.84281],[24.01557,49.84203],[24.01559,49.84159],[24.0122,49.84024],[24.00684,49.83814],[24.00557,49.83769],[24.00388,49.83712],[24.00268,49.83676],[24.00254,49.83693],[24.00242,49.83708],[24.0023,49.83712],[24.00219,49.83713],[24.00199,49.8371],[24.00193,49.83704],[24.00172,49.83705],[24.00049,49.8375],[24.00004,49.83767]]},"properties":{"line":"А29","dir":"1","mode":"bus"}},{"type":"Feature","geometry":{"type":"LineString","coordinates":[[23.99511,49.83973],[23.99513,49.83982],[23.9954,49.84021],[23.99549,49.84023],[23.99564,49.84022],[23.99579,49.84018],[23.99583,49.84013],[23.99595,49.84003],[23.99612,49.83984],[23.99613,49.83975],[23.99611,49.83971],[23.99601,49.83962],[23.9959,49.83942],[23.99589,49.83934],[23.99591,49.83928],[23.99607,49.83919],[23.99948,49.83792],[23.99964,49.83786],[23.99989,49.83761],[24.00011,49.83754],[24.00145,49.83703],[24.00162,49.83697],[24.0018,49.83688],[24.00177,49.83684],[24.00179,49.83678],[24.00186,49.8367],[24.002,49.83663],[24.00204,49.83664],[24.00268,49.83676],[24.00286,49.8368],[24.00388,49.83712],[24.00487,49.83745],[24.00559,49.83769],[24.00684,49.83814],[24.0122,49.84024],[24.01586,49.84169],[24.01655,49.84199],[24.01769,49.84246],[24.0182,49.84261],[24.01862,49.84271],[24.01913,49.84278],[24.02057,49.84294],[24.02146,49.84305],[24.02218,49.84314],[24.02276,49.8432],[24.02285,49.84326],[24.02297,49.84329],[24.02474,49.84425],[24.02505,49.84432],[24.02526,49.84433],[24.02547,49.84437],[24.02679,49.84468],[24.02683,49.84468],[24.02679,49.84468],[24.02687,49.84477],[24.02688,49.84497],[24.02658,49.84531],[24.02623,49.84543],[24.02576,49.84556],[24.02551,49.84568],[24.02547,49.84573],[24.02546,49.84579],[24.02551,49.8463],[24.02561,49.84683],[24.02581,49.84841],[24.02579,49.84862],[24.02567,49.84889],[24.02496,49.85018],[24.02465,49.85048],[24.02457,49.85062],[24.02432,49.85118],[24.02322,49.85376],[24.0229,49.8544],[24.02192,49.85631],[24.02197,49.85664],[24.02201,49.85673],[24.022,49.8568],[24.02196,49.85687],[24.0219,49.85693],[24.02174,49.857],[24.02153,49.85714],[24.02143,49.85724],[24.02117,49.85771],[24.02006,49.85985],[24.01855,49.86264],[24.01685,49.86586],[24.01674,49.86607],[24.01659,49.86647],[24.01655,49.86667],[24.01654,49.86689],[24.01657,49.86746],[24.0168,49.86782],[24.01707,49.8682],[24.01768,49.86863],[24.01784,49.86877],[24.01804,49.86901],[24.01823,49.86932],[24.01838,49.86979],[24.01845,49.87014],[24.01853,49.87034],[24.01882,49.8707],[24.01903,49.87079],[24.01924,49.87082],[24.01946,49.8708],[24.02068,49.87024],[24.02291,49.86926],[24.02308,49.86922],[24.02348,49.86919],[24.02372,49.86921],[24.02498,49.86943],[24.03255,49.87066],[24.03944,49.8718],[24.04327,49.87244],[24.04459,49.87266],[24.04883,49.87308],[24.04913,49.8731],[24.04965,49.87306],[24.04997,49.87296],[24.05061,49.8727],[24.05214,49.87204],[24.05536,49.87064],[24.05723,49.86986],[24.05767,49.87039],[24.05815,49.87092],[24.05935,49.87236],[24.06011,49.87322]]},"properties":{"line":"А31","dir":"0","mode":"bus"}},{"type":"Feature","geometry":{"type":"LineString","coordinates":[[24.06012,49.87387],[24.06071,49.87461],[24.06114,49.87446],[24.06147,49.87439],[24.06151,49.87438],[24.0615,49.87426],[24.06147,49.87423],[24.06136,49.87419],[24.0613,49.87419],[24.06085,49.87399],[24.06036,49.87351],[24.05985,49.87294],[24.05723,49.86986],[24.05537,49.87063],[24.05226,49.87199],[24.05036,49.8728],[24.04997,49.87296],[24.04965,49.87306],[24.04913,49.8731],[24.04883,49.87308],[24.04459,49.87266],[24.04378,49.87252],[24.0392,49.87176],[24.03129,49.87046],[24.02538,49.86949],[24.02496,49.86943],[24.02372,49.86921],[24.02348,49.86919],[24.02308,49.86922],[24.02291,49.86926],[24.02051,49.87032],[24.01946,49.8708],[24.01924,49.87082],[24.01903,49.87079],[24.01882,49.8707],[24.01853,49.87034],[24.01845,49.87014],[24.0184,49.86983],[24.01831,49.86953],[24.01819,49.86926],[24.01804,49.86901],[24.01784,49.86877],[24.01768,49.86863],[24.01707,49.8682],[24.01608,49.86756],[24.01601,49.86732],[24.01599,49.86715],[24.01599,49.86699],[24.01629,49.8664],[24.01815,49.86293],[24.01883,49.86164],[24.01972,49.85998],[24.02093,49.85769],[24.02124,49.8571],[24.02126,49.85704],[24.02123,49.85685],[24.0212,49.85671],[24.02124,49.85664],[24.0213,49.85658],[24.02139,49.85653],[24.02149,49.8565],[24.02175,49.85628],[24.02192,49.85597],[24.02279,49.85428],[24.02309,49.85368],[24.02446,49.85047],[24.02448,49.85032],[24.02446,49.84988],[24.0245,49.84984],[24.02458,49.84978],[24.02472,49.84975],[24.02486,49.84975],[24.02497,49.84973],[24.02506,49.84968],[24.0254,49.84907],[24.02561,49.84869],[24.02565,49.8485],[24.02565,49.84841],[24.02549,49.84714],[24.02535,49.84631],[24.02528,49.84552],[24.0253,49.84528],[24.02536,49.84505],[24.02551,49.84457],[24.02555,49.84449],[24.02521,49.84441],[24.02505,49.84432],[24.02474,49.84425],[24.02412,49.84392],[24.02297,49.84329],[24.02285,49.84326],[24.02274,49.84328],[24.01875,49.8428],[24.01827,49.84272],[24.01816,49.84271],[24.01763,49.84273],[24.01581,49.84297],[24.01563,49.84293],[24.01556,49.84288],[24.01551,49.84281],[24.01557,49.84203],[24.01559,49.84159],[24.0122,49.84024],[24.00684,49.83814],[24.00557,49.83769],[24.00388,49.83712],[24.00268,49.83676],[24.00253,49.83694],[24.00242,49.83708],[24.0023,49.83712],[24.00219,49.83713],[24.00199,49.8371],[24.00193,49.83704],[24.00172,49.83705],[24.00049,49.8375],[24.00004,49.83767]]},"properties":{"line":"А31","dir":"1","mode":"bus"}},{"type":"Feature","geometry":{"type":"LineString","coordinates":[[24.05929,49.78569],[24.05921,49.78753],[24.05909,49.79066],[24.05904,49.79179],[24.05899,49.79236],[24.05892,49.7927],[24.05886,49.79287],[24.0586,49.79341],[24.05849,49.79361],[24.05832,49.79385],[24.05799,49.79421],[24.05746,49.79461],[24.05705,49.79487],[24.05667,49.79503],[24.0556,49.79547],[24.05477,49.79588],[24.05365,49.79646],[24.05237,49.79714],[24.04882,49.79892],[24.04863,49.79904],[24.04847,49.79914],[24.04813,49.79939],[24.04789,49.79961],[24.0475,49.8],[24.04721,49.80034],[24.04692,49.80078],[24.04682,49.80097],[24.04667,49.80167],[24.04652,49.80252],[24.04645,49.80314],[24.04644,49.8036],[24.04647,49.80415],[24.04677,49.8044],[24.04709,49.80579],[24.04711,49.80599],[24.04703,49.80612],[24.04692,49.80618],[24.04612,49.80633],[24.04596,49.80632],[24.04587,49.80627],[24.04582,49.8062],[24.04569,49.80565],[24.04551,49.80488],[24.04541,49.80436],[24.0454,49.80417],[24.04544,49.80408],[24.04552,49.80399],[24.04588,49.8038],[24.04571,49.8032],[24.04561,49.80302],[24.04533,49.80266],[24.04504,49.80238],[24.04447,49.80194],[24.04443,49.80186],[24.04425,49.80161],[24.04284,49.80126],[24.04259,49.80118],[24.04177,49.80098],[24.04013,49.80062],[24.03926,49.80045],[24.03816,49.80027],[24.03681,49.80013],[24.03637,49.80012],[24.03571,49.80012],[24.03495,49.80012],[24.03429,49.80015],[24.03355,49.8002],[24.03266,49.80028],[24.0301,49.80059],[24.02404,49.80128],[24.0222,49.80143],[24.02,49.80169],[24.01724,49.80199],[24.01483,49.80223],[24.01473,49.80232],[24.00485,49.80333],[23.99956,49.80388],[23.99907,49.80393],[23.99798,49.80405],[23.99519,49.80432],[23.99172,49.80467],[23.98724,49.80512],[23.98658,49.80519],[23.98661,49.80532],[23.98557,49.80543],[23.98521,49.80547],[23.98505,49.80545],[23.9848,49.80547],[23.98477,49.80537],[23.98223,49.80565],[23.98208,49.80568],[23.9818,49.80579],[23.98174,49.80585],[23.98159,49.80606],[23.98152,49.80625],[23.9818,49.80751],[23.98197,49.80805],[23.98218,49.80862],[23.9825,49.80936],[23.98269,49.80975],[23.98353,49.81129],[23.98388,49.81153],[23.98418,49.81166],[23.98437,49.81173],[23.98451,49.81184],[23.98458,49.81197],[23.98457,49.8121],[23.98452,49.8122],[23.98437,49.81232],[23.9842,49.81239],[23.98406,49.81241],[23.98393,49.81241],[23.98379,49.81239],[23.98367,49.81236],[23.98341,49.81224],[23.98318,49.81218],[23.98301,49.81217],[23.98263,49.81216],[23.98192,49.81224],[23.98093,49.81235],[23.98024,49.81246],[23.9796,49.81259],[23.979,49.81275],[23.97803,49.81304],[23.97748,49.81325],[23.97676,49.81359],[23.97615,49.81391],[23.97332,49.81573],[23.97295,49.81599],[23.9728,49.81613],[23.97226,49.81668],[23.96982,49.8196],[23.96787,49.82194],[23.9677,49.82215],[23.96742,49.82262],[23.96749,49.82341],[23.96779,49.8263],[23.96822,49.83065],[23.96943,49.83086],[23.97728,49.83225],[23.97915,49.83258],[23.98454,49.83355],[23.98694,49.83399],[23.99018,49.83455],[23.99097,49.83468],[23.9938,49.83519],[23.99423,49.83525],[23.99506,49.8354],[23.99915,49.83615],[24.00205,49.83666],[24.00263,49.83677],[24.00259,49.83683],[24.00242,49.83707],[24.00235,49.83712],[24.00224,49.83716],[24.00201,49.83716],[24.00191,49.83714],[24.0018,49.83708],[24.00171,49.83707],[24.00165,49.83708],[24.00053,49.83749],[24.00004,49.83767]]},"properties":{"line":"А32","dir":"0","mode":"bus"}},{"type":"Feature","geometry":{"type":"LineString","coordinates":[[23.99511,49.83973],[23.99515,49.83959],[23.99522,49.8395],[23.99568,49.83932],[23.99605,49.8392],[23.99948,49.83792],[23.9996,49.83788],[23.99989,49.83761],[23.99998,49.83758],[24.00134,49.83708],[24.00142,49.837],[24.00145,49.83692],[24.00144,49.83687],[24.00138,49.83675],[24.00026,49.83652],[23.9992,49.83634],[23.99827,49.83617],[23.99471,49.83554],[23.9943,49.83547],[23.99395,49.83546],[23.99229,49.83553],[23.99146,49.83555],[23.99126,49.83554],[23.99098,49.83546],[23.9907,49.83535],[23.99061,49.83528],[23.99057,49.83521],[23.99057,49.83509],[23.99075,49.83465],[23.98923,49.83438],[23.98694,49.83399],[23.98525,49.83368],[23.98523,49.83371],[23.98525,49.83368],[23.98335,49.83334],[23.98199,49.83308],[23.97841,49.83245],[23.96822,49.83065],[23.96817,49.83006],[23.96775,49.82584],[23.96742,49.82262],[23.9677,49.82215],[23.96787,49.82194],[23.96946,49.82004],[23.97164,49.81742],[23.97234,49.81658],[23.97295,49.81599],[23.97332,49.81573],[23.97544,49.81436],[23.97615,49.81391],[23.9767,49.81362],[23.97748,49.81325],[23.97803,49.81304],[23.979,49.81275],[23.9796,49.81259],[23.98024,49.81246],[23.98093,49.81235],[23.98207,49.81222],[23.98263,49.81216],[23.98317,49.81203],[23.98342,49.81191],[23.98347,49.81183],[23.98355,49.81176],[23.98361,49.81166],[23.98362,49.81153],[23.98353,49.81129],[23.98254,49.80945],[23.98218,49.80862],[23.98197,49.80805],[23.9818,49.80751],[23.98152,49.80625],[23.98138,49.80608],[23.98121,49.80593],[23.98103,49.80586],[23.98096,49.80579],[23.98092,49.80572],[23.9809,49.80564],[23.98093,49.80555],[23.98103,49.80543],[23.98115,49.80537],[23.98129,49.80534],[23.98144,49.80533],[23.98158,49.80536],[23.9817,49.80541],[23.98177,49.80546],[23.98203,49.80548],[23.98219,49.80548],[23.98256,49.80543],[23.98306,49.80537],[23.98654,49.80501],[23.98652,49.80493],[23.98769,49.80481],[23.98922,49.80463],[23.98925,49.80474],[23.99375,49.8043],[23.99371,49.80416],[23.99317,49.80422],[23.99371,49.80416],[23.99375,49.8043],[23.99652,49.80401],[24.00099,49.80355],[24.00687,49.80296],[24.01352,49.80228],[24.0147,49.80217],[24.01483,49.80223],[24.01487,49.80223],[24.01902,49.8018],[24.0222,49.80143],[24.0251,49.80098],[24.03124,49.80024],[24.03131,49.80024],[24.03373,49.79997],[24.03427,49.79993],[24.03546,49.79991],[24.03625,49.79992],[24.03685,49.79995],[24.03826,49.80009],[24.03975,49.80033],[24.04066,49.80054],[24.04237,49.80094],[24.04293,49.80097],[24.04327,49.80094],[24.04375,49.80084],[24.044,49.80075],[24.04569,49.7999],[24.04589,49.79983],[24.04694,49.79956],[24.04775,49.79928],[24.04797,49.79911],[24.04828,49.79891],[24.04877,49.79863],[24.05162,49.79718],[24.05319,49.79637],[24.05498,49.79542],[24.05543,49.79516],[24.0565,49.79452],[24.05713,49.79409],[24.0574,49.79387],[24.05755,49.79371],[24.05771,49.79353],[24.05797,49.79313],[24.05817,49.79269],[24.05844,49.79189],[24.05856,49.79153],[24.05867,49.79102],[24.05876,49.78865],[24.05891,49.78532]]},"properties":{"line":"А32","dir":"1","mode":"bus"}},{"type":"Feature","geometry":{"type":"LineString","coordinates":[[24.02323,49.83965],[24.02372,49.83999],[24.02378,49.84006],[24.02538,49.84114],[24.02576,49.84144],[24.02554,49.8415],[24.02472,49.8417],[24.02436,49.84176],[24.02401,49.84182],[24.02385,49.84183],[24.0232,49.84181],[24.02289,49.84162],[24.02235,49.84137],[24.02119,49.8408],[24.01894,49.8396],[24.01585,49.83805],[24.01482,49.83752],[24.01479,49.83746],[24.01482,49.83712],[24.01474,49.83703],[24.01462,49.83696],[24.01409,49.83674],[24.01399,49.83671],[24.01391,49.8367],[24.01383,49.83672],[24.01259,49.83718],[24.01233,49.83722],[24.01207,49.83716],[24.01152,49.83694],[24.00831,49.83571],[24.00814,49.83567],[24.00783,49.83563],[24.0063,49.83561],[24.00587,49.83557],[24.00556,49.83553],[24.00537,49.83548],[24.00527,49.83543],[24.00509,49.83556],[24.00462,49.83597],[24.00415,49.83669],[24.00388,49.83712],[24.00268,49.83676],[24.002,49.83663],[24.00186,49.8367],[24.00179,49.83678],[24.00177,49.83684],[24.00153,49.83674],[24.00116,49.83666],[23.9992,49.83633],[23.99827,49.83617],[23.99471,49.83554],[23.9943,49.83547],[23.99395,49.83546],[23.99229,49.83553],[23.99146,49.83555],[23.99126,49.83554],[23.99098,49.83546],[23.9907,49.83535],[23.99061,49.83528],[23.99057,49.83521],[23.99057,49.83509],[23.99075,49.83465],[23.99086,49.83449],[23.99089,49.83442],[23.99078,49.83395],[23.99077,49.8335],[23.99078,49.83168],[23.99076,49.83139],[23.99066,49.83094],[23.99018,49.82883],[23.98758,49.82927],[23.98716,49.82906],[23.98626,49.82861],[23.98532,49.82818],[23.98359,49.82743],[23.98323,49.82729],[23.98296,49.82717],[23.98212,49.82668],[23.98094,49.82609],[23.97998,49.82558],[23.97764,49.82429],[23.97726,49.82411],[23.97833,49.82309],[23.97844,49.823],[23.97883,49.8226],[23.97919,49.82222],[23.97963,49.8216],[23.98079,49.81984],[23.98246,49.81735],[23.98244,49.81728],[23.9822,49.81686],[23.9821,49.8167],[23.98211,49.8166],[23.98219,49.81653],[23.98515,49.81573],[23.98472,49.81536],[23.98462,49.81527],[23.98488,49.81519],[23.98563,49.815],[23.98475,49.81343],[23.9844,49.81276],[23.98437,49.81232],[23.9845,49.81222],[23.98457,49.8121],[23.98458,49.81197],[23.98451,49.81184],[23.98437,49.81173],[23.98388,49.81153],[23.98357,49.81125],[23.98304,49.81031],[23.98258,49.8094],[23.98242,49.80909],[23.9818,49.80751],[23.98152,49.80625],[23.98138,49.80608],[23.98121,49.80593],[23.98103,49.80586],[23.98096,49.80579],[23.98092,49.80572],[23.9809,49.80564],[23.98092,49.80557],[23.98096,49.80549],[23.98093,49.8055],[23.98096,49.80549],[23.98103,49.80543],[23.98115,49.80537],[23.98129,49.80534],[23.98144,49.80533],[23.98158,49.80536],[23.9817,49.80541],[23.98177,49.80546],[23.98219,49.80548],[23.98255,49.80544],[23.98306,49.80537],[23.98654,49.80501],[23.98652,49.80493],[23.98769,49.80481],[23.98854,49.80472],[23.98791,49.80196]]},"properties":{"line":"А33","dir":"0","mode":"bus"}},{"type":"Feature","geometry":{"type":"LineString","coordinates":[[23.98908,49.80116],[23.99159,49.8009],[23.99168,49.8013],[23.99222,49.80349],[23.9931,49.80339],[23.99322,49.80338],[23.99345,49.80345],[23.99357,49.80355],[23.99375,49.8043],[23.99652,49.80401],[24.00017,49.80364],[24.00017,49.80367],[24.00021,49.80382],[23.99907,49.80393],[23.99906,49.80393],[23.99907,49.80393],[23.99798,49.80405],[23.99519,49.80432],[23.99172,49.80467],[23.98724,49.80512],[23.98658,49.80519],[23.98661,49.80532],[23.98557,49.80544],[23.98521,49.80547],[23.98486,49.80546],[23.98477,49.80537],[23.98223,49.80565],[23.98208,49.80568],[23.9818,49.80579],[23.98174,49.80585],[23.98159,49.80606],[23.98152,49.80625],[23.9818,49.80751],[23.98242,49.80909],[23.98255,49.80935],[23.98304,49.81031],[23.98357,49.81125],[23.98362,49.81153],[23.98361,49.81166],[23.98355,49.81176],[23.98347,49.81183],[23.98342,49.81191],[23.98317,49.81203],[23.98266,49.81213],[23.98301,49.81217],[23.98303,49.8123],[23.98321,49.81306],[23.98272,49.81317],[23.98119,49.81387],[23.98137,49.81405],[23.98176,49.81469],[23.98192,49.81502],[23.98195,49.81511],[23.98193,49.81534],[23.98231,49.81597],[23.98225,49.81605],[23.98215,49.8161],[23.98206,49.81617],[23.98203,49.81625],[23.98219,49.81653],[23.98211,49.8166],[23.9821,49.8167],[23.98232,49.81707],[23.98244,49.81728],[23.98246,49.81735],[23.98069,49.81999],[23.97963,49.8216],[23.97928,49.82209],[23.97919,49.82222],[23.97884,49.82259],[23.97844,49.823],[23.97726,49.82411],[23.97764,49.82429],[23.97898,49.82503],[23.97998,49.82558],[23.98094,49.82609],[23.98212,49.82668],[23.98235,49.82676],[23.98272,49.82694],[23.98284,49.82697],[23.98292,49.82697],[23.98359,49.82669],[23.98417,49.82645],[23.98551,49.82606],[23.98887,49.82514],[23.98906,49.82514],[23.98915,49.82515],[23.98925,49.82518],[23.99041,49.82564],[23.99104,49.82591],[23.99144,49.82612],[23.99616,49.82878],[23.99744,49.82951],[23.99753,49.82958],[23.99807,49.82987],[24.00119,49.83167],[24.00396,49.83328],[24.00444,49.83359],[24.00486,49.8338],[24.00686,49.83458],[24.00715,49.83471],[24.00727,49.8348],[24.00737,49.83491],[24.00764,49.83528],[24.00776,49.83538],[24.00789,49.83545],[24.01031,49.83637],[24.01222,49.83713],[24.01233,49.83722],[24.01259,49.83718],[24.01307,49.837],[24.01383,49.83672],[24.01391,49.8367],[24.01399,49.83671],[24.01409,49.83674],[24.01462,49.83696],[24.01493,49.83693],[24.01599,49.83636]]},"properties":{"line":"А33","dir":"1","mode":"bus"}},{"type":"Feature","geometry":{"type":"LineString","coordinates":[[23.92971,49.84575],[23.93058,49.84558],[23.93096,49.84546],[23.93185,49.84508],[23.93196,49.84506],[23.93263,49.84507],[23.93263,49.84496],[23.93263,49.84507],[23.93433,49.84515],[23.93465,49.84515],[23.93548,49.84509],[23.93674,49.84487],[23.93729,49.84463],[23.93783,49.84449],[23.93802,49.84447],[23.93937,49.84433],[23.94161,49.84412],[23.94216,49.84409],[23.94321,49.84408],[23.94366,49.84411],[23.94387,49.84416],[23.94501,49.84471],[23.94527,49.8448],[23.94558,49.84483],[23.94568,49.84481],[23.94578,49.84479],[23.94645,49.84454],[23.94668,49.8445],[23.94734,49.84446],[23.94816,49.84437],[23.94968,49.84413],[23.95096,49.84388],[23.95133,49.84382],[23.95149,49.84382],[23.95176,49.84385],[23.95189,49.8439],[23.95215,49.84403],[23.95291,49.84454],[23.95304,49.84457],[23.95326,49.84457],[23.9538,49.84449],[23.95435,49.84444],[23.95492,49.84445],[23.95506,49.84449],[23.95614,49.84484],[23.95649,49.84494],[23.95683,49.84496],[23.95709,49.84493],[23.95737,49.84486],[23.95764,49.84474],[23.95853,49.84414],[23.95837,49.84398],[23.9574,49.84304],[23.9573,49.84291],[23.95726,49.84271],[23.95731,49.84255],[23.95742,49.8424],[23.95754,49.84231],[23.9577,49.84222],[23.9579,49.84216],[23.95815,49.84211],[23.96017,49.84201],[23.96199,49.84194],[23.96726,49.84169],[23.96739,49.84172],[23.96757,49.84178],[23.9688,49.84185],[23.97259,49.84207],[23.97349,49.84216],[23.97433,49.8423],[23.97613,49.84238],[23.97655,49.84242],[23.97701,49.84251],[23.97773,49.8427],[23.97797,49.84275],[23.97822,49.84278],[23.97858,49.84276],[23.97934,49.84262],[23.97922,49.84251],[23.97899,49.84205],[23.97883,49.84173],[23.97792,49.84018],[23.97721,49.83891],[23.97711,49.83867],[23.97706,49.83845],[23.97685,49.83666],[23.97678,49.83617],[23.97686,49.83546],[23.97771,49.83378],[23.9779,49.83367],[23.97825,49.83352],[23.97842,49.83349],[23.97878,49.83346],[23.97985,49.83343],[23.98162,49.83338],[23.98337,49.83333],[23.98454,49.83355],[23.98694,49.83399],[23.99018,49.83455],[23.99097,49.83468],[23.9938,49.83519],[23.99423,49.83525],[23.99506,49.8354],[23.99915,49.83615],[24.002,49.83663],[24.00268,49.83676],[24.00286,49.8368],[24.00388,49.83712],[24.00487,49.83745],[24.00559,49.83769],[24.00684,49.83814],[24.0122,49.84024],[24.01586,49.84169],[24.01655,49.84199],[24.01769,49.84246],[24.01773,49.8425],[24.01774,49.84257],[24.0177,49.84266],[24.01763,49.84273],[24.01816,49.84271],[24.01875,49.8428],[24.022,49.84319],[24.02202,49.84312],[24.02218,49.84314],[24.02276,49.8432],[24.02285,49.84326],[24.02267,49.84386],[24.02268,49.84391],[24.02284,49.84405],[24.02367,49.8447],[24.02383,49.84464],[24.02394,49.84473],[24.02399,49.84482],[24.02415,49.84642],[24.02553,49.84639],[24.02561,49.84683],[24.02581,49.84841],[24.02579,49.84862],[24.02567,49.84889],[24.02496,49.85018],[24.02465,49.85048],[24.02457,49.85062],[24.02432,49.85118],[24.02322,49.85376],[24.0229,49.8544],[24.02192,49.85631],[24.02197,49.85664],[24.022,49.8567],[24.02235,49.85712],[24.02317,49.85754],[24.0236,49.85777],[24.02416,49.85812],[24.02578,49.85931],[24.02688,49.86009],[24.02712,49.86028],[24.02744,49.86057],[24.02879,49.86184],[24.029,49.86199],[24.02929,49.86215],[24.0298,49.86238],[24.03365,49.86369],[24.03427,49.8639],[24.03477,49.86404],[24.03542,49.86417],[24.03702,49.8644],[24.04017,49.86482],[24.04242,49.86506],[24.04428,49.86526],[24.04548,49.86537],[24.04589,49.86539],[24.04657,49.86539],[24.04727,49.86537],[24.05168,49.86503],[24.05203,49.865],[24.05238,49.86507],[24.05274,49.86523],[24.05288,49.8653],[24.05336,49.86545],[24.05349,49.86554],[24.05357,49.86557],[24.05621,49.86866]]},"properties":{"line":"А34","dir":"0","mode":"bus"}},{"type":"Feature","geometry":{"type":"LineString","coordinates":[[24.05537,49.87063],[24.05226,49.87199],[24.05036,49.8728],[24.04997,49.87296],[24.04965,49.87306],[24.04913,49.8731],[24.04883,49.87308],[24.04459,49.87266],[24.04378,49.87252],[24.0392,49.87176],[24.03327,49.87078],[24.03294,49.87171],[24.03262,49.87264],[24.03258,49.87282],[24.0326,49.87297],[24.03266,49.87313],[24.03312,49.87397],[24.03347,49.87443],[24.0337,49.87464],[24.03455,49.87539],[24.03479,49.87554],[24.03512,49.87569],[24.0357,49.87583],[24.03624,49.87592],[24.03944,49.87636],[24.04068,49.87653],[24.04084,49.87641],[24.0422,49.87226],[24.03975,49.87185],[24.03129,49.87046],[24.02538,49.86949],[24.02496,49.86943],[24.02372,49.86921],[24.02348,49.86919],[24.02308,49.86922],[24.02291,49.86926],[24.02051,49.87032],[24.01946,49.8708],[24.01924,49.87082],[24.01903,49.87079],[24.01882,49.8707],[24.01853,49.87034],[24.01845,49.87014],[24.0184,49.86983],[24.01831,49.86953],[24.01819,49.86926],[24.01804,49.86901],[24.01784,49.86877],[24.01768,49.86863],[24.01707,49.8682],[24.0168,49.86782],[24.01657,49.86746],[24.01654,49.86689],[24.01655,49.86667],[24.01648,49.86662],[24.01639,49.8666],[24.01629,49.8666],[24.01617,49.86661],[24.01629,49.8664],[24.01815,49.86293],[24.01883,49.86164],[24.01972,49.85998],[24.02093,49.85769],[24.02124,49.8571],[24.02126,49.85704],[24.02123,49.85685],[24.0212,49.85671],[24.02124,49.85664],[24.0213,49.85658],[24.02139,49.85653],[24.02149,49.8565],[24.02175,49.85628],[24.02192,49.85597],[24.02279,49.85428],[24.02309,49.85368],[24.02446,49.85047],[24.02465,49.85048],[24.02496,49.85018],[24.02506,49.84999],[24.025,49.84983],[24.02486,49.84975],[24.02497,49.84973],[24.02506,49.84968],[24.0254,49.84907],[24.02522,49.84941],[24.02561,49.84869],[24.02565,49.8485],[24.0256,49.84788],[24.02549,49.84714],[24.02535,49.84631],[24.02528,49.84552],[24.0253,49.84528],[24.02536,49.84505],[24.02551,49.84457],[24.02555,49.84449],[24.02521,49.84441],[24.02505,49.84432],[24.02474,49.84425],[24.02412,49.84392],[24.02297,49.84329],[24.02285,49.84326],[24.02274,49.84328],[24.01875,49.8428],[24.01827,49.84272],[24.01816,49.84271],[24.01763,49.84273],[24.01581,49.84297],[24.01563,49.84293],[24.01556,49.84288],[24.01551,49.84281],[24.01557,49.84203],[24.01559,49.84159],[24.0122,49.84024],[24.00684,49.83814],[24.00557,49.83769],[24.00511,49.83753],[24.005,49.8376],[24.00476,49.83764],[24.00424,49.83765],[24.00315,49.83756],[24.00226,49.8374],[24.00199,49.8371],[24.00177,49.83684],[24.00153,49.83674],[24.00116,49.83666],[23.9992,49.83633],[23.99827,49.83617],[23.99471,49.83554],[23.9943,49.83547],[23.99395,49.83546],[23.99229,49.83553],[23.99146,49.83555],[23.99126,49.83554],[23.99098,49.83546],[23.9907,49.83535],[23.99061,49.83528],[23.99057,49.83521],[23.99057,49.83509],[23.99075,49.83465],[23.98923,49.83438],[23.98694,49.83399],[23.98525,49.83368],[23.98523,49.83371],[23.98525,49.83368],[23.98337,49.83333],[23.98193,49.83338],[23.97878,49.83346],[23.97842,49.83349],[23.97825,49.83352],[23.9779,49.83367],[23.97771,49.83378],[23.97695,49.83529],[23.97697,49.8359],[23.97697,49.83617],[23.97716,49.83765],[23.97723,49.83827],[23.97729,49.83858],[23.9774,49.83887],[23.97812,49.84023],[23.97903,49.84173],[23.97937,49.84246],[23.97934,49.84262],[23.97861,49.84276],[23.97848,49.84278],[23.97822,49.84278],[23.97797,49.84275],[23.97773,49.8427],[23.97701,49.84251],[23.97655,49.84242],[23.97613,49.84238],[23.97433,49.8423],[23.97151,49.84214],[23.96781,49.84194],[23.96757,49.84178],[23.96739,49.84172],[23.96726,49.84169],[23.96665,49.84172],[23.96012,49.84201],[23.95815,49.84211],[23.9579,49.84216],[23.9577,49.84222],[23.95754,49.84231],[23.95742,49.8424],[23.95731,49.84255],[23.95726,49.84271],[23.9573,49.84291],[23.9574,49.84304],[23.95842,49.84404],[23.95853,49.84414],[23.95764,49.84474],[23.95737,49.84486],[23.95709,49.84493],[23.95683,49.84496],[23.95649,49.84494],[23.95614,49.84484],[23.95506,49.84449],[23.95492,49.84445],[23.95435,49.84444],[23.9538,49.84449],[23.95326,49.84457],[23.95304,49.84457],[23.95291,49.84454],[23.95215,49.84403],[23.95189,49.8439],[23.95176,49.84385],[23.95149,49.84382],[23.95133,49.84382],[23.95096,49.84388],[23.94968,49.84413],[23.94816,49.84437],[23.94734,49.84446],[23.94668,49.8445],[23.94645,49.84454],[23.94578,49.84479],[23.94558,49.84483],[23.94547,49.84483],[23.94523,49.84479],[23.94501,49.84471],[23.94387,49.84416],[23.94366,49.84411],[23.94321,49.84408],[23.94216,49.84409],[23.94161,49.84412],[23.93937,49.84433],[23.93816,49.84446],[23.93783,49.84449],[23.93729,49.84463],[23.93674,49.84487],[23.93548,49.84509],[23.93465,49.84515],[23.93433,49.84515],[23.9327,49.84507],[23.93231,49.84506],[23.93196,49.84506],[23.93185,49.84508],[23.93096,49.84546],[23.93058,49.84558],[23.92947,49.8458]]},"properties":{"line":"А34","dir":"1","mode":"bus"}},{"type":"Feature","geometry":{"type":"LineString","coordinates":[[24.0034,49.87073],[24.00462,49.87036],[24.00487,49.87039],[24.00516,49.87046],[24.00522,49.87055],[24.00517,49.87088],[24.00624,49.87074],[24.00794,49.87023],[24.00878,49.87001],[24.01,49.86971],[24.01258,49.86901],[24.01374,49.86869],[24.01396,49.86862],[24.01421,49.86849],[24.01432,49.86839],[24.01523,49.86707],[24.01524,49.86701],[24.01539,49.8671],[24.01558,49.86711],[24.01574,49.8671],[24.01584,49.86707],[24.01599,49.86699],[24.01629,49.8664],[24.01815,49.86293],[24.01881,49.86167],[24.01883,49.86164],[24.01972,49.85998],[24.02093,49.85769],[24.02124,49.8571],[24.02126,49.85704],[24.02123,49.85685],[24.0212,49.85671],[24.02124,49.85664],[24.0213,49.85658],[24.02139,49.85653],[24.02149,49.8565],[24.02175,49.85628],[24.02192,49.85597],[24.02272,49.85441],[24.02309,49.85368],[24.02446,49.85047],[24.02448,49.85032],[24.02446,49.84988],[24.02447,49.84986],[24.02458,49.84978],[24.02472,49.84975],[24.02486,49.84975],[24.02497,49.84973],[24.02506,49.84968],[24.02522,49.84941],[24.02506,49.84968],[24.02497,49.84973],[24.02486,49.84975],[24.025,49.84983],[24.02506,49.84999],[24.02496,49.85018],[24.02465,49.85048],[24.02446,49.85047],[24.02309,49.85368],[24.02279,49.85428],[24.02309,49.85368],[24.02446,49.85047],[24.02465,49.85048],[24.02496,49.85018],[24.02506,49.84999],[24.025,49.84983],[24.02486,49.84975],[24.02497,49.84973],[24.02506,49.84968],[24.0251,49.84962],[24.02561,49.84869],[24.02565,49.8485],[24.0256,49.84788],[24.02549,49.84714],[24.02535,49.84631],[24.02528,49.84558],[24.0253,49.84528],[24.02551,49.84457],[24.0256,49.8444],[24.02553,49.84438],[24.0256,49.8444],[24.02551,49.84457],[24.0253,49.84528],[24.02528,49.84558],[24.02535,49.84631],[24.02549,49.84714],[24.02565,49.84841],[24.02565,49.8485],[24.02561,49.84869],[24.0254,49.84907],[24.02561,49.84869],[24.02565,49.8485],[24.02565,49.84841],[24.02549,49.84714],[24.02536,49.84639],[24.02553,49.84639],[24.02546,49.84579],[24.02547,49.84573],[24.02551,49.84568],[24.02576,49.84556],[24.02623,49.84543],[24.02658,49.84531],[24.02688,49.84497],[24.02722,49.84481],[24.02831,49.84481],[24.02842,49.84476],[24.02925,49.84475],[24.02947,49.84466],[24.02951,49.8446],[24.02956,49.84438],[24.03204,49.8442],[24.03196,49.84451],[24.03314,49.84441],[24.03196,49.84451],[24.03204,49.8442],[24.02956,49.84438],[24.02951,49.8446],[24.02947,49.84466],[24.02925,49.84475],[24.02842,49.84476],[24.02831,49.84481],[24.02722,49.84481],[24.02688,49.84497],[24.02658,49.84531],[24.02623,49.84543],[24.02576,49.84556],[24.02562,49.84554],[24.02533,49.84543],[24.0253,49.84528],[24.02528,49.84552],[24.0253,49.84528],[24.02533,49.84543],[24.02562,49.84554],[24.02576,49.84556],[24.02623,49.84543],[24.02658,49.84531],[24.02688,49.84497],[24.02722,49.84481],[24.02831,49.84481],[24.02842,49.84476],[24.02925,49.84475],[24.02947,49.84466],[24.02951,49.8446],[24.02956,49.84438],[24.02962,49.84437],[24.03103,49.84428],[24.03439,49.844],[24.03455,49.84396],[24.03463,49.84389],[24.0348,49.84346],[24.0353,49.84203],[24.03567,49.84105],[24.0353,49.84203],[24.0348,49.84346],[24.03463,49.84389],[24.03455,49.84396],[24.03439,49.844],[24.03382,49.84406],[24.03204,49.8442],[24.03196,49.84451],[24.03163,49.84454],[24.03196,49.84451],[24.03204,49.8442],[24.03439,49.844],[24.03455,49.84396],[24.03463,49.84389],[24.03504,49.84277],[24.0353,49.84203],[24.036,49.84203],[24.03615,49.84201],[24.03635,49.84195],[24.03643,49.84182],[24.03665,49.84115],[24.03673,49.84071],[24.03601,49.83981],[24.0359,49.83963],[24.03544,49.839],[24.03534,49.83881],[24.03495,49.83732],[24.03491,49.83691],[24.03491,49.83665],[24.03491,49.8364],[24.03496,49.83607],[24.03495,49.83505],[24.03486,49.83492],[24.0348,49.83487],[24.03492,49.83464],[24.03502,49.83451],[24.03519,49.83438],[24.0355,49.83426],[24.03705,49.83385],[24.03783,49.83364],[24.03858,49.83342],[24.03996,49.83295],[24.04058,49.83271],[24.04102,49.83249],[24.04138,49.83227],[24.042,49.83183],[24.04325,49.83084],[24.04372,49.83044],[24.0447,49.82953],[24.04485,49.82919],[24.04491,49.82886],[24.04491,49.82862],[24.04505,49.82846],[24.04575,49.82788],[24.04587,49.82774],[24.0459,49.82767],[24.0459,49.82758],[24.04581,49.82743],[24.04574,49.82736],[24.04556,49.82727],[24.04533,49.82719],[24.04506,49.82713],[24.04481,49.82712],[24.04434,49.82715],[24.04414,49.82715],[24.04392,49.82712],[24.04376,49.82707],[24.04363,49.82699],[24.04354,49.8269],[24.04345,49.82673],[24.04343,49.82661],[24.04345,49.82653],[24.04348,49.82647],[24.04361,49.82634],[24.04348,49.82647],[24.04343,49.82661],[24.04345,49.82673],[24.04354,49.8269],[24.04363,49.82699],[24.04376,49.82707],[24.04392,49.82712],[24.04414,49.82715],[24.04452,49.82714],[24.04458,49.82729],[24.04478,49.82839],[24.04491,49.82862],[24.04491,49.82886],[24.04485,49.82919],[24.0447,49.82953],[24.04372,49.83044],[24.0425,49.83144],[24.04172,49.83204],[24.04102,49.83249],[24.04058,49.83271],[24.0402,49.83286],[24.04058,49.83271],[24.0408,49.8326],[24.04102,49.83249],[24.04138,49.83227],[24.042,49.83183],[24.0434,49.83072],[24.04372,49.83044],[24.0447,49.82953],[24.04485,49.82919],[24.04491,49.82886],[24.04491,49.82862],[24.04478,49.82839],[24.04458,49.82729],[24.04452,49.82714],[24.04414,49.82715],[24.04392,49.82712],[24.04376,49.82707],[24.04363,49.82699],[24.04354,49.8269],[24.04345,49.82673],[24.04343,49.82661],[24.04345,49.82653],[24.04348,49.82647],[24.04359,49.82635],[24.04371,49.82628],[24.04384,49.82622],[24.04402,49.82617],[24.04781,49.82534],[24.04866,49.82515],[24.04892,49.82508],[24.04919,49.82497],[24.05011,49.82444],[24.05047,49.82427],[24.0517,49.82377],[24.0523,49.82351],[24.05283,49.82328],[24.05355,49.82291],[24.05407,49.82259],[24.0543,49.82242],[24.05485,49.82186],[24.05593,49.82068],[24.05762,49.81887],[24.0579,49.81867],[24.05945,49.81779],[24.06142,49.81671],[24.0616,49.81658],[24.06168,49.81647],[24.06172,49.81622],[24.06162,49.8161],[24.0614,49.81584],[24.06045,49.81518],[24.06031,49.81505],[24.06015,49.81486],[24.06005,49.81465],[24.06002,49.81442],[24.06003,49.81412],[24.06011,49.8138],[24.06055,49.81301],[24.0607,49.81268],[24.06099,49.81163],[24.06103,49.81141],[24.06109,49.81042],[24.06121,49.80914],[24.06154,49.8077],[24.06159,49.80752],[24.06181,49.80728],[24.0622,49.80696],[24.06229,49.80691],[24.06241,49.8068],[24.06245,49.80671],[24.06241,49.8068],[24.06233,49.80688],[24.0622,49.80696],[24.06181,49.80728],[24.06159,49.80752],[24.06121,49.80914],[24.06109,49.81042],[24.06103,49.81141],[24.06097,49.81176],[24.0607,49.81268],[24.06055,49.81301],[24.06013,49.81376],[24.06055,49.81301],[24.0607,49.81268],[24.0609,49.812],[24.06097,49.81176],[24.06102,49.81143],[24.06115,49.80965],[24.06121,49.80914],[24.06158,49.80755],[24.06159,49.80752],[24.06161,49.80726],[24.06158,49.80695],[24.06156,49.8069],[24.06147,49.80682],[24.06142,49.80673],[24.06142,49.80665],[24.06146,49.80653],[24.06153,49.80645],[24.06163,49.80639],[24.0622,49.80592],[24.06252,49.80541],[24.06287,49.805],[24.06333,49.8045],[24.06392,49.8038],[24.06491,49.80258],[24.0655,49.80201],[24.06602,49.80157],[24.06715,49.80062],[24.06777,49.80016],[24.06856,49.79973],[24.07082,49.79866],[24.07155,49.79766],[24.07194,49.79707],[24.07234,49.79648],[24.07237,49.79637],[24.07235,49.79626],[24.07228,49.79615],[24.07221,49.79609],[24.07212,49.79606],[24.06935,49.7955],[24.06733,49.79515],[24.06394,49.79452],[24.06137,49.79402],[24.06067,49.79391],[24.06,49.79388],[24.05871,49.79385],[24.05857,49.79374],[24.05848,49.79364],[24.05881,49.79299],[24.05896,49.79253],[24.05883,49.79245],[24.05868,49.79239],[24.05883,49.79245],[24.05896,49.79253],[24.05881,49.79299],[24.05848,49.79364],[24.05857,49.79374],[24.05871,49.79385],[24.06,49.79388],[24.06067,49.79391],[24.06137,49.79402],[24.06319,49.79438],[24.06137,49.79402],[24.06067,49.79391],[24.06,49.79388],[24.05871,49.79385],[24.05844,49.79395],[24.05816,49.7941],[24.05792,49.7943],[24.05747,49.79462],[24.05705,49.79487],[24.05673,49.79503],[24.0556,49.79547],[24.05477,49.79588],[24.05344,49.79658],[24.05123,49.79477],[24.05103,49.79465],[24.0506,49.79452],[24.0503,49.79446],[24.05,49.79443],[24.04978,49.79444],[24.04956,49.79448],[24.04828,49.79476],[24.04803,49.79477],[24.04649,49.7948],[24.04583,49.79479],[24.04532,49.79475],[24.04453,49.79463],[24.04532,49.79475],[24.04583,49.79479],[24.04649,49.7948],[24.04803,49.79477],[24.04828,49.79476],[24.04956,49.79448],[24.04978,49.79444],[24.05,49.79443],[24.0503,49.79446],[24.0506,49.79452],[24.05103,49.79465],[24.05123,49.79477],[24.05344,49.79658],[24.05365,49.79646],[24.05344,49.79658],[24.05319,49.79637],[24.04948,49.7983],[24.04882,49.79867],[24.04805,49.79904],[24.04774,49.79927],[24.04724,49.79947],[24.04702,49.79932],[24.04547,49.79846],[24.04487,49.79815],[24.04465,49.79808],[24.04425,49.798],[24.04394,49.79798],[24.04361,49.79799],[24.04328,49.79805],[24.04291,49.79815],[24.04184,49.79864],[24.04154,49.79873],[24.04114,49.79879],[24.04073,49.79876],[24.03943,49.79858],[24.03926,49.7986],[24.03909,49.79829],[24.03898,49.79794],[24.03891,49.79753],[24.03893,49.79716],[24.03903,49.79693],[24.03926,49.79659]]},"properties":{"line":"А37","dir":"0","mode":"bus"}},{"type":"Feature","geometry":{"type":"LineString","coordinates":[[24.04458,49.79464],[24.04255,49.79427],[24.04233,49.79425],[24.04184,49.79428],[24.04159,49.79431],[24.04117,49.79445],[24.04078,49.79466],[24.0406,49.79481],[24.04043,49.79499],[24.03936,49.79645],[24.03903,49.79693],[24.03893,49.79716],[24.03891,49.79753],[24.03893,49.79768],[24.03898,49.79794],[24.03907,49.79822],[24.03917,49.79846],[24.03926,49.7986],[24.03943,49.79858],[24.04073,49.79876],[24.04114,49.79879],[24.04154,49.79873],[24.04184,49.79864],[24.04243,49.79838],[24.04291,49.79815],[24.04329,49.79805],[24.04361,49.79799],[24.04394,49.79798],[24.04425,49.798],[24.04465,49.79808],[24.04487,49.79815],[24.04516,49.79829],[24.04702,49.79932],[24.04724,49.79947],[24.04774,49.79927],[24.04805,49.79904],[24.04882,49.79867],[24.04898,49.79857],[24.04885,49.79847],[24.04952,49.79812],[24.04885,49.79847],[24.04898,49.79857],[24.05162,49.79719],[24.05319,49.79637],[24.05344,49.79658],[24.05477,49.79588],[24.0556,49.79547],[24.05673,49.79503],[24.05705,49.79487],[24.05743,49.79465],[24.05792,49.7943],[24.05816,49.7941],[24.05844,49.79395],[24.05871,49.79385],[24.06,49.79388],[24.06067,49.79391],[24.06113,49.79398],[24.06167,49.79408],[24.06515,49.79475],[24.06733,49.79515],[24.06935,49.7955],[24.07212,49.79606],[24.07221,49.79609],[24.07228,49.79615],[24.07235,49.79626],[24.07237,49.79637],[24.07234,49.79648],[24.07188,49.79716],[24.07155,49.79766],[24.07082,49.79866],[24.06856,49.79973],[24.06777,49.80016],[24.06715,49.80062],[24.06568,49.80185],[24.06525,49.80224],[24.06491,49.80258],[24.06351,49.80428],[24.06252,49.80541],[24.0622,49.80591],[24.0622,49.80592],[24.06163,49.80639],[24.06153,49.80645],[24.06146,49.80653],[24.06142,49.80665],[24.06142,49.80673],[24.06147,49.80682],[24.06156,49.8069],[24.06158,49.80695],[24.06161,49.80726],[24.06159,49.80752],[24.06121,49.80914],[24.06109,49.81042],[24.06103,49.8114],[24.06097,49.81176],[24.06073,49.8126],[24.06055,49.81301],[24.06025,49.81355],[24.06008,49.81386],[24.06003,49.81412],[24.06002,49.81442],[24.06005,49.81465],[24.06015,49.81486],[24.06031,49.81505],[24.06045,49.81518],[24.0614,49.81584],[24.06157,49.81603],[24.06172,49.81622],[24.06168,49.81647],[24.0616,49.81658],[24.06133,49.81677],[24.06053,49.8172],[24.0579,49.81867],[24.05762,49.81887],[24.05593,49.82068],[24.05485,49.82186],[24.0543,49.82242],[24.05407,49.82259],[24.05355,49.82291],[24.05326,49.82307],[24.05283,49.82328],[24.05158,49.82382],[24.05047,49.82427],[24.05011,49.82444],[24.04919,49.82497],[24.04892,49.82508],[24.04866,49.82515],[24.04781,49.82534],[24.04402,49.82617],[24.04384,49.82622],[24.04359,49.82635],[24.04348,49.82647],[24.04345,49.82653],[24.04343,49.82661],[24.04345,49.82673],[24.04354,49.8269],[24.04363,49.82699],[24.04376,49.82707],[24.04392,49.82712],[24.04414,49.82715],[24.04434,49.82715],[24.04481,49.82712],[24.04506,49.82713],[24.04533,49.82719],[24.04556,49.82727],[24.04574,49.82736],[24.04584,49.82746],[24.04586,49.82751],[24.04584,49.82746],[24.04574,49.82736],[24.04556,49.82727],[24.04533,49.82719],[24.04506,49.82713],[24.04486,49.82712],[24.04434,49.82715],[24.04414,49.82715],[24.04392,49.82712],[24.04376,49.82707],[24.04363,49.82699],[24.04354,49.8269],[24.04345,49.82673],[24.04343,49.82661],[24.04348,49.82647],[24.04359,49.82635],[24.04369,49.82629],[24.04384,49.82622],[24.04402,49.82617],[24.04781,49.82534],[24.04866,49.82515],[24.04892,49.82508],[24.04919,49.82497],[24.05011,49.82444],[24.05047,49.82427],[24.0517,49.82377],[24.05283,49.82328],[24.05326,49.82307],[24.05355,49.82291],[24.05407,49.82259],[24.0543,49.82242],[24.05451,49.82222],[24.05522,49.82147],[24.05715,49.81936],[24.05762,49.81887],[24.0579,49.81867],[24.05915,49.81796],[24.06142,49.81671],[24.0616,49.81658],[24.06168,49.81647],[24.06172,49.81622],[24.06162,49.8161],[24.0614,49.81584],[24.06045,49.81518],[24.06031,49.81505],[24.06015,49.81486],[24.06005,49.81465],[24.06002,49.81442],[24.06002,49.8142],[24.06008,49.81386],[24.06021,49.81361],[24.06008,49.81386],[24.06002,49.8142],[24.06002,49.81442],[24.06005,49.81465],[24.06015,49.81486],[24.06031,49.81505],[24.06045,49.81518],[24.0614,49.81584],[24.06157,49.81603],[24.06172,49.81622],[24.06168,49.81647],[24.0616,49.81658],[24.06142,49.81671],[24.05984,49.81757],[24.0579,49.81867],[24.05762,49.81887],[24.05593,49.82068],[24.05485,49.82186],[24.05435,49.82237],[24.05407,49.82259],[24.05355,49.82291],[24.05326,49.82307],[24.05283,49.82328],[24.0517,49.82377],[24.05047,49.82427],[24.05011,49.82444],[24.04919,49.82497],[24.04892,49.82508],[24.04866,49.82515],[24.04781,49.82534],[24.04402,49.82617],[24.04384,49.82622],[24.04369,49.82629],[24.04359,49.82635],[24.04348,49.82647],[24.04345,49.82653],[24.04343,49.82661],[24.04345,49.82673],[24.04354,49.8269],[24.04363,49.82699],[24.04376,49.82707],[24.04392,49.82712],[24.04414,49.82715],[24.04452,49.82714],[24.04458,49.82729],[24.04478,49.82839],[24.04491,49.82862],[24.04491,49.82886],[24.04485,49.82919],[24.0447,49.82953],[24.04457,49.82966],[24.04372,49.83044],[24.04325,49.83084],[24.042,49.83183],[24.0414,49.83226],[24.04102,49.83249],[24.04058,49.83271],[24.03996,49.83295],[24.03851,49.83344],[24.03783,49.83364],[24.0364,49.83402],[24.0355,49.83426],[24.03519,49.83438],[24.03502,49.83451],[24.03492,49.83464],[24.0348,49.83487],[24.03486,49.83492],[24.03495,49.83505],[24.03496,49.83607],[24.03494,49.83615],[24.03491,49.8364],[24.03491,49.83691],[24.03495,49.83732],[24.03507,49.83784],[24.03534,49.83881],[24.03544,49.839],[24.0359,49.83963],[24.03601,49.83981],[24.0364,49.8403],[24.03638,49.84043],[24.03632,49.84051],[24.03585,49.84074],[24.03576,49.84084],[24.03585,49.84074],[24.03632,49.84051],[24.03638,49.84043],[24.0364,49.8403],[24.03601,49.83981],[24.0359,49.83963],[24.03544,49.839],[24.03534,49.83881],[24.03497,49.83741],[24.03491,49.83691],[24.03491,49.8364],[24.03496,49.83607],[24.03495,49.83505],[24.03486,49.83492],[24.0348,49.83487],[24.03492,49.83464],[24.03502,49.83451],[24.03509,49.83444],[24.03519,49.83438],[24.03536,49.8343],[24.03579,49.83419],[24.03783,49.83364],[24.03858,49.83342],[24.04022,49.83285],[24.04058,49.83271],[24.04102,49.83249],[24.04172,49.83204],[24.0425,49.83144],[24.04336,49.83074],[24.04406,49.83012],[24.0447,49.82953],[24.04485,49.82919],[24.04491,49.82886],[24.04491,49.82862],[24.04478,49.82839],[24.04458,49.82729],[24.04452,49.82714],[24.04414,49.82715],[24.04392,49.82712],[24.04376,49.82707],[24.04363,49.82699],[24.04354,49.8269],[24.04345,49.82673],[24.04343,49.82661],[24.04345,49.82653],[24.04348,49.82647],[24.04359,49.82635],[24.04369,49.82629],[24.04384,49.82622],[24.04402,49.82617],[24.04781,49.82534],[24.04866,49.82515],[24.04892,49.82508],[24.04919,49.82497],[24.05011,49.82444],[24.05047,49.82427],[24.05153,49.82384],[24.05047,49.82427],[24.05011,49.82444],[24.04919,49.82497],[24.04892,49.82508],[24.04866,49.82515],[24.04781,49.82534],[24.04402,49.82617],[24.04384,49.82622],[24.04369,49.82629],[24.04359,49.82635],[24.04348,49.82647],[24.04345,49.82653],[24.04343,49.82661],[24.04345,49.82673],[24.04354,49.8269],[24.04363,49.82699],[24.04376,49.82707],[24.04392,49.82712],[24.04414,49.82715],[24.04452,49.82714],[24.04458,49.82729],[24.04478,49.82839],[24.04491,49.82862],[24.04491,49.82886],[24.04485,49.82919],[24.0447,49.82953],[24.04457,49.82966],[24.04372,49.83044],[24.04325,49.83084],[24.042,49.83183],[24.0414,49.83226],[24.04102,49.83249],[24.04058,49.83271],[24.03996,49.83295],[24.03851,49.83344],[24.03783,49.83364],[24.0364,49.83402],[24.0355,49.83426],[24.03519,49.83438],[24.03502,49.83451],[24.03492,49.83464],[24.0348,49.83487],[24.03486,49.83492],[24.03495,49.83505],[24.03496,49.83607],[24.03494,49.83615],[24.03491,49.8364],[24.03491,49.83691],[24.03495,49.83732],[24.03507,49.83784],[24.03534,49.83881],[24.03544,49.839],[24.0359,49.83963],[24.03601,49.83981],[24.0364,49.8403],[24.03673,49.84071],[24.03665,49.84115],[24.03643,49.84182],[24.03635,49.84195],[24.03615,49.84201],[24.036,49.84203],[24.0353,49.84203],[24.0353,49.84203],[24.0348,49.84346],[24.03463,49.84389],[24.03455,49.84396],[24.03439,49.844],[24.03382,49.84406],[24.03318,49.84441],[24.03321,49.84442],[24.03057,49.84463],[24.03196,49.84451],[24.03204,49.8442],[24.03439,49.844],[24.03455,49.84396],[24.03463,49.84389],[24.0348,49.84346],[24.0353,49.84203],[24.036,49.84203],[24.03615,49.84201],[24.03635,49.84195],[24.03643,49.84182],[24.03665,49.84115],[24.03673,49.84071],[24.03601,49.83981],[24.0359,49.83963],[24.03544,49.839],[24.03534,49.83881],[24.03495,49.83732],[24.03491,49.83691],[24.03491,49.8364],[24.03496,49.83607],[24.03495,49.83505],[24.03486,49.83492],[24.0348,49.83487],[24.03492,49.83464],[24.03502,49.83451],[24.03509,49.83444],[24.03519,49.83438],[24.03536,49.8343],[24.03579,49.83419],[24.03783,49.83364],[24.03858,49.83342],[24.04022,49.83285],[24.04058,49.83271],[24.04102,49.83249],[24.04172,49.83204],[24.0425,49.83144],[24.04336,49.83074],[24.04406,49.83012],[24.0447,49.82953],[24.04485,49.82919],[24.04491,49.82886],[24.04491,49.82862],[24.04478,49.82839],[24.04458,49.82729],[24.04452,49.82714],[24.04481,49.82712],[24.04513,49.82714],[24.04481,49.82712],[24.04452,49.82714],[24.04458,49.82729],[24.04478,49.82839],[24.04491,49.82862],[24.04491,49.82886],[24.04485,49.82919],[24.0447,49.82953],[24.04441,49.82981],[24.04372,49.83044],[24.04311,49.83095],[24.042,49.83183],[24.04172,49.83204],[24.04129,49.83232],[24.04102,49.83249],[24.04058,49.83271],[24.03959,49.83308],[24.03858,49.83342],[24.03783,49.83364],[24.03596,49.83414],[24.0355,49.83426],[24.03519,49.83438],[24.03502,49.83451],[24.03492,49.83464],[24.0348,49.83487],[24.03486,49.83492],[24.03495,49.83505],[24.03496,49.83607],[24.03494,49.83615],[24.03491,49.8364],[24.03491,49.83691],[24.03496,49.83737],[24.03507,49.83784],[24.03534,49.83881],[24.03544,49.839],[24.0359,49.83963],[24.03601,49.83981],[24.0364,49.8403],[24.03673,49.84071],[24.03665,49.84115],[24.03643,49.84182],[24.03635,49.84195],[24.03615,49.84201],[24.036,49.84203],[24.0353,49.84203],[24.03513,49.84252],[24.03463,49.84389],[24.03455,49.84396],[24.03439,49.844],[24.03382,49.84406],[24.03103,49.84428],[24.02962,49.84437],[24.02956,49.84438],[24.02951,49.8446],[24.02947,49.84466],[24.02925,49.84475],[24.02842,49.84476],[24.02831,49.84481],[24.0277,49.84481],[24.02722,49.84481],[24.02688,49.84497],[24.02658,49.84531],[24.02623,49.84543],[24.02576,49.84556],[24.0256,49.84562],[24.02551,49.84568],[24.02547,49.84573],[24.02546,49.84579],[24.02553,49.84639],[24.02562,49.84694],[24.02575,49.84788],[24.02581,49.84841],[24.0258,49.84852],[24.02579,49.84862],[24.02567,49.84889],[24.02496,49.85018],[24.02465,49.85048],[24.02446,49.85047],[24.02298,49.8539],[24.02175,49.85628],[24.02149,49.8565],[24.02139,49.85653],[24.0213,49.85658],[24.02124,49.85664],[24.0212,49.85671],[24.0212,49.85679],[24.02126,49.85704],[24.02124,49.8571],[24.01981,49.85983],[24.0194,49.86056],[24.01815,49.86293],[24.0169,49.86524],[24.01599,49.86699],[24.01601,49.86732],[24.01608,49.86756],[24.0162,49.86763],[24.01629,49.86765],[24.0162,49.86763],[24.01608,49.86756],[24.01539,49.8671],[24.01541,49.86715],[24.01539,49.8671],[24.01558,49.86711],[24.01574,49.8671],[24.01584,49.86707],[24.01599,49.86699],[24.0169,49.86524],[24.01815,49.86293],[24.0194,49.86056],[24.01972,49.85998],[24.02124,49.8571],[24.02126,49.85704],[24.02123,49.85685],[24.0212,49.85671],[24.02124,49.85664],[24.0213,49.85658],[24.02139,49.85653],[24.02149,49.8565],[24.02175,49.85628],[24.02298,49.8539],[24.02446,49.85047],[24.02465,49.85048],[24.02496,49.85018],[24.02506,49.84999],[24.02567,49.84889],[24.02579,49.84862],[24.02581,49.84841],[24.02561,49.84683],[24.02581,49.84841],[24.02579,49.84862],[24.02567,49.84889],[24.02496,49.85018],[24.02465,49.85048],[24.02446,49.85047],[24.02298,49.8539],[24.02175,49.85628],[24.02149,49.8565],[24.02139,49.85653],[24.0213,49.85658],[24.02124,49.85664],[24.0212,49.85671],[24.0212,49.85679],[24.02126,49.85704],[24.02124,49.8571],[24.01981,49.85983],[24.0194,49.86056],[24.01815,49.86293],[24.0169,49.86524],[24.01599,49.86699],[24.01584,49.86707],[24.01574,49.8671],[24.01558,49.86711],[24.01539,49.8671],[24.01524,49.86701],[24.01523,49.86707],[24.01508,49.86727],[24.01523,49.86707],[24.01524,49.86701],[24.01539,49.8671],[24.01558,49.86711],[24.01574,49.8671],[24.01584,49.86707],[24.01599,49.86699],[24.0169,49.86524],[24.01815,49.86293],[24.01895,49.86141],[24.01918,49.86145],[24.01995,49.86004],[24.0208,49.85842],[24.02142,49.85726],[24.02153,49.85714],[24.02174,49.857],[24.0219,49.85693],[24.02196,49.85687],[24.022,49.8568],[24.02201,49.85673],[24.02197,49.85664],[24.02192,49.85631],[24.02265,49.85488],[24.02322,49.85376],[24.02432,49.85118],[24.02322,49.85376],[24.0229,49.8544],[24.02192,49.85631],[24.02197,49.85664],[24.02201,49.85673],[24.022,49.8568],[24.02196,49.85687],[24.0219,49.85693],[24.02174,49.857],[24.02153,49.85714],[24.02142,49.85726],[24.02006,49.85985],[24.01918,49.86145],[24.01895,49.86141],[24.01815,49.86293],[24.0169,49.86524],[24.01599,49.86699],[24.01584,49.86707],[24.01574,49.8671],[24.01558,49.86711],[24.01539,49.8671],[24.01524,49.86701],[24.01523,49.86707],[24.01432,49.86839],[24.01421,49.86849],[24.01396,49.86862],[24.01075,49.86951],[24.00883,49.87],[24.00794,49.87023],[24.00624,49.87074],[24.00524,49.87086],[24.00387,49.87128],[24.00282,49.87132],[24.00293,49.87113],[24.00282,49.87132],[24.00387,49.87128],[24.00524,49.87086],[24.00624,49.87074],[24.00794,49.87023],[24.01075,49.86951],[24.01396,49.86862],[24.01421,49.86849],[24.01432,49.86839],[24.01479,49.86769],[24.01523,49.86707],[24.01524,49.86701],[24.01539,49.8671],[24.01558,49.86711],[24.01574,49.8671],[24.01584,49.86707],[24.01599,49.86699],[24.0169,49.86524],[24.01815,49.86293],[24.01895,49.86141],[24.01918,49.86145],[24.01995,49.86004],[24.02117,49.85771],[24.02006,49.85985],[24.01855,49.86264],[24.01685,49.86586],[24.01674,49.86607],[24.01659,49.86647],[24.01655,49.86667],[24.01654,49.86689],[24.01657,49.86746],[24.01652,49.86755],[24.01643,49.86762],[24.01638,49.86765],[24.0162,49.86763],[24.01608,49.86756],[24.01524,49.86701],[24.01523,49.86707],[24.01507,49.8673],[24.01432,49.86839],[24.01421,49.86849],[24.01396,49.86862],[24.01374,49.86869],[24.01247,49.86904],[24.01,49.86971],[24.00872,49.87003],[24.00794,49.87023],[24.00624,49.87074],[24.00523,49.87087]]},"properties":{"line":"А37","dir":"1","mode":"bus"}},{"type":"Feature","geometry":{"type":"LineString","coordinates":[[24.07636,49.85464],[24.07717,49.85378],[24.07739,49.85343],[24.07745,49.85323],[24.07747,49.85309],[24.07739,49.85218],[24.0774,49.85188],[24.07746,49.85168],[24.07759,49.8515],[24.07788,49.85128],[24.07877,49.85082],[24.079,49.85074],[24.07925,49.85067],[24.07941,49.85066],[24.08066,49.85057],[24.08112,49.8505],[24.08149,49.85036],[24.08175,49.85021],[24.08249,49.84967],[24.08331,49.84904],[24.08354,49.84887],[24.08438,49.84824],[24.08463,49.84797],[24.08418,49.8479],[24.08252,49.84769],[24.0824,49.84763],[24.08203,49.84734],[24.08172,49.84721],[24.08144,49.84712],[24.08029,49.84678],[24.08012,49.84671],[24.08005,49.84664],[24.07953,49.84589],[24.07934,49.84567],[24.07924,49.8456],[24.07916,49.84557],[24.079,49.84556],[24.07867,49.8456],[24.07778,49.8456],[24.07726,49.84556],[24.07697,49.8455],[24.07384,49.84423],[24.06909,49.84226],[24.06879,49.84213],[24.06858,49.8419],[24.06851,49.84185],[24.06835,49.84178],[24.06817,49.84176],[24.06764,49.84175],[24.0675,49.84171],[24.06743,49.84164],[24.06739,49.84153],[24.06736,49.84057],[24.06673,49.84015],[24.06666,49.84006],[24.06658,49.83979],[24.06661,49.83961],[24.06673,49.83937],[24.06737,49.83829],[24.0675,49.83802],[24.06757,49.83779],[24.06758,49.83757],[24.06755,49.83749],[24.06739,49.83726],[24.06752,49.8372],[24.06788,49.83712],[24.06826,49.83715],[24.06844,49.83714],[24.06865,49.8371],[24.07038,49.83618],[24.07036,49.83614],[24.0703,49.83594],[24.06876,49.836],[24.06723,49.83609],[24.06653,49.83616],[24.06381,49.8366],[24.06251,49.83685],[24.06086,49.83722],[24.05667,49.83812],[24.05553,49.83839],[24.05547,49.83841],[24.05491,49.83854],[24.05405,49.83877],[24.05127,49.83957],[24.04923,49.84001],[24.04877,49.84011],[24.04714,49.84061],[24.0469,49.84067],[24.04643,49.84075],[24.04623,49.84075],[24.04564,49.84071],[24.04467,49.84057],[24.04411,49.84046],[24.04316,49.84024],[24.04219,49.84001],[24.04183,49.83996],[24.04146,49.83993],[24.03968,49.83986],[24.03822,49.83983],[24.036,49.83978],[24.03643,49.84034],[24.03632,49.84051],[24.03617,49.8406],[24.03597,49.84066],[24.03585,49.84074],[24.03574,49.84094],[24.03585,49.84074],[24.03597,49.84066],[24.03617,49.8406],[24.03632,49.84051],[24.03643,49.84034],[24.036,49.83978],[24.038,49.83982],[24.036,49.83978],[24.03643,49.84034],[24.03664,49.8406],[24.03667,49.84073],[24.03643,49.8418],[24.03635,49.84194],[24.03615,49.84201],[24.036,49.84203],[24.0353,49.84203],[24.03462,49.84375],[24.03454,49.84389],[24.03448,49.84394],[24.03437,49.84398],[24.03382,49.84406],[24.03363,49.84414],[24.03318,49.84441],[24.03295,49.84443],[24.03196,49.8445],[24.03046,49.84464],[24.03196,49.8445],[24.03204,49.8442],[24.03341,49.84408],[24.03382,49.84406],[24.03437,49.84398],[24.03448,49.84394],[24.03454,49.84389],[24.03462,49.84375],[24.03511,49.84251],[24.03462,49.84375],[24.03454,49.84389],[24.03448,49.84394],[24.03437,49.84398],[24.03382,49.84406],[24.03341,49.84408],[24.03103,49.84428],[24.02952,49.84438],[24.02943,49.84468],[24.0292,49.84474],[24.02842,49.84474],[24.02832,49.84479],[24.0277,49.84479],[24.02722,49.84479],[24.02686,49.845],[24.02675,49.84515],[24.02655,49.8453],[24.02622,49.84543],[24.02571,49.84556],[24.02546,49.84568],[24.02542,49.84573],[24.02541,49.84579],[24.02561,49.84683],[24.02581,49.84841],[24.02579,49.84862],[24.02567,49.84889],[24.02524,49.84965],[24.02494,49.8501],[24.02464,49.85047],[24.02455,49.85061],[24.02432,49.85118],[24.02322,49.85376],[24.0229,49.8544],[24.02192,49.85632],[24.02198,49.8566],[24.0221,49.8568],[24.02226,49.85699],[24.02241,49.85712],[24.02321,49.85752],[24.02365,49.85779],[24.02682,49.86011],[24.02669,49.86149],[24.02661,49.86213],[24.02645,49.8631],[24.02631,49.8634],[24.02832,49.86464],[24.02846,49.86472],[24.02864,49.86479],[24.02981,49.86515],[24.03199,49.86569],[24.03282,49.86593],[24.03362,49.86613],[24.03388,49.86617],[24.03491,49.86625],[24.04121,49.86662],[24.04374,49.86678],[24.04399,49.86681],[24.04418,49.86592],[24.04429,49.86548],[24.04432,49.86526],[24.04458,49.86529],[24.04593,49.86538],[24.04676,49.86538],[24.04752,49.86535],[24.05168,49.86503],[24.05204,49.865],[24.05274,49.86523],[24.05288,49.8653],[24.05326,49.86542],[24.05357,49.86558],[24.05621,49.86866],[24.05723,49.86986],[24.05537,49.87063],[24.05226,49.87199]]},"properties":{"line":"А39","dir":"0","mode":"bus"}},{"type":"Feature","geometry":{"type":"LineString","coordinates":[[24.04986,49.87316],[24.04965,49.87306],[24.04997,49.87296],[24.05061,49.8727],[24.05536,49.87064],[24.05723,49.86986],[24.05693,49.86951],[24.05357,49.86558],[24.05354,49.86537],[24.05361,49.86513],[24.05365,49.865],[24.05364,49.86492],[24.0536,49.86484],[24.05353,49.86477],[24.05343,49.86472],[24.05332,49.86468],[24.05343,49.86472],[24.05353,49.86477],[24.0536,49.86484],[24.05364,49.86492],[24.05365,49.865],[24.05363,49.86508],[24.05354,49.86537],[24.05357,49.86558],[24.05685,49.86941],[24.05357,49.86558],[24.05326,49.86542],[24.05288,49.8653],[24.05274,49.86523],[24.05204,49.865],[24.05067,49.8651],[24.04752,49.86535],[24.04676,49.86538],[24.04593,49.86538],[24.04458,49.86529],[24.04432,49.86526],[24.04429,49.86548],[24.04423,49.8657],[24.04399,49.86681],[24.04374,49.86678],[24.04117,49.86661],[24.03491,49.86625],[24.03388,49.86617],[24.03362,49.86613],[24.03282,49.86593],[24.03199,49.86569],[24.02981,49.86515],[24.02864,49.86479],[24.02846,49.86472],[24.02805,49.86447],[24.02631,49.8634],[24.02645,49.8631],[24.02649,49.86292],[24.02665,49.86183],[24.02673,49.86104],[24.02682,49.86011],[24.02641,49.85981],[24.02365,49.85779],[24.02321,49.85752],[24.02241,49.85712],[24.02216,49.85704],[24.02178,49.85696],[24.02169,49.85697],[24.02157,49.85698],[24.02145,49.85696],[24.02135,49.85691],[24.02124,49.85681],[24.02135,49.85691],[24.02145,49.85696],[24.02157,49.85698],[24.02169,49.85697],[24.02178,49.85696],[24.02216,49.85704],[24.02241,49.85712],[24.02321,49.85752],[24.02365,49.85779],[24.02616,49.85963],[24.02365,49.85779],[24.02321,49.85752],[24.02241,49.85712],[24.02226,49.85699],[24.0221,49.8568],[24.02201,49.85667],[24.02194,49.85657],[24.02183,49.8565],[24.02174,49.85647],[24.02156,49.85646],[24.02147,49.85648],[24.02165,49.85636],[24.02175,49.85628],[24.02191,49.85596],[24.02272,49.85441],[24.02309,49.85368],[24.02446,49.85047],[24.02448,49.85032],[24.02446,49.84994],[24.02448,49.85032],[24.02446,49.85047],[24.02309,49.85368],[24.02279,49.85428],[24.02309,49.85368],[24.02446,49.85047],[24.02464,49.85047],[24.02494,49.8501],[24.02502,49.84997],[24.02496,49.84983],[24.02486,49.84975],[24.02497,49.84973],[24.02506,49.84968],[24.02522,49.84941],[24.02561,49.84869],[24.02565,49.8485],[24.0256,49.84788],[24.02549,49.84714],[24.02535,49.84633],[24.02524,49.84573],[24.02522,49.84539],[24.02546,49.84456],[24.02553,49.84442],[24.02555,49.84442],[24.02553,49.84442],[24.02546,49.84456],[24.02526,49.84526],[24.02522,49.84539],[24.02523,49.84552],[24.02522,49.84539],[24.02526,49.84526],[24.02533,49.84543],[24.02543,49.8455],[24.02557,49.84554],[24.02571,49.84556],[24.02622,49.84543],[24.02655,49.8453],[24.02675,49.84515],[24.02686,49.845],[24.02722,49.84479],[24.02832,49.84479],[24.02842,49.84474],[24.0292,49.84474],[24.02943,49.84468],[24.02952,49.84438],[24.03204,49.8442],[24.03196,49.8445],[24.03318,49.84441],[24.03319,49.8444],[24.03318,49.84441],[24.03163,49.84454],[24.03196,49.8445],[24.03204,49.8442],[24.03341,49.84408],[24.03382,49.84406],[24.03437,49.84398],[24.03448,49.84394],[24.03454,49.84389],[24.03462,49.84375],[24.03474,49.84346],[24.0357,49.84102],[24.03578,49.84085],[24.03587,49.84074],[24.03578,49.84085],[24.0357,49.84102],[24.03501,49.84277],[24.0353,49.84203],[24.036,49.84203],[24.03615,49.84201],[24.03635,49.84194],[24.03643,49.8418],[24.03667,49.84073],[24.03664,49.8406],[24.036,49.83978],[24.03718,49.8398],[24.03968,49.83986],[24.04146,49.83993],[24.04183,49.83996],[24.04219,49.84001],[24.04329,49.84027],[24.04411,49.84046],[24.04467,49.84057],[24.04564,49.84071],[24.04623,49.84075],[24.04643,49.84075],[24.0469,49.84067],[24.04722,49.84059],[24.04877,49.84011],[24.04987,49.83987],[24.05127,49.83957],[24.05321,49.83901],[24.05491,49.83854],[24.05667,49.83812],[24.05972,49.83747],[24.05667,49.83812],[24.05491,49.83854],[24.05403,49.83878],[24.05491,49.83854],[24.05667,49.83812],[24.0602,49.83736],[24.06284,49.83679],[24.06381,49.8366],[24.06476,49.83646],[24.06482,49.83655],[24.06491,49.83658],[24.06626,49.83665],[24.06654,49.8367],[24.06663,49.83675],[24.06677,49.83687],[24.06691,49.83717],[24.067,49.83723],[24.06714,49.83726],[24.06739,49.83726],[24.06755,49.83749],[24.06758,49.83757],[24.06757,49.83779],[24.0675,49.83802],[24.06737,49.83829],[24.06678,49.83928],[24.06665,49.83952],[24.0666,49.83969],[24.06658,49.83979],[24.06666,49.84006],[24.06673,49.84015],[24.06736,49.84057],[24.06739,49.84153],[24.06743,49.84164],[24.0675,49.84171],[24.06764,49.84175],[24.06817,49.84176],[24.06835,49.84178],[24.06851,49.84185],[24.06858,49.8419],[24.06879,49.84213],[24.06918,49.84229],[24.07365,49.84415],[24.07697,49.8455],[24.07726,49.84556],[24.07778,49.8456],[24.07867,49.8456],[24.079,49.84556],[24.07916,49.84557],[24.07924,49.8456],[24.07934,49.84567],[24.07953,49.84589],[24.08005,49.84664],[24.08012,49.84671],[24.08029,49.84678],[24.08108,49.84701],[24.08172,49.84721],[24.08203,49.84734],[24.0824,49.84763],[24.08252,49.84769],[24.08418,49.8479],[24.08463,49.84797],[24.08438,49.84824],[24.08313,49.84918],[24.08249,49.84967],[24.08175,49.85021],[24.08149,49.85036],[24.08112,49.8505],[24.08066,49.85057],[24.07956,49.85064],[24.0792,49.85068],[24.079,49.85074],[24.07877,49.85082],[24.07788,49.85128],[24.07759,49.8515],[24.07746,49.85168],[24.0774,49.85188],[24.07739,49.85218],[24.07743,49.85255],[24.07747,49.85309],[24.07745,49.85323],[24.07739,49.85343],[24.07717,49.85378],[24.07579,49.85525],[24.07566,49.85525],[24.07553,49.85528],[24.07525,49.85549],[24.07492,49.85578],[24.07474,49.85598],[24.07429,49.85584],[24.07397,49.85618],[24.07405,49.85625],[24.07419,49.85637],[24.07433,49.85652],[24.07448,49.85665],[24.07608,49.85494],[24.07646,49.85453],[24.07717,49.85378],[24.07739,49.85343],[24.07747,49.85309],[24.07739,49.85218],[24.0774,49.85188],[24.07746,49.85168],[24.07759,49.8515],[24.07788,49.85128],[24.07877,49.85082],[24.07906,49.85072],[24.07877,49.85082],[24.07788,49.85128],[24.07759,49.8515],[24.07746,49.85168],[24.0774,49.85188],[24.07739,49.85218],[24.07745,49.85285],[24.07747,49.85309],[24.07739,49.85343],[24.07717,49.85378],[24.07673,49.85424]]},"properties":{"line":"А39","dir":"1","mode":"bus"}},{"type":"Feature","geometry":{"type":"LineString","coordinates":[[24.0328,49.8393],[24.03317,49.8393],[24.03337,49.83929],[24.0339,49.83917],[24.03534,49.83881],[24.03543,49.83899],[24.036,49.83978],[24.03718,49.8398],[24.03968,49.83986],[24.04146,49.83993],[24.04183,49.83996],[24.04219,49.84001],[24.04329,49.84027],[24.04411,49.84046],[24.04467,49.84057],[24.04564,49.84071],[24.04623,49.84075],[24.04643,49.84075],[24.0469,49.84067],[24.04722,49.84059],[24.04877,49.84011],[24.04987,49.83987],[24.05127,49.83957],[24.05403,49.83878],[24.05491,49.83854],[24.05667,49.83812],[24.05972,49.83747],[24.0602,49.83736],[24.06284,49.83679],[24.06381,49.8366],[24.06476,49.83646],[24.06482,49.83655],[24.06491,49.83658],[24.06626,49.83665],[24.06654,49.8367],[24.06663,49.83675],[24.06677,49.83687],[24.06691,49.83717],[24.067,49.83723],[24.06714,49.83726],[24.06739,49.83726],[24.06755,49.83749],[24.06758,49.83757],[24.06757,49.83779],[24.0675,49.83802],[24.06737,49.83829],[24.06678,49.83928],[24.06665,49.83952],[24.0666,49.83969],[24.06658,49.83979],[24.06666,49.84006],[24.06673,49.84015],[24.06736,49.84057],[24.06739,49.84153],[24.06743,49.84164],[24.0675,49.84171],[24.06764,49.84175],[24.06817,49.84176],[24.06835,49.84178],[24.06851,49.84185],[24.06858,49.8419],[24.06879,49.84213],[24.06918,49.84229],[24.07365,49.84415],[24.07697,49.8455],[24.07726,49.84556],[24.07778,49.8456],[24.07867,49.8456],[24.079,49.84556],[24.07916,49.84557],[24.07924,49.8456],[24.07934,49.84567],[24.07953,49.84589],[24.08005,49.84664],[24.08012,49.84671],[24.08029,49.84678],[24.08108,49.84701],[24.08172,49.84721],[24.08203,49.84734],[24.0824,49.84763],[24.08252,49.84769],[24.08418,49.8479],[24.08463,49.84797],[24.08438,49.84824],[24.08313,49.84918],[24.08249,49.84967],[24.08175,49.85021],[24.08149,49.85036],[24.08112,49.8505],[24.08066,49.85057],[24.07956,49.85064],[24.07925,49.85067],[24.07906,49.85072],[24.07877,49.85082],[24.07788,49.85128],[24.07759,49.8515],[24.07746,49.85168],[24.0774,49.85188],[24.07739,49.85218],[24.07747,49.85309],[24.07739,49.85343],[24.07717,49.85378],[24.07673,49.85424]]},"properties":{"line":"А39а","dir":"0","mode":"bus"}},{"type":"Feature","geometry":{"type":"LineString","coordinates":[[24.07636,49.85464],[24.07717,49.85378],[24.07739,49.85343],[24.07747,49.85309],[24.07739,49.85218],[24.0774,49.85188],[24.07746,49.85168],[24.07759,49.8515],[24.07788,49.85128],[24.07877,49.85082],[24.079,49.85074],[24.07925,49.85067],[24.07941,49.85066],[24.08066,49.85057],[24.08112,49.8505],[24.08149,49.85036],[24.08175,49.85021],[24.08249,49.84967],[24.08331,49.84904],[24.08354,49.84887],[24.08438,49.84824],[24.08463,49.84797],[24.08418,49.8479],[24.08252,49.84769],[24.0824,49.84763],[24.08203,49.84734],[24.08172,49.84721],[24.08144,49.84712],[24.08029,49.84678],[24.08012,49.84671],[24.08005,49.84664],[24.07953,49.84589],[24.07934,49.84567],[24.07924,49.8456],[24.07916,49.84557],[24.079,49.84556],[24.07867,49.8456],[24.07778,49.8456],[24.07726,49.84556],[24.07697,49.8455],[24.07384,49.84423],[24.06909,49.84226],[24.06879,49.84213],[24.06858,49.8419],[24.06851,49.84185],[24.06835,49.84178],[24.06817,49.84176],[24.06764,49.84175],[24.0675,49.84171],[24.06743,49.84164],[24.06739,49.84153],[24.06736,49.84057],[24.06673,49.84015],[24.06666,49.84006],[24.06658,49.83979],[24.06661,49.83961],[24.06673,49.83937],[24.06737,49.83829],[24.0675,49.83802],[24.06757,49.83779],[24.06758,49.83757],[24.06755,49.83749],[24.06739,49.83726],[24.06714,49.83726],[24.067,49.83723],[24.06691,49.83717],[24.06677,49.83687],[24.06663,49.83675],[24.06654,49.8367],[24.06626,49.83665],[24.06491,49.83658],[24.06482,49.83655],[24.06476,49.83646],[24.06381,49.8366],[24.06251,49.83685],[24.06086,49.83722],[24.05667,49.83812],[24.05553,49.83839],[24.05667,49.83812],[24.06086,49.83722],[24.05667,49.83812],[24.05547,49.83841],[24.05491,49.83854],[24.05405,49.83877],[24.05127,49.83957],[24.04923,49.84001],[24.04877,49.84011],[24.04714,49.84061],[24.0469,49.84067],[24.04643,49.84075],[24.04623,49.84075],[24.04564,49.84071],[24.04467,49.84057],[24.04411,49.84046],[24.04316,49.84024],[24.04219,49.84001],[24.04183,49.83996],[24.04146,49.83993],[24.03968,49.83986],[24.03822,49.83983],[24.036,49.83978],[24.03543,49.83899],[24.03534,49.83881],[24.03501,49.83764],[24.03497,49.83741],[24.03356,49.83691],[24.03379,49.8367],[24.03453,49.83643],[24.03379,49.8367],[24.03356,49.83691],[24.03497,49.83741],[24.03506,49.83783],[24.03534,49.83881],[24.03543,49.83899],[24.036,49.83978],[24.038,49.83982],[24.036,49.83978],[24.03543,49.83899],[24.03534,49.83881],[24.03501,49.83764],[24.03491,49.83691],[24.03491,49.83665]]},"properties":{"line":"А39а","dir":"1","mode":"bus"}},{"type":"Feature","geometry":{"type":"LineString","coordinates":[[24.01271,49.77414],[24.01372,49.77417],[24.01386,49.77417],[24.01402,49.77421],[24.01424,49.77422],[24.01417,49.77714],[24.01413,49.77811],[24.01405,49.78149],[24.01406,49.78243],[24.01424,49.78423],[24.01453,49.78594],[24.01495,49.78783],[24.01784,49.78757],[24.01778,49.78748],[24.01774,49.78745],[24.01761,49.7874],[24.01774,49.78745],[24.01778,49.78748],[24.01784,49.78757],[24.0179,49.78782],[24.01707,49.7879],[24.0179,49.78782],[24.01784,49.78757],[24.01778,49.78748],[24.01774,49.78745],[24.01762,49.78741],[24.01754,49.7874],[24.01679,49.78747],[24.01656,49.78749],[24.01645,49.78758],[24.01644,49.7877],[24.01495,49.78783],[24.01503,49.7881],[24.01527,49.78921],[24.01602,49.79262],[24.01648,49.79471],[24.01719,49.798],[24.01804,49.80168],[24.01799,49.80192],[24.01902,49.8018],[24.0222,49.80143],[24.0251,49.80098],[24.03124,49.80024],[24.03131,49.80024],[24.03373,49.79997],[24.03427,49.79993],[24.03546,49.79991],[24.03625,49.79992],[24.03685,49.79995],[24.03826,49.80009],[24.03975,49.80033],[24.04066,49.80054],[24.04237,49.80094],[24.04293,49.80097],[24.04327,49.80094],[24.04375,49.80084],[24.044,49.80075],[24.04569,49.7999],[24.04589,49.79983],[24.04694,49.79956],[24.04775,49.79928],[24.04797,49.79911],[24.04828,49.79891],[24.04877,49.79863],[24.05162,49.79718],[24.05319,49.79637],[24.05498,49.79542],[24.05543,49.79516],[24.0565,49.79452],[24.05713,49.79409],[24.0574,49.79387],[24.05755,49.79371],[24.05785,49.79333],[24.05807,49.79294],[24.05825,49.79244],[24.05842,49.79238],[24.05852,49.79237],[24.05869,49.79239],[24.05883,49.79245],[24.05896,49.79253],[24.05881,49.79299],[24.05849,49.79361],[24.05859,49.79375],[24.0587,49.79386],[24.06059,49.79389],[24.06113,49.79397],[24.06167,49.79408],[24.06515,49.79475],[24.07195,49.79601],[24.07214,49.79608],[24.07226,49.79616],[24.07234,49.79626],[24.07237,49.79633],[24.07236,49.79642],[24.07232,49.79653],[24.07188,49.79716],[24.07084,49.79865],[24.06896,49.79954],[24.06799,49.80003],[24.06755,49.80029],[24.06615,49.80142],[24.06544,49.80204],[24.06524,49.80223],[24.0649,49.80258],[24.0639,49.80379],[24.06273,49.80513],[24.0625,49.80541],[24.06218,49.8059],[24.06211,49.80601],[24.06157,49.80641],[24.06147,49.80647],[24.0614,49.80654],[24.06136,49.80667],[24.06136,49.80674],[24.06141,49.80683],[24.0615,49.80691],[24.06154,49.80703],[24.06156,49.8074],[24.06155,49.80751],[24.06116,49.80914],[24.061,49.8114],[24.06095,49.81176],[24.06072,49.8126],[24.06054,49.81301],[24.0602,49.81361],[24.06008,49.81386],[24.06004,49.81403],[24.06002,49.8145],[24.06009,49.81479],[24.06018,49.81493],[24.06044,49.81518],[24.06147,49.81589],[24.06169,49.81595],[24.062,49.81597],[24.063,49.81598],[24.06446,49.816],[24.06785,49.81619],[24.06828,49.81617],[24.06922,49.81605],[24.06989,49.81593],[24.07048,49.81579],[24.07229,49.81532],[24.07536,49.81451],[24.07648,49.81421],[24.07697,49.8141],[24.07737,49.81404],[24.07781,49.81398],[24.07818,49.81396],[24.07835,49.81398],[24.07718,49.81702],[24.07507,49.82255],[24.07498,49.82281],[24.07495,49.823],[24.07512,49.82378],[24.07513,49.82392],[24.07511,49.82419],[24.07505,49.82446],[24.075,49.82459],[24.07479,49.82496],[24.07463,49.82516],[24.07422,49.82552],[24.07392,49.82572],[24.07375,49.82581],[24.0729,49.82622],[24.07237,49.82651],[24.07222,49.82666],[24.07123,49.82779],[24.06907,49.83031],[24.06881,49.83053],[24.06844,49.83074],[24.06707,49.83145],[24.06689,49.83162],[24.06683,49.83175],[24.06682,49.83184],[24.0669,49.83213],[24.06698,49.83226],[24.06735,49.83256],[24.0675,49.83271],[24.06761,49.83289],[24.0683,49.83564],[24.06849,49.83586],[24.06876,49.836],[24.07153,49.83589],[24.07554,49.83573],[24.08058,49.83553],[24.0816,49.83536],[24.08416,49.83485],[24.08745,49.8342],[24.08816,49.83402],[24.08914,49.83375],[24.08942,49.83365],[24.08966,49.83353],[24.08993,49.83336],[24.09084,49.8327],[24.09124,49.83247],[24.09436,49.83113],[24.09584,49.83042],[24.09643,49.83011],[24.0991,49.8286],[24.10069,49.82763],[24.10136,49.82717],[24.10206,49.82645],[24.10392,49.8249],[24.10423,49.82469],[24.10612,49.82384],[24.10931,49.8224],[24.10991,49.8221],[24.11168,49.82122],[24.11229,49.82086],[24.11252,49.82068],[24.1131,49.82023],[24.11504,49.8186],[24.11567,49.8181],[24.11582,49.81801],[24.11614,49.81786],[24.11691,49.81764],[24.11747,49.81741],[24.11782,49.81721],[24.1189,49.81652],[24.11929,49.81634],[24.11979,49.81621],[24.12194,49.81586],[24.12294,49.81573],[24.12323,49.81571],[24.12381,49.81569],[24.12523,49.81572],[24.12628,49.81591],[24.1283,49.81607],[24.12948,49.81617],[24.12987,49.81624],[24.13009,49.81632],[24.13022,49.81639],[24.13043,49.81659],[24.13051,49.8168],[24.13053,49.81695],[24.13052,49.81767],[24.13052,49.81779],[24.13056,49.81789],[24.1306,49.81796],[24.1307,49.81805],[24.13094,49.81815],[24.1311,49.81818],[24.13124,49.81819],[24.13141,49.81817],[24.13154,49.81814],[24.13176,49.81806],[24.13398,49.81712],[24.13437,49.81697],[24.13484,49.8169],[24.13598,49.81682],[24.1369,49.81686],[24.13957,49.81703],[24.14394,49.81735]]},"properties":{"line":"А40","dir":"0","mode":"bus"}},{"type":"Feature","geometry":{"type":"LineString","coordinates":[[24.14645,49.82199],[24.14623,49.8212],[24.14603,49.81963],[24.14618,49.81868],[24.14621,49.8179],[24.1462,49.8175],[24.14396,49.81735],[24.13957,49.81703],[24.13686,49.81686],[24.13598,49.81682],[24.13484,49.8169],[24.13437,49.81697],[24.13398,49.81712],[24.13163,49.81811],[24.13141,49.81817],[24.13124,49.81819],[24.1311,49.81818],[24.13094,49.81815],[24.1307,49.81805],[24.1306,49.81796],[24.13052,49.81779],[24.13052,49.81723],[24.13053,49.81695],[24.13051,49.8168],[24.13043,49.81659],[24.13022,49.81639],[24.13009,49.81632],[24.12987,49.81624],[24.12948,49.81617],[24.12628,49.81591],[24.12523,49.81572],[24.12381,49.81569],[24.12323,49.81571],[24.12294,49.81573],[24.12194,49.81586],[24.11979,49.81621],[24.11929,49.81634],[24.1189,49.81652],[24.11782,49.81721],[24.11747,49.81741],[24.11691,49.81764],[24.11614,49.81786],[24.11582,49.81801],[24.11567,49.8181],[24.11504,49.8186],[24.1131,49.82023],[24.11255,49.82066],[24.11229,49.82086],[24.11168,49.82122],[24.10991,49.8221],[24.10931,49.8224],[24.10626,49.82378],[24.10423,49.82469],[24.10392,49.8249],[24.10207,49.82645],[24.10171,49.82681],[24.10136,49.82717],[24.10069,49.82763],[24.0991,49.8286],[24.09643,49.83011],[24.09584,49.83042],[24.09436,49.83113],[24.09124,49.83247],[24.09084,49.8327],[24.08993,49.83336],[24.08957,49.83358],[24.08926,49.83371],[24.08904,49.83378],[24.08793,49.83408],[24.08745,49.8342],[24.08683,49.83433],[24.08363,49.83496],[24.0816,49.83536],[24.08058,49.83553],[24.075,49.83575],[24.071,49.83592],[24.06876,49.836],[24.06849,49.83586],[24.0683,49.83564],[24.06794,49.83416],[24.06761,49.83289],[24.0675,49.83271],[24.06735,49.83256],[24.06698,49.83226],[24.0669,49.83213],[24.06682,49.83184],[24.06683,49.83175],[24.06689,49.83162],[24.06707,49.83145],[24.06872,49.83059],[24.06891,49.83046],[24.06907,49.83031],[24.06962,49.82966],[24.07148,49.82749],[24.07222,49.82666],[24.07237,49.82651],[24.07288,49.82623],[24.07327,49.82604],[24.07392,49.82572],[24.07422,49.82552],[24.07471,49.82507],[24.075,49.82459],[24.07505,49.82446],[24.07511,49.82419],[24.07513,49.82392],[24.07512,49.82378],[24.07495,49.823],[24.07501,49.82271],[24.07518,49.82226],[24.07582,49.82061],[24.0768,49.81798],[24.07791,49.81513],[24.07835,49.81398],[24.07818,49.81396],[24.07796,49.81397],[24.07718,49.81407],[24.07676,49.81414],[24.07591,49.81436],[24.07229,49.81532],[24.07016,49.81587],[24.06946,49.81601],[24.0686,49.81614],[24.06828,49.81617],[24.06785,49.81619],[24.06446,49.816],[24.06286,49.81598],[24.062,49.81597],[24.06183,49.81604],[24.0618,49.81608],[24.06169,49.8161],[24.06164,49.81608],[24.06166,49.81612],[24.06164,49.81608],[24.06169,49.8161],[24.0618,49.81608],[24.06186,49.81603],[24.062,49.81597],[24.06446,49.816],[24.06785,49.81619],[24.06828,49.81617],[24.06928,49.81604],[24.06828,49.81617],[24.06785,49.81619],[24.06446,49.816],[24.06274,49.81598],[24.062,49.81597],[24.06183,49.81604],[24.0618,49.81608],[24.06169,49.8161],[24.06164,49.81608],[24.06164,49.81608],[24.06147,49.81589],[24.06044,49.81518],[24.06018,49.81493],[24.06009,49.81479],[24.06002,49.8145],[24.06004,49.81403],[24.06008,49.81386],[24.06013,49.81376],[24.06054,49.81301],[24.06069,49.81268],[24.06097,49.81163],[24.06107,49.81055],[24.06116,49.80914],[24.0615,49.8077],[24.06155,49.80751],[24.06178,49.80727],[24.06214,49.80697],[24.06223,49.80692],[24.06235,49.80682],[24.06239,49.80669],[24.06235,49.80682],[24.06227,49.8069],[24.06214,49.80697],[24.06195,49.80712],[24.06178,49.80727],[24.06155,49.80751],[24.06116,49.80914],[24.06101,49.81135],[24.06095,49.81176],[24.06088,49.812],[24.06095,49.81176],[24.06101,49.81135],[24.06116,49.80914],[24.06154,49.80755],[24.06155,49.80751],[24.06178,49.80727],[24.06214,49.80697],[24.06223,49.80692],[24.06235,49.80682],[24.06239,49.80671],[24.06239,49.8066],[24.06232,49.80649],[24.06219,49.80641],[24.0621,49.80613],[24.06211,49.80601],[24.0625,49.80541],[24.06286,49.80499],[24.0639,49.80379],[24.0649,49.80258],[24.06544,49.80204],[24.066,49.80155],[24.06755,49.80029],[24.06777,49.80016],[24.06814,49.79995],[24.06896,49.79954],[24.07084,49.79865],[24.07194,49.79707],[24.07232,49.79653],[24.07236,49.79642],[24.07237,49.79633],[24.07226,49.79616],[24.07214,49.79608],[24.07195,49.79601],[24.06319,49.79437],[24.06113,49.79397],[24.06059,49.79389],[24.0587,49.79386],[24.05813,49.79407],[24.05799,49.79421],[24.05746,49.79461],[24.05705,49.79487],[24.05667,49.79503],[24.0556,49.79547],[24.05477,49.79588],[24.05365,49.79646],[24.05237,49.79714],[24.04882,49.79892],[24.04863,49.79904],[24.04847,49.79914],[24.04813,49.79939],[24.04789,49.79961],[24.0475,49.8],[24.04721,49.80034],[24.04692,49.80078],[24.04682,49.80097],[24.04667,49.80167],[24.04652,49.80252],[24.04645,49.80314],[24.04644,49.8036],[24.04647,49.80415],[24.04677,49.8044],[24.04709,49.80579],[24.04711,49.80599],[24.04703,49.80612],[24.04692,49.80618],[24.04612,49.80633],[24.04596,49.80632],[24.04587,49.80627],[24.04582,49.8062],[24.04569,49.80565],[24.04551,49.80488],[24.04541,49.80436],[24.0454,49.80417],[24.04544,49.80408],[24.04552,49.80399],[24.04588,49.8038],[24.04571,49.8032],[24.04561,49.80302],[24.04533,49.80266],[24.04504,49.80238],[24.04447,49.80194],[24.04443,49.80186],[24.04425,49.80161],[24.04284,49.80126],[24.04259,49.80118],[24.04177,49.80098],[24.04013,49.80062],[24.03926,49.80045],[24.03816,49.80027],[24.03681,49.80013],[24.03637,49.80012],[24.03571,49.80012],[24.03495,49.80012],[24.03429,49.80015],[24.03355,49.8002],[24.03266,49.80028],[24.0301,49.80059],[24.02404,49.80128],[24.0222,49.80143],[24.01799,49.80192],[24.01787,49.80181],[24.01778,49.8017],[24.01768,49.80129],[24.01762,49.80091],[24.0169,49.7977],[24.0161,49.7941],[24.01552,49.79143],[24.01467,49.78757],[24.0142,49.7853],[24.01407,49.78448],[24.01391,49.78312],[24.01384,49.7815],[24.01402,49.77441],[24.01386,49.77425],[24.01258,49.77422]]},"properties":{"line":"А40","dir":"1","mode":"bus"}},{"type":"Feature","geometry":{"type":"LineString","coordinates":[[24.06319,49.79438],[24.06137,49.79402],[24.06067,49.79391],[24.06,49.79388],[24.05871,49.79385],[24.05844,49.79395],[24.05816,49.7941],[24.05792,49.7943],[24.05747,49.79462],[24.05705,49.79487],[24.05673,49.79503],[24.0556,49.79547],[24.05477,49.79588],[24.05365,49.79646],[24.05239,49.79713],[24.05107,49.79779],[24.04923,49.79876],[24.04868,49.79907],[24.04813,49.79939],[24.04789,49.79961],[24.0475,49.8],[24.04721,49.80034],[24.04693,49.80083],[24.04679,49.80117],[24.04667,49.80167],[24.04652,49.80256],[24.04644,49.80329],[24.04644,49.8036],[24.04647,49.80415],[24.04677,49.8044],[24.04709,49.80579],[24.04711,49.80599],[24.04703,49.80612],[24.04692,49.80618],[24.04612,49.80633],[24.04596,49.80632],[24.04587,49.80627],[24.04582,49.8062],[24.04569,49.80565],[24.04551,49.80488],[24.04541,49.80436],[24.0454,49.80417],[24.04544,49.80408],[24.04552,49.80399],[24.04591,49.80378],[24.04575,49.80323],[24.04561,49.80296],[24.04537,49.80266],[24.04503,49.80231],[24.04482,49.80214],[24.04442,49.80188],[24.0443,49.80162],[24.04181,49.801],[24.04091,49.80078],[24.04013,49.80062],[24.03878,49.80036],[24.03775,49.80023],[24.03637,49.80012],[24.03571,49.80012],[24.03461,49.80013],[24.03369,49.80019],[24.03269,49.80028],[24.0301,49.80059],[24.02404,49.80128],[24.0222,49.80143],[24.02,49.80169],[24.01724,49.802],[24.01558,49.80215],[24.01477,49.80232],[24.01409,49.80238],[24.00485,49.80333],[24.00004,49.80384],[23.99907,49.80393],[23.99906,49.80393],[23.99884,49.80406],[23.99877,49.80413],[23.99866,49.8043],[23.99862,49.80446],[23.99865,49.8047],[23.99877,49.80528],[23.99877,49.80573],[23.99881,49.80597],[23.99898,49.80664],[23.99934,49.80814],[23.99982,49.80987],[23.99988,49.81],[24.00001,49.8102],[24.00015,49.8103],[24.00021,49.81043],[24.0002,49.8105],[24.00012,49.81063],[24.0001,49.81073],[24.00008,49.81102],[24.00025,49.81204],[24.00033,49.81233],[24.00045,49.81263],[24.00167,49.81504],[24.00353,49.81787],[24.00469,49.81964],[24.00758,49.8238],[24.00809,49.8245],[24.00858,49.82507],[24.00892,49.8254],[24.00939,49.8258],[24.01038,49.82656],[24.01039,49.82682],[24.01099,49.82727],[24.00765,49.83012],[24.00793,49.83026],[24.01118,49.83192],[24.01161,49.83214],[24.01532,49.83398],[24.01644,49.83455],[24.01673,49.8347],[24.01531,49.83469],[24.01282,49.83468],[24.01123,49.83469],[24.00968,49.83473],[24.00727,49.8348],[24.00617,49.83513],[24.0054,49.83539],[24.00527,49.83543],[24.00509,49.83556],[24.00462,49.83597],[24.00415,49.83669],[24.00388,49.83712],[24.00487,49.83745],[24.00559,49.83769],[24.00684,49.83814],[24.0122,49.84024],[24.01586,49.84169],[24.01655,49.84199],[24.01769,49.84246],[24.0182,49.84261],[24.01862,49.84271],[24.01888,49.84275],[24.02054,49.84294],[24.0211,49.84301],[24.02218,49.84314],[24.02276,49.8432],[24.02285,49.84326],[24.02297,49.84329],[24.02474,49.84425],[24.02505,49.84432],[24.02526,49.84433],[24.02547,49.84437],[24.02677,49.84467],[24.02679,49.84468],[24.02687,49.84477],[24.02688,49.84497],[24.02658,49.84531],[24.02623,49.84543],[24.02576,49.84556],[24.02551,49.84568],[24.02547,49.84573],[24.02546,49.84579],[24.02551,49.8463],[24.02561,49.84683],[24.02581,49.84841],[24.02579,49.84862],[24.02567,49.84889],[24.02496,49.85018],[24.02465,49.85048],[24.02457,49.85062],[24.02432,49.85118],[24.02322,49.85376],[24.0229,49.8544],[24.02192,49.85631],[24.02197,49.85664],[24.02201,49.85673],[24.022,49.8568],[24.02196,49.85687],[24.0219,49.85693],[24.02174,49.857],[24.02153,49.85714],[24.02143,49.85724],[24.02117,49.85771],[24.02006,49.85985],[24.01855,49.86264],[24.01685,49.86586],[24.01674,49.86607],[24.01659,49.86647],[24.01655,49.86667],[24.01654,49.86689],[24.01657,49.86746],[24.0168,49.86782],[24.01707,49.8682],[24.01768,49.86863],[24.01784,49.86877],[24.01804,49.86901],[24.01823,49.86932],[24.01838,49.86979],[24.01845,49.87014],[24.01853,49.87034],[24.01882,49.8707],[24.01903,49.87079],[24.01924,49.87082],[24.01946,49.8708],[24.02068,49.87024],[24.02291,49.86926],[24.02308,49.86922],[24.02348,49.86919],[24.02372,49.86921],[24.02498,49.86943],[24.03255,49.87066],[24.03944,49.8718],[24.04327,49.87244],[24.04459,49.87266],[24.04883,49.87308],[24.04913,49.8731],[24.04965,49.87306],[24.04997,49.87296],[24.05061,49.8727],[24.05214,49.87204],[24.05536,49.87064],[24.05723,49.86986],[24.05767,49.87039],[24.05815,49.87092],[24.05935,49.87236],[24.06011,49.87322]]},"properties":{"line":"А41","dir":"0","mode":"bus"}},{"type":"Feature","geometry":{"type":"LineString","coordinates":[[24.06012,49.87387],[24.05957,49.87318],[24.05996,49.87306],[24.05723,49.86986],[24.05537,49.87063],[24.05226,49.87199],[24.05036,49.8728],[24.04997,49.87296],[24.04965,49.87306],[24.04913,49.8731],[24.04883,49.87308],[24.04459,49.87266],[24.04378,49.87252],[24.0392,49.87176],[24.03129,49.87046],[24.02538,49.86949],[24.02496,49.86943],[24.02372,49.86921],[24.02348,49.86919],[24.02308,49.86922],[24.02291,49.86926],[24.02051,49.87032],[24.01946,49.8708],[24.01924,49.87082],[24.01903,49.87079],[24.01882,49.8707],[24.01853,49.87034],[24.01845,49.87014],[24.0184,49.86983],[24.01831,49.86953],[24.01819,49.86926],[24.01804,49.86901],[24.01784,49.86877],[24.01768,49.86863],[24.01707,49.8682],[24.01608,49.86756],[24.01599,49.86718],[24.01599,49.86699],[24.01629,49.8664],[24.01815,49.86293],[24.01883,49.86164],[24.01972,49.85998],[24.02093,49.85769],[24.02124,49.8571],[24.02126,49.85704],[24.02123,49.85685],[24.0212,49.85671],[24.02124,49.85664],[24.0213,49.85658],[24.02139,49.85653],[24.02149,49.8565],[24.02175,49.85628],[24.02192,49.85597],[24.02279,49.85428],[24.02309,49.85368],[24.02446,49.85047],[24.02465,49.85048],[24.02496,49.85018],[24.02506,49.84999],[24.025,49.84983],[24.02486,49.84975],[24.02497,49.84973],[24.02506,49.84968],[24.0254,49.84907],[24.02561,49.84869],[24.02565,49.8485],[24.02565,49.84841],[24.02549,49.84714],[24.02535,49.84631],[24.02528,49.84552],[24.0253,49.84528],[24.02536,49.84505],[24.02551,49.84457],[24.02555,49.84449],[24.02521,49.84441],[24.02505,49.84432],[24.02474,49.84425],[24.02412,49.84392],[24.02297,49.84329],[24.02285,49.84326],[24.02274,49.84328],[24.01875,49.8428],[24.01827,49.84272],[24.01816,49.84271],[24.01763,49.84273],[24.01581,49.84297],[24.01563,49.84293],[24.01556,49.84288],[24.01551,49.84281],[24.01557,49.84203],[24.01559,49.84159],[24.0122,49.84024],[24.00684,49.83814],[24.00557,49.83769],[24.00388,49.83712],[24.00388,49.83711],[24.00442,49.83627],[24.00462,49.83597],[24.00509,49.83556],[24.00527,49.83543],[24.00617,49.83513],[24.00692,49.83489],[24.00727,49.8348],[24.00924,49.83475],[24.01123,49.83469],[24.01282,49.83468],[24.01613,49.83469],[24.01673,49.8347],[24.01624,49.83445],[24.01475,49.8337],[24.01215,49.83241],[24.00875,49.83068],[24.00765,49.83012],[24.01099,49.82727],[24.01039,49.82682],[24.00979,49.82635],[24.00938,49.82603],[24.00873,49.82552],[24.00819,49.82494],[24.00787,49.82455],[24.00674,49.82298],[24.00528,49.82086],[24.00452,49.8197],[24.00289,49.81731],[24.00145,49.81512],[24.00129,49.81485],[24.00018,49.81267],[23.99996,49.81201],[23.99968,49.81104],[23.99962,49.81092],[23.99946,49.8107],[23.99936,49.81063],[23.99928,49.81051],[23.99928,49.81037],[23.99936,49.81027],[23.99939,49.81012],[23.99939,49.80987],[23.99904,49.80817],[23.99881,49.80724],[23.99856,49.80621],[23.99834,49.80599],[23.99827,49.80583],[23.99783,49.80449],[23.99772,49.80432],[23.99746,49.80419],[23.99716,49.80412],[23.9956,49.80427],[23.99557,49.80412],[23.99652,49.80401],[24.00099,49.80355],[24.00687,49.80296],[24.01352,49.80228],[24.01483,49.80216],[24.01558,49.80215],[24.01714,49.80201],[24.01902,49.8018],[24.0222,49.80143],[24.0251,49.80098],[24.03124,49.80024],[24.03131,49.80024],[24.03328,49.80002],[24.03371,49.79998],[24.03459,49.79992],[24.03546,49.79991],[24.03631,49.79992],[24.03758,49.80001],[24.03826,49.80009],[24.03887,49.80017],[24.03945,49.80027],[24.04066,49.80053],[24.04249,49.80096],[24.04298,49.80097],[24.04327,49.80094],[24.04375,49.80084],[24.044,49.80075],[24.04569,49.7999],[24.04589,49.79983],[24.04692,49.79956],[24.04724,49.79947],[24.04774,49.79927],[24.04796,49.79911],[24.04805,49.79904],[24.04882,49.79867],[24.04948,49.7983],[24.05162,49.79719],[24.05319,49.79637],[24.05498,49.79542],[24.05633,49.79463],[24.05713,49.79409],[24.05755,49.79371],[24.05785,49.79333],[24.05807,49.79294],[24.05825,49.79244],[24.05842,49.79238],[24.05854,49.79237],[24.0586,49.79237],[24.0587,49.79239],[24.05896,49.79253],[24.05881,49.79299],[24.05848,49.79364],[24.05857,49.79374],[24.05871,49.79385],[24.06,49.79388],[24.06067,49.79391],[24.06113,49.79398],[24.06167,49.79408],[24.06515,49.79475]]},"properties":{"line":"А41","dir":"1","mode":"bus"}},{"type":"Feature","geometry":{"type":"LineString","coordinates":[[23.96577,49.84733],[23.96587,49.84729],[23.96667,49.84453],[23.96742,49.84204],[23.96757,49.84178],[23.9688,49.84185],[23.97259,49.84207],[23.97349,49.84216],[23.97433,49.8423],[23.97613,49.84238],[23.97655,49.84242],[23.97701,49.84251],[23.97773,49.8427],[23.97797,49.84275],[23.97822,49.84278],[23.97858,49.84276],[23.97934,49.84262],[23.97926,49.84255],[23.9792,49.84247],[23.97899,49.84205],[23.97883,49.84173],[23.97771,49.83982],[23.9772,49.83891],[23.97713,49.83871],[23.97695,49.83748],[23.97686,49.83666],[23.97682,49.83617],[23.97683,49.83573],[23.97686,49.83546],[23.97699,49.83528],[23.97772,49.83379],[23.9779,49.83367],[23.97825,49.83352],[23.97842,49.83349],[23.97878,49.83346],[23.97985,49.83343],[23.98162,49.83338],[23.98335,49.83334],[23.98454,49.83355],[23.98694,49.83399],[23.99018,49.83455],[23.99097,49.83468],[23.9938,49.83519],[23.99423,49.83525],[23.99506,49.8354],[23.99915,49.83615],[24.00205,49.83666],[24.00263,49.83677],[24.00386,49.83713],[24.00442,49.83627],[24.0045,49.83615],[24.00464,49.83599],[24.00509,49.83556],[24.00528,49.83543],[24.00592,49.83521],[24.00692,49.83489],[24.00727,49.8348],[24.00923,49.83475],[24.01282,49.83468],[24.01613,49.83469],[24.01774,49.8347],[24.01872,49.83472],[24.02002,49.83458],[24.02036,49.83463],[24.02124,49.8352],[24.02185,49.8356],[24.02264,49.8361],[24.0226,49.83627],[24.02254,49.83636],[24.02195,49.83679],[24.02177,49.83694],[24.02171,49.83714],[24.02339,49.83811],[24.02354,49.83822],[24.02388,49.83842],[24.02525,49.83921],[24.02721,49.84025],[24.02771,49.84052],[24.02785,49.84055],[24.02826,49.84004],[24.02841,49.83985],[24.02855,49.83974],[24.02884,49.83958],[24.02907,49.83949],[24.03051,49.83908],[24.03066,49.83907],[24.03138,49.83919],[24.03205,49.83929],[24.03306,49.83767],[24.03356,49.83691],[24.03379,49.8367],[24.03463,49.8364],[24.03483,49.83628],[24.03494,49.83615],[24.03493,49.83504],[24.03486,49.83492],[24.0348,49.83487],[24.03492,49.83464],[24.03502,49.83451],[24.03519,49.83438],[24.0355,49.83426],[24.03671,49.83394],[24.03783,49.83364],[24.03858,49.83342],[24.0402,49.83286],[24.04058,49.83271],[24.04092,49.83254],[24.04138,49.83227],[24.042,49.83183],[24.0434,49.83072],[24.04372,49.83044],[24.0447,49.82953],[24.04484,49.82916],[24.04491,49.82883],[24.04491,49.82862],[24.04497,49.82853],[24.04575,49.82788],[24.04582,49.82781],[24.0459,49.82767],[24.0459,49.82758],[24.04582,49.82744],[24.04574,49.82736],[24.04556,49.82727],[24.04533,49.82719],[24.04506,49.82713],[24.04481,49.82712],[24.04416,49.82715],[24.04392,49.82712],[24.04376,49.82707],[24.04363,49.82699],[24.04352,49.82688],[24.04344,49.82674],[24.04343,49.82654],[24.04348,49.82645],[24.0436,49.82634],[24.04368,49.82628],[24.04402,49.82617],[24.04866,49.82516],[24.04912,49.825],[24.04937,49.82488],[24.05011,49.82444],[24.05047,49.82427],[24.0517,49.82377],[24.0523,49.82352],[24.05278,49.82331],[24.05355,49.82291],[24.05407,49.82259],[24.0543,49.82242],[24.05485,49.82186],[24.05593,49.82068],[24.05759,49.8189],[24.0579,49.81867],[24.05858,49.81829],[24.05781,49.81813],[24.05056,49.81659]]},"properties":{"line":"А43","dir":"0","mode":"bus"}},{"type":"Feature","geometry":{"type":"LineString","coordinates":[[24.0509,49.81411],[24.0509,49.81441],[24.05133,49.81539],[24.05111,49.81549],[24.05089,49.81564],[24.0508,49.81575],[24.05061,49.81609],[24.05039,49.81656],[24.05084,49.81665],[24.05793,49.81816],[24.05858,49.81829],[24.0579,49.81867],[24.05759,49.8189],[24.0569,49.81963],[24.05485,49.82186],[24.05435,49.82237],[24.05407,49.82259],[24.05355,49.82291],[24.05326,49.82307],[24.05278,49.82331],[24.05158,49.82382],[24.05047,49.82427],[24.05011,49.82444],[24.04937,49.82488],[24.04912,49.825],[24.04866,49.82516],[24.04445,49.82607],[24.04402,49.82617],[24.04368,49.82628],[24.04357,49.82636],[24.04348,49.82645],[24.04342,49.82661],[24.04344,49.82674],[24.04352,49.82688],[24.04363,49.82699],[24.04376,49.82707],[24.04392,49.82712],[24.04416,49.82715],[24.04486,49.82712],[24.04506,49.82713],[24.04533,49.82719],[24.04556,49.82727],[24.04574,49.82736],[24.04584,49.82746],[24.0459,49.82758],[24.0459,49.82763],[24.04587,49.82774],[24.04575,49.82788],[24.04497,49.82853],[24.04491,49.82862],[24.04491,49.82883],[24.04484,49.82916],[24.0447,49.82953],[24.04441,49.82981],[24.04372,49.83044],[24.04311,49.83095],[24.042,49.83183],[24.04172,49.83204],[24.04129,49.83232],[24.04102,49.83249],[24.04058,49.83271],[24.03959,49.83308],[24.03858,49.83342],[24.03783,49.83364],[24.03596,49.83414],[24.0355,49.83426],[24.03519,49.83438],[24.03502,49.83451],[24.03492,49.83464],[24.0348,49.83487],[24.03452,49.83468],[24.03443,49.8346],[24.03432,49.83443],[24.03422,49.8341],[24.03398,49.83329],[24.03373,49.83229],[24.03364,49.83209],[24.03263,49.8309],[24.0324,49.8307],[24.03216,49.83054],[24.03173,49.83024],[24.02928,49.82976],[24.02811,49.82975],[24.02665,49.82974],[24.02594,49.82979],[24.02526,49.82989],[24.02382,49.83022],[24.02254,49.83051],[24.02193,49.83071],[24.02128,49.83097],[24.01835,49.83229],[24.01852,49.83265],[24.01882,49.83327],[24.01715,49.83423],[24.01711,49.83426],[24.0171,49.83433],[24.01707,49.8347],[24.0167,49.83469],[24.01528,49.83469],[24.01282,49.83468],[24.00968,49.83474],[24.00727,49.8348],[24.00686,49.83491],[24.00592,49.83521],[24.00528,49.83543],[24.00509,49.83556],[24.00457,49.83607],[24.00423,49.83658],[24.00415,49.83669],[24.00386,49.83713],[24.00263,49.83677],[24.00242,49.83707],[24.00235,49.83712],[24.00223,49.83716],[24.00201,49.83716],[24.00191,49.83714],[24.00181,49.83705],[24.00172,49.83694],[24.0017,49.83687],[24.00138,49.83675],[24.00026,49.83652],[23.9992,49.83634],[23.99827,49.83617],[23.99471,49.83554],[23.9943,49.83547],[23.99395,49.83546],[23.99229,49.83553],[23.99146,49.83555],[23.99126,49.83554],[23.99098,49.83546],[23.9907,49.83535],[23.99061,49.83528],[23.99057,49.83521],[23.99057,49.83509],[23.99075,49.83465],[23.98923,49.83438],[23.98694,49.83399],[23.98525,49.83368],[23.98523,49.83371],[23.98525,49.83368],[23.98335,49.83334],[23.97878,49.83346],[23.97842,49.83349],[23.97825,49.83352],[23.9779,49.83367],[23.97772,49.83379],[23.97699,49.83528],[23.97699,49.83547],[23.97696,49.83577],[23.97697,49.8359],[23.97705,49.83649],[23.97716,49.83765],[23.97729,49.83858],[23.9774,49.83888],[23.97838,49.84066],[23.97892,49.84152],[23.97937,49.84246],[23.97934,49.84262],[23.97861,49.84276],[23.97848,49.84278],[23.97822,49.84278],[23.97797,49.84275],[23.97773,49.8427],[23.97701,49.84251],[23.97655,49.84242],[23.97613,49.84238],[23.97433,49.8423],[23.97151,49.84214],[23.96781,49.84194],[23.96771,49.84208],[23.96762,49.84237],[23.96686,49.84488],[23.96666,49.84562],[23.96609,49.84752],[23.96591,49.84813]]},"properties":{"line":"А43","dir":"1","mode":"bus"}},{"type":"Feature","geometry":{"type":"LineString","coordinates":[[23.98033,49.80595],[23.97946,49.80603],[23.97941,49.80583],[23.97937,49.80565],[23.98096,49.80549],[23.98103,49.80543],[23.98115,49.80537],[23.98129,49.80534],[23.98144,49.80533],[23.98158,49.80536],[23.9817,49.80541],[23.98177,49.80546],[23.98203,49.80548],[23.98219,49.80548],[23.98256,49.80543],[23.98306,49.80537],[23.98654,49.80501],[23.98652,49.80493],[23.98769,49.80481],[23.9899,49.80456],[23.99317,49.80422],[23.99214,49.80433],[23.99077,49.80447],[23.99371,49.80416],[23.99375,49.8043],[23.99652,49.80401],[24.00017,49.80364],[24.00018,49.80369],[24.00021,49.80382],[23.99907,49.80393],[23.99906,49.80393],[23.99884,49.80406],[23.99877,49.80413],[23.99866,49.8043],[23.99862,49.80446],[23.99865,49.8047],[23.99877,49.80528],[23.99877,49.80573],[23.99881,49.80597],[23.99898,49.80664],[23.99934,49.80814],[23.99982,49.80987],[23.99988,49.81],[24.00001,49.8102],[24.00015,49.8103],[24.00021,49.81043],[24.0002,49.8105],[24.00012,49.81063],[24.0001,49.81073],[24.00008,49.81102],[24.00025,49.81204],[24.00033,49.81233],[24.00045,49.81263],[24.00167,49.81504],[24.00353,49.81787],[24.00469,49.81964],[24.00758,49.8238],[24.00809,49.8245],[24.00858,49.82507],[24.00892,49.8254],[24.00939,49.8258],[24.01038,49.82656],[24.01039,49.82682],[24.01107,49.82733],[24.012,49.82807],[24.01225,49.8283],[24.01266,49.82882],[24.0128,49.82895],[24.01435,49.8301],[24.01495,49.83063],[24.01571,49.83107],[24.01809,49.8324],[24.01855,49.8327],[24.01852,49.83265],[24.01882,49.83327],[24.01906,49.83361],[24.01932,49.83387],[24.02017,49.83447],[24.02044,49.83464],[24.02051,49.83473],[24.02276,49.83614],[24.02275,49.83625],[24.02269,49.83631],[24.02196,49.83679],[24.0218,49.83691],[24.02178,49.83705],[24.02182,49.8371],[24.02346,49.83806],[24.02361,49.83816],[24.02544,49.83929],[24.02722,49.84025],[24.02771,49.84052],[24.02785,49.84055],[24.02826,49.84004],[24.02841,49.83985],[24.02855,49.83974],[24.02884,49.83958],[24.02907,49.83949],[24.03049,49.83906],[24.0307,49.83909],[24.03207,49.83929],[24.0328,49.83931],[24.03337,49.83929],[24.0339,49.83917],[24.03534,49.83881],[24.03544,49.839],[24.0359,49.83963],[24.03601,49.83981],[24.0364,49.8403],[24.03673,49.84071],[24.03665,49.84115],[24.03643,49.84182],[24.03635,49.84195],[24.03618,49.84249],[24.03601,49.84309],[24.03593,49.8437],[24.0356,49.84409],[24.03556,49.84415],[24.03555,49.84421],[24.03557,49.84434],[24.0357,49.84459],[24.03584,49.84498],[24.03585,49.84505],[24.03626,49.84507],[24.03653,49.84505],[24.03848,49.84482],[24.03869,49.84479],[24.0389,49.8448],[24.03967,49.84505],[24.04021,49.84528],[24.04036,49.84536],[24.04045,49.84545],[24.04097,49.84617]]},"properties":{"line":"А45","dir":"0","mode":"bus"}},{"type":"Feature","geometry":{"type":"LineString","coordinates":[[24.04403,49.84416],[24.04397,49.84376],[24.04435,49.84365],[24.04397,49.84376],[24.04404,49.8443],[24.044,49.8444],[24.04393,49.84448],[24.04375,49.84463],[24.04355,49.84476],[24.04325,49.84486],[24.04311,49.84486],[24.04228,49.84461],[24.04218,49.84462],[24.04214,49.84464],[24.0421,49.84475],[24.04211,49.84631],[24.0412,49.84652],[24.04101,49.84624],[24.04045,49.84545],[24.04036,49.84536],[24.04021,49.84528],[24.03967,49.84505],[24.0389,49.8448],[24.03869,49.84479],[24.03848,49.84482],[24.03653,49.84505],[24.03626,49.84507],[24.03563,49.84505],[24.03533,49.84502],[24.03523,49.845],[24.0337,49.84448],[24.03364,49.84416],[24.03382,49.84406],[24.03439,49.844],[24.03455,49.84396],[24.03463,49.84389],[24.03504,49.84277],[24.0353,49.84203],[24.03576,49.84081],[24.03585,49.84074],[24.03619,49.84058],[24.03632,49.84051],[24.03638,49.84043],[24.0364,49.8403],[24.03601,49.83981],[24.0359,49.83963],[24.03544,49.839],[24.03534,49.83881],[24.0339,49.83917],[24.03355,49.83925],[24.03337,49.83929],[24.03317,49.8393],[24.03227,49.83931],[24.03207,49.83929],[24.0307,49.83909],[24.03056,49.83921],[24.03031,49.83955],[24.03014,49.83962],[24.02982,49.8397],[24.0296,49.83977],[24.02936,49.83986],[24.02918,49.84001],[24.02881,49.84059],[24.02872,49.84072],[24.02771,49.84052],[24.02707,49.84017],[24.02544,49.83929],[24.02361,49.83816],[24.02346,49.83806],[24.02182,49.8371],[24.02178,49.83705],[24.0218,49.83691],[24.02241,49.83649],[24.02269,49.83631],[24.02275,49.83625],[24.02276,49.83614],[24.02051,49.83473],[24.02018,49.83464],[24.0199,49.83461],[24.01888,49.83472],[24.01848,49.83473],[24.01707,49.8347],[24.01707,49.83464],[24.01711,49.83426],[24.01715,49.83423],[24.01882,49.83327],[24.01855,49.8327],[24.01809,49.8324],[24.01652,49.83152],[24.01571,49.83107],[24.01495,49.83063],[24.01435,49.8301],[24.0128,49.82895],[24.01266,49.82882],[24.01225,49.8283],[24.012,49.82807],[24.01107,49.82733],[24.01039,49.82682],[24.00979,49.82635],[24.00938,49.82603],[24.00873,49.82552],[24.00819,49.82494],[24.00787,49.82455],[24.00674,49.82298],[24.00528,49.82086],[24.00452,49.8197],[24.00289,49.81731],[24.00145,49.81512],[24.00129,49.81485],[24.00018,49.81267],[23.99996,49.81201],[23.99968,49.81104],[23.99962,49.81092],[23.99946,49.8107],[23.99936,49.81063],[23.99928,49.81051],[23.99928,49.81037],[23.99936,49.81027],[23.99939,49.81012],[23.99939,49.80987],[23.99904,49.80817],[23.99881,49.80724],[23.99856,49.80621],[23.99834,49.80599],[23.99827,49.80583],[23.99783,49.80449],[23.99772,49.80432],[23.99746,49.80419],[23.99716,49.80412],[23.99519,49.80432],[23.99172,49.80467],[23.98724,49.80512],[23.98658,49.80519],[23.98661,49.80532],[23.98557,49.80544]]},"properties":{"line":"А45","dir":"1","mode":"bus"}},{"type":"Feature","geometry":{"type":"LineString","coordinates":[[24.05929,49.78569],[24.05921,49.78753],[24.05919,49.78795],[24.06086,49.78798],[24.06172,49.78798],[24.06207,49.78794],[24.06515,49.78751],[24.06535,49.7875],[24.06556,49.78754],[24.06641,49.78771],[24.06656,49.7878],[24.06695,49.78806],[24.06712,49.78819],[24.06734,49.78841],[24.06802,49.78898],[24.06833,49.7892],[24.06879,49.78944],[24.06915,49.78959],[24.06777,49.79088],[24.06737,49.79124],[24.06713,49.79144],[24.06599,49.79229],[24.06475,49.79318],[24.06463,49.79334],[24.06409,49.79455],[24.06515,49.79475],[24.06733,49.79515],[24.06935,49.7955],[24.07212,49.79606],[24.07221,49.79609],[24.07228,49.79615],[24.07235,49.79626],[24.07237,49.79637],[24.07234,49.79648],[24.07188,49.79716],[24.07155,49.79766],[24.07082,49.79866],[24.06856,49.79973],[24.06777,49.80016],[24.06715,49.80062],[24.06568,49.80185],[24.06525,49.80224],[24.06491,49.80258],[24.06351,49.80428],[24.06252,49.80541],[24.0622,49.80591],[24.0622,49.80592],[24.06217,49.80613],[24.06227,49.8064],[24.06238,49.80648],[24.06245,49.80658],[24.06245,49.80671],[24.06241,49.8068],[24.06233,49.80688],[24.0622,49.80696],[24.06181,49.80728],[24.06159,49.80752],[24.06121,49.80914],[24.06109,49.81042],[24.06103,49.8114],[24.06097,49.81176],[24.0607,49.81268],[24.06055,49.81301],[24.06021,49.81361],[24.06008,49.81386],[24.06002,49.8142],[24.06002,49.81442],[24.06005,49.81465],[24.06015,49.81486],[24.06031,49.81505],[24.06045,49.81518],[24.0614,49.81584],[24.06157,49.81603],[24.06172,49.81622],[24.06168,49.81647],[24.0616,49.81658],[24.06142,49.81671],[24.05984,49.81757],[24.0579,49.81867],[24.05762,49.81887],[24.05593,49.82068],[24.05485,49.82186],[24.05435,49.82237],[24.05407,49.82259],[24.05355,49.82291],[24.05326,49.82307],[24.05283,49.82328],[24.05153,49.82384],[24.05047,49.82427],[24.05011,49.82444],[24.04919,49.82497],[24.04892,49.82508],[24.04866,49.82515],[24.04781,49.82534],[24.04402,49.82617],[24.04384,49.82622],[24.04369,49.82629],[24.04359,49.82635],[24.04348,49.82647],[24.04343,49.82661],[24.04345,49.82673],[24.04354,49.8269],[24.04363,49.82699],[24.04376,49.82707],[24.04392,49.82712],[24.04414,49.82715],[24.04434,49.82715],[24.04481,49.82712],[24.04513,49.82714],[24.04533,49.82719],[24.04556,49.82727],[24.04574,49.82736],[24.04585,49.82747],[24.0459,49.82758],[24.0459,49.82767],[24.04582,49.82781],[24.04575,49.82788],[24.04505,49.82846],[24.04491,49.82862],[24.04491,49.82886],[24.04485,49.82919],[24.0447,49.82953],[24.04441,49.82981],[24.04372,49.83044],[24.04311,49.83095],[24.042,49.83183],[24.04172,49.83204],[24.04129,49.83232],[24.04102,49.83249],[24.04058,49.83271],[24.03959,49.83308],[24.03858,49.83342],[24.03783,49.83364],[24.03596,49.83414],[24.0355,49.83426],[24.03519,49.83438],[24.03502,49.83451],[24.03492,49.83464],[24.0348,49.83487],[24.03486,49.83492],[24.03495,49.83505],[24.03496,49.83607],[24.03494,49.83615],[24.03491,49.8364],[24.03491,49.83691],[24.03496,49.83737],[24.03507,49.83784],[24.03534,49.83881],[24.03544,49.839],[24.0359,49.83963],[24.03601,49.83981],[24.0364,49.8403],[24.03638,49.84043],[24.03632,49.84051],[24.03585,49.84074],[24.03576,49.84081],[24.03571,49.84095],[24.03513,49.84252],[24.03463,49.84389],[24.03455,49.84396],[24.03439,49.844],[24.03382,49.84406],[24.03318,49.84441],[24.03296,49.84443],[24.03164,49.84454],[24.02925,49.84475],[24.02842,49.84476],[24.02831,49.84481],[24.0277,49.84481],[24.02722,49.84481],[24.02688,49.84497],[24.02658,49.84531],[24.02623,49.84543],[24.02576,49.84556],[24.02551,49.84568],[24.02547,49.84573],[24.02546,49.84579],[24.02551,49.8463],[24.02561,49.84683],[24.02581,49.84841],[24.02579,49.84862],[24.02567,49.84889],[24.02496,49.85018],[24.02465,49.85048],[24.02457,49.85062],[24.02432,49.85118],[24.02322,49.85376],[24.0229,49.8544],[24.02192,49.85631],[24.02197,49.85664],[24.02201,49.85673],[24.022,49.8568],[24.02196,49.85687],[24.0219,49.85693],[24.02174,49.857],[24.02153,49.85714],[24.02143,49.85724],[24.02117,49.85771],[24.02006,49.85985],[24.01855,49.86264],[24.01685,49.86586],[24.01674,49.86607],[24.01659,49.86647],[24.01655,49.86667],[24.01654,49.86689],[24.01657,49.86746],[24.0168,49.86782],[24.01707,49.8682],[24.01768,49.86863],[24.01784,49.86877],[24.01804,49.86901],[24.01823,49.86932],[24.01838,49.86979],[24.01845,49.87014],[24.01853,49.87034],[24.01882,49.8707],[24.01903,49.87079],[24.01924,49.87082],[24.01946,49.8708],[24.02068,49.87024],[24.02291,49.86926],[24.02308,49.86922],[24.02348,49.86919],[24.02372,49.86921],[24.02498,49.86943],[24.03255,49.87066],[24.03944,49.8718],[24.0422,49.87226],[24.04127,49.8751],[24.04084,49.87641],[24.04068,49.87653],[24.03639,49.87594],[24.03642,49.87616],[24.0364,49.87632],[24.03627,49.87691],[24.03627,49.87704],[24.03646,49.87775],[24.03585,49.87913],[24.03599,49.87922],[24.03577,49.87938],[24.03514,49.87972],[24.03454,49.88006],[24.03411,49.88032],[24.03267,49.881],[24.03193,49.88137],[24.03156,49.88165],[24.03145,49.88178],[24.03068,49.88304],[24.03029,49.88394],[24.03007,49.88457],[24.03,49.88478],[24.02986,49.88509],[24.02969,49.88537],[24.02954,49.88555],[24.02923,49.88581],[24.0288,49.886],[24.02786,49.88621],[24.02642,49.8865],[24.02544,49.88663],[24.02429,49.88683],[24.02387,49.88692],[24.02191,49.88747],[24.02142,49.88763],[24.02069,49.88796]]},"properties":{"line":"А46","dir":"0","mode":"bus"}},{"type":"Feature","geometry":{"type":"LineString","coordinates":[[24.02069,49.88796],[24.02142,49.88763],[24.02191,49.88747],[24.02387,49.88692],[24.02429,49.88683],[24.02544,49.88663],[24.02631,49.88652],[24.02652,49.88648],[24.02786,49.88621],[24.0288,49.886],[24.02923,49.88581],[24.02954,49.88555],[24.02969,49.88537],[24.02986,49.88509],[24.03,49.88478],[24.03012,49.88443],[24.03029,49.88394],[24.03068,49.88304],[24.03145,49.88178],[24.03156,49.88165],[24.03193,49.88137],[24.03272,49.88097],[24.03329,49.8807],[24.03417,49.88029],[24.03454,49.88006],[24.03577,49.87938],[24.03611,49.87915],[24.03665,49.87884],[24.04068,49.87653],[24.04084,49.87641],[24.04133,49.87491],[24.0422,49.87226],[24.0392,49.87176],[24.03129,49.87046],[24.02538,49.86949],[24.02496,49.86943],[24.02372,49.86921],[24.02348,49.86919],[24.02308,49.86922],[24.02291,49.86926],[24.02051,49.87032],[24.01946,49.8708],[24.01924,49.87082],[24.01903,49.87079],[24.01882,49.8707],[24.01853,49.87034],[24.01845,49.87014],[24.0184,49.86983],[24.01831,49.86953],[24.01819,49.86926],[24.01804,49.86901],[24.01784,49.86877],[24.01768,49.86863],[24.01707,49.8682],[24.01608,49.86756],[24.01599,49.86718],[24.01599,49.86699],[24.01629,49.8664],[24.01815,49.86293],[24.01883,49.86164],[24.01972,49.85998],[24.02093,49.85769],[24.02124,49.8571],[24.02126,49.85704],[24.02123,49.85685],[24.0212,49.85671],[24.02124,49.85664],[24.0213,49.85658],[24.02139,49.85653],[24.02149,49.8565],[24.02175,49.85628],[24.02192,49.85597],[24.02279,49.85428],[24.02309,49.85368],[24.02446,49.85047],[24.02448,49.85032],[24.02446,49.84988],[24.02449,49.84984],[24.02458,49.84978],[24.02472,49.84975],[24.02486,49.84975],[24.02497,49.84973],[24.02506,49.84968],[24.0254,49.84907],[24.02561,49.84869],[24.02565,49.8485],[24.02565,49.84841],[24.02549,49.84714],[24.02535,49.84631],[24.02528,49.84552],[24.0253,49.84528],[24.02551,49.84457],[24.02583,49.84401],[24.02728,49.84139],[24.0278,49.84062],[24.02826,49.84004],[24.02841,49.83985],[24.02855,49.83974],[24.02884,49.83958],[24.02907,49.83949],[24.03049,49.83906],[24.0307,49.83909],[24.03207,49.83929],[24.03267,49.83832],[24.0331,49.83768],[24.03358,49.83693],[24.03383,49.83673],[24.03463,49.8364],[24.03483,49.83628],[24.03494,49.83615],[24.03496,49.83607],[24.03495,49.83505],[24.03486,49.83492],[24.0348,49.83487],[24.03492,49.83464],[24.03502,49.83451],[24.03519,49.83438],[24.0355,49.83426],[24.03705,49.83385],[24.03783,49.83364],[24.03858,49.83342],[24.0402,49.83286],[24.04058,49.83271],[24.0408,49.8326],[24.04102,49.83249],[24.04138,49.83227],[24.042,49.83183],[24.0434,49.83072],[24.04372,49.83044],[24.0447,49.82953],[24.04485,49.82919],[24.04491,49.82886],[24.04491,49.82862],[24.04505,49.82846],[24.04575,49.82788],[24.04587,49.82774],[24.0459,49.82767],[24.0459,49.82758],[24.04588,49.82753],[24.04584,49.82746],[24.04574,49.82736],[24.04556,49.82727],[24.04533,49.82719],[24.04506,49.82713],[24.04481,49.82712],[24.04434,49.82715],[24.04414,49.82715],[24.04392,49.82712],[24.04376,49.82707],[24.04363,49.82699],[24.04354,49.8269],[24.04345,49.82673],[24.04343,49.82661],[24.04348,49.82647],[24.04359,49.82635],[24.04371,49.82628],[24.04384,49.82622],[24.04402,49.82617],[24.04781,49.82534],[24.04866,49.82515],[24.04892,49.82508],[24.04919,49.82497],[24.05011,49.82444],[24.05047,49.82427],[24.0517,49.82377],[24.0523,49.82351],[24.05283,49.82328],[24.05355,49.82291],[24.05407,49.82259],[24.0543,49.82242],[24.05485,49.82186],[24.05593,49.82068],[24.05762,49.81887],[24.0579,49.81867],[24.05945,49.81779],[24.06142,49.81671],[24.0616,49.81658],[24.06168,49.81647],[24.06172,49.81622],[24.06162,49.8161],[24.0614,49.81584],[24.06045,49.81518],[24.06031,49.81505],[24.06015,49.81486],[24.06005,49.81465],[24.06002,49.81442],[24.06003,49.81412],[24.06008,49.81386],[24.06013,49.81376],[24.06055,49.81301],[24.0607,49.81268],[24.0609,49.812],[24.06097,49.81176],[24.06102,49.81143],[24.06115,49.80965],[24.06121,49.80914],[24.06158,49.80755],[24.06159,49.80752],[24.06161,49.80726],[24.06158,49.80695],[24.06156,49.8069],[24.06147,49.80682],[24.06142,49.80673],[24.06142,49.80665],[24.06146,49.80653],[24.06153,49.80645],[24.06163,49.80639],[24.0622,49.80592],[24.06252,49.80541],[24.06287,49.805],[24.06333,49.8045],[24.06392,49.8038],[24.06491,49.80258],[24.0655,49.80201],[24.06602,49.80157],[24.06715,49.80062],[24.06777,49.80016],[24.06856,49.79973],[24.07082,49.79866],[24.07155,49.79766],[24.07194,49.79707],[24.07234,49.79648],[24.07237,49.79637],[24.07235,49.79626],[24.07228,49.79615],[24.07221,49.79609],[24.07212,49.79606],[24.06935,49.7955],[24.06733,49.79515],[24.06409,49.79455],[24.06454,49.79355],[24.06463,49.79334],[24.06475,49.79318],[24.06589,49.79237],[24.06713,49.79144],[24.06776,49.79089],[24.06915,49.78959],[24.06879,49.78944],[24.06833,49.7892],[24.06802,49.78898],[24.06734,49.78841],[24.06712,49.78819],[24.06695,49.78806],[24.06641,49.78771],[24.06596,49.78762],[24.06535,49.7875],[24.06515,49.78751],[24.06207,49.78794],[24.06172,49.78798],[24.06104,49.78798],[24.05919,49.78795],[24.05914,49.78922],[24.05875,49.78922],[24.05877,49.78865],[24.05891,49.78532]]},"properties":{"line":"А46","dir":"1","mode":"bus"}},{"type":"Feature","geometry":{"type":"LineString","coordinates":[[24.05929,49.78569],[24.05929,49.78555],[24.05976,49.78554],[24.05978,49.78552],[24.0598,49.78537],[24.05981,49.7852],[24.0598,49.78537],[24.05978,49.78552],[24.05976,49.78554],[24.05929,49.78555],[24.05921,49.78753],[24.05919,49.78795],[24.06086,49.78798],[24.06172,49.78798],[24.06207,49.78794],[24.06515,49.78751],[24.06535,49.7875],[24.06556,49.78754],[24.06641,49.78771],[24.06656,49.7878],[24.06695,49.78806],[24.06712,49.78819],[24.06734,49.78841],[24.06802,49.78898],[24.06833,49.7892],[24.06879,49.78944],[24.06915,49.78959],[24.06777,49.79088],[24.06737,49.79124],[24.06713,49.79144],[24.06548,49.79266],[24.06475,49.79318],[24.06463,49.79334],[24.06409,49.79455],[24.06515,49.79475],[24.06733,49.79515],[24.06935,49.7955],[24.07212,49.79606],[24.07221,49.79609],[24.07228,49.79615],[24.07235,49.79626],[24.07237,49.79637],[24.07234,49.79648],[24.07188,49.79716],[24.07155,49.79766],[24.07082,49.79866],[24.06856,49.79973],[24.06777,49.80016],[24.06715,49.80062],[24.06568,49.80185],[24.06525,49.80224],[24.06491,49.80258],[24.06351,49.80428],[24.06252,49.80541],[24.0622,49.80591],[24.0622,49.80592],[24.06163,49.80639],[24.06153,49.80645],[24.06146,49.80653],[24.06142,49.80665],[24.06142,49.80673],[24.06147,49.80682],[24.06156,49.8069],[24.06158,49.80695],[24.06161,49.80726],[24.06159,49.80752],[24.06121,49.80914],[24.06109,49.81042],[24.06103,49.8114],[24.06097,49.81176],[24.0607,49.81268],[24.06055,49.81301],[24.06021,49.81361],[24.06008,49.81386],[24.06002,49.8142],[24.06002,49.81442],[24.06005,49.81465],[24.06015,49.81486],[24.06031,49.81505],[24.06045,49.81518],[24.0614,49.81584],[24.06168,49.81593],[24.06211,49.81596],[24.063,49.81598],[24.06446,49.816],[24.06785,49.81619],[24.06827,49.81618],[24.06931,49.81603],[24.06989,49.81593],[24.07047,49.81579],[24.07229,49.81532],[24.07536,49.81451],[24.07618,49.81428],[24.07676,49.81414],[24.07717,49.81406],[24.07786,49.81397],[24.07818,49.81396],[24.07837,49.81398],[24.07718,49.81702],[24.07507,49.82255],[24.07498,49.82281],[24.07495,49.823],[24.07512,49.82378],[24.07513,49.82392],[24.07508,49.82434],[24.07505,49.82446],[24.07493,49.82472],[24.07471,49.82507],[24.07422,49.82552],[24.07392,49.82572],[24.07375,49.82581],[24.0729,49.82622],[24.07252,49.82643],[24.07222,49.82666],[24.07123,49.82779],[24.06907,49.83031],[24.06881,49.83053],[24.06844,49.83074],[24.06707,49.83145],[24.06689,49.83162],[24.06683,49.83175],[24.06682,49.83184],[24.0669,49.83213],[24.06698,49.83226],[24.06735,49.83256],[24.0675,49.83271],[24.06761,49.83289],[24.06831,49.83564],[24.06832,49.83575],[24.06826,49.83593],[24.06814,49.83601],[24.06804,49.83603],[24.06723,49.83609],[24.06653,49.83616],[24.06381,49.8366],[24.06251,49.83685],[24.06086,49.83722],[24.05667,49.83812],[24.05547,49.83841],[24.05404,49.83876],[24.05127,49.83956],[24.04923,49.84],[24.04877,49.84011],[24.04714,49.84061],[24.0469,49.84067],[24.04643,49.84075],[24.04623,49.84075],[24.04564,49.84071],[24.04467,49.84057],[24.04411,49.84046],[24.04315,49.84025],[24.04218,49.84002],[24.04182,49.83997],[24.04149,49.83994],[24.03914,49.83984],[24.038,49.83981],[24.03725,49.8398],[24.03636,49.83977],[24.03601,49.83981],[24.0364,49.8403],[24.03638,49.84043],[24.03632,49.84051],[24.03585,49.84074],[24.03576,49.84081],[24.03575,49.84085],[24.03513,49.84252],[24.03463,49.84389],[24.03455,49.84396],[24.03439,49.844],[24.03382,49.84406],[24.03318,49.84441],[24.03273,49.84445],[24.03034,49.84465],[24.02925,49.84475],[24.02842,49.84476],[24.02831,49.84481],[24.0277,49.84481],[24.02722,49.84481],[24.02688,49.84497],[24.02658,49.84531],[24.02623,49.84543],[24.02576,49.84556],[24.02551,49.84568],[24.02547,49.84573],[24.02546,49.84579],[24.02551,49.8463],[24.02561,49.84683],[24.02581,49.84841],[24.02579,49.84862],[24.02567,49.84889],[24.02496,49.85018],[24.02465,49.85048],[24.02457,49.85062],[24.02432,49.85118],[24.02322,49.85376],[24.0229,49.8544],[24.02192,49.85631],[24.02197,49.85664],[24.02201,49.85673],[24.022,49.8568],[24.02196,49.85687],[24.0219,49.85693],[24.02174,49.857],[24.02153,49.85714],[24.02143,49.85724],[24.02117,49.85771],[24.02006,49.85985],[24.01855,49.86264],[24.01685,49.86586],[24.01674,49.86607],[24.01659,49.86647],[24.01655,49.86667],[24.01654,49.86689],[24.01657,49.86746],[24.01652,49.86755],[24.01646,49.86761],[24.01638,49.86765],[24.01625,49.86764],[24.0162,49.86763],[24.01608,49.86756],[24.01501,49.86685],[24.01477,49.86672],[24.0138,49.86615],[24.01352,49.86601],[24.01341,49.86598],[24.01091,49.86546],[24.00916,49.86511],[24.00863,49.86499],[24.00822,49.86487],[24.00752,49.8646],[24.00702,49.86435],[24.00371,49.86257],[24.00351,49.86248],[24.00285,49.86208],[24.00157,49.86141],[24.00138,49.86137],[24.00112,49.86134],[24.00093,49.86136],[24.00055,49.86145],[23.99971,49.8617],[23.9991,49.86188],[23.99838,49.86205],[23.9979,49.86214],[23.99738,49.86221],[23.99667,49.86225],[23.99575,49.86228],[23.99518,49.86227],[23.99452,49.86222],[23.99195,49.86179],[23.99158,49.86172],[23.9904,49.86145],[23.98979,49.86128],[23.98951,49.86118],[23.98927,49.86104],[23.98909,49.86092],[23.98782,49.85988],[23.98717,49.85938],[23.9862,49.85878],[23.98579,49.85852],[23.9855,49.85829],[23.98539,49.85817],[23.98531,49.85804],[23.98524,49.85779],[23.9852,49.85751],[23.98517,49.85655],[23.98519,49.85623],[23.98524,49.85592],[23.98535,49.85559],[23.98558,49.8551],[23.98572,49.85488],[23.98641,49.85404],[23.98686,49.85345],[23.98658,49.85343],[23.98595,49.85357],[23.98502,49.85392],[23.98503,49.854],[23.98502,49.85392],[23.98004,49.85601],[23.97856,49.85667],[23.97085,49.85987],[23.96852,49.86082],[23.96649,49.86167],[23.9635,49.8629],[23.9619,49.86355],[23.96009,49.86432],[23.96012,49.86443],[23.96009,49.86432],[23.95913,49.86481],[23.95712,49.86602],[23.95663,49.86634],[23.9556,49.86698],[23.95534,49.86711],[23.95501,49.86725],[23.95434,49.86749],[23.95254,49.868],[23.95068,49.86852],[23.94946,49.86888],[23.94875,49.86918],[23.9467,49.87013],[23.94617,49.87035],[23.94564,49.87058],[23.94456,49.871],[23.94411,49.87113],[23.94337,49.87129],[23.93788,49.87223],[23.93662,49.87235],[23.93317,49.87255],[23.92906,49.87278],[23.92864,49.87292],[23.92849,49.87304],[23.92866,49.87431],[23.92886,49.87497],[23.92891,49.87506],[23.929,49.87516],[23.92913,49.87525],[23.92939,49.87537],[23.92946,49.87539],[23.92958,49.8754],[23.93118,49.87529],[23.93254,49.87522]]},"properties":{"line":"А47","dir":"0","mode":"bus"}},{"type":"Feature","geometry":{"type":"LineString","coordinates":[[23.93805,49.87541],[23.93799,49.87506],[23.93794,49.87495],[23.93787,49.87485],[23.93776,49.87476],[23.93758,49.87471],[23.93642,49.87457],[23.93615,49.87457],[23.93527,49.87463],[23.93496,49.87471],[23.9345,49.87489],[23.93399,49.87504],[23.93334,49.87515],[23.93299,49.87519],[23.93244,49.87522],[23.93118,49.87529],[23.92958,49.8754],[23.92946,49.87539],[23.92939,49.87537],[23.92913,49.87525],[23.929,49.87516],[23.92891,49.87506],[23.92886,49.87497],[23.92866,49.87431],[23.92849,49.87304],[23.92864,49.87292],[23.92906,49.87278],[23.9338,49.87252],[23.93662,49.87235],[23.93788,49.87223],[23.94337,49.87129],[23.94411,49.87113],[23.94456,49.871],[23.94565,49.87057],[23.9467,49.87013],[23.94875,49.86918],[23.94946,49.86888],[23.95093,49.86845],[23.95434,49.86749],[23.9547,49.86737],[23.95534,49.86711],[23.9556,49.86698],[23.95643,49.86647],[23.95712,49.86602],[23.95863,49.8651],[23.95913,49.86481],[23.96011,49.86431],[23.9619,49.86355],[23.96326,49.863],[23.96744,49.86128],[23.96852,49.86082],[23.97076,49.8599],[23.97856,49.85667],[23.98004,49.85601],[23.98533,49.8538],[23.98595,49.85357],[23.98658,49.85343],[23.98686,49.85345],[23.98641,49.85404],[23.98572,49.85488],[23.98558,49.8551],[23.98535,49.85559],[23.98524,49.85592],[23.98519,49.85623],[23.98517,49.85655],[23.9852,49.85751],[23.98524,49.85779],[23.98531,49.85804],[23.98539,49.85817],[23.9855,49.85829],[23.98579,49.85852],[23.9862,49.85878],[23.98717,49.85938],[23.9876,49.85971],[23.98909,49.86092],[23.98927,49.86104],[23.98951,49.86118],[23.98979,49.86128],[23.9904,49.86145],[23.99158,49.86172],[23.99277,49.86194],[23.99372,49.8621],[23.99452,49.86222],[23.99518,49.86227],[23.99575,49.86228],[23.99667,49.86225],[23.99738,49.86221],[23.9979,49.86214],[23.99838,49.86205],[23.9991,49.86188],[24.00038,49.86149],[24.00093,49.86136],[24.00112,49.86134],[24.00138,49.86137],[24.00157,49.86141],[24.00285,49.86208],[24.00351,49.86248],[24.00384,49.86264],[24.00639,49.86402],[24.00731,49.86449],[24.00752,49.8646],[24.00806,49.86481],[24.00863,49.86499],[24.00925,49.86513],[24.01114,49.86551],[24.01341,49.86598],[24.01352,49.86601],[24.0138,49.86615],[24.01457,49.86661],[24.01501,49.86685],[24.01539,49.8671],[24.01558,49.86711],[24.01574,49.8671],[24.01584,49.86707],[24.01599,49.86699],[24.01629,49.8664],[24.01815,49.86293],[24.01883,49.86164],[24.01972,49.85998],[24.02093,49.85769],[24.02124,49.8571],[24.02126,49.85704],[24.02123,49.85685],[24.0212,49.85671],[24.02124,49.85664],[24.0213,49.85658],[24.02139,49.85653],[24.02149,49.8565],[24.02175,49.85628],[24.02192,49.85597],[24.02272,49.85441],[24.02309,49.85368],[24.02446,49.85047],[24.02448,49.85032],[24.02446,49.84994],[24.02446,49.84988],[24.02458,49.84978],[24.02472,49.84975],[24.02486,49.84975],[24.02497,49.84973],[24.02506,49.84968],[24.02522,49.84941],[24.02506,49.84968],[24.02497,49.84973],[24.02486,49.84975],[24.025,49.84983],[24.02506,49.84999],[24.02496,49.85018],[24.02465,49.85048],[24.02446,49.85047],[24.02309,49.85368],[24.02279,49.85428],[24.02309,49.85368],[24.02446,49.85047],[24.02465,49.85048],[24.02496,49.85018],[24.02506,49.84999],[24.025,49.84983],[24.02486,49.84975],[24.02497,49.84973],[24.02506,49.84968],[24.0254,49.84907],[24.02561,49.84869],[24.02565,49.8485],[24.02565,49.84841],[24.02549,49.84714],[24.02535,49.84631],[24.02528,49.84552],[24.0253,49.84528],[24.02551,49.84457],[24.02583,49.84401],[24.02728,49.84139],[24.0278,49.84062],[24.02826,49.84004],[24.02841,49.83985],[24.02855,49.83974],[24.02884,49.83958],[24.02907,49.83949],[24.03049,49.83906],[24.0307,49.83909],[24.03207,49.83929],[24.0328,49.83931],[24.03337,49.83929],[24.0339,49.83917],[24.03534,49.83881],[24.03544,49.839],[24.0359,49.83963],[24.03601,49.83981],[24.03636,49.83977],[24.03717,49.8398],[24.03914,49.83984],[24.04149,49.83994],[24.04208,49.84],[24.04329,49.84028],[24.04411,49.84046],[24.04467,49.84057],[24.04564,49.84071],[24.04623,49.84075],[24.04643,49.84075],[24.0469,49.84067],[24.04714,49.84061],[24.04877,49.84011],[24.04987,49.83986],[24.05127,49.83956],[24.05402,49.83876],[24.05667,49.83812],[24.0602,49.83736],[24.06284,49.83679],[24.06381,49.8366],[24.06653,49.83616],[24.06735,49.83608],[24.06804,49.83603],[24.06814,49.83601],[24.06826,49.83593],[24.06832,49.83575],[24.06794,49.83416],[24.06761,49.83289],[24.0675,49.83271],[24.06735,49.83256],[24.06698,49.83226],[24.0669,49.83213],[24.06682,49.83184],[24.06683,49.83175],[24.06689,49.83162],[24.06707,49.83145],[24.06872,49.83059],[24.06891,49.83046],[24.06907,49.83031],[24.06962,49.82966],[24.07148,49.82749],[24.07222,49.82666],[24.07252,49.82643],[24.07276,49.82629],[24.07327,49.82604],[24.07392,49.82572],[24.07422,49.82552],[24.07471,49.82507],[24.07493,49.82472],[24.07505,49.82446],[24.07508,49.82434],[24.07513,49.82392],[24.07512,49.82378],[24.07495,49.823],[24.07501,49.82271],[24.07518,49.82226],[24.07582,49.82061],[24.0768,49.81798],[24.07792,49.81513],[24.07837,49.81398],[24.07818,49.81396],[24.07786,49.81397],[24.07717,49.81406],[24.07676,49.81414],[24.0759,49.81436],[24.07229,49.81532],[24.07048,49.81579],[24.06989,49.81593],[24.06931,49.81603],[24.06827,49.81618],[24.06785,49.81619],[24.06446,49.816],[24.06286,49.81598],[24.06211,49.81596],[24.06187,49.81605],[24.06181,49.8161],[24.06173,49.81612],[24.06162,49.8161],[24.06166,49.81615],[24.06162,49.8161],[24.06173,49.81612],[24.06181,49.8161],[24.06191,49.81603],[24.06211,49.81596],[24.06446,49.816],[24.06785,49.81619],[24.06827,49.81618],[24.06928,49.81604],[24.06827,49.81618],[24.06785,49.81619],[24.06446,49.816],[24.06274,49.81598],[24.06211,49.81596],[24.06178,49.81593],[24.06168,49.81593],[24.0614,49.81584],[24.06045,49.81518],[24.06031,49.81505],[24.06015,49.81486],[24.06005,49.81465],[24.06002,49.81442],[24.06003,49.81412],[24.06008,49.81386],[24.06013,49.81376],[24.06055,49.81301],[24.0607,49.81268],[24.06097,49.81176],[24.06103,49.81141],[24.06109,49.81042],[24.06121,49.80914],[24.06154,49.8077],[24.06159,49.80752],[24.06181,49.80728],[24.0622,49.80696],[24.06233,49.80688],[24.06241,49.8068],[24.06245,49.80671],[24.06241,49.8068],[24.06233,49.80688],[24.0622,49.80696],[24.06181,49.80728],[24.06159,49.80752],[24.06121,49.80914],[24.06115,49.80965],[24.06102,49.81143],[24.06097,49.81176],[24.0609,49.812],[24.06097,49.81176],[24.06102,49.81143],[24.06115,49.80965],[24.06121,49.80914],[24.06158,49.80755],[24.06159,49.80752],[24.06181,49.80728],[24.0622,49.80696],[24.06229,49.80691],[24.06241,49.8068],[24.06245,49.8067],[24.06245,49.80658],[24.06239,49.80649],[24.06227,49.8064],[24.06222,49.80632],[24.06217,49.80613],[24.0622,49.80592],[24.06252,49.80541],[24.06287,49.805],[24.06333,49.8045],[24.06392,49.8038],[24.06491,49.80258],[24.0655,49.80201],[24.06602,49.80157],[24.06715,49.80062],[24.06777,49.80016],[24.06856,49.79973],[24.07082,49.79866],[24.07155,49.79766],[24.07194,49.79707],[24.07234,49.79648],[24.07237,49.79637],[24.07235,49.79626],[24.07228,49.79615],[24.07221,49.79609],[24.07212,49.79606],[24.06935,49.7955],[24.06733,49.79515],[24.06394,49.79452],[24.06137,49.79402],[24.06067,49.79391],[24.06,49.79388],[24.05871,49.79385],[24.05844,49.79395],[24.05816,49.7941],[24.05792,49.7943],[24.05743,49.79465],[24.05705,49.79487],[24.05683,49.79484],[24.05664,49.79479],[24.05655,49.79471],[24.05653,49.79466],[24.05655,49.79471],[24.05664,49.79479],[24.05683,49.79484],[24.05705,49.79487],[24.05743,49.79465],[24.05792,49.7943],[24.05816,49.7941],[24.05844,49.79395],[24.05871,49.79385],[24.06,49.79388],[24.06067,49.79391],[24.06137,49.79402],[24.06319,49.79438],[24.06137,49.79402],[24.06067,49.79391],[24.06,49.79388],[24.05871,49.79385],[24.05844,49.79395],[24.05816,49.7941],[24.05792,49.7943],[24.05747,49.79462],[24.05705,49.79487],[24.05683,49.79484],[24.05664,49.79479],[24.05655,49.79471],[24.0565,49.79452],[24.05658,49.79446],[24.05713,49.79409],[24.05755,49.79371],[24.05771,49.79353],[24.05797,49.79313],[24.05807,49.79294],[24.05844,49.79189],[24.05856,49.79153],[24.05868,49.79103],[24.0589,49.78543],[24.05902,49.78288],[24.0592,49.78281],[24.05902,49.78288],[24.05891,49.7853],[24.05877,49.78865],[24.05891,49.78532]]},"properties":{"line":"А47","dir":"1","mode":"bus"}},{"type":"Feature","geometry":{"type":"LineString","coordinates":[[24.06012,49.87387],[24.06071,49.87461],[24.06104,49.8745],[24.06123,49.87444],[24.06114,49.87433],[24.06085,49.87399],[24.06036,49.87351],[24.05985,49.87294],[24.05685,49.86941],[24.05357,49.86557],[24.05349,49.86554],[24.05336,49.86545],[24.05288,49.8653],[24.05274,49.86523],[24.05267,49.86517],[24.05261,49.86505],[24.05259,49.86503],[24.05262,49.86488],[24.05271,49.86478],[24.05279,49.86443],[24.05273,49.86436],[24.05252,49.86419],[24.05245,49.8641],[24.0521,49.86369],[24.05105,49.86239],[24.05058,49.86186],[24.04736,49.85807],[24.04504,49.85535],[24.04405,49.8542],[24.04396,49.85403],[24.04392,49.854],[24.04375,49.85394],[24.04361,49.85391],[24.0429,49.85388],[24.04214,49.85379],[24.04176,49.85381],[24.04111,49.85373],[24.0408,49.85368],[24.04019,49.85359],[24.03978,49.85354],[24.03843,49.8534],[24.03528,49.85305],[24.03501,49.85298],[24.03332,49.85235],[24.03209,49.85196],[24.03016,49.85139],[24.03002,49.8514],[24.02989,49.85145],[24.02973,49.85155],[24.02957,49.85169],[24.02932,49.852],[24.02848,49.85312],[24.02829,49.85317],[24.02819,49.85316],[24.02804,49.8531],[24.02753,49.85225],[24.02713,49.85154],[24.02683,49.85095],[24.02676,49.85064],[24.02675,49.85043],[24.02652,49.85041],[24.02557,49.85045],[24.02508,49.85046],[24.02465,49.85048],[24.02446,49.85047],[24.02447,49.85041],[24.02446,49.84988],[24.02458,49.84978],[24.02472,49.84975],[24.02486,49.84975],[24.02497,49.84973],[24.02506,49.84968],[24.0254,49.84907],[24.02561,49.84869],[24.02565,49.8485],[24.02565,49.84841],[24.02549,49.84714],[24.02535,49.84631],[24.02528,49.84552],[24.0253,49.84528],[24.02551,49.84457],[24.02583,49.84401],[24.02728,49.84139],[24.02785,49.84055],[24.02771,49.84052],[24.02707,49.84017],[24.02544,49.83929],[24.02361,49.83816],[24.02346,49.83806],[24.02182,49.8371],[24.02178,49.83705],[24.0218,49.83691],[24.02241,49.83649],[24.02269,49.83631],[24.02275,49.83625],[24.02276,49.83614],[24.02051,49.83473],[24.02018,49.83464],[24.0199,49.83461],[24.01888,49.83472],[24.01848,49.83473],[24.01673,49.8347],[24.01624,49.83445],[24.01475,49.8337],[24.01215,49.83241],[24.00875,49.83068],[24.00765,49.83012],[24.01099,49.82727],[24.01039,49.82682],[24.00979,49.82635],[24.00938,49.82603],[24.00873,49.82552],[24.00819,49.82494],[24.00787,49.82455],[24.00674,49.82298],[24.00528,49.82086],[24.00452,49.8197],[24.00289,49.81731],[24.00145,49.81512],[24.00129,49.81485],[24.00018,49.81267],[23.99996,49.81201],[23.99968,49.81104],[23.99962,49.81092],[23.99946,49.8107],[23.99924,49.81063],[23.99881,49.81055],[23.99867,49.81054],[23.99659,49.81075],[23.99012,49.8114],[23.98516,49.81191],[23.98486,49.81203],[23.9845,49.81222],[23.98437,49.81232],[23.9842,49.81239],[23.98407,49.81241],[23.98393,49.81241],[23.98379,49.81239],[23.98367,49.81236],[23.98341,49.81224],[23.98318,49.81218],[23.98266,49.81213],[23.98192,49.81221],[23.98162,49.81225],[23.98133,49.81231],[23.98093,49.81235],[23.98024,49.81246],[23.9796,49.81259],[23.979,49.81275],[23.97803,49.81304],[23.97747,49.81327],[23.97676,49.81359],[23.97615,49.81391],[23.97332,49.81573],[23.97295,49.81599],[23.9728,49.81613],[23.97226,49.81668],[23.96982,49.8196],[23.96787,49.82194],[23.9677,49.82215],[23.96742,49.82262],[23.96656,49.82263],[23.96516,49.82272],[23.9605,49.82314],[23.9575,49.82342],[23.9563,49.82356],[23.95596,49.82426],[23.95489,49.82671]]},"properties":{"line":"А48","dir":"0","mode":"bus"}},{"type":"Feature","geometry":{"type":"LineString","coordinates":[[23.95455,49.82684],[23.95579,49.82401],[23.95597,49.82359],[23.9575,49.82342],[23.96145,49.82305],[23.96566,49.82268],[23.96656,49.82263],[23.96742,49.82262],[23.9677,49.82215],[23.96787,49.82194],[23.96946,49.82004],[23.97164,49.81742],[23.97234,49.81658],[23.97295,49.81599],[23.97332,49.81573],[23.97544,49.81436],[23.97615,49.81391],[23.9767,49.81362],[23.97747,49.81327],[23.97803,49.81304],[23.979,49.81275],[23.9796,49.81259],[23.98024,49.81246],[23.98093,49.81235],[23.98133,49.81231],[23.98162,49.81225],[23.98207,49.8122],[23.98266,49.81213],[23.98317,49.81203],[23.98342,49.81191],[23.98347,49.81183],[23.98364,49.81171],[23.98376,49.81167],[23.98397,49.81164],[23.98418,49.81166],[23.98437,49.81173],[23.9848,49.81184],[23.98516,49.81191],[23.99169,49.81125],[23.99815,49.8106],[23.99867,49.81054],[23.99899,49.81046],[23.99932,49.81031],[23.99944,49.81022],[23.99954,49.81017],[23.99966,49.81015],[23.9998,49.81015],[23.9999,49.81017],[24.00008,49.81024],[24.00015,49.8103],[24.00021,49.81043],[24.0002,49.8105],[24.00012,49.81063],[24.0001,49.81073],[24.00008,49.81102],[24.00025,49.81204],[24.00033,49.81233],[24.00045,49.81263],[24.00167,49.81504],[24.00353,49.81787],[24.00469,49.81964],[24.00758,49.8238],[24.00809,49.8245],[24.00858,49.82507],[24.00892,49.8254],[24.00939,49.8258],[24.01038,49.82656],[24.01039,49.82682],[24.01107,49.82733],[24.012,49.82807],[24.01225,49.8283],[24.01266,49.82882],[24.0128,49.82895],[24.01435,49.8301],[24.01495,49.83063],[24.01571,49.83107],[24.01809,49.8324],[24.01855,49.8327],[24.01852,49.83265],[24.01882,49.83327],[24.01906,49.83361],[24.01932,49.83387],[24.02017,49.83447],[24.02044,49.83464],[24.02051,49.83473],[24.02276,49.83614],[24.02275,49.83625],[24.02269,49.83631],[24.02196,49.83679],[24.0218,49.83691],[24.02178,49.83705],[24.02182,49.8371],[24.02346,49.83806],[24.02361,49.83816],[24.02544,49.83929],[24.02722,49.84025],[24.02771,49.84052],[24.02872,49.84072],[24.02804,49.84185],[24.02747,49.84278],[24.02684,49.84372],[24.02668,49.84409],[24.02671,49.84445],[24.02674,49.8446],[24.02687,49.84477],[24.02688,49.84497],[24.02658,49.84531],[24.02623,49.84543],[24.02576,49.84556],[24.02551,49.84568],[24.02547,49.84573],[24.02546,49.84579],[24.02551,49.8463],[24.02561,49.84683],[24.02581,49.84841],[24.02579,49.84862],[24.02567,49.84889],[24.02496,49.85018],[24.02494,49.85039],[24.02508,49.85046],[24.02608,49.85043],[24.02652,49.85041],[24.02675,49.85043],[24.02676,49.85064],[24.02683,49.85095],[24.02887,49.8507],[24.02901,49.85071],[24.02912,49.85076],[24.02992,49.8513],[24.03016,49.85139],[24.03195,49.85192],[24.03334,49.85236],[24.03501,49.85298],[24.03528,49.85305],[24.03646,49.85319],[24.03978,49.85354],[24.04021,49.8536],[24.04089,49.85369],[24.04109,49.85366],[24.04111,49.85365],[24.04177,49.85374],[24.0429,49.85388],[24.04336,49.85396],[24.0435,49.85401],[24.04405,49.8542],[24.04577,49.8562],[24.04755,49.85829],[24.05042,49.86168],[24.05099,49.86232],[24.05213,49.86373],[24.05252,49.86419],[24.05273,49.86436],[24.05279,49.86443],[24.05324,49.86466],[24.05343,49.86472],[24.05353,49.86477],[24.0536,49.86484],[24.05364,49.86492],[24.05365,49.865],[24.05356,49.86529],[24.05355,49.8654],[24.05357,49.86557],[24.05621,49.86866],[24.05767,49.87039],[24.05815,49.87092],[24.05935,49.87236],[24.06011,49.87322]]},"properties":{"line":"А48","dir":"1","mode":"bus"}},{"type":"Feature","geometry":{"type":"LineString","coordinates":[[23.93805,49.8754],[23.93799,49.87506],[23.93794,49.87495],[23.93787,49.87485],[23.93776,49.87476],[23.93758,49.87471],[23.93642,49.87457],[23.93615,49.87457],[23.93527,49.87463],[23.93496,49.87471],[23.93419,49.87499],[23.93402,49.87503],[23.93334,49.87515],[23.93299,49.87519],[23.93244,49.87522],[23.93118,49.87529],[23.92958,49.8754],[23.92946,49.87539],[23.92939,49.87537],[23.92913,49.87525],[23.929,49.87516],[23.92891,49.87506],[23.92885,49.87494],[23.92877,49.87432],[23.92861,49.8736],[23.92854,49.87306],[23.9287,49.87295],[23.92906,49.87278],[23.9338,49.87252],[23.93645,49.87236],[23.93788,49.87223],[23.94337,49.87129],[23.94414,49.8711],[23.94485,49.87085],[23.94561,49.87053],[23.94946,49.86888],[23.95028,49.86863],[23.95093,49.86845],[23.95434,49.86749],[23.9547,49.86737],[23.95534,49.86711],[23.9556,49.86698],[23.95643,49.86647],[23.95712,49.86602],[23.95896,49.8649],[23.95964,49.86453],[23.96011,49.86431],[23.9625,49.8633],[23.96326,49.863],[23.96744,49.86128],[23.96852,49.86082],[23.97076,49.8599],[23.97807,49.85688],[23.98137,49.85549],[23.98536,49.85383],[23.98597,49.85359],[23.98698,49.85335],[23.98857,49.85244],[23.99185,49.851],[23.99461,49.84975],[23.99484,49.84967],[23.99492,49.84961],[23.99558,49.84937],[23.99565,49.84934],[23.9957,49.84922],[23.99569,49.84918],[23.99565,49.84913],[23.99402,49.84835],[23.99265,49.84772],[23.99036,49.84686],[23.98655,49.84545],[23.98515,49.84497],[23.98369,49.84444],[23.9819,49.84378],[23.98135,49.84355],[23.97961,49.84271],[23.97934,49.84262],[23.97926,49.84255],[23.9792,49.84247],[23.97899,49.84205],[23.97883,49.84173],[23.97771,49.83982],[23.9772,49.83891],[23.97713,49.83871],[23.97695,49.83748],[23.97686,49.83666],[23.97682,49.83617],[23.97683,49.83573],[23.97686,49.83546],[23.97699,49.83528],[23.97772,49.83379],[23.9779,49.83367],[23.97825,49.83352],[23.97842,49.83349],[23.97878,49.83346],[23.97985,49.83343],[23.98162,49.83338],[23.98335,49.83334],[23.98454,49.83355],[23.98694,49.83399],[23.99018,49.83455],[23.99097,49.83468],[23.9938,49.83519],[23.99423,49.83525],[23.99506,49.8354],[23.99915,49.83615],[24.00205,49.83666],[24.00256,49.83675],[24.00263,49.83677],[24.00242,49.83707],[24.00235,49.83712],[24.00224,49.83716],[24.00201,49.83716],[24.00191,49.83714],[24.0018,49.83708],[24.00171,49.83707],[24.00165,49.83708],[24.00053,49.83749],[24.00004,49.83767]]},"properties":{"line":"А49","dir":"0","mode":"bus"}},{"type":"Feature","geometry":{"type":"LineString","coordinates":[[23.99511,49.83973],[23.99515,49.83959],[23.99522,49.8395],[23.99568,49.83932],[23.99605,49.8392],[23.99948,49.83792],[23.9996,49.83788],[23.99989,49.83761],[23.99998,49.83758],[24.00134,49.83708],[24.00142,49.837],[24.00145,49.83692],[24.00144,49.83687],[24.00138,49.83675],[24.00026,49.83652],[23.9992,49.83634],[23.99827,49.83617],[23.99471,49.83554],[23.9943,49.83547],[23.99395,49.83546],[23.99229,49.83553],[23.99146,49.83555],[23.99126,49.83554],[23.99098,49.83546],[23.9907,49.83535],[23.99061,49.83528],[23.99057,49.83521],[23.99057,49.83509],[23.99075,49.83465],[23.98923,49.83438],[23.98694,49.83399],[23.98525,49.83368],[23.98523,49.83371],[23.98525,49.83368],[23.98335,49.83334],[23.97878,49.83346],[23.97842,49.83349],[23.97825,49.83352],[23.9779,49.83367],[23.97772,49.83379],[23.97699,49.83528],[23.97699,49.83547],[23.97696,49.83577],[23.97697,49.8359],[23.97705,49.83649],[23.97716,49.83765],[23.97729,49.83858],[23.9774,49.83888],[23.97838,49.84066],[23.97892,49.84152],[23.97937,49.84246],[23.97934,49.84262],[23.97961,49.84271],[23.98035,49.84307],[23.98135,49.84355],[23.9819,49.84378],[23.98426,49.84465],[23.98655,49.84545],[23.99034,49.84685],[23.99265,49.84772],[23.99438,49.84851],[23.99565,49.84913],[23.99589,49.84925],[23.99601,49.84927],[23.99592,49.84933],[23.99536,49.84952],[23.99497,49.84965],[23.99484,49.84967],[23.99461,49.84975],[23.99141,49.85119],[23.98857,49.85244],[23.98693,49.85337],[23.98597,49.85359],[23.98501,49.85397],[23.98137,49.85549],[23.97807,49.85688],[23.97085,49.85987],[23.96852,49.86082],[23.96649,49.86167],[23.9635,49.8629],[23.9619,49.86355],[23.95995,49.86438],[23.95964,49.86453],[23.95863,49.8651],[23.95663,49.86634],[23.9556,49.86698],[23.95534,49.86711],[23.95501,49.86725],[23.95434,49.86749],[23.95254,49.868],[23.95028,49.86863],[23.94946,49.86888],[23.94614,49.87031],[23.94651,49.87016],[23.94485,49.87085],[23.94414,49.8711],[23.94337,49.87129],[23.93788,49.87223],[23.93645,49.87236],[23.93317,49.87255],[23.92906,49.87278],[23.92849,49.87281],[23.92851,49.87281],[23.92861,49.8736],[23.92877,49.87432],[23.92885,49.87494],[23.92891,49.87506],[23.929,49.87516],[23.92913,49.87525],[23.92939,49.87537],[23.92946,49.87539],[23.92958,49.8754],[23.93118,49.87529],[23.93254,49.87522],[23.93299,49.87519],[23.93334,49.87515],[23.93402,49.87503],[23.93419,49.87499],[23.93496,49.87471],[23.93527,49.87463],[23.93615,49.87457],[23.93656,49.87458],[23.93758,49.87471],[23.93776,49.87476],[23.93782,49.8748],[23.93794,49.87495],[23.938,49.8751],[23.93814,49.87517],[23.93828,49.8753],[23.93831,49.87559]]},"properties":{"line":"А49","dir":"1","mode":"bus"}},{"type":"Feature","geometry":{"type":"LineString","coordinates":[[23.98033,49.80595],[23.97946,49.80603],[23.97937,49.80565],[23.9794,49.80564],[23.98096,49.80549],[23.98103,49.80543],[23.98115,49.80537],[23.98129,49.80534],[23.98144,49.80533],[23.98158,49.80536],[23.9817,49.80541],[23.98177,49.80546],[23.98203,49.80548],[23.98219,49.80548],[23.98256,49.80543],[23.98255,49.80544],[23.98306,49.80537],[23.98654,49.80501],[23.98652,49.80493],[23.98769,49.80481],[23.98922,49.80463],[23.98925,49.80474],[23.99375,49.8043],[23.99371,49.80416],[23.99317,49.80422],[23.99371,49.80416],[23.99375,49.8043],[23.99571,49.80411],[23.99764,49.80389],[23.99994,49.80366],[23.99652,49.80401],[23.99557,49.80412],[23.9956,49.80427],[23.99716,49.80412],[23.99798,49.80405],[23.99907,49.80393],[23.99906,49.80393],[23.99884,49.80406],[23.99877,49.80413],[23.99866,49.8043],[23.99862,49.80446],[23.99865,49.8047],[23.99877,49.80528],[23.99877,49.80573],[23.99883,49.80608],[23.99934,49.80814],[23.99982,49.80987],[23.99988,49.81],[24.00001,49.8102],[24.00015,49.8103],[24.00021,49.81043],[24.00017,49.81057],[24.00012,49.81063],[24,49.8107],[24.00012,49.81063],[24.00017,49.81057],[24.00021,49.81043],[24.00015,49.8103],[24.00001,49.8102],[23.99988,49.81],[23.99982,49.80987],[23.99934,49.80814],[23.99898,49.80664],[23.99934,49.80814],[23.99904,49.80817],[23.99939,49.80987],[23.9994,49.81004],[23.99936,49.81027],[23.99932,49.81031],[23.99899,49.81046],[23.99867,49.81054],[23.99659,49.81075],[23.99013,49.8114],[23.98516,49.81191],[23.98486,49.81203],[23.9845,49.81222],[23.98437,49.81232],[23.9842,49.81239],[23.98406,49.81241],[23.9842,49.81239],[23.98437,49.81232],[23.9845,49.81222],[23.98486,49.81203],[23.98516,49.81191],[23.99012,49.8114],[23.98516,49.81191],[23.9848,49.81184],[23.98437,49.81173],[23.98418,49.81166],[23.98397,49.81164],[23.98376,49.81167],[23.98355,49.81176],[23.98347,49.81183],[23.98342,49.81191],[23.98317,49.81203],[23.98266,49.81213],[23.98192,49.81221],[23.98162,49.81225],[23.98133,49.81231],[23.98093,49.81235],[23.98024,49.81246],[23.9796,49.81259],[23.979,49.81275],[23.97803,49.81304],[23.97747,49.81327],[23.97676,49.81359],[23.97615,49.81391],[23.97332,49.81573],[23.97295,49.81599],[23.9728,49.81613],[23.97226,49.81668],[23.97187,49.81715],[23.97646,49.81836],[23.98098,49.81957],[23.98069,49.81999],[23.97963,49.8216],[23.97928,49.82209],[23.97919,49.82222],[23.97884,49.82259],[23.97844,49.823],[23.97726,49.82411],[23.97764,49.82429],[23.97898,49.82503],[23.97998,49.82558],[23.98094,49.82609],[23.98212,49.82668],[23.98235,49.82676],[23.98272,49.82694],[23.98284,49.82697],[23.98292,49.82697],[23.98417,49.82645],[23.98551,49.82606],[23.98887,49.82514],[23.98915,49.82515],[23.98945,49.82526],[23.98915,49.82515],[23.98887,49.82514],[23.98551,49.82606],[23.98417,49.82645],[23.98359,49.82669],[23.983,49.82693],[23.98301,49.82706],[23.98305,49.82711],[23.98312,49.82716],[23.98359,49.82743],[23.98532,49.82818],[23.98626,49.82861],[23.98758,49.82927],[23.99018,49.82883],[23.99073,49.83124],[23.99078,49.83168],[23.99078,49.83395],[23.99084,49.83418],[23.99089,49.83442],[23.99086,49.83449],[23.99075,49.83465],[23.9938,49.83519],[23.99423,49.83525],[23.99506,49.8354],[23.99915,49.83615],[24.002,49.83663],[24.00268,49.83676],[24.00286,49.8368],[24.00388,49.83712],[24.00487,49.83745],[24.00559,49.83769],[24.00684,49.83814],[24.0122,49.84024],[24.01586,49.84169],[24.01769,49.84246],[24.0182,49.84261],[24.01862,49.84271],[24.02005,49.84288],[24.02061,49.84295],[24.02148,49.84305],[24.02086,49.84298],[24.02084,49.84305],[24.01875,49.8428],[24.01816,49.84271],[24.01763,49.84273],[24.0177,49.84266],[24.01774,49.84257],[24.01773,49.8425],[24.01769,49.84246],[24.01655,49.84199],[24.01769,49.84246],[24.01773,49.8425],[24.01774,49.84257],[24.0177,49.84266],[24.01763,49.84273],[24.01816,49.84271],[24.01875,49.8428],[24.02274,49.84328],[24.02285,49.84326],[24.02297,49.84329],[24.02474,49.84425],[24.02505,49.84432],[24.02526,49.84433],[24.02543,49.84436],[24.02679,49.84468],[24.02679,49.84467],[24.02679,49.84468],[24.02634,49.84457],[24.02629,49.84466],[24.02521,49.84441],[24.02505,49.84432],[24.02474,49.84425],[24.02297,49.84329],[24.02285,49.84326],[24.02276,49.8432],[24.02218,49.84314],[24.02276,49.8432],[24.02285,49.84326],[24.02267,49.84386],[24.02268,49.84391],[24.02284,49.84405],[24.02367,49.8447],[24.02383,49.84464],[24.02394,49.84473],[24.02399,49.84482],[24.02415,49.84642],[24.02553,49.84639],[24.02561,49.84683],[24.02581,49.84841],[24.02579,49.84862],[24.02567,49.84889],[24.02496,49.85018],[24.02465,49.85048],[24.02457,49.85062],[24.02432,49.85118],[24.02322,49.85376],[24.0229,49.8544],[24.02192,49.85631],[24.02197,49.85664],[24.02201,49.85673],[24.022,49.8568],[24.02196,49.85687],[24.0219,49.85693],[24.02174,49.857],[24.02153,49.85714],[24.02143,49.85724],[24.02117,49.85771],[24.02006,49.85985],[24.01855,49.86264],[24.01685,49.86586],[24.01674,49.86607],[24.01659,49.86647],[24.01655,49.86667],[24.01654,49.86689],[24.01657,49.86746],[24.0168,49.86782],[24.01707,49.8682],[24.01768,49.86863],[24.01784,49.86877],[24.01804,49.86901],[24.01823,49.86932],[24.01838,49.86979],[24.01845,49.87014],[24.01853,49.87034],[24.01882,49.8707],[24.01903,49.87079],[24.01924,49.87082],[24.01946,49.8708],[24.02068,49.87024],[24.02291,49.86926],[24.02308,49.86922],[24.02348,49.86919],[24.02372,49.86921],[24.02498,49.86943],[24.03255,49.87066],[24.03327,49.87078],[24.03262,49.87264],[24.03258,49.87282],[24.0326,49.87297],[24.03266,49.87313],[24.03312,49.87397],[24.03347,49.87443],[24.03455,49.87539],[24.03479,49.87554],[24.03498,49.87563],[24.03512,49.87569],[24.0357,49.87583],[24.03624,49.87592],[24.04068,49.87653],[24.04084,49.87641],[24.0422,49.87226],[24.03944,49.8718],[24.0422,49.87226],[24.04084,49.87641],[24.04068,49.87653],[24.03624,49.87592],[24.0357,49.87583],[24.03545,49.87577],[24.0357,49.87583],[24.03624,49.87592],[24.04068,49.87653],[24.04084,49.87641],[24.0422,49.87226],[24.04327,49.87244],[24.04459,49.87266],[24.04883,49.87308],[24.04913,49.8731],[24.04965,49.87306],[24.04997,49.87296],[24.05061,49.8727],[24.05214,49.87204],[24.05536,49.87064],[24.05723,49.86986],[24.05767,49.87039],[24.05815,49.87092],[24.05935,49.87236],[24.06011,49.87322]]},"properties":{"line":"А51","dir":"0","mode":"bus"}},{"type":"Feature","geometry":{"type":"LineString","coordinates":[[24.06012,49.87387],[24.05957,49.87318],[24.05996,49.87306],[24.05723,49.86986],[24.05537,49.87063],[24.05226,49.87199],[24.05036,49.8728],[24.04997,49.87296],[24.04965,49.87306],[24.04913,49.8731],[24.04883,49.87308],[24.04459,49.87266],[24.04378,49.87252],[24.0392,49.87176],[24.03129,49.87046],[24.02538,49.86949],[24.02496,49.86943],[24.02372,49.86921],[24.02348,49.86919],[24.02308,49.86922],[24.02291,49.86926],[24.02051,49.87032],[24.01946,49.8708],[24.01924,49.87082],[24.01903,49.87079],[24.01882,49.8707],[24.01853,49.87034],[24.01845,49.87014],[24.0184,49.86983],[24.01831,49.86953],[24.01823,49.86932],[24.01804,49.86901],[24.01784,49.86877],[24.01768,49.86863],[24.01707,49.8682],[24.01608,49.86756],[24.01601,49.8673],[24.01608,49.86756],[24.0162,49.86763],[24.01735,49.86838],[24.01768,49.86863],[24.01784,49.86877],[24.01804,49.86901],[24.01819,49.86926],[24.01804,49.86901],[24.01784,49.86877],[24.01768,49.86863],[24.01707,49.8682],[24.0168,49.86782],[24.01657,49.86746],[24.01654,49.86689],[24.01655,49.86667],[24.01648,49.86662],[24.01639,49.8666],[24.01629,49.8666],[24.01617,49.86661],[24.01629,49.8664],[24.01815,49.86293],[24.01883,49.86164],[24.01972,49.85998],[24.02093,49.85769],[24.02124,49.8571],[24.02126,49.85704],[24.02123,49.85685],[24.0212,49.85671],[24.02124,49.85664],[24.0213,49.85658],[24.02139,49.85653],[24.02149,49.8565],[24.02175,49.85628],[24.02192,49.85597],[24.02272,49.85441],[24.02309,49.85368],[24.02446,49.85047],[24.02448,49.85032],[24.02446,49.8499],[24.02446,49.84988],[24.02458,49.84978],[24.02472,49.84975],[24.02486,49.84975],[24.02497,49.84973],[24.02506,49.84968],[24.02529,49.84927],[24.02506,49.84968],[24.02497,49.84973],[24.02486,49.84975],[24.025,49.84983],[24.02506,49.84999],[24.02496,49.85018],[24.02465,49.85048],[24.02446,49.85047],[24.02309,49.85368],[24.02279,49.85428],[24.02309,49.85368],[24.02446,49.85047],[24.02465,49.85048],[24.02496,49.85018],[24.02506,49.84999],[24.025,49.84983],[24.02486,49.84975],[24.02497,49.84973],[24.02506,49.84968],[24.0254,49.84907],[24.02561,49.84869],[24.02565,49.8485],[24.02565,49.84841],[24.02549,49.84714],[24.02535,49.84631],[24.02528,49.84552],[24.0253,49.84528],[24.02536,49.84505],[24.02551,49.84457],[24.02555,49.84449],[24.02521,49.84441],[24.02505,49.84432],[24.02474,49.84425],[24.02412,49.84392],[24.02297,49.84329],[24.02285,49.84326],[24.02274,49.84328],[24.01875,49.8428],[24.01827,49.84272],[24.01816,49.84271],[24.01763,49.84273],[24.01581,49.84297],[24.01563,49.84293],[24.01556,49.84288],[24.01551,49.84281],[24.01557,49.84203],[24.01559,49.84159],[24.0122,49.84024],[24.00684,49.83814],[24.00557,49.83769],[24.00511,49.83753],[24.005,49.8376],[24.00476,49.83764],[24.00424,49.83765],[24.00315,49.83756],[24.00226,49.8374],[24.00199,49.8371],[24.00177,49.83684],[24.00153,49.83674],[24.00116,49.83666],[23.9992,49.83633],[23.99827,49.83617],[23.99832,49.83611],[23.99837,49.83601],[23.99558,49.83549],[23.99423,49.83525],[23.9938,49.83519],[23.99075,49.83465],[23.99086,49.83449],[23.99089,49.83442],[23.99078,49.83395],[23.99078,49.83168],[23.99076,49.83139],[23.99039,49.82978],[23.99076,49.83139],[23.99078,49.83168],[23.99077,49.83347],[23.99078,49.83395],[23.99089,49.83442],[23.99086,49.83449],[23.99075,49.83465],[23.99057,49.83509],[23.99057,49.83521],[23.99061,49.83528],[23.9907,49.83535],[23.99098,49.83546],[23.99126,49.83554],[23.99146,49.83555],[23.99229,49.83553],[23.99395,49.83546],[23.9943,49.83547],[23.99471,49.83554],[23.9943,49.83547],[23.99395,49.83546],[23.99229,49.83553],[23.99146,49.83555],[23.99126,49.83554],[23.99098,49.83546],[23.9907,49.83535],[23.99061,49.83528],[23.99057,49.83521],[23.99057,49.83509],[23.99075,49.83465],[23.99086,49.83449],[23.99089,49.83442],[23.99078,49.83395],[23.99051,49.83338],[23.99038,49.83292],[23.99021,49.8321],[23.99006,49.83184],[23.9888,49.83001],[23.98865,49.82981],[23.98846,49.82968],[23.98786,49.82937],[23.98758,49.82927],[23.98665,49.82881],[23.98758,49.82927],[23.98786,49.82937],[23.98846,49.82968],[23.98865,49.82981],[23.9888,49.83001],[23.99006,49.83184],[23.99021,49.8321],[23.99038,49.83292],[23.99051,49.83338],[23.99056,49.83348],[23.99066,49.83349],[23.99077,49.83347],[23.99077,49.8335],[23.99078,49.83168],[23.99076,49.83139],[23.99066,49.83094],[23.99052,49.83036],[23.99018,49.82883],[23.98758,49.82927],[23.98716,49.82906],[23.98626,49.82861],[23.98532,49.82818],[23.98359,49.82743],[23.98323,49.82729],[23.98296,49.82717],[23.98212,49.82668],[23.98094,49.82609],[23.97998,49.82558],[23.97764,49.82429],[23.97726,49.82411],[23.97833,49.82309],[23.97844,49.823],[23.97883,49.8226],[23.97919,49.82222],[23.97945,49.82184],[23.98079,49.81984],[23.98098,49.81957],[23.97702,49.81851],[23.97261,49.81735],[23.97257,49.81742],[23.97261,49.81735],[23.97187,49.81715],[23.97234,49.81658],[23.97295,49.81599],[23.97332,49.81573],[23.97544,49.81436],[23.97615,49.81391],[23.9767,49.81362],[23.97747,49.81327],[23.97803,49.81304],[23.979,49.81275],[23.9796,49.81259],[23.98024,49.81246],[23.98093,49.81235],[23.98133,49.81231],[23.98162,49.81225],[23.98207,49.8122],[23.98266,49.81213],[23.98317,49.81203],[23.98342,49.81191],[23.98347,49.81183],[23.98364,49.81171],[23.98376,49.81167],[23.98397,49.81164],[23.98418,49.81166],[23.98437,49.81173],[23.9848,49.81184],[23.98516,49.81191],[23.99169,49.81125],[23.99815,49.8106],[23.99867,49.81054],[23.99899,49.81046],[23.99932,49.81031],[23.99936,49.81027],[23.9994,49.81004],[23.99939,49.80987],[23.99904,49.80817],[23.99881,49.80724],[23.99856,49.80621],[23.99834,49.80599],[23.99827,49.80583],[23.99783,49.80449],[23.99772,49.80432],[23.99746,49.80419],[23.99716,49.80412],[23.99519,49.80432],[23.99172,49.80467],[23.98724,49.80512],[23.98658,49.80519],[23.98661,49.80532],[23.98557,49.80544],[23.98521,49.80547],[23.98486,49.80546],[23.98477,49.80537],[23.98223,49.80565],[23.98208,49.80568],[23.9818,49.80579],[23.98167,49.80589],[23.9815,49.80594],[23.98131,49.80595],[23.98113,49.8059],[23.98089,49.80589],[23.98067,49.80591],[23.9797,49.80601]]},"properties":{"line":"А51","dir":"1","mode":"bus"}},{"type":"Feature","geometry":{"type":"LineString","coordinates":[[23.86066,49.84266],[23.86066,49.84266],[23.86074,49.84291],[23.86075,49.84314],[23.86066,49.84318],[23.86058,49.84319],[23.86049,49.84316],[23.86046,49.84313],[23.86034,49.84302],[23.86029,49.84293],[23.86031,49.84281],[23.86031,49.8428],[23.86066,49.84266],[23.86086,49.84253],[23.86156,49.8422],[23.86166,49.84213],[23.86421,49.84092],[23.86555,49.84031],[23.86573,49.84023],[23.86449,49.83907],[23.86385,49.83842],[23.86381,49.83838],[23.86406,49.83828],[23.86836,49.83806],[23.87186,49.83786],[23.87197,49.83781],[23.87208,49.83771],[23.87263,49.8374],[23.87334,49.83702],[23.8737,49.83683],[23.87672,49.83551],[23.87801,49.83494],[23.87816,49.83491],[23.87824,49.83508],[23.87826,49.83523],[23.87824,49.83642],[23.8782,49.83721],[23.87818,49.83735],[23.87834,49.83742],[23.8794,49.8374],[23.88131,49.83731],[23.88309,49.83721],[23.88477,49.83715],[23.8848,49.83754],[23.88483,49.83754],[23.8848,49.83754],[23.88474,49.839],[23.88477,49.83925],[23.88483,49.83931],[23.88594,49.83945],[23.88694,49.83973],[23.88709,49.83977],[23.88793,49.84014],[23.8886,49.84022],[23.88917,49.84024],[23.88946,49.84022],[23.88973,49.84015],[23.89067,49.83964],[23.89087,49.83956],[23.8912,49.83942],[23.89193,49.83921],[23.89218,49.83909],[23.89261,49.83883],[23.89323,49.83851],[23.89369,49.83836],[23.89421,49.83827],[23.89471,49.83824],[23.89551,49.83826],[23.89586,49.83831],[23.89674,49.83857],[23.89762,49.83884],[23.89832,49.83908],[23.89852,49.83917],[23.89871,49.83918],[23.89883,49.83915],[23.89891,49.83908],[23.89903,49.83903],[23.89911,49.83891],[23.90092,49.83647],[23.90807,49.82724],[23.91036,49.82424],[23.91251,49.82124],[23.91259,49.82096],[23.91262,49.8207],[23.91258,49.82062],[23.91259,49.8205],[23.91268,49.8204],[23.91283,49.82034],[23.91295,49.82033],[23.91313,49.82035],[23.91327,49.82042],[23.91333,49.82049],[23.91358,49.8206],[23.91403,49.82071],[23.91667,49.82112],[23.92008,49.82171],[23.92526,49.82266],[23.92846,49.82326],[23.93069,49.82365],[23.93256,49.82401],[23.93438,49.82436],[23.93488,49.82452],[23.94326,49.8261],[23.94517,49.82645],[23.94644,49.82667],[23.94694,49.8267],[23.9476,49.82682],[23.94805,49.8269],[23.94916,49.82714],[23.94933,49.82718],[23.94962,49.82729],[23.95351,49.82798],[23.95848,49.82889],[23.96463,49.83001],[23.96729,49.83049],[23.96943,49.83086],[23.97728,49.83225],[23.97915,49.83258],[23.98454,49.83355],[23.98694,49.83399],[23.99018,49.83455],[23.99097,49.83468],[23.9938,49.83519],[23.99423,49.83525],[23.99506,49.8354],[23.99915,49.83615],[24.00205,49.83666],[24.00253,49.83674],[24.00273,49.83679],[24.00386,49.83713],[24.00488,49.83745],[24.00625,49.83792],[24.00695,49.83817],[24.00822,49.83869],[24.0122,49.84024],[24.01552,49.84155],[24.01657,49.84197],[24.01766,49.84241],[24.01821,49.84261],[24.01838,49.84266],[24.02064,49.84294],[24.02127,49.84302],[24.02218,49.84313],[24.02264,49.8432],[24.02276,49.84325],[24.02296,49.84328],[24.02467,49.84422],[24.02503,49.84433],[24.02522,49.84436],[24.02536,49.84437],[24.02675,49.84468],[24.02687,49.8447],[24.02675,49.84468],[24.02683,49.84477],[24.02686,49.845],[24.02675,49.84515],[24.02655,49.8453],[24.02622,49.84543],[24.02571,49.84556],[24.02546,49.84568],[24.02542,49.84573],[24.02541,49.84579],[24.02561,49.84683],[24.02581,49.84841],[24.02579,49.84862],[24.02567,49.84889],[24.02524,49.84965],[24.02494,49.8501],[24.02464,49.85047],[24.02455,49.85061],[24.02432,49.85118],[24.02322,49.85376],[24.0229,49.8544],[24.02192,49.85632],[24.02198,49.8566],[24.02202,49.8567],[24.02201,49.85677],[24.02198,49.85684],[24.02191,49.8569],[24.02183,49.85694],[24.02169,49.85697],[24.0215,49.85697],[24.02135,49.85691],[24.02103,49.85661],[24.02083,49.85651],[24.02059,49.85641],[24.0195,49.8561],[24.01506,49.85486],[24.01477,49.85483],[24.01461,49.85483],[24.01453,49.85489],[24.01444,49.855],[24.01443,49.85506],[24.01426,49.8559],[24.01409,49.8562],[24.01388,49.85641],[24.01357,49.85662],[24.01212,49.85728],[24.01159,49.85784],[24.01102,49.85845],[24.01038,49.85897],[24.00988,49.85931],[24.00885,49.85988],[24.0087,49.86001],[24.00863,49.8601],[24.00848,49.86035],[24.00755,49.86215],[24.00691,49.8634],[24.00686,49.86359],[24.00684,49.86397],[24.00677,49.86422],[24.00731,49.86449],[24.00752,49.8646],[24.00806,49.86481],[24.00863,49.86499],[24.00925,49.86513],[24.01114,49.86551]]},"properties":{"line":"А52","dir":"0","mode":"bus"}},{"type":"Feature","geometry":{"type":"LineString","coordinates":[[24.01629,49.8664],[24.01883,49.86164],[24.01972,49.85998],[24.02093,49.85769],[24.02124,49.85711],[24.02126,49.85702],[24.02124,49.85682],[24.02122,49.85668],[24.02125,49.85661],[24.02131,49.85655],[24.02147,49.85648],[24.02165,49.85636],[24.02175,49.85628],[24.02191,49.85596],[24.02279,49.85428],[24.02309,49.85368],[24.02446,49.85047],[24.02448,49.85032],[24.02446,49.84995],[24.02446,49.84988],[24.02458,49.84978],[24.02472,49.84975],[24.02486,49.84975],[24.02497,49.84973],[24.02506,49.84968],[24.02522,49.84941],[24.02561,49.84869],[24.02565,49.8485],[24.0256,49.84788],[24.02549,49.84714],[24.02524,49.84573],[24.02523,49.84552],[24.02522,49.84539],[24.02549,49.8445],[24.02531,49.84445],[24.02503,49.84433],[24.02467,49.84422],[24.02412,49.84391],[24.02296,49.84328],[24.02276,49.84325],[24.02262,49.84326],[24.02084,49.84304],[24.01872,49.84281],[24.01826,49.84275],[24.01816,49.84273],[24.01758,49.84276],[24.01579,49.84297],[24.01554,49.84287],[24.01558,49.84203],[24.01559,49.84174],[24.01552,49.84155],[24.0122,49.84024],[24.00822,49.83869],[24.00695,49.83817],[24.00557,49.83769],[24.00511,49.83752],[24.00402,49.83718],[24.00263,49.83677],[24.00251,49.83694],[24.00242,49.83707],[24.00235,49.83712],[24.00224,49.83716],[24.00201,49.83716],[24.00191,49.83714],[24.00188,49.83712],[24.00172,49.83694],[24.0017,49.83687],[24.00138,49.83675],[24.00026,49.83652],[23.9992,49.83634],[23.99827,49.83617],[23.99471,49.83554],[23.9943,49.83547],[23.99395,49.83546],[23.99229,49.83553],[23.99146,49.83555],[23.99126,49.83554],[23.99098,49.83546],[23.9907,49.83535],[23.99061,49.83528],[23.99057,49.83521],[23.99057,49.83509],[23.99075,49.83465],[23.98923,49.83438],[23.98694,49.83399],[23.98525,49.83368],[23.98523,49.83371],[23.98525,49.83368],[23.98335,49.83334],[23.98199,49.83308],[23.97841,49.83245],[23.97122,49.83117],[23.96692,49.83043],[23.96288,49.82969],[23.95695,49.82861],[23.94962,49.82729],[23.94928,49.82727],[23.94823,49.82706],[23.94783,49.82699],[23.9469,49.82681],[23.94656,49.82671],[23.94644,49.82667],[23.94488,49.8264],[23.93488,49.82452],[23.93432,49.82446],[23.93388,49.82439],[23.93142,49.82391],[23.92892,49.82344],[23.92419,49.82257],[23.91819,49.82148],[23.91667,49.82123],[23.91398,49.8208],[23.91371,49.82077],[23.91349,49.82076],[23.91315,49.8208],[23.91309,49.82081],[23.91276,49.82101],[23.91265,49.82113],[23.91251,49.82124],[23.91054,49.824],[23.91021,49.82443],[23.90807,49.82724],[23.90092,49.83647],[23.89906,49.83898],[23.89903,49.83903],[23.89891,49.83908],[23.89883,49.83915],[23.89871,49.83918],[23.89852,49.83917],[23.89832,49.83908],[23.89762,49.83884],[23.89586,49.83831],[23.89546,49.83825],[23.89471,49.83824],[23.89421,49.83827],[23.89369,49.83836],[23.89323,49.83851],[23.89261,49.83883],[23.89218,49.83909],[23.89193,49.83921],[23.8912,49.83942],[23.89078,49.83959],[23.89067,49.83964],[23.88973,49.84015],[23.88946,49.84022],[23.88917,49.84024],[23.8886,49.84022],[23.88793,49.84014],[23.88709,49.83977],[23.88689,49.83972],[23.88594,49.83945],[23.88483,49.83931],[23.88441,49.83929],[23.88196,49.8394],[23.88074,49.83948],[23.87946,49.83953],[23.87704,49.83966],[23.87466,49.83978],[23.86983,49.84004],[23.86727,49.84017],[23.86645,49.84019],[23.86573,49.84023],[23.86516,49.84049],[23.86421,49.84092],[23.86166,49.84213],[23.86156,49.8422],[23.86086,49.84253],[23.86068,49.84264]]},"properties":{"line":"А52","dir":"1","mode":"bus"}},{"type":"Feature","geometry":{"type":"LineString","coordinates":[[24.05929,49.78569],[24.05921,49.78753],[24.05909,49.79066],[24.05904,49.79179],[24.05899,49.79236],[24.05892,49.7927],[24.05886,49.79287],[24.05874,49.79314],[24.05848,49.79364],[24.05816,49.7941],[24.05792,49.7943],[24.05747,49.79462],[24.05705,49.79487],[24.05673,49.79503],[24.0556,49.79547],[24.05477,49.79588],[24.05365,49.79646],[24.05239,49.79713],[24.05107,49.79779],[24.04923,49.79876],[24.04868,49.79907],[24.04813,49.79939],[24.04789,49.79961],[24.0475,49.8],[24.04721,49.80034],[24.04693,49.80083],[24.04679,49.80117],[24.04667,49.80167],[24.04652,49.80256],[24.04644,49.80329],[24.04644,49.8036],[24.04647,49.80415],[24.04649,49.80441],[24.04677,49.80607],[24.04691,49.8071],[24.04694,49.8079],[24.04693,49.80832],[24.04684,49.80893],[24.04671,49.80948],[24.04651,49.81022],[24.04624,49.81021],[24.04581,49.81033],[24.04488,49.81065],[24.04201,49.81164],[24.04183,49.81178],[24.04182,49.81185],[24.04208,49.81219],[24.04269,49.81289],[24.04348,49.81373],[24.04229,49.81369],[24.04216,49.81368],[24.03728,49.81351],[24.03718,49.81352],[24.03712,49.81356],[24.03708,49.81357],[24.03699,49.81356],[24.03666,49.81363],[24.03557,49.81397],[24.03047,49.81555],[24.02624,49.81686],[24.0259,49.81691],[24.02588,49.81697],[24.02573,49.81719],[24.02549,49.81745],[24.02528,49.81774],[24.0252,49.81786],[24.02517,49.81795],[24.02513,49.81799],[24.02502,49.81803],[24.02509,49.81813],[24.02575,49.81884],[24.02733,49.82036],[24.02742,49.82032],[24.02733,49.82036],[24.02827,49.82119],[24.02848,49.82136],[24.02881,49.82159],[24.02903,49.82169],[24.02929,49.82177],[24.03041,49.82196],[24.03223,49.82216],[24.03246,49.82221],[24.03261,49.8223],[24.03275,49.82271],[24.0328,49.82279],[24.03326,49.82314],[24.03336,49.82329],[24.0334,49.82341],[24.03346,49.8245],[24.03347,49.82474],[24.03337,49.82554],[24.03344,49.82589],[24.03376,49.82707],[24.03392,49.82708],[24.03405,49.82706],[24.03408,49.82699],[24.03388,49.82766],[24.03355,49.82839],[24.03218,49.82922],[24.03159,49.82959],[24.03161,49.82991],[24.03164,49.83006],[24.03173,49.83024],[24.03219,49.83055],[24.03265,49.8309],[24.03366,49.8321],[24.03373,49.83229],[24.03413,49.8338],[24.03432,49.83442],[24.03443,49.8346],[24.03452,49.83468],[24.03486,49.83492],[24.03495,49.83505],[24.03496,49.83607],[24.03494,49.83615],[24.03491,49.8364],[24.03491,49.83691],[24.03496,49.83737],[24.03507,49.83784],[24.03534,49.83881],[24.03544,49.839],[24.0359,49.83963],[24.03601,49.83981],[24.0364,49.8403],[24.03638,49.84043],[24.03632,49.84051],[24.03585,49.84074],[24.03576,49.84081],[24.03563,49.84116],[24.03513,49.84252],[24.03463,49.84389],[24.03455,49.84396],[24.03439,49.844],[24.03382,49.84406],[24.03318,49.84441],[24.03295,49.84443],[24.03065,49.84462],[24.02925,49.84475],[24.02842,49.84476],[24.02831,49.84481],[24.0277,49.84481],[24.02722,49.84481],[24.02688,49.84497],[24.02658,49.84531],[24.02623,49.84543],[24.02576,49.84556],[24.02551,49.84568],[24.02547,49.84573],[24.02546,49.84579],[24.02551,49.8463],[24.02561,49.84683],[24.02581,49.84841],[24.02579,49.84862],[24.02567,49.84889],[24.02496,49.85018],[24.02465,49.85048],[24.02457,49.85062],[24.02432,49.85118],[24.02322,49.85376],[24.0229,49.8544],[24.02192,49.85631],[24.02197,49.85664],[24.022,49.8567],[24.02235,49.85712],[24.02317,49.85754],[24.0236,49.85777],[24.02416,49.85812],[24.02578,49.85931],[24.02688,49.86009],[24.02712,49.86028],[24.02744,49.86057],[24.02879,49.86184],[24.029,49.86199],[24.02929,49.86215],[24.0298,49.86238],[24.03365,49.86369],[24.03427,49.8639],[24.03477,49.86404],[24.03542,49.86417],[24.03702,49.8644],[24.04017,49.86482],[24.04242,49.86506],[24.04428,49.86526],[24.04548,49.86537],[24.04589,49.86539],[24.04657,49.86539],[24.04727,49.86537],[24.05168,49.86503],[24.05203,49.865],[24.05225,49.86496],[24.05255,49.86487],[24.05267,49.86481],[24.0528,49.86473],[24.0529,49.86469],[24.05313,49.86465],[24.05332,49.86468],[24.05344,49.86472],[24.05353,49.86477],[24.0536,49.86484],[24.05364,49.86492],[24.05365,49.865],[24.05356,49.86529],[24.05355,49.8654],[24.05357,49.86557],[24.05621,49.86866],[24.05767,49.87039],[24.05815,49.87092],[24.05996,49.87306],[24.06036,49.87351],[24.06085,49.87399],[24.0613,49.87419],[24.06136,49.87419],[24.06144,49.87421],[24.06136,49.87419],[24.0613,49.87419],[24.06085,49.87399],[24.06036,49.87351],[24.06011,49.87322]]},"properties":{"line":"А53","dir":"0","mode":"bus"}},{"type":"Feature","geometry":{"type":"LineString","coordinates":[[24.06012,49.87387],[24.05957,49.87318],[24.05996,49.87306],[24.05685,49.86941],[24.05357,49.86557],[24.05349,49.86554],[24.05336,49.86545],[24.05288,49.8653],[24.05238,49.86507],[24.05203,49.865],[24.05067,49.8651],[24.04727,49.86537],[24.04657,49.86539],[24.04589,49.86539],[24.04548,49.86537],[24.04364,49.86518],[24.04065,49.86487],[24.04017,49.86482],[24.03702,49.8644],[24.03542,49.86417],[24.03477,49.86404],[24.03444,49.86395],[24.03267,49.86336],[24.0298,49.86238],[24.02929,49.86215],[24.029,49.86199],[24.02879,49.86184],[24.02763,49.86074],[24.02712,49.86028],[24.02688,49.86009],[24.0262,49.8596],[24.02578,49.85931],[24.02416,49.85812],[24.0236,49.85777],[24.02235,49.85712],[24.02177,49.85699],[24.02156,49.85701],[24.02144,49.85699],[24.02133,49.85695],[24.02124,49.85686],[24.0212,49.85679],[24.0212,49.85671],[24.02124,49.85664],[24.0213,49.85658],[24.02139,49.85653],[24.02149,49.8565],[24.02175,49.85628],[24.02192,49.85597],[24.02279,49.85428],[24.02309,49.85368],[24.02446,49.85047],[24.02448,49.85032],[24.02446,49.84988],[24.02446,49.84988],[24.02458,49.84978],[24.02472,49.84975],[24.02486,49.84975],[24.02497,49.84973],[24.02506,49.84968],[24.02529,49.84927],[24.02561,49.84869],[24.02565,49.8485],[24.02565,49.84841],[24.02549,49.84714],[24.02535,49.84631],[24.02528,49.84552],[24.0253,49.84528],[24.02551,49.84457],[24.02583,49.84401],[24.02728,49.84139],[24.0278,49.84062],[24.02826,49.84004],[24.02841,49.83985],[24.02855,49.83974],[24.02884,49.83958],[24.02907,49.83949],[24.03049,49.83906],[24.0307,49.83909],[24.03207,49.83929],[24.03267,49.83832],[24.0331,49.83768],[24.03358,49.83693],[24.03383,49.83673],[24.03463,49.8364],[24.03483,49.83628],[24.03494,49.83615],[24.03496,49.83607],[24.03495,49.83505],[24.03486,49.83492],[24.03452,49.83468],[24.03443,49.8346],[24.03432,49.83443],[24.03422,49.8341],[24.03411,49.83372],[24.03373,49.83229],[24.03366,49.8321],[24.03265,49.8309],[24.03219,49.83055],[24.03173,49.83024],[24.03164,49.83006],[24.0316,49.8297],[24.03159,49.82959],[24.03206,49.82929],[24.03355,49.82839],[24.03388,49.82766],[24.03389,49.82759],[24.03363,49.82654],[24.03346,49.82595],[24.03337,49.82554],[24.03347,49.82474],[24.0334,49.82341],[24.03336,49.82329],[24.03326,49.82314],[24.0328,49.82279],[24.03275,49.82271],[24.03261,49.8223],[24.03249,49.82221],[24.03228,49.82217],[24.03041,49.82196],[24.02929,49.82177],[24.02903,49.82169],[24.02881,49.82159],[24.02848,49.82136],[24.02827,49.82119],[24.0274,49.82042],[24.02575,49.81884],[24.02502,49.81803],[24.02492,49.81804],[24.02483,49.81801],[24.02476,49.81797],[24.02473,49.81788],[24.02473,49.81784],[24.02477,49.81779],[24.02483,49.81775],[24.02499,49.81773],[24.02532,49.81755],[24.02549,49.81745],[24.02556,49.81739],[24.02573,49.81719],[24.02588,49.81697],[24.0259,49.81691],[24.02624,49.81686],[24.02697,49.81664],[24.03012,49.81566],[24.03588,49.81387],[24.03666,49.81363],[24.03692,49.81348],[24.03694,49.81345],[24.037,49.81341],[24.03709,49.8134],[24.03717,49.81336],[24.03817,49.81299],[24.04148,49.81182],[24.04459,49.81075],[24.04587,49.81031],[24.04624,49.81021],[24.04658,49.80891],[24.04667,49.80829],[24.04668,49.80809],[24.0466,49.80687],[24.04619,49.80443],[24.04614,49.8036],[24.04614,49.80319],[24.04637,49.80164],[24.04646,49.80119],[24.04661,49.80069],[24.04686,49.80024],[24.04709,49.79994],[24.04774,49.79927],[24.04796,49.79911],[24.04805,49.79904],[24.04882,49.79867],[24.04948,49.7983],[24.05162,49.79719],[24.05319,49.79637],[24.05498,49.79542],[24.05633,49.79463],[24.05713,49.79409],[24.05755,49.79371],[24.05771,49.79353],[24.05797,49.79313],[24.05817,49.79269],[24.05844,49.79189],[24.05856,49.79153],[24.05868,49.79103],[24.05872,49.79003],[24.05877,49.78865],[24.05891,49.78532]]},"properties":{"line":"А53","dir":"1","mode":"bus"}},{"type":"Feature","geometry":{"type":"LineString","coordinates":[[24.01811,49.90022],[24.01815,49.89999],[24.01818,49.89914],[24.01807,49.89851],[24.01806,49.89839],[24.01834,49.89795],[24.01931,49.89665],[24.01942,49.89647],[24.01963,49.89599],[24.01979,49.89551],[24.01985,49.89409],[24.01991,49.89354],[24.01994,49.89334],[24.01993,49.89287],[24.01959,49.89175],[24.01951,49.89132],[24.01948,49.89091],[24.01951,49.89053],[24.01958,49.89015],[24.0197,49.88977],[24.01993,49.88937],[24.02021,49.88899],[24.02031,49.88869],[24.0203,49.88848],[24.02018,49.88837],[24.02009,49.88841],[24.01998,49.88842],[24.01986,49.8884],[24.01998,49.88842],[24.02009,49.88841],[24.02018,49.88837],[24.02025,49.88832],[24.0203,49.88826],[24.02032,49.88819],[24.02027,49.8881],[24.02079,49.88791],[24.02142,49.88763],[24.02191,49.88747],[24.02387,49.88692],[24.02429,49.88683],[24.02475,49.88675],[24.02546,49.88667],[24.02624,49.88655],[24.0288,49.886],[24.02923,49.88581],[24.02954,49.88555],[24.02969,49.88537],[24.02986,49.88509],[24.03,49.88478],[24.03006,49.88455],[24.0305,49.88343],[24.03068,49.88304],[24.03145,49.88178],[24.03156,49.88165],[24.03193,49.88137],[24.03302,49.88082],[24.03417,49.88029],[24.03454,49.88006],[24.03577,49.87938],[24.03611,49.87915],[24.04068,49.87653],[24.04084,49.87641],[24.04092,49.87615],[24.04084,49.87641],[24.04068,49.87653],[24.03672,49.8788],[24.03611,49.87915],[24.03577,49.87938],[24.03454,49.88006],[24.03417,49.88029],[24.03302,49.88082],[24.03193,49.88137],[24.03156,49.88165],[24.03145,49.88178],[24.03068,49.88304],[24.0305,49.88343],[24.03005,49.88458],[24.0305,49.88343],[24.03068,49.88304],[24.03145,49.88178],[24.03156,49.88165],[24.03193,49.88137],[24.03302,49.88082],[24.03417,49.88029],[24.03454,49.88006],[24.03577,49.87938],[24.03611,49.87915],[24.0367,49.87881],[24.04068,49.87653],[24.04084,49.87641],[24.04133,49.87491],[24.0422,49.87226],[24.0392,49.87176],[24.03129,49.87046],[24.02538,49.86949],[24.02372,49.86921],[24.02348,49.86919],[24.02308,49.86922],[24.02291,49.86926],[24.02051,49.87032],[24.01946,49.8708],[24.01924,49.87082],[24.01903,49.87079],[24.01882,49.8707],[24.01853,49.87034],[24.01845,49.87014],[24.0184,49.86983],[24.01831,49.86953],[24.01819,49.86926],[24.01804,49.86901],[24.01784,49.86877],[24.01768,49.86863],[24.01707,49.8682],[24.01608,49.86756],[24.01603,49.86741],[24.01599,49.86719],[24.01599,49.86699],[24.01629,49.8664],[24.01883,49.86164],[24.01972,49.85998],[24.02093,49.85769],[24.02124,49.85711],[24.02126,49.85702],[24.02124,49.85682],[24.02122,49.85668],[24.02125,49.85661],[24.02131,49.85655],[24.02147,49.85648],[24.02165,49.85636],[24.02175,49.85628],[24.02191,49.85596],[24.02279,49.85428],[24.02309,49.85368],[24.02446,49.85047],[24.02448,49.85032],[24.02446,49.84989],[24.02446,49.84988],[24.02458,49.84978],[24.02472,49.84975],[24.02486,49.84975],[24.02497,49.84973],[24.02506,49.84968],[24.02522,49.84941],[24.02561,49.84869],[24.02565,49.8485],[24.0256,49.84788],[24.02549,49.84714],[24.02524,49.84573],[24.02523,49.84552]]},"properties":{"line":"А55","dir":"0","mode":"bus"}},{"type":"Feature","geometry":{"type":"LineString","coordinates":[[24.02582,49.84553],[24.02571,49.84556],[24.02546,49.84568],[24.02542,49.84573],[24.02541,49.84579],[24.02561,49.84683],[24.02581,49.84841],[24.02579,49.84862],[24.02567,49.84889],[24.02524,49.84965],[24.02494,49.8501],[24.02464,49.85047],[24.02455,49.85061],[24.02432,49.85118],[24.02322,49.85376],[24.0229,49.8544],[24.02192,49.85632],[24.02198,49.8566],[24.02202,49.8567],[24.02201,49.85677],[24.02198,49.85684],[24.02191,49.8569],[24.02175,49.85696],[24.02146,49.85718],[24.02117,49.85771],[24.02006,49.85985],[24.01855,49.86264],[24.01686,49.86586],[24.01674,49.86607],[24.01658,49.8665],[24.01654,49.86689],[24.01657,49.86746],[24.0168,49.86782],[24.01707,49.8682],[24.01768,49.86863],[24.01784,49.86877],[24.01804,49.86901],[24.01823,49.86932],[24.01838,49.86979],[24.01845,49.87014],[24.01853,49.87034],[24.01882,49.8707],[24.01903,49.87079],[24.01924,49.87082],[24.01946,49.8708],[24.02068,49.87024],[24.02291,49.86926],[24.02308,49.86922],[24.02348,49.86919],[24.02372,49.86921],[24.02498,49.86943],[24.03254,49.87066],[24.03944,49.8718],[24.0422,49.87226],[24.04127,49.8751],[24.04084,49.87641],[24.04068,49.87653],[24.03647,49.87894],[24.03611,49.87915],[24.03577,49.87938],[24.03454,49.88006],[24.03417,49.88029],[24.03302,49.88082],[24.03193,49.88137],[24.03156,49.88165],[24.03145,49.88178],[24.03068,49.88304],[24.0305,49.88343],[24.03006,49.88457],[24.0305,49.88343],[24.03068,49.88304],[24.03145,49.88178],[24.03156,49.88165],[24.03193,49.88137],[24.03302,49.88082],[24.03417,49.88029],[24.03454,49.88006],[24.03577,49.87938],[24.03611,49.87915],[24.04068,49.87653],[24.04084,49.87641],[24.04127,49.87509],[24.04084,49.87641],[24.04068,49.87653],[24.03672,49.8788],[24.03611,49.87915],[24.03577,49.87938],[24.03454,49.88006],[24.03417,49.88029],[24.03302,49.88082],[24.03193,49.88137],[24.03156,49.88165],[24.03145,49.88178],[24.03068,49.88304],[24.03058,49.88324],[24.03006,49.88455],[24.03,49.88478],[24.02986,49.88509],[24.02969,49.88537],[24.02954,49.88555],[24.02923,49.88581],[24.0288,49.886],[24.02624,49.88655],[24.02546,49.88667],[24.02475,49.88675],[24.02429,49.88683],[24.02387,49.88692],[24.02191,49.88747],[24.02142,49.88763],[24.02079,49.88791],[24.02027,49.8881],[24.02016,49.88801],[24.02005,49.88798],[24.01993,49.88798],[24.01982,49.888],[24.01972,49.88805],[24.01966,49.88811],[24.01964,49.88816],[24.01966,49.88811],[24.01972,49.88805],[24.01982,49.888],[24.01993,49.88798],[24.02005,49.88798],[24.02016,49.88801],[24.02025,49.88807],[24.0203,49.88813],[24.02031,49.88821],[24.0203,49.88826],[24.02025,49.88832],[24.02018,49.88837],[24.0203,49.88848],[24.02031,49.88869],[24.02021,49.88899],[24.01993,49.88937],[24.0197,49.88977],[24.01958,49.89015],[24.01951,49.89053],[24.01948,49.89091],[24.01951,49.89132],[24.01959,49.89175],[24.01993,49.89287],[24.01994,49.89334],[24.0199,49.89363],[24.01985,49.89409],[24.01979,49.89551],[24.01963,49.89599],[24.01942,49.89647],[24.01931,49.89665],[24.01834,49.89795],[24.01806,49.89839],[24.01807,49.89851],[24.01818,49.89914],[24.01815,49.89999],[24.0181,49.90033],[24.01808,49.90065],[24.01808,49.90065],[24.01825,49.90067],[24.01837,49.90065],[24.01831,49.90058]]},"properties":{"line":"А55","dir":"1","mode":"bus"}},{"type":"Feature","geometry":{"type":"LineString","coordinates":[[24.02559,49.85046],[24.02464,49.85047],[24.02455,49.85061],[24.02432,49.85118],[24.02322,49.85376],[24.0229,49.8544],[24.02192,49.85632],[24.02198,49.8566],[24.02202,49.8567],[24.02201,49.85677],[24.02198,49.85684],[24.02191,49.8569],[24.02175,49.85696],[24.02146,49.85718],[24.02117,49.85771],[24.02006,49.85985],[24.01855,49.86264],[24.01686,49.86586],[24.01674,49.86607],[24.01658,49.8665],[24.01654,49.86689],[24.01657,49.86746],[24.0168,49.86782],[24.01707,49.8682],[24.01768,49.86863],[24.01784,49.86877],[24.01804,49.86901],[24.01823,49.86932],[24.01838,49.86979],[24.01845,49.87014],[24.01853,49.87034],[24.01882,49.8707],[24.01903,49.87079],[24.01924,49.87082],[24.01946,49.8708],[24.02068,49.87024],[24.02291,49.86926],[24.02308,49.86922],[24.02348,49.86919],[24.02372,49.86921],[24.02498,49.86943],[24.03254,49.87066],[24.03944,49.8718],[24.04327,49.87244],[24.04459,49.87266],[24.04883,49.87308],[24.04913,49.8731],[24.04965,49.87306],[24.04997,49.87296],[24.05061,49.8727],[24.05214,49.87204],[24.05536,49.87064],[24.05723,49.86986],[24.06034,49.87352],[24.06081,49.87398],[24.06121,49.87413],[24.06138,49.87415],[24.06148,49.87419],[24.06152,49.87424],[24.06151,49.87438],[24.06176,49.8745],[24.06203,49.87457],[24.06282,49.87463],[24.06344,49.87472],[24.06365,49.87476],[24.06384,49.87484],[24.06399,49.87492],[24.06409,49.87503],[24.06416,49.87516],[24.06421,49.87543],[24.06419,49.87556],[24.06413,49.87569],[24.06298,49.87759],[24.06275,49.87791],[24.06208,49.8792],[24.06172,49.87981],[24.05959,49.88343],[24.05944,49.88375],[24.05938,49.88394],[24.05931,49.88437],[24.05933,49.88572],[24.05933,49.88854],[24.05931,49.89006],[24.05924,49.89048],[24.0589,49.89196],[24.05713,49.89888],[24.0562,49.90219],[24.05444,49.90899],[24.05618,49.90225],[24.05443,49.90904],[24.05393,49.91108],[24.05387,49.9113],[24.05402,49.9114],[24.05417,49.91141],[24.05476,49.9114],[24.05675,49.9113],[24.05734,49.91125],[24.05811,49.91115],[24.0618,49.91084],[24.06316,49.9107],[24.06369,49.91066],[24.06538,49.9107],[24.06589,49.91066],[24.06746,49.91046],[24.06849,49.91037],[24.06931,49.91034],[24.06968,49.91032],[24.07159,49.91006],[24.07389,49.9097],[24.07484,49.90952],[24.07536,49.90931],[24.07612,49.90881],[24.07633,49.90877],[24.07674,49.90875],[24.07781,49.90873],[24.0786,49.90867],[24.07946,49.90857],[24.08121,49.90832],[24.08185,49.90827],[24.08296,49.90817],[24.08369,49.90794],[24.08394,49.90791],[24.08373,49.90523],[24.08376,49.90507],[24.08385,49.90498],[24.08397,49.90492],[24.08534,49.90477],[24.08612,49.90461],[24.0868,49.90452]]},"properties":{"line":"А56","dir":"0","mode":"bus"}},{"type":"Feature","geometry":{"type":"LineString","coordinates":[[24.0868,49.90452],[24.08612,49.90461],[24.08534,49.90477],[24.08397,49.90492],[24.08385,49.90498],[24.08376,49.90507],[24.08373,49.90523],[24.08394,49.90791],[24.08369,49.90794],[24.08296,49.90817],[24.08185,49.90827],[24.08121,49.90832],[24.07946,49.90857],[24.0786,49.90867],[24.07781,49.90873],[24.07674,49.90875],[24.07633,49.90877],[24.07612,49.90881],[24.07536,49.90931],[24.07484,49.90952],[24.07389,49.9097],[24.07159,49.91006],[24.06968,49.91032],[24.06943,49.91033],[24.06849,49.91037],[24.06746,49.91046],[24.06589,49.91066],[24.06538,49.9107],[24.06369,49.91066],[24.06316,49.9107],[24.0618,49.91084],[24.05811,49.91115],[24.05734,49.91125],[24.05675,49.9113],[24.05476,49.9114],[24.05425,49.91141],[24.05402,49.9114],[24.05387,49.9113],[24.05426,49.90973],[24.05629,49.90187],[24.05433,49.90946],[24.0562,49.90219],[24.05638,49.90155],[24.05713,49.89888],[24.0589,49.89196],[24.05924,49.89048],[24.05931,49.89006],[24.05933,49.88854],[24.05933,49.88575],[24.05931,49.88437],[24.05938,49.88394],[24.05944,49.88375],[24.05959,49.88343],[24.06171,49.87982],[24.06208,49.8792],[24.06275,49.87791],[24.06296,49.87717],[24.06296,49.87698],[24.06292,49.87674],[24.06264,49.87608],[24.0622,49.87558],[24.06111,49.87431],[24.06031,49.87347],[24.05815,49.87095],[24.05723,49.86986],[24.05537,49.87063],[24.05226,49.87199],[24.05036,49.8728],[24.04997,49.87296],[24.04965,49.87306],[24.04913,49.8731],[24.04883,49.87308],[24.04459,49.87266],[24.04378,49.87252],[24.0392,49.87176],[24.03129,49.87046],[24.02538,49.86949],[24.02372,49.86921],[24.02348,49.86919],[24.02308,49.86922],[24.02291,49.86926],[24.02051,49.87032],[24.01946,49.8708],[24.01924,49.87082],[24.01903,49.87079],[24.01882,49.8707],[24.01853,49.87034],[24.01845,49.87014],[24.0184,49.86983],[24.01831,49.86953],[24.01819,49.86926],[24.01804,49.86901],[24.01784,49.86877],[24.01768,49.86863],[24.01707,49.8682],[24.01608,49.86756],[24.01602,49.86734],[24.01599,49.86719],[24.01599,49.86699],[24.01629,49.8664],[24.01883,49.86164],[24.01972,49.85998],[24.02093,49.85769],[24.02124,49.85711],[24.02126,49.85702],[24.02124,49.85682],[24.02122,49.85668],[24.02125,49.85661],[24.02131,49.85655],[24.02147,49.85648],[24.02165,49.85636],[24.02175,49.85628],[24.02191,49.85596],[24.02279,49.85428],[24.02309,49.85368],[24.02446,49.85047],[24.02608,49.85045]]},"properties":{"line":"А56","dir":"1","mode":"bus"}},{"type":"Feature","geometry":{"type":"LineString","coordinates":[[24.02582,49.84553],[24.02571,49.84556],[24.02557,49.84554],[24.02543,49.8455],[24.02533,49.84543],[24.02526,49.84526],[24.02546,49.84456],[24.02577,49.84399],[24.02723,49.8414],[24.02785,49.84055],[24.02826,49.84004],[24.02841,49.83985],[24.02855,49.83974],[24.02884,49.83958],[24.02907,49.83949],[24.03051,49.83908],[24.03066,49.83907],[24.03138,49.83919],[24.03205,49.83929],[24.03306,49.83767],[24.03356,49.83691],[24.03379,49.8367],[24.03463,49.8364],[24.03483,49.83628],[24.03494,49.83615],[24.03493,49.83504],[24.03486,49.83492],[24.0348,49.83487],[24.03492,49.83464],[24.03502,49.83451],[24.03519,49.83438],[24.0355,49.83426],[24.03541,49.83417],[24.03525,49.8336],[24.0352,49.8334],[24.03524,49.83332],[24.0351,49.83248],[24.03504,49.8323],[24.03485,49.83202],[24.03388,49.83081],[24.03326,49.83026],[24.03248,49.82977],[24.03229,49.82965],[24.03206,49.82929],[24.03158,49.82872],[24.03105,49.82799],[24.03089,49.82783],[24.03044,49.82748],[24.03023,49.82738],[24.03001,49.82735],[24.02903,49.82727],[24.02884,49.82723],[24.02866,49.82718],[24.02723,49.82607],[24.02698,49.82593],[24.02619,49.8257],[24.02573,49.82561],[24.02549,49.82554],[24.02528,49.82543],[24.02487,49.82509],[24.02472,49.825],[24.02441,49.82493],[24.02422,49.82493],[24.02248,49.82529],[24.02201,49.82534],[24.02162,49.82531],[24.02133,49.82524],[24.02109,49.82513],[24.02096,49.82504],[24.02085,49.82491],[24.02077,49.82466],[24.02071,49.82411],[24.02059,49.82274],[24.02035,49.82051],[24.01981,49.81497],[24.01959,49.81287],[24.01943,49.81104],[24.01907,49.80762],[24.01897,49.80654],[24.01889,49.80591],[24.01799,49.80192],[24.01787,49.80181],[24.01778,49.8017],[24.01768,49.80129],[24.01762,49.80091],[24.0169,49.7977]]},"properties":{"line":"А57","dir":"0","mode":"bus"}},{"type":"Feature","geometry":{"type":"LineString","coordinates":[[24.02117,49.79367],[24.01849,49.79416],[24.01812,49.7941],[24.01638,49.79422],[24.01648,49.79471],[24.01719,49.798],[24.01804,49.80168],[24.01799,49.80192],[24.01815,49.80262],[24.01889,49.80591],[24.01897,49.80654],[24.01917,49.80852],[24.01953,49.81217],[24.01983,49.81515],[24.02034,49.82043],[24.02077,49.82466],[24.02085,49.82491],[24.02096,49.82504],[24.02109,49.82513],[24.02133,49.82524],[24.02166,49.82532],[24.02201,49.82534],[24.02248,49.82529],[24.02299,49.82518],[24.02422,49.82493],[24.02441,49.82493],[24.02472,49.825],[24.02487,49.82509],[24.02528,49.82543],[24.02549,49.82554],[24.02573,49.82561],[24.02619,49.8257],[24.02698,49.82593],[24.02723,49.82607],[24.02866,49.82718],[24.02884,49.82723],[24.02903,49.82727],[24.03001,49.82735],[24.03023,49.82738],[24.03044,49.82748],[24.03089,49.82783],[24.03105,49.82799],[24.03158,49.82872],[24.03206,49.82929],[24.03222,49.82954],[24.03229,49.82965],[24.03235,49.82968],[24.03326,49.83026],[24.03356,49.83051],[24.03388,49.83081],[24.03473,49.83187],[24.03504,49.8323],[24.0351,49.83248],[24.03524,49.83332],[24.03531,49.8334],[24.03548,49.83401],[24.03552,49.83415],[24.0355,49.83426],[24.03519,49.83438],[24.03502,49.83451],[24.03492,49.83464],[24.0348,49.83487],[24.03486,49.83492],[24.03493,49.83504],[24.03494,49.83615],[24.03491,49.8364],[24.03491,49.83691],[24.03496,49.83737],[24.03506,49.83783],[24.03534,49.83881],[24.03543,49.83899],[24.03643,49.84034],[24.03632,49.84051],[24.03617,49.8406],[24.03597,49.84066],[24.03585,49.84074],[24.03578,49.84085],[24.03571,49.84102],[24.03511,49.84251],[24.03462,49.84375],[24.03454,49.84389],[24.03448,49.84394],[24.03437,49.84398],[24.03382,49.84406],[24.03363,49.84414],[24.03318,49.84441],[24.03319,49.84442],[24.03196,49.8445],[24.02958,49.84472],[24.0292,49.84474],[24.02842,49.84474],[24.02832,49.84479],[24.0277,49.84479]]},"properties":{"line":"А57","dir":"1","mode":"bus"}},{"type":"Feature","geometry":{"type":"LineString","coordinates":[[24.0214,49.85052],[24.02433,49.85046],[24.02465,49.85048],[24.02608,49.85043],[24.02652,49.85041],[24.02675,49.85043],[24.02676,49.85064],[24.02683,49.85095],[24.02887,49.8507],[24.02901,49.85071],[24.02912,49.85076],[24.02992,49.8513],[24.03016,49.85139],[24.03195,49.85192],[24.03334,49.85236],[24.03501,49.85298],[24.03528,49.85305],[24.03646,49.85319],[24.03978,49.85354],[24.04021,49.8536],[24.04027,49.85364],[24.04036,49.85376],[24.04059,49.85432],[24.04089,49.85485],[24.04227,49.85733],[24.0427,49.85803],[24.04339,49.85921],[24.04379,49.86114],[24.0444,49.86422],[24.04446,49.86465],[24.04436,49.86526],[24.04548,49.86537],[24.04589,49.86539],[24.04657,49.86539],[24.04727,49.86537],[24.05168,49.86503],[24.05203,49.865],[24.05238,49.86507],[24.05274,49.86523],[24.05288,49.8653],[24.05336,49.86545],[24.05349,49.86554],[24.05357,49.86557],[24.05621,49.86866],[24.05767,49.87039],[24.05815,49.87092],[24.05935,49.87236],[24.06011,49.87322],[24.06036,49.87351],[24.06085,49.87399],[24.0613,49.87419],[24.06136,49.87419],[24.06147,49.87423],[24.0615,49.87426],[24.06151,49.87438],[24.0617,49.8745],[24.06189,49.87457],[24.06215,49.87461],[24.06294,49.87467],[24.06365,49.87476],[24.06384,49.87484],[24.06399,49.87492],[24.06409,49.87503],[24.06416,49.87516],[24.06421,49.87543],[24.06419,49.87556],[24.06413,49.87569],[24.06362,49.87654],[24.06275,49.87803],[24.06236,49.87873],[24.06172,49.87981],[24.05959,49.88343],[24.05944,49.88375],[24.05938,49.88394],[24.05931,49.88437],[24.05932,49.88551],[24.05935,49.88572],[24.05935,49.88979],[24.05925,49.89052],[24.0589,49.89196],[24.05713,49.89888],[24.05618,49.90225],[24.05444,49.90899],[24.0539,49.91118],[24.05371,49.91188],[24.05364,49.91218],[24.05353,49.91291],[24.05326,49.92076],[24.053,49.92674],[24.05298,49.92819],[24.05292,49.92897],[24.05285,49.92921],[24.05266,49.92962],[24.05153,49.93139],[24.05138,49.93175],[24.05127,49.93211],[24.05122,49.93287],[24.05122,49.93315],[24.0513,49.93376],[24.05139,49.93422],[24.05223,49.93735],[24.05241,49.93792],[24.05247,49.93791],[24.05241,49.93792],[24.05287,49.93948],[24.05432,49.94472],[24.05453,49.94561],[24.05485,49.94741],[24.05324,49.94766],[24.05199,49.94779],[24.05068,49.94795],[24.0415,49.94921],[24.04107,49.94928],[24.02271,49.95301],[24.01748,49.95405],[24.01533,49.95444],[24.01457,49.95453],[24.01368,49.95456],[24.01002,49.95459],[24.0093,49.95462],[24.00823,49.95476],[24.0081,49.95478],[24.00712,49.95478],[24.00651,49.9548],[24.00616,49.95485],[24.00549,49.95503],[24.00479,49.95513],[24.00443,49.95514],[24.00355,49.95506],[24.00193,49.95477],[24.00104,49.95467],[23.99864,49.95449],[23.99671,49.95438],[23.99592,49.95441],[23.99484,49.9545],[23.99381,49.95465],[23.99183,49.955],[23.99041,49.95519],[23.99183,49.955],[23.99394,49.95463],[23.99484,49.9545],[23.99592,49.95441],[23.99671,49.95438],[23.99663,49.95192],[23.99652,49.95165],[23.99636,49.95148],[23.99608,49.95129],[23.99577,49.95114],[23.99544,49.95103],[23.99455,49.95084],[23.99201,49.95043],[23.99095,49.95025],[23.99064,49.95014],[23.99032,49.94999],[23.99,49.94979],[23.9898,49.9496],[23.98968,49.9494],[23.98963,49.9492],[23.98924,49.94652],[23.98906,49.9462],[23.98881,49.94586],[23.98845,49.94544],[23.98797,49.94505],[23.98791,49.94503],[23.98744,49.94493],[23.98713,49.94489],[23.9865,49.94485],[23.98608,49.9448],[23.98545,49.94479],[23.98504,49.94484],[23.98469,49.94494],[23.98434,49.94502],[23.9839,49.94516],[23.98361,49.94522],[23.9831,49.94528],[23.98253,49.94537],[23.9816,49.94555],[23.97982,49.9458],[23.97742,49.94617],[23.97638,49.94632],[23.97555,49.94626],[23.97509,49.9462],[23.97299,49.94605],[23.97086,49.94585],[23.97022,49.94581],[23.96611,49.94564],[23.96602,49.94566]]},"properties":{"line":"А58","dir":"0","mode":"bus"}},{"type":"Feature","geometry":{"type":"LineString","coordinates":[[23.96606,49.94565],[23.97011,49.9458],[23.9706,49.94583],[23.97299,49.94605],[23.97509,49.9462],[23.97555,49.94626],[23.97638,49.94632],[23.97838,49.94603],[23.97982,49.9458],[23.9816,49.94555],[23.98253,49.94537],[23.9831,49.94528],[23.98361,49.94522],[23.9839,49.94516],[23.98434,49.94502],[23.98469,49.94494],[23.98504,49.94484],[23.98545,49.94479],[23.98608,49.9448],[23.9865,49.94485],[23.98713,49.94489],[23.98744,49.94493],[23.98789,49.94503],[23.98797,49.94505],[23.98845,49.94544],[23.98881,49.94586],[23.98906,49.9462],[23.98924,49.94652],[23.98963,49.9492],[23.98968,49.9494],[23.9898,49.9496],[23.99,49.94979],[23.99032,49.94999],[23.99064,49.95014],[23.99095,49.95025],[23.99192,49.95041],[23.99455,49.95084],[23.99544,49.95103],[23.99577,49.95114],[23.99608,49.95129],[23.99636,49.95148],[23.99652,49.95165],[23.99663,49.95192],[23.99671,49.95438],[23.99864,49.95449],[24.00053,49.95463],[24.00179,49.95475],[24.00193,49.95477],[24.00355,49.95506],[24.00443,49.95514],[24.00479,49.95513],[24.00549,49.95503],[24.00616,49.95485],[24.00651,49.9548],[24.00712,49.95478],[24.0081,49.95478],[24.00882,49.95468],[24.0093,49.95462],[24.01002,49.95459],[24.01368,49.95456],[24.01457,49.95453],[24.01533,49.95444],[24.01746,49.95405],[24.02252,49.95304],[24.04107,49.94928],[24.0415,49.94921],[24.05068,49.94795],[24.05199,49.94779],[24.05324,49.94766],[24.05485,49.94741],[24.05473,49.94678],[24.05453,49.94561],[24.05432,49.94472],[24.05287,49.93948],[24.05239,49.93788],[24.05223,49.93735],[24.05139,49.93422],[24.05125,49.93345],[24.05122,49.93315],[24.05124,49.93242],[24.05127,49.93211],[24.05138,49.93175],[24.05153,49.93139],[24.05266,49.92962],[24.05285,49.92921],[24.05292,49.92897],[24.05298,49.92819],[24.053,49.92674],[24.05326,49.92076],[24.05353,49.91291],[24.05364,49.91218],[24.05371,49.91188],[24.0539,49.91118],[24.05433,49.90946],[24.0562,49.90219],[24.05713,49.89888],[24.0589,49.89196],[24.05925,49.89052],[24.05935,49.88979],[24.05935,49.88575],[24.05935,49.88979],[24.05931,49.89018],[24.05925,49.89052],[24.0589,49.89196],[24.05713,49.89888],[24.05695,49.89951],[24.0562,49.90219],[24.05438,49.90924],[24.0539,49.91118],[24.05371,49.91188],[24.05364,49.91218],[24.05353,49.91291],[24.05326,49.92076],[24.053,49.92674],[24.05298,49.92819],[24.05292,49.92897],[24.05285,49.92921],[24.05266,49.92962],[24.05153,49.93139],[24.05138,49.93175],[24.05127,49.93211],[24.05124,49.93242],[24.05122,49.93315],[24.05125,49.93346],[24.05139,49.93422],[24.05223,49.93735],[24.05287,49.93948],[24.05432,49.94472],[24.05453,49.94561],[24.05464,49.94622],[24.05473,49.94678],[24.05485,49.94741],[24.05324,49.94766],[24.05199,49.94779],[24.05068,49.94795],[24.0415,49.94921],[24.04107,49.94928],[24.0227,49.95301],[24.01757,49.95403],[24.01533,49.95444],[24.01457,49.95453],[24.01368,49.95456],[24.01207,49.95457],[24.01002,49.95459],[24.0093,49.95462],[24.0081,49.95478],[24.00712,49.95478],[24.00651,49.9548],[24.00616,49.95485],[24.00549,49.95503],[24.00479,49.95513],[24.00443,49.95514],[24.00355,49.95506],[24.00193,49.95477],[24.00104,49.95467],[24.00053,49.95463],[23.99864,49.95449],[23.99671,49.95438],[23.99667,49.95307],[23.99671,49.95438],[23.99592,49.95441],[23.99484,49.9545],[23.99391,49.95464],[23.99484,49.9545],[23.99592,49.95441],[23.99671,49.95438],[23.99864,49.95449],[24.00104,49.95467],[24.00193,49.95477],[24.00355,49.95506],[24.00443,49.95514],[24.00479,49.95513],[24.00549,49.95503],[24.00616,49.95485],[24.00651,49.9548],[24.00712,49.95478],[24.0081,49.95478],[24.0093,49.95462],[24.01002,49.95459],[24.01368,49.95456],[24.01457,49.95453],[24.01533,49.95444],[24.01623,49.95427],[24.01757,49.95403],[24.02245,49.95306],[24.04107,49.94928],[24.0415,49.94921],[24.05068,49.94795],[24.05199,49.94779],[24.05324,49.94766],[24.05485,49.94741],[24.05468,49.94645],[24.05453,49.94561],[24.05432,49.94472],[24.05287,49.93948],[24.05223,49.93735],[24.05139,49.93422],[24.05132,49.93383],[24.05122,49.93315],[24.05122,49.93287],[24.05127,49.93211],[24.05138,49.93175],[24.05153,49.93139],[24.05266,49.92962],[24.05285,49.92921],[24.05292,49.92897],[24.05298,49.92819],[24.053,49.92674],[24.05326,49.92076],[24.05353,49.91291],[24.05364,49.91218],[24.05371,49.91188],[24.0539,49.91118],[24.05426,49.90973],[24.05629,49.90187],[24.05713,49.89888],[24.0589,49.89196],[24.05925,49.89052],[24.05931,49.89018],[24.05935,49.88979],[24.05935,49.88793],[24.05936,49.88598],[24.05932,49.88551],[24.05931,49.88437],[24.05938,49.88394],[24.05944,49.88375],[24.05959,49.88343],[24.06171,49.87982],[24.06236,49.87873],[24.06275,49.87803],[24.06362,49.87654],[24.06388,49.87613],[24.06413,49.87569],[24.06419,49.87556],[24.06421,49.87543],[24.06416,49.87516],[24.06409,49.87503],[24.06399,49.87492],[24.06384,49.87484],[24.06365,49.87476],[24.06338,49.87473],[24.06294,49.87467],[24.06215,49.87461],[24.06189,49.87457],[24.0617,49.8745],[24.06151,49.87438],[24.0615,49.87426],[24.06147,49.87423],[24.06136,49.87419],[24.0613,49.87419],[24.06085,49.87399],[24.06032,49.87347],[24.05935,49.87236],[24.05685,49.86941],[24.05357,49.86557],[24.05355,49.8654],[24.05361,49.86513],[24.05365,49.865],[24.05364,49.86492],[24.0536,49.86484],[24.05353,49.86477],[24.05343,49.86472],[24.05324,49.86466],[24.05279,49.86443],[24.05273,49.86436],[24.05252,49.86419],[24.05245,49.8641],[24.0521,49.86369],[24.05105,49.86239],[24.05058,49.86186],[24.04736,49.85807],[24.04504,49.85535],[24.04405,49.8542],[24.04377,49.85411],[24.04336,49.85396],[24.0429,49.85388],[24.04214,49.85379],[24.04176,49.85381],[24.04111,49.85373],[24.0408,49.85368],[24.04019,49.85359],[24.03978,49.85354],[24.03843,49.8534],[24.03528,49.85305],[24.03501,49.85298],[24.03332,49.85235],[24.03209,49.85196],[24.03016,49.85139],[24.03002,49.8514],[24.02989,49.85145],[24.02973,49.85155],[24.02957,49.85169],[24.02932,49.852],[24.02848,49.85312],[24.02829,49.85317],[24.02819,49.85316],[24.02804,49.8531],[24.02753,49.85225],[24.02713,49.85154],[24.02683,49.85095],[24.02676,49.85064],[24.02675,49.85043],[24.02652,49.85041],[24.02557,49.85045]]},"properties":{"line":"А58","dir":"1","mode":"bus"}},{"type":"Feature","geometry":{"type":"LineString","coordinates":[[24.0214,49.85053],[24.02608,49.85045],[24.02672,49.85044],[24.0267,49.85064],[24.02676,49.85095],[24.02886,49.85072],[24.02899,49.85073],[24.02908,49.85077],[24.03004,49.85136],[24.03019,49.85139],[24.03215,49.85198],[24.03293,49.85222],[24.03349,49.85241],[24.03396,49.85258],[24.03516,49.85305],[24.03646,49.85319],[24.04029,49.85362],[24.04039,49.85393],[24.04087,49.85486],[24.04132,49.85569],[24.04266,49.85804],[24.04335,49.85923],[24.04374,49.86114],[24.04413,49.86305],[24.04434,49.86423],[24.04438,49.86444],[24.04439,49.86466],[24.04432,49.86526],[24.04458,49.86529],[24.04593,49.86538],[24.04676,49.86538],[24.04752,49.86535],[24.05168,49.86503],[24.05204,49.865],[24.05274,49.86523],[24.05288,49.8653],[24.05326,49.86542],[24.05357,49.86558],[24.05621,49.86866],[24.06009,49.87323],[24.06034,49.87352],[24.06081,49.87398],[24.06121,49.87413],[24.06144,49.87417],[24.06152,49.87424],[24.06151,49.87438],[24.06176,49.8745],[24.06203,49.87457],[24.06282,49.87463],[24.06344,49.87472],[24.06365,49.87476],[24.06384,49.87484],[24.06399,49.87492],[24.06409,49.87503],[24.06416,49.87516],[24.06421,49.87543],[24.06419,49.87556],[24.06413,49.87569],[24.06298,49.87759],[24.06275,49.87791],[24.06208,49.8792],[24.06172,49.87981],[24.05959,49.88343],[24.05944,49.88375],[24.05938,49.88394],[24.05931,49.88437],[24.05933,49.88572],[24.05933,49.88854],[24.05931,49.89006],[24.05924,49.89048],[24.0589,49.89196],[24.05713,49.89888],[24.05618,49.90225],[24.05444,49.90899],[24.05363,49.91222],[24.05353,49.91291],[24.05326,49.92076],[24.053,49.92674],[24.05298,49.92819],[24.05292,49.92897],[24.05285,49.92921],[24.05266,49.92962],[24.05153,49.93139],[24.05134,49.93179],[24.05124,49.93242],[24.05122,49.93287],[24.05125,49.93346],[24.0513,49.93376],[24.05139,49.93422],[24.05245,49.93792],[24.05421,49.94407],[24.05438,49.94474],[24.05477,49.94697],[24.05485,49.94741],[24.05324,49.94766],[24.05199,49.94779],[24.05068,49.94795],[24.0415,49.94921],[24.04107,49.94928],[24.02271,49.95301],[24.01748,49.95405],[24.01533,49.95444],[24.01457,49.95453],[24.01368,49.95456],[24.01002,49.95459],[24.0093,49.95462],[24.00823,49.95476],[24.0081,49.95478],[24.00712,49.95478],[24.00651,49.9548],[24.00616,49.95485],[24.00549,49.95503],[24.00479,49.95513],[24.00443,49.95514],[24.00355,49.95506],[24.0019,49.95477],[24.00069,49.95464],[23.99864,49.95449],[23.99671,49.95438],[23.99592,49.95441],[23.99484,49.9545],[23.99381,49.95465],[23.99183,49.955],[23.99041,49.95519],[23.99183,49.955],[23.99391,49.95464],[23.99484,49.9545],[23.99592,49.95441],[23.99671,49.95438],[23.99864,49.95449],[24.00053,49.95463],[24.00104,49.95467],[24.00179,49.95475],[24.00355,49.95506],[24.00443,49.95514],[24.00479,49.95513],[24.00549,49.95503],[24.00616,49.95485],[24.00651,49.9548],[24.00712,49.95478],[24.0081,49.95478],[24.00838,49.95639],[24.0084,49.95674],[24.00884,49.95887],[24.00908,49.96026],[24.00922,49.96091],[24.00951,49.9615],[24.00963,49.96181],[24.01001,49.96436],[24.01034,49.96769],[24.01033,49.96793],[24.0103,49.96806],[24.00901,49.97138],[24.00871,49.97189],[24.0081,49.97272],[24.00698,49.97408],[24.0063,49.97498],[24.0062,49.97507],[24.0061,49.97513],[24.00598,49.97516],[24.00584,49.97516],[24.00572,49.97512],[24.00487,49.97467],[24.00396,49.97419],[24.00355,49.97406],[24.00333,49.97401],[24.00308,49.974],[24.00283,49.97403],[24.0026,49.97412],[24.00229,49.97449],[24.00171,49.97526],[24.00162,49.97534],[24.00152,49.97538],[24.00138,49.97538],[24.00125,49.97535],[24.0008,49.97516],[24,49.97479],[23.99957,49.97465],[23.99895,49.97449],[23.99776,49.97423],[23.99726,49.9741],[23.99677,49.97392],[23.99651,49.97385],[23.99632,49.97382],[23.99576,49.97379],[23.99381,49.97342],[23.99305,49.97336],[23.99237,49.97334],[23.99209,49.97332],[23.99089,49.97299],[23.99025,49.97287],[23.98995,49.97284],[23.98932,49.97284]]},"properties":{"line":"А59","dir":"0","mode":"bus"}},{"type":"Feature","geometry":{"type":"LineString","coordinates":[[23.98937,49.97284],[23.98995,49.97284],[23.99025,49.97287],[23.99089,49.97299],[23.99209,49.97332],[23.99237,49.97334],[23.99305,49.97336],[23.99381,49.97342],[23.99576,49.97379],[23.99632,49.97382],[23.99651,49.97385],[23.99677,49.97392],[23.99726,49.9741],[23.99776,49.97423],[23.99895,49.97449],[23.99957,49.97465],[24,49.97479],[24.0008,49.97516],[24.00125,49.97535],[24.00138,49.97538],[24.00152,49.97538],[24.00162,49.97534],[24.00171,49.97526],[24.00229,49.97449],[24.0026,49.97412],[24.00283,49.97403],[24.00308,49.974],[24.00333,49.97401],[24.00355,49.97406],[24.00396,49.97419],[24.0056,49.97505],[24.00572,49.97512],[24.00584,49.97516],[24.00598,49.97516],[24.0061,49.97513],[24.0062,49.97507],[24.0063,49.97498],[24.00698,49.97408],[24.0081,49.97272],[24.00871,49.97189],[24.00901,49.97138],[24.0103,49.96806],[24.01033,49.96793],[24.01034,49.96769],[24.01001,49.96436],[24.00963,49.96181],[24.00951,49.9615],[24.00922,49.96091],[24.00908,49.96026],[24.00884,49.95887],[24.0084,49.95674],[24.00838,49.95639],[24.0081,49.95478],[24.00882,49.95468],[24.0093,49.95462],[24.01002,49.95459],[24.01368,49.95456],[24.01457,49.95453],[24.01533,49.95444],[24.01746,49.95405],[24.02252,49.95304],[24.04107,49.94928],[24.0415,49.94921],[24.05068,49.94795],[24.05199,49.94779],[24.05324,49.94766],[24.05485,49.94741],[24.05438,49.94474],[24.05421,49.94407],[24.05243,49.93787],[24.05139,49.93422],[24.05125,49.93345],[24.05122,49.93308],[24.05124,49.93242],[24.05134,49.93179],[24.05153,49.93139],[24.05266,49.92962],[24.05285,49.92921],[24.05292,49.92897],[24.05298,49.92819],[24.053,49.92674],[24.05326,49.92076],[24.05353,49.91291],[24.05363,49.91222],[24.05426,49.90973],[24.0562,49.90219],[24.05638,49.90155],[24.05713,49.89888],[24.0589,49.89196],[24.05924,49.89048],[24.05931,49.89006],[24.05933,49.88854],[24.05933,49.88608],[24.05931,49.88437],[24.05938,49.88394],[24.05944,49.88375],[24.05959,49.88343],[24.06171,49.87982],[24.05959,49.88343],[24.05944,49.88375],[24.05938,49.88394],[24.05931,49.88437],[24.05932,49.88551],[24.05933,49.88608],[24.05933,49.88854],[24.05931,49.89006],[24.05924,49.89048],[24.0589,49.89196],[24.05713,49.89888],[24.05638,49.90155],[24.05433,49.90946],[24.05629,49.90187],[24.05713,49.89888],[24.0589,49.89196],[24.05924,49.89048],[24.05931,49.89006],[24.05933,49.88854],[24.05933,49.88575],[24.05931,49.88437],[24.05938,49.88394],[24.05944,49.88375],[24.05959,49.88343],[24.06166,49.8799],[24.06208,49.8792],[24.06275,49.87791],[24.06298,49.87759],[24.06388,49.87613],[24.06413,49.87569],[24.06419,49.87556],[24.06421,49.87543],[24.06416,49.87516],[24.06409,49.87503],[24.06399,49.87492],[24.06384,49.87484],[24.06365,49.87476],[24.06333,49.8747],[24.06282,49.87463],[24.06203,49.87457],[24.06176,49.8745],[24.06151,49.87438],[24.06152,49.87424],[24.06144,49.87417],[24.06121,49.87413],[24.06081,49.87398],[24.06031,49.87347],[24.05685,49.86941],[24.05357,49.86558],[24.05354,49.86537],[24.05361,49.86513],[24.05365,49.865],[24.05364,49.86492],[24.0536,49.86484],[24.05353,49.86477],[24.05343,49.86472],[24.05324,49.86466],[24.05272,49.86441],[24.05245,49.8641],[24.05198,49.86353],[24.05055,49.86188],[24.04732,49.85808],[24.0457,49.85613],[24.04503,49.85535],[24.04407,49.85425],[24.04399,49.85419],[24.04379,49.85412],[24.04355,49.85407],[24.04327,49.85394],[24.04072,49.85366],[24.03843,49.85341],[24.03516,49.85305],[24.03396,49.85258],[24.03332,49.85235],[24.03266,49.85214],[24.03019,49.85139],[24.03004,49.85136],[24.02973,49.85155],[24.02939,49.85187],[24.0293,49.852],[24.02851,49.85306],[24.02834,49.85314],[24.02817,49.85315],[24.02802,49.85311],[24.0275,49.85226],[24.02708,49.85155],[24.02676,49.85095],[24.0267,49.85064],[24.02672,49.85044],[24.02559,49.85046]]},"properties":{"line":"А59","dir":"1","mode":"bus"}},{"type":"Feature","geometry":{"type":"LineString","coordinates":[[24.12066,49.92619],[24.12198,49.92609],[24.12389,49.92606],[24.12458,49.92602],[24.12624,49.92577],[24.1272,49.92562],[24.12753,49.92558],[24.13033,49.92573],[24.13051,49.92569],[24.13067,49.9256],[24.13122,49.9251],[24.13158,49.92474],[24.13237,49.9235],[24.13257,49.92334],[24.13274,49.92327],[24.13432,49.92281],[24.13499,49.92269],[24.13598,49.92261],[24.14984,49.92367],[24.15038,49.92356],[24.15306,49.9228],[24.1536,49.92262],[24.15391,49.92244],[24.15425,49.92212],[24.15438,49.92186],[24.15442,49.92168],[24.15429,49.92056],[24.15433,49.92002],[24.15446,49.91995],[24.15464,49.91991],[24.15541,49.91986],[24.15577,49.91989],[24.15619,49.91996],[24.15668,49.92],[24.15711,49.92],[24.15763,49.91993],[24.15867,49.91971],[24.16065,49.9197],[24.15993,49.9183],[24.16065,49.9197],[24.15867,49.91971],[24.15763,49.91993],[24.15711,49.92],[24.15668,49.92],[24.15619,49.91996],[24.15567,49.91988],[24.15619,49.91996],[24.15668,49.92],[24.15711,49.92],[24.15763,49.91993],[24.15867,49.91971],[24.16065,49.9197],[24.15996,49.91835],[24.15922,49.917],[24.15793,49.91452],[24.15221,49.90346],[24.15202,49.90314],[24.15184,49.90294],[24.15163,49.90276],[24.15142,49.90263],[24.15114,49.90248],[24.14695,49.90072],[24.13842,49.89717],[24.13759,49.89685],[24.13031,49.89389],[24.12983,49.89372],[24.12932,49.89359],[24.12842,49.89341],[24.12697,49.89317],[24.11867,49.89185],[24.11614,49.89147],[24.11493,49.89132],[24.11378,49.89128],[24.11313,49.8913],[24.10173,49.8921],[24.10071,49.89218],[24.09988,49.89222],[24.09944,49.89223],[24.0989,49.89218],[24.09837,49.89211],[24.09772,49.89197],[24.09209,49.89024],[24.08036,49.8867],[24.07901,49.8863],[24.07866,49.88617],[24.07823,49.88598],[24.07774,49.8857],[24.07716,49.88535],[24.07633,49.8848],[24.0761,49.8846],[24.0758,49.88426],[24.07544,49.88382],[24.07456,49.88273],[24.07405,49.88218],[24.07358,49.88192],[24.0728,49.8816],[24.07027,49.88065],[24.06775,49.87968],[24.0671,49.87937],[24.06681,49.87921],[24.06597,49.87867],[24.06406,49.87728],[24.06362,49.87694],[24.06264,49.87608],[24.06111,49.87431],[24.06031,49.87347],[24.05685,49.86941],[24.05357,49.86558],[24.05326,49.86542],[24.05288,49.8653],[24.05274,49.86523],[24.05204,49.865],[24.05067,49.8651],[24.04752,49.86535],[24.04676,49.86538],[24.04593,49.86538],[24.04547,49.86535],[24.04458,49.86529],[24.04364,49.86518],[24.04065,49.86487],[24.03865,49.86465],[24.03527,49.86419],[24.03476,49.86409],[24.03437,49.86397],[24.03264,49.86339],[24.02977,49.86241],[24.02936,49.86224],[24.02897,49.86202],[24.02868,49.8618],[24.0276,49.86077],[24.02706,49.8603],[24.02682,49.86011],[24.02616,49.85963],[24.02365,49.85779],[24.02321,49.85752],[24.02241,49.85712],[24.02216,49.85704],[24.02178,49.85696],[24.02169,49.85697],[24.02157,49.85698],[24.02145,49.85696],[24.02135,49.85691],[24.02124,49.85682],[24.02125,49.85689],[24.02124,49.85682],[24.02122,49.85668],[24.02125,49.85661],[24.02131,49.85655],[24.02147,49.85648],[24.02165,49.85636],[24.02175,49.85628],[24.02191,49.85596],[24.02279,49.85428],[24.02309,49.85368],[24.02446,49.85047],[24.02448,49.85032],[24.02446,49.84988],[24.02446,49.84988],[24.02458,49.84978],[24.02472,49.84975],[24.02486,49.84975],[24.02497,49.84973],[24.02506,49.84968],[24.02522,49.84941],[24.02561,49.84869],[24.02565,49.8485],[24.0256,49.84788],[24.02549,49.84714],[24.02524,49.84573],[24.02523,49.84552]]},"properties":{"line":"А60","dir":"0","mode":"bus"}},{"type":"Feature","geometry":{"type":"LineString","coordinates":[[24.02582,49.84553],[24.02571,49.84556],[24.02546,49.84568],[24.02542,49.84573],[24.02541,49.84579],[24.02561,49.84683],[24.02581,49.84841],[24.02579,49.84862],[24.02567,49.84889],[24.02524,49.84965],[24.02494,49.8501],[24.02464,49.85047],[24.02455,49.85061],[24.02432,49.85118],[24.02322,49.85376],[24.0229,49.8544],[24.02192,49.85632],[24.02198,49.8566],[24.0221,49.8568],[24.02226,49.85699],[24.02241,49.85712],[24.02321,49.85752],[24.02365,49.85779],[24.02682,49.86011],[24.02739,49.86059],[24.02868,49.8618],[24.02897,49.86202],[24.02936,49.86224],[24.02977,49.86241],[24.0319,49.86313],[24.03362,49.86372],[24.03446,49.864],[24.03483,49.8641],[24.03527,49.86419],[24.03865,49.86465],[24.04242,49.86506],[24.04458,49.86529],[24.04593,49.86538],[24.04676,49.86538],[24.04752,49.86535],[24.05168,49.86503],[24.05204,49.865],[24.05236,49.86493],[24.05267,49.86481],[24.0528,49.86473],[24.0529,49.86469],[24.05313,49.86465],[24.05332,49.86468],[24.05344,49.86472],[24.05353,49.86477],[24.0536,49.86484],[24.05364,49.86492],[24.05365,49.865],[24.05354,49.86537],[24.05357,49.86558],[24.05621,49.86866],[24.06009,49.87323],[24.06034,49.87352],[24.06081,49.87398],[24.06111,49.87431],[24.06193,49.87527],[24.06264,49.87608],[24.06362,49.87694],[24.06406,49.87728],[24.06597,49.87867],[24.06681,49.87921],[24.0671,49.87937],[24.06775,49.87968],[24.0686,49.88002],[24.07035,49.88068],[24.07225,49.88139],[24.07358,49.88192],[24.07405,49.88218],[24.07456,49.88273],[24.07562,49.88405],[24.0761,49.8846],[24.07633,49.8848],[24.07716,49.88535],[24.07823,49.88598],[24.07866,49.88617],[24.07901,49.8863],[24.08108,49.88692],[24.08106,49.88686],[24.08108,49.88692],[24.09209,49.89024],[24.09772,49.89197],[24.09837,49.89211],[24.0989,49.89218],[24.09944,49.89223],[24.09988,49.89222],[24.10071,49.89218],[24.10173,49.8921],[24.11313,49.8913],[24.11378,49.89128],[24.11493,49.89132],[24.11614,49.89147],[24.11867,49.89185],[24.12697,49.89317],[24.12842,49.89341],[24.12932,49.89359],[24.12983,49.89372],[24.13031,49.89389],[24.13644,49.89638],[24.13767,49.89688],[24.13842,49.89717],[24.14695,49.90072],[24.15114,49.90248],[24.15142,49.90263],[24.15163,49.90276],[24.15184,49.90294],[24.15202,49.90314],[24.15221,49.90346],[24.15793,49.91452],[24.15973,49.91795],[24.16005,49.91852],[24.16065,49.9197],[24.15867,49.91971],[24.15763,49.91993],[24.15711,49.92],[24.15668,49.92],[24.15619,49.91996],[24.15592,49.91991],[24.15619,49.91996],[24.15668,49.92],[24.15711,49.92],[24.15763,49.91993],[24.15867,49.91971],[24.16065,49.9197],[24.16017,49.91876],[24.16065,49.9197],[24.15867,49.91971],[24.15763,49.91993],[24.15711,49.92],[24.15668,49.92],[24.15619,49.91996],[24.15577,49.91989],[24.15541,49.91986],[24.15464,49.91991],[24.15446,49.91995],[24.15433,49.92002],[24.15429,49.92056],[24.15442,49.92168],[24.1544,49.92181],[24.15433,49.92198],[24.15425,49.92212],[24.15407,49.92229],[24.15391,49.92244],[24.1536,49.92262],[24.15306,49.9228],[24.15038,49.92356],[24.14984,49.92367],[24.13598,49.92261],[24.13499,49.92269],[24.13432,49.92281],[24.13274,49.92327],[24.13257,49.92334],[24.13237,49.9235],[24.13158,49.92474],[24.13122,49.9251],[24.13067,49.9256],[24.13051,49.92569],[24.13033,49.92573],[24.12753,49.92558],[24.1272,49.92562],[24.12624,49.92577],[24.12458,49.92602],[24.12389,49.92606],[24.12263,49.92608]]},"properties":{"line":"А60","dir":"1","mode":"bus"}},{"type":"Feature","geometry":{"type":"LineString","coordinates":[[23.87372,49.87598],[23.88122,49.87538],[23.88518,49.87508],[23.88633,49.87496],[23.88683,49.87488],[23.88741,49.87477],[23.88795,49.87465],[23.889,49.87436],[23.89057,49.87399],[23.89299,49.87352],[23.89428,49.87335],[23.89502,49.87328],[23.89573,49.87327],[23.89659,49.8733],[23.8972,49.87332],[23.90242,49.8735],[23.90321,49.87353],[23.90449,49.87361],[23.90624,49.87365],[23.9093,49.87373],[23.91067,49.87372],[23.91189,49.87368],[23.91909,49.87327],[23.92787,49.87284],[23.9338,49.87252],[23.93662,49.87235],[23.93788,49.87223],[23.94337,49.87129],[23.94411,49.87113],[23.94456,49.871],[23.94565,49.87057],[23.9467,49.87013],[23.94875,49.86918],[23.94946,49.86888],[23.95093,49.86845],[23.95434,49.86749],[23.9547,49.86737],[23.95534,49.86711],[23.9556,49.86698],[23.95643,49.86647],[23.95712,49.86602],[23.95863,49.8651],[23.95913,49.86481],[23.96011,49.86431],[23.9619,49.86355],[23.96326,49.863],[23.96744,49.86128],[23.96852,49.86082],[23.97076,49.8599],[23.97856,49.85667],[23.98004,49.85601],[23.98533,49.8538],[23.98595,49.85357],[23.98658,49.85343],[23.98686,49.85345],[23.98705,49.85332],[23.98779,49.85287],[23.98866,49.85238],[23.99183,49.85098],[23.99448,49.8498],[23.99461,49.84979],[23.99596,49.84931],[23.99602,49.84926],[23.99665,49.84905],[23.99725,49.84885],[23.998,49.84864],[23.99916,49.84828],[24.00053,49.84799],[24.00096,49.84785],[24.00145,49.84767],[24.00245,49.84729],[24.003,49.8471],[24.00353,49.84697],[24.00456,49.84678],[24.00483,49.84671],[24.00532,49.84653],[24.00629,49.84612],[24.00702,49.84584],[24.00874,49.84524],[24.01323,49.84367],[24.01418,49.84336],[24.01524,49.84305],[24.01542,49.84295],[24.01551,49.84281],[24.01557,49.84203],[24.01559,49.84159],[24.01655,49.84199],[24.01769,49.84246],[24.01773,49.8425],[24.01774,49.84257],[24.0177,49.84266],[24.01763,49.84273],[24.01816,49.84271],[24.01875,49.8428],[24.022,49.84319],[24.02202,49.84312],[24.02218,49.84314],[24.02276,49.8432],[24.02285,49.84326],[24.02297,49.84329],[24.02474,49.84425],[24.02505,49.84432],[24.02521,49.84441],[24.02629,49.84466],[24.02698,49.84479],[24.02722,49.84481],[24.02831,49.84481],[24.02842,49.84476],[24.02925,49.84475],[24.03163,49.84454],[24.03318,49.84441],[24.03321,49.84442],[24.03318,49.84441],[24.03382,49.84406],[24.03439,49.844],[24.03455,49.84396],[24.03463,49.84389],[24.03504,49.84277],[24.03561,49.84121],[24.03576,49.84081],[24.03585,49.84074],[24.03632,49.84051],[24.03638,49.84043],[24.0364,49.8403],[24.03601,49.83981],[24.03636,49.83977],[24.03717,49.8398],[24.03914,49.83984],[24.04149,49.83994],[24.04208,49.84],[24.04329,49.84028],[24.04411,49.84046],[24.04467,49.84057],[24.04564,49.84071],[24.04623,49.84075],[24.04643,49.84075],[24.0469,49.84067],[24.04714,49.84061],[24.04877,49.84011],[24.04987,49.83986],[24.05127,49.83956],[24.05402,49.83876],[24.05667,49.83812],[24.0602,49.83736],[24.06284,49.83679],[24.06381,49.8366],[24.06653,49.83616],[24.06735,49.83608],[24.06804,49.83603],[24.07153,49.8359],[24.07518,49.83574],[24.07527,49.83627],[24.07542,49.83712],[24.07535,49.83721],[24.07648,49.83764],[24.07698,49.83784],[24.07712,49.83786],[24.07916,49.83797],[24.07934,49.83801],[24.07951,49.83806],[24.07997,49.83823],[24.08149,49.83887],[24.08274,49.83939],[24.08314,49.83957],[24.08384,49.83993],[24.08423,49.84006],[24.0853,49.84034],[24.0857,49.84028],[24.08615,49.84025],[24.08933,49.84016],[24.09017,49.84023],[24.09103,49.84035],[24.09219,49.84066],[24.09275,49.84078],[24.09376,49.84096],[24.09522,49.84121],[24.09658,49.84135],[24.09797,49.8415],[24.099,49.84165],[24.10093,49.84198],[24.10139,49.84205],[24.10305,49.84224],[24.10438,49.84237],[24.10586,49.84258],[24.10703,49.84282],[24.11035,49.84361],[24.11159,49.84387],[24.11193,49.8439],[24.1125,49.84397],[24.11293,49.844],[24.11365,49.84403],[24.11389,49.84401],[24.11711,49.84352],[24.11813,49.84339],[24.11837,49.84339],[24.11988,49.84359],[24.12363,49.84409],[24.12432,49.84416],[24.125,49.8442],[24.12561,49.84421],[24.12637,49.84415],[24.12696,49.84409],[24.12864,49.84378],[24.13085,49.84328],[24.13187,49.84306],[24.1322,49.84303],[24.13256,49.84301],[24.13355,49.84307],[24.13366,49.84308],[24.13375,49.8433],[24.13389,49.84348],[24.13415,49.84365],[24.13442,49.84379],[24.13468,49.84386],[24.13592,49.84406],[24.13618,49.84415],[24.13638,49.84426],[24.13656,49.84442],[24.1368,49.84467],[24.13692,49.84486],[24.13702,49.84518],[24.13703,49.84533],[24.13691,49.84625],[24.13781,49.84625],[24.13891,49.84625],[24.14057,49.84622],[24.1426,49.84612],[24.14357,49.84601],[24.14516,49.84572],[24.14577,49.84559],[24.14609,49.84551],[24.14684,49.84524],[24.14735,49.8451],[24.14888,49.84482],[24.14944,49.84476],[24.15148,49.8447],[24.15198,49.84469],[24.15236,49.84471],[24.15377,49.84483],[24.15529,49.84493],[24.15589,49.84495],[24.15631,49.84492],[24.15666,49.84488],[24.15874,49.8444],[24.15923,49.8443],[24.15985,49.8442],[24.16047,49.84412]]},"properties":{"line":"А61","dir":"0","mode":"bus"}},{"type":"Feature","geometry":{"type":"LineString","coordinates":[[24.15989,49.8442],[24.15923,49.8443],[24.15874,49.8444],[24.15666,49.84488],[24.15631,49.84492],[24.15589,49.84495],[24.15546,49.84494],[24.1552,49.84493],[24.15377,49.84483],[24.15253,49.84472],[24.15198,49.84469],[24.15148,49.8447],[24.14944,49.84476],[24.14888,49.84482],[24.14735,49.8451],[24.14684,49.84524],[24.14609,49.84551],[24.14577,49.84559],[24.1444,49.84586],[24.14357,49.84601],[24.14296,49.84609],[24.1426,49.84612],[24.14136,49.84619],[24.14057,49.84622],[24.13891,49.84625],[24.13705,49.84625],[24.13691,49.84625],[24.13703,49.84533],[24.13702,49.84518],[24.13692,49.84486],[24.1368,49.84467],[24.13656,49.84442],[24.13638,49.84426],[24.13618,49.84415],[24.13592,49.84406],[24.13468,49.84386],[24.13442,49.84379],[24.13415,49.84365],[24.13389,49.84348],[24.13375,49.8433],[24.13366,49.84308],[24.13293,49.84304],[24.13256,49.84301],[24.1322,49.84303],[24.13187,49.84306],[24.13056,49.84334],[24.12864,49.84378],[24.12696,49.84409],[24.12637,49.84415],[24.12561,49.84421],[24.125,49.8442],[24.12432,49.84416],[24.12363,49.84409],[24.12058,49.84369],[24.11837,49.84339],[24.11813,49.84339],[24.11796,49.84341],[24.11711,49.84352],[24.11389,49.84401],[24.11365,49.84403],[24.1125,49.84397],[24.11159,49.84387],[24.11113,49.84377],[24.11035,49.84361],[24.10686,49.84278],[24.10586,49.84258],[24.10438,49.84237],[24.10355,49.84229],[24.10139,49.84205],[24.10095,49.84198],[24.099,49.84165],[24.09797,49.8415],[24.09673,49.84137],[24.09522,49.84121],[24.09376,49.84096],[24.09275,49.84078],[24.09219,49.84066],[24.09103,49.84035],[24.09017,49.84023],[24.08933,49.84016],[24.08615,49.84025],[24.0857,49.84028],[24.0853,49.84034],[24.08437,49.8401],[24.08394,49.83997],[24.08384,49.83993],[24.08314,49.83957],[24.08274,49.83939],[24.0798,49.83817],[24.07951,49.83806],[24.07916,49.83797],[24.07712,49.83786],[24.07698,49.83784],[24.07648,49.83764],[24.07523,49.83718],[24.07398,49.83695],[24.07097,49.83645],[24.07059,49.83636],[24.07044,49.83626],[24.07036,49.83613],[24.0703,49.83594],[24.06878,49.836],[24.06804,49.83603],[24.06723,49.83609],[24.06653,49.83616],[24.06381,49.8366],[24.06251,49.83685],[24.06086,49.83722],[24.05667,49.83812],[24.05547,49.83841],[24.05404,49.83876],[24.05127,49.83956],[24.04923,49.84],[24.04877,49.84011],[24.04714,49.84061],[24.0469,49.84067],[24.04643,49.84075],[24.04623,49.84075],[24.04564,49.84071],[24.04467,49.84057],[24.04411,49.84046],[24.04315,49.84025],[24.04218,49.84002],[24.04182,49.83997],[24.04149,49.83994],[24.03914,49.83984],[24.038,49.83981],[24.03725,49.8398],[24.03636,49.83977],[24.03601,49.83981],[24.0364,49.8403],[24.03638,49.84043],[24.03632,49.84051],[24.03585,49.84074],[24.03576,49.84081],[24.03572,49.84094],[24.03513,49.84252],[24.03463,49.84389],[24.03455,49.84396],[24.03439,49.844],[24.03382,49.84406],[24.03103,49.84428],[24.02962,49.84437],[24.02956,49.84438],[24.02951,49.8446],[24.02947,49.84466],[24.02925,49.84475],[24.02842,49.84476],[24.02831,49.84481],[24.0277,49.84481],[24.02722,49.84481],[24.02687,49.84477],[24.02521,49.84441],[24.02505,49.84432],[24.02474,49.84425],[24.02412,49.84392],[24.02297,49.84329],[24.02285,49.84326],[24.02274,49.84328],[24.01875,49.8428],[24.01827,49.84272],[24.01816,49.84271],[24.01763,49.84273],[24.01581,49.84297],[24.01524,49.84305],[24.01418,49.84336],[24.01323,49.84367],[24.00844,49.84535],[24.00702,49.84584],[24.00629,49.84612],[24.00532,49.84653],[24.00483,49.84671],[24.00456,49.84678],[24.00353,49.84697],[24.003,49.8471],[24.00237,49.84732],[24.00135,49.84771],[24.00096,49.84785],[24.00053,49.84799],[23.99927,49.84826],[23.99901,49.84833],[23.998,49.84864],[23.99725,49.84885],[23.99602,49.84926],[23.99596,49.84931],[23.99536,49.84952],[23.99461,49.84979],[23.99448,49.8498],[23.99139,49.85117],[23.98866,49.85238],[23.98779,49.85287],[23.98705,49.85332],[23.98686,49.85345],[23.98658,49.85343],[23.98595,49.85357],[23.98502,49.85392],[23.98503,49.854],[23.98502,49.85392],[23.98004,49.85601],[23.97856,49.85667],[23.97085,49.85987],[23.96852,49.86082],[23.96649,49.86167],[23.9635,49.8629],[23.9619,49.86355],[23.96009,49.86432],[23.96012,49.86443],[23.96009,49.86432],[23.95913,49.86481],[23.95712,49.86602],[23.95663,49.86634],[23.9556,49.86698],[23.95534,49.86711],[23.95501,49.86725],[23.95434,49.86749],[23.95254,49.868],[23.95068,49.86852],[23.94946,49.86888],[23.94875,49.86918],[23.9467,49.87013],[23.94617,49.87035],[23.94564,49.87058],[23.94456,49.871],[23.94411,49.87113],[23.94337,49.87129],[23.93788,49.87223],[23.93662,49.87235],[23.93317,49.87255],[23.92906,49.87278],[23.92521,49.87298],[23.91909,49.87327],[23.91317,49.87362],[23.91145,49.8737],[23.91067,49.87372],[23.9093,49.87373],[23.90556,49.87364],[23.90449,49.87361],[23.90321,49.87353],[23.90236,49.87347],[23.90188,49.8734],[23.90118,49.87328],[23.90076,49.87318],[23.89791,49.87238],[23.89706,49.87212],[23.89678,49.87209],[23.89638,49.87211],[23.89565,49.87221],[23.89419,49.87251],[23.89389,49.87257],[23.89323,49.87277],[23.89302,49.87284],[23.89277,49.87296],[23.89182,49.87346],[23.89135,49.87368],[23.89057,49.87399],[23.889,49.87436],[23.88795,49.87465],[23.88741,49.87477],[23.88683,49.87488],[23.88633,49.87496],[23.88518,49.87508],[23.88043,49.87545],[23.87351,49.876]]},"properties":{"line":"А61","dir":"1","mode":"bus"}},{"type":"Feature","geometry":{"type":"LineString","coordinates":[[24.03295,49.85217],[24.03293,49.85222],[24.03396,49.85258],[24.03516,49.85305],[24.03576,49.85311],[24.03646,49.85319],[24.04176,49.85378],[24.04327,49.85394],[24.04341,49.85401],[24.04355,49.85407],[24.04379,49.85412],[24.04399,49.85419],[24.04407,49.85425],[24.04576,49.8562],[24.04751,49.85831],[24.05094,49.86234],[24.05272,49.86441],[24.05324,49.86466],[24.05343,49.86472],[24.05353,49.86477],[24.0536,49.86484],[24.05364,49.86492],[24.05365,49.865],[24.05363,49.86508],[24.05354,49.86537],[24.05357,49.86558],[24.05621,49.86866],[24.05991,49.87301],[24.06034,49.87352],[24.06081,49.87398],[24.06121,49.87413],[24.06138,49.87415],[24.06148,49.87419],[24.06152,49.87424],[24.06151,49.87438],[24.06176,49.8745],[24.06203,49.87457],[24.06282,49.87463],[24.06344,49.87472],[24.06365,49.87476],[24.06384,49.87484],[24.06399,49.87492],[24.06409,49.87503],[24.06416,49.87516],[24.06421,49.87543],[24.06419,49.87556],[24.06413,49.87569],[24.06298,49.87759],[24.06275,49.87791],[24.06208,49.8792],[24.06172,49.87981],[24.05959,49.88343],[24.05944,49.88375],[24.05938,49.88394],[24.05931,49.88437],[24.05933,49.88572],[24.05933,49.88854],[24.05931,49.89006],[24.05924,49.89048],[24.0589,49.89196],[24.05713,49.89888],[24.05618,49.90225],[24.05444,49.90899],[24.05387,49.9113],[24.05353,49.91131],[24.05343,49.91133],[24.05245,49.91174],[24.05209,49.91191],[24.05164,49.91199],[24.05018,49.91209],[24.04874,49.9121],[24.04829,49.91213],[24.0467,49.91241],[24.04638,49.91244],[24.04522,49.9124],[24.04438,49.91244],[24.04417,49.91245],[24.04405,49.91143],[24.04392,49.91139],[24.04372,49.91137],[24.04364,49.91139],[24.04349,49.91148],[24.04307,49.91186],[24.04271,49.91223],[24.04242,49.91257],[24.04235,49.91262],[24.04227,49.91265],[24.04169,49.91265],[24.04118,49.9126],[24.04079,49.91249],[24.04029,49.91213],[24.04018,49.91209],[24.04006,49.91208],[24.03898,49.91206],[24.03859,49.91198],[24.03792,49.9117],[24.0374,49.91158],[24.03734,49.91156],[24.03712,49.91156],[24.03574,49.9117],[24.03443,49.9118],[24.03066,49.91201],[24.02736,49.91219],[24.02405,49.91216],[24.0229,49.91218],[24.02123,49.9121],[24.01962,49.91218],[24.01886,49.91225],[24.01816,49.91239],[24.01775,49.91253],[24.01683,49.91291],[24.01588,49.9137],[24.01577,49.91395],[24.01568,49.91429],[24.01558,49.9145],[24.01541,49.91472],[24.01529,49.91497],[24.01482,49.91543],[24.01422,49.91616],[24.01405,49.91633],[24.01385,49.91654],[24.01345,49.91689],[24.01287,49.91748],[24.01273,49.91781],[24.0127,49.91804],[24.01271,49.91831],[24.01275,49.9184]]},"properties":{"line":"А62","dir":"0","mode":"bus"}},{"type":"Feature","geometry":{"type":"LineString","coordinates":[[24.0127,49.91809],[24.01273,49.91781],[24.01287,49.91748],[24.01345,49.91689],[24.01385,49.91654],[24.01405,49.91633],[24.01422,49.91616],[24.01482,49.91543],[24.01529,49.91497],[24.01541,49.91472],[24.01558,49.9145],[24.01568,49.91429],[24.01577,49.91395],[24.01588,49.9137],[24.01683,49.91291],[24.01775,49.91253],[24.01816,49.91239],[24.01886,49.91225],[24.01962,49.91218],[24.02123,49.9121],[24.0229,49.91218],[24.02405,49.91216],[24.02736,49.91219],[24.03041,49.91202],[24.03443,49.9118],[24.03574,49.9117],[24.03712,49.91156],[24.03734,49.91156],[24.03779,49.91167],[24.03792,49.9117],[24.03859,49.91198],[24.03898,49.91206],[24.04006,49.91208],[24.04018,49.91209],[24.04029,49.91213],[24.04079,49.91249],[24.04118,49.9126],[24.04169,49.91265],[24.04227,49.91265],[24.04235,49.91262],[24.04242,49.91257],[24.04271,49.91223],[24.04307,49.91186],[24.04349,49.91148],[24.04364,49.91139],[24.04372,49.91137],[24.04392,49.91139],[24.04405,49.91143],[24.04416,49.91235],[24.04417,49.91245],[24.04522,49.9124],[24.04638,49.91244],[24.0467,49.91241],[24.04829,49.91213],[24.04874,49.9121],[24.05018,49.91209],[24.05164,49.91199],[24.05209,49.91191],[24.05245,49.91174],[24.05343,49.91133],[24.05353,49.91131],[24.05387,49.9113],[24.05433,49.90946],[24.05629,49.90187],[24.05713,49.89888],[24.0589,49.89196],[24.05924,49.89048],[24.05931,49.89006],[24.05933,49.88854],[24.05933,49.88575],[24.05931,49.88437],[24.05938,49.88394],[24.05944,49.88375],[24.05959,49.88343],[24.06166,49.8799],[24.06208,49.8792],[24.06275,49.87791],[24.06296,49.87717],[24.06296,49.87698],[24.06292,49.87674],[24.06264,49.87608],[24.06186,49.87518],[24.06264,49.87608],[24.06292,49.87674],[24.06296,49.87698],[24.06296,49.87717],[24.0629,49.8774],[24.06275,49.87791],[24.06263,49.87816],[24.06208,49.8792],[24.06171,49.87982],[24.06208,49.8792],[24.06275,49.87791],[24.06298,49.87759],[24.06388,49.87613],[24.06413,49.87569],[24.06419,49.87556],[24.06421,49.87543],[24.06416,49.87516],[24.06409,49.87503],[24.06399,49.87492],[24.06384,49.87484],[24.06365,49.87476],[24.06333,49.8747],[24.06282,49.87463],[24.06203,49.87457],[24.06176,49.8745],[24.06151,49.87438],[24.06152,49.87424],[24.06144,49.87417],[24.06121,49.87413],[24.06081,49.87398],[24.06031,49.87347],[24.05693,49.86951],[24.05357,49.86558],[24.05326,49.86542],[24.05288,49.8653],[24.05274,49.86523],[24.05267,49.86517],[24.05261,49.86506],[24.05267,49.86517],[24.05274,49.86523],[24.05288,49.8653],[24.05326,49.86542],[24.05357,49.86558],[24.05685,49.86941],[24.05357,49.86558],[24.05354,49.86537],[24.05361,49.86513],[24.05365,49.865],[24.05364,49.86492],[24.0536,49.86484],[24.05353,49.86477],[24.05343,49.86472],[24.05324,49.86466],[24.05272,49.86441],[24.05245,49.8641],[24.05198,49.86353],[24.05055,49.86188],[24.04732,49.85808],[24.0457,49.85613],[24.04407,49.85425],[24.04399,49.85419],[24.0439,49.85405],[24.04382,49.85399],[24.04367,49.85395],[24.04382,49.85399],[24.0439,49.85405],[24.04399,49.85419],[24.04407,49.85425],[24.04503,49.85535],[24.04407,49.85425],[24.04399,49.85419],[24.04379,49.85412],[24.04355,49.85407],[24.04327,49.85394],[24.04072,49.85366],[24.03843,49.85341],[24.03516,49.85305],[24.03396,49.85258],[24.03349,49.85241],[24.03266,49.85214],[24.03294,49.85176],[24.03266,49.85214],[24.03332,49.85235]]},"properties":{"line":"А62","dir":"1","mode":"bus"}},{"type":"Feature","geometry":{"type":"LineString","coordinates":[[24.0214,49.85052],[24.02433,49.85046],[24.02465,49.85048],[24.02608,49.85043],[24.02652,49.85041],[24.02675,49.85043],[24.02676,49.85064],[24.02683,49.85095],[24.02887,49.8507],[24.02901,49.85071],[24.02912,49.85076],[24.02992,49.8513],[24.03016,49.85139],[24.03195,49.85192],[24.03334,49.85236],[24.03501,49.85298],[24.03528,49.85305],[24.03646,49.85319],[24.03978,49.85354],[24.04021,49.8536],[24.04089,49.85369],[24.04109,49.85366],[24.04111,49.85365],[24.04177,49.85374],[24.0429,49.85388],[24.04336,49.85396],[24.0435,49.85401],[24.04405,49.8542],[24.04577,49.8562],[24.04755,49.85829],[24.05042,49.86168],[24.05099,49.86232],[24.05213,49.86373],[24.05252,49.86419],[24.05273,49.86436],[24.05279,49.86443],[24.05324,49.86466],[24.05343,49.86472],[24.05353,49.86477],[24.0536,49.86484],[24.05364,49.86492],[24.05365,49.865],[24.05356,49.86529],[24.05355,49.8654],[24.05357,49.86557],[24.05621,49.86866],[24.05767,49.87039],[24.05815,49.87092],[24.05935,49.87236],[24.06011,49.87322],[24.06036,49.87351],[24.06085,49.87399],[24.0613,49.87419],[24.06136,49.87419],[24.06147,49.87423],[24.0615,49.87426],[24.06151,49.87438],[24.0617,49.8745],[24.06189,49.87457],[24.06215,49.87461],[24.06294,49.87467],[24.06365,49.87476],[24.06384,49.87484],[24.06399,49.87492],[24.06409,49.87503],[24.06416,49.87516],[24.06421,49.87543],[24.06419,49.87556],[24.06413,49.87569],[24.06362,49.87654],[24.06275,49.87803],[24.06236,49.87873],[24.06172,49.87981],[24.05959,49.88343],[24.05944,49.88375],[24.05938,49.88394],[24.05931,49.88437],[24.05932,49.88551],[24.05935,49.88572],[24.05935,49.88979],[24.05925,49.89052],[24.0589,49.89196],[24.05713,49.89888],[24.05618,49.90225],[24.05444,49.90899],[24.0539,49.91118],[24.05371,49.91188],[24.05364,49.91218],[24.05353,49.91291],[24.05326,49.92076],[24.053,49.92674],[24.05298,49.92819],[24.05292,49.92897],[24.05285,49.92921],[24.05266,49.92962],[24.05153,49.93139],[24.05138,49.93175],[24.05127,49.93211],[24.05124,49.93242],[24.05122,49.93315],[24.04874,49.93345],[24.04579,49.93383],[24.0446,49.934],[24.0438,49.93407],[24.04356,49.93413],[24.04295,49.9342],[24.04164,49.93429],[24.03956,49.93447],[24.03795,49.93462],[24.03675,49.93471],[24.03537,49.93486],[24.0329,49.935],[24.03182,49.93504],[24.03122,49.93509],[24.03103,49.93511],[24.03007,49.93512],[24.02742,49.93519],[24.02578,49.93521],[24.02509,49.9352],[24.02472,49.93514],[24.0243,49.93498],[24.0241,49.93488],[24.02394,49.93477],[24.02295,49.93397],[24.02251,49.93357],[24.02234,49.93346],[24.02212,49.93336],[24.02177,49.93327],[24.02139,49.93324],[24.02022,49.9332],[24.01722,49.93301],[24.00899,49.93256],[24.00838,49.93254],[24.00809,49.93252],[24.00767,49.93241],[24.00747,49.93233],[24.00675,49.93196],[24.00653,49.93182],[24.00641,49.9317],[24.00636,49.93164],[24.00632,49.93151],[24.00619,49.93109],[24.00604,49.9307],[24.00579,49.93038],[24.00555,49.93017],[24.00534,49.93004],[24.00495,49.92982],[24.00443,49.92961],[24.00397,49.92944],[24.00323,49.92926],[24.00233,49.92921],[24.00193,49.92916],[24.0009,49.92895],[24.00028,49.9288],[24.0001,49.92872],[23.99968,49.92834],[23.9995,49.92822],[23.99919,49.92816],[23.99897,49.92815],[23.99829,49.92821],[23.99791,49.92822],[23.99734,49.92818],[23.99541,49.9281],[23.99421,49.928],[23.99006,49.92771],[23.98991,49.92769]]},"properties":{"line":"А63","dir":"0","mode":"bus"}},{"type":"Feature","geometry":{"type":"LineString","coordinates":[[23.98837,49.92736],[23.98837,49.92736],[23.98884,49.92752],[23.98929,49.9276],[23.98946,49.92758],[23.98953,49.92754],[23.98978,49.92767],[23.99006,49.92771],[23.99025,49.92773],[23.99237,49.92788],[23.99421,49.928],[23.99541,49.9281],[23.99734,49.92818],[23.99791,49.92822],[23.99829,49.92821],[23.99897,49.92815],[23.99919,49.92816],[23.9995,49.92822],[23.99968,49.92834],[24.0001,49.92872],[24.00028,49.9288],[24.0009,49.92895],[24.00193,49.92916],[24.00233,49.92921],[24.00323,49.92926],[24.00397,49.92944],[24.00473,49.92973],[24.00495,49.92982],[24.00523,49.92998],[24.00555,49.93017],[24.00579,49.93038],[24.00604,49.9307],[24.00619,49.93109],[24.0063,49.93144],[24.00636,49.93164],[24.00641,49.9317],[24.00653,49.93182],[24.00675,49.93196],[24.00747,49.93233],[24.00767,49.93241],[24.00809,49.93252],[24.00838,49.93254],[24.00899,49.93256],[24.01722,49.93301],[24.02022,49.9332],[24.02139,49.93324],[24.02177,49.93327],[24.02212,49.93336],[24.02234,49.93346],[24.02251,49.93357],[24.02295,49.93397],[24.02394,49.93477],[24.0241,49.93488],[24.0243,49.93498],[24.02472,49.93514],[24.02509,49.9352],[24.02578,49.93521],[24.02742,49.93519],[24.03007,49.93512],[24.03103,49.93511],[24.03122,49.93509],[24.03182,49.93504],[24.0329,49.935],[24.03537,49.93486],[24.03675,49.93471],[24.03832,49.93459],[24.0402,49.93442],[24.04164,49.93429],[24.0428,49.93421],[24.04356,49.93413],[24.0438,49.93407],[24.0446,49.934],[24.0457,49.93384],[24.04787,49.93356],[24.05122,49.93315],[24.05124,49.93242],[24.05127,49.93211],[24.05138,49.93175],[24.05153,49.93139],[24.05266,49.92962],[24.05285,49.92921],[24.05292,49.92897],[24.05298,49.92819],[24.053,49.92674],[24.05326,49.92076],[24.05353,49.91291],[24.05364,49.91218],[24.05371,49.91188],[24.0539,49.91118],[24.05426,49.90973],[24.05629,49.90187],[24.05433,49.90946],[24.0562,49.90219],[24.05713,49.89888],[24.0589,49.89196],[24.05925,49.89052],[24.05935,49.88979],[24.05935,49.88575],[24.05932,49.88551],[24.05931,49.88437],[24.05938,49.88394],[24.05944,49.88375],[24.05959,49.88343],[24.06171,49.87982],[24.06236,49.87873],[24.06275,49.87803],[24.06274,49.87791],[24.0629,49.87747],[24.06296,49.87717],[24.06296,49.87698],[24.06292,49.87674],[24.06264,49.87608],[24.06216,49.87555],[24.06114,49.87433],[24.06085,49.87399],[24.06032,49.87347],[24.05935,49.87236],[24.05816,49.87094],[24.05767,49.87039],[24.05685,49.86941],[24.05357,49.86557],[24.05355,49.8654],[24.05361,49.86513],[24.05365,49.865],[24.05364,49.86492],[24.0536,49.86484],[24.05353,49.86477],[24.05343,49.86472],[24.05324,49.86466],[24.05279,49.86443],[24.05273,49.86436],[24.05252,49.86419],[24.05245,49.8641],[24.0521,49.86369],[24.05105,49.86239],[24.05058,49.86186],[24.04736,49.85807],[24.04504,49.85535],[24.04405,49.8542],[24.04377,49.85411],[24.04336,49.85396],[24.0429,49.85388],[24.04214,49.85379],[24.04176,49.85381],[24.04111,49.85373],[24.0408,49.85368],[24.04019,49.85359],[24.03978,49.85354],[24.03843,49.8534],[24.03528,49.85305],[24.03501,49.85298],[24.03332,49.85235],[24.03209,49.85196],[24.03016,49.85139],[24.03002,49.8514],[24.02989,49.85145],[24.02973,49.85155],[24.02957,49.85169],[24.02932,49.852],[24.02848,49.85312],[24.02829,49.85317],[24.02819,49.85316],[24.02804,49.8531],[24.02753,49.85225],[24.02713,49.85154],[24.02683,49.85095],[24.02676,49.85064],[24.02675,49.85043],[24.02652,49.85041],[24.02557,49.85045],[24.02558,49.85045],[24.02559,49.8505],[24.02558,49.85045],[24.02508,49.85046],[24.02465,49.85048],[24.02433,49.85046],[24.0213,49.85052],[24.02109,49.85051]]},"properties":{"line":"А63","dir":"1","mode":"bus"}},{"type":"Feature","geometry":{"type":"LineString","coordinates":[[24.02401,49.84455],[24.02367,49.8447],[24.02284,49.84405],[24.02268,49.84391],[24.02267,49.84386],[24.02285,49.84326],[24.02274,49.84328],[24.01875,49.8428],[24.01827,49.84272],[24.01816,49.84271],[24.01763,49.84273],[24.01581,49.84297],[24.01524,49.84305],[24.01418,49.84336],[24.01323,49.84367],[24.00844,49.84535],[24.00702,49.84584],[24.00629,49.84612],[24.00532,49.84653],[24.00483,49.84671],[24.00456,49.84678],[24.00353,49.84697],[24.003,49.8471],[24.00245,49.84729],[24.00145,49.84767],[24.00096,49.84785],[24.00053,49.84799],[23.99927,49.84826],[23.99901,49.84833],[23.998,49.84864],[23.99725,49.84885],[23.99602,49.84926],[23.99596,49.84931],[23.99536,49.84952],[23.99461,49.84979],[23.99448,49.8498],[23.99139,49.85117],[23.98866,49.85238],[23.98779,49.85287],[23.98705,49.85332],[23.98686,49.85345],[23.98658,49.85343],[23.98595,49.85357],[23.98502,49.85392],[23.98503,49.854],[23.98502,49.85392],[23.98004,49.85601],[23.97856,49.85667],[23.97085,49.85987],[23.97086,49.85986],[23.97035,49.86007],[23.97078,49.86051],[23.97151,49.86117],[23.97158,49.86128],[23.97158,49.86136],[23.97154,49.86146],[23.97036,49.86268],[23.96954,49.86384],[23.969,49.86472],[23.96853,49.86545],[23.96825,49.86595],[23.96609,49.86949],[23.96549,49.87044],[23.96515,49.87094],[23.96488,49.87119],[23.96452,49.87138],[23.96389,49.87152],[23.96193,49.8719],[23.95814,49.87267],[23.95538,49.87323],[23.95327,49.87363],[23.95232,49.87376],[23.95154,49.87383],[23.95026,49.87392],[23.95004,49.87397],[23.94995,49.874],[23.94988,49.87404],[23.94978,49.87415],[23.94974,49.87426],[23.94977,49.87491],[23.94973,49.87513],[23.94962,49.87535],[23.94853,49.87741],[23.9484,49.87774],[23.94835,49.87802],[23.94833,49.87862],[23.94825,49.87887],[23.94806,49.8792],[23.94765,49.87975],[23.94731,49.88037],[23.94728,49.88049],[23.94724,49.88061],[23.94719,49.88091],[23.94723,49.88142],[23.94725,49.88156],[23.94733,49.88178],[23.94741,49.8819],[23.94753,49.88203],[23.94804,49.88238],[23.94857,49.88274],[23.94943,49.88389],[23.95022,49.88489],[23.95139,49.8865],[23.95158,49.88679],[23.95163,49.88696],[23.95161,49.88722],[23.9515,49.88752],[23.95139,49.88766],[23.9505,49.8885],[23.95025,49.88885],[23.94901,49.89172],[23.94884,49.892],[23.94845,49.89254],[23.94777,49.89344],[23.94624,49.89484],[23.94521,49.89572],[23.94472,49.89625],[23.94448,49.89661],[23.94366,49.89816],[23.94335,49.89876],[23.94245,49.90061],[23.94221,49.90106],[23.94206,49.90129],[23.94142,49.90211],[23.94137,49.90224],[23.9413,49.90262],[23.94118,49.90278],[23.93972,49.9039],[23.93908,49.90442],[23.93811,49.90509],[23.93736,49.90552],[23.93655,49.9059],[23.93564,49.9063],[23.93491,49.90653],[23.93428,49.90668],[23.93342,49.90685],[23.93267,49.90697],[23.93216,49.9071],[23.93196,49.90721],[23.93176,49.90742],[23.93106,49.90849],[23.93176,49.90742],[23.93196,49.90721],[23.93216,49.9071],[23.93267,49.90697],[23.93342,49.90685],[23.93428,49.90668],[23.93491,49.90653],[23.93564,49.9063],[23.93638,49.90599],[23.93736,49.90552],[23.93811,49.90509],[23.93908,49.90442],[23.93972,49.9039],[23.94118,49.90278],[23.94129,49.90265],[23.94137,49.90224],[23.94142,49.90211],[23.94206,49.90129],[23.94221,49.90106],[23.94245,49.90061],[23.94281,49.89988],[23.94335,49.89876],[23.94448,49.89661],[23.94472,49.89625],[23.94521,49.89572],[23.94624,49.89484],[23.94777,49.89344],[23.94884,49.892],[23.94901,49.89172],[23.9495,49.89057],[23.94901,49.89172],[23.94884,49.892],[23.94808,49.89303],[23.94777,49.89344],[23.94763,49.89357],[23.94624,49.89484],[23.94656,49.89483],[23.94669,49.89482],[23.94624,49.89484],[23.94521,49.89572],[23.94472,49.89625],[23.94448,49.89661],[23.94335,49.89876],[23.94291,49.89966],[23.94245,49.90061],[23.94221,49.90106],[23.94206,49.90129],[23.94142,49.90211],[23.94137,49.90224],[23.94129,49.90265],[23.94131,49.90266],[23.94129,49.90265],[23.94118,49.90278],[23.93956,49.90402],[23.93908,49.90442],[23.93811,49.90509],[23.93736,49.90552],[23.93638,49.90599],[23.93564,49.9063],[23.93491,49.90653],[23.93428,49.90668],[23.93342,49.90685],[23.93267,49.90697],[23.93216,49.9071],[23.93196,49.90721],[23.93176,49.90742],[23.93116,49.90833],[23.93059,49.90922],[23.93027,49.90967],[23.92937,49.91062],[23.92845,49.9114],[23.92747,49.91194],[23.92721,49.91213],[23.92668,49.91262],[23.92576,49.91342]]},"properties":{"line":"А67","dir":"0","mode":"bus"}},{"type":"Feature","geometry":{"type":"LineString","coordinates":[[23.92587,49.91403],[23.92564,49.9145],[23.92566,49.9145],[23.92514,49.91442],[23.9247,49.91429],[23.9247,49.9143],[23.92561,49.91355],[23.92668,49.91262],[23.92721,49.91213],[23.92747,49.91194],[23.92845,49.9114],[23.92937,49.91062],[23.93027,49.90967],[23.93059,49.90922],[23.93112,49.90841],[23.93176,49.90742],[23.93196,49.90721],[23.93216,49.9071],[23.93267,49.90697],[23.93342,49.90685],[23.93428,49.90668],[23.93491,49.90653],[23.93564,49.9063],[23.93638,49.90599],[23.93736,49.90552],[23.93811,49.90509],[23.93908,49.90442],[23.93972,49.9039],[23.94008,49.90362],[23.94118,49.90278],[23.9413,49.90262],[23.94137,49.90224],[23.94142,49.90211],[23.94166,49.9018],[23.94206,49.90129],[23.94221,49.90106],[23.94245,49.90061],[23.94291,49.89966],[23.94245,49.90061],[23.94206,49.90129],[23.94142,49.90211],[23.94137,49.90224],[23.9413,49.90262],[23.94118,49.90278],[23.93972,49.9039],[23.94002,49.904],[23.93972,49.9039],[23.94118,49.90278],[23.9413,49.90262],[23.94137,49.90224],[23.94145,49.90206],[23.94206,49.90129],[23.94245,49.90061],[23.94281,49.89988],[23.94335,49.89876],[23.94448,49.89661],[23.94472,49.89625],[23.94521,49.89572],[23.94624,49.89484],[23.94777,49.89344],[23.94884,49.892],[23.94901,49.89172],[23.94982,49.88984],[23.94901,49.89172],[23.94884,49.892],[23.94845,49.89254],[23.94777,49.89344],[23.94624,49.89484],[23.94521,49.89572],[23.94472,49.89625],[23.94448,49.89661],[23.94366,49.89816],[23.94335,49.89876],[23.94245,49.90061],[23.94206,49.90129],[23.94142,49.90211],[23.94137,49.90224],[23.9413,49.90262],[23.94118,49.90278],[23.93972,49.9039],[23.93908,49.90442],[23.93811,49.90509],[23.93736,49.90552],[23.93638,49.90599],[23.93564,49.9063],[23.93491,49.90653],[23.93428,49.90668],[23.93342,49.90685],[23.93267,49.90697],[23.93216,49.9071],[23.93196,49.90721],[23.93176,49.90742],[23.93117,49.90833],[23.93176,49.90742],[23.93196,49.90721],[23.93216,49.9071],[23.93267,49.90697],[23.93342,49.90685],[23.93428,49.90668],[23.93491,49.90653],[23.93564,49.9063],[23.93638,49.90599],[23.93736,49.90552],[23.93811,49.90509],[23.93908,49.90442],[23.93972,49.9039],[23.94118,49.90278],[23.9413,49.90262],[23.94137,49.90224],[23.94145,49.90206],[23.94206,49.90129],[23.94245,49.90061],[23.94281,49.89988],[23.94335,49.89876],[23.94448,49.89661],[23.94472,49.89625],[23.94521,49.89572],[23.94624,49.89484],[23.94763,49.89357],[23.94777,49.89344],[23.94808,49.89303],[23.94884,49.892],[23.94901,49.89172],[23.95025,49.88885],[23.9505,49.8885],[23.95139,49.88766],[23.9515,49.88752],[23.95161,49.88722],[23.95163,49.88707],[23.95163,49.88696],[23.95158,49.88679],[23.95139,49.8865],[23.95022,49.88489],[23.94914,49.88351],[23.94857,49.88274],[23.94753,49.88203],[23.94741,49.8819],[23.94733,49.88178],[23.94725,49.88156],[23.94723,49.88142],[23.94719,49.88091],[23.94724,49.88061],[23.94731,49.88037],[23.94749,49.88004],[23.94765,49.87975],[23.94806,49.8792],[23.94825,49.87887],[23.94833,49.87862],[23.94835,49.87802],[23.9484,49.87778],[23.94853,49.87741],[23.94962,49.87535],[23.94973,49.87513],[23.94977,49.87491],[23.94974,49.87426],[23.94978,49.87415],[23.94988,49.87404],[23.95004,49.87397],[23.95037,49.8739],[23.95123,49.87384],[23.95232,49.87376],[23.95327,49.87363],[23.95538,49.87323],[23.95762,49.87278],[23.96193,49.8719],[23.96427,49.87144],[23.96452,49.87138],[23.96478,49.87126],[23.96488,49.87119],[23.96515,49.87094],[23.96549,49.87044],[23.96609,49.86949],[23.96825,49.86595],[23.96853,49.86545],[23.96896,49.86479],[23.96954,49.86384],[23.97036,49.86268],[23.97154,49.86146],[23.97158,49.86136],[23.97158,49.86128],[23.97151,49.86117],[23.97078,49.86051],[23.97035,49.86007],[23.97076,49.8599],[23.97856,49.85667],[23.98004,49.85601],[23.98533,49.8538],[23.98595,49.85357],[23.98658,49.85343],[23.98686,49.85345],[23.98705,49.85332],[23.98779,49.85287],[23.98866,49.85238],[23.99183,49.85098],[23.99448,49.8498],[23.99461,49.84979],[23.99596,49.84931],[23.99602,49.84926],[23.99665,49.84905],[23.99725,49.84885],[23.998,49.84864],[23.99916,49.84828],[24.00015,49.84808],[24.00012,49.84803],[24.00015,49.84808],[24.00053,49.84799],[24.00096,49.84785],[24.00237,49.84732],[24.003,49.8471],[24.00353,49.84697],[24.00456,49.84678],[24.00483,49.84671],[24.00532,49.84653],[24.00629,49.84612],[24.00702,49.84584],[24.00874,49.84524],[24.01323,49.84367],[24.01418,49.84336],[24.01524,49.84305],[24.01542,49.84295],[24.01551,49.84281],[24.01557,49.84203],[24.01559,49.84159],[24.01655,49.84199],[24.01769,49.84246],[24.0182,49.84261],[24.01862,49.84271],[24.01921,49.84278],[24.02063,49.84295],[24.02107,49.843],[24.02218,49.84314]]},"properties":{"line":"А67","dir":"1","mode":"bus"}},{"type":"Feature","geometry":{"type":"LineString","coordinates":[[24.02582,49.84554],[24.02576,49.84556],[24.02551,49.84568],[24.02547,49.84573],[24.02546,49.84579],[24.02551,49.8463],[24.02561,49.84683],[24.02581,49.84841],[24.02579,49.84862],[24.02567,49.84889],[24.02496,49.85018],[24.02465,49.85048],[24.02457,49.85062],[24.02432,49.85118],[24.02322,49.85376],[24.0229,49.8544],[24.02192,49.85631],[24.02197,49.85664],[24.022,49.8567],[24.02235,49.85712],[24.02317,49.85754],[24.0236,49.85777],[24.02416,49.85812],[24.02578,49.85931],[24.02688,49.86009],[24.02712,49.86028],[24.02744,49.86057],[24.02879,49.86184],[24.029,49.86199],[24.02929,49.86215],[24.0298,49.86238],[24.03365,49.86369],[24.03427,49.8639],[24.03477,49.86404],[24.03542,49.86417],[24.03702,49.8644],[24.04017,49.86482],[24.04242,49.86506],[24.04428,49.86526],[24.04548,49.86537],[24.04589,49.86539],[24.04657,49.86539],[24.04727,49.86537],[24.05168,49.86503],[24.05203,49.865],[24.05238,49.86507],[24.05274,49.86523],[24.05288,49.8653],[24.05336,49.86545],[24.05349,49.86554],[24.05357,49.86557],[24.05621,49.86866],[24.05767,49.87039],[24.05815,49.87092],[24.05935,49.87236],[24.06011,49.87322],[24.06036,49.87351],[24.06085,49.87399],[24.06193,49.87527],[24.06225,49.87565],[24.06264,49.87608],[24.06406,49.87728],[24.06597,49.87867],[24.06662,49.87908],[24.06718,49.8794],[24.06775,49.87968],[24.07035,49.88068],[24.07225,49.88139],[24.07358,49.88192],[24.07405,49.88218],[24.07456,49.88273],[24.07562,49.88405],[24.0761,49.8846],[24.07633,49.8848],[24.07716,49.88535],[24.07774,49.8857],[24.07823,49.88598],[24.07866,49.88617],[24.07901,49.8863],[24.08458,49.88797],[24.08971,49.88952],[24.08986,49.88997],[24.09044,49.89182],[24.09118,49.89411],[24.09128,49.89442],[24.09177,49.89597],[24.09179,49.8961],[24.09177,49.89625],[24.09164,49.89647],[24.09079,49.89707],[24.0905,49.89735],[24.08997,49.89796],[24.08888,49.89947],[24.08866,49.89989],[24.08814,49.90221],[24.08792,49.9033],[24.08771,49.90445],[24.0868,49.90452],[24.08654,49.90455],[24.08612,49.90461],[24.08534,49.90477],[24.08397,49.90492],[24.08385,49.90498],[24.08376,49.90507],[24.08373,49.90523],[24.08388,49.90714],[24.08394,49.90791],[24.08369,49.90794],[24.08296,49.90817],[24.08185,49.90827],[24.08121,49.90832],[24.08063,49.90841],[24.07946,49.90857],[24.0786,49.90867],[24.07781,49.90873],[24.07664,49.90875],[24.07633,49.90877],[24.07612,49.90881],[24.07536,49.90931],[24.07484,49.90952],[24.07389,49.9097],[24.07389,49.90972],[24.07389,49.9097],[24.07159,49.91006],[24.06968,49.91032],[24.06944,49.91033],[24.06849,49.91037],[24.06746,49.91046],[24.06589,49.91066],[24.06538,49.9107],[24.06373,49.91066],[24.06316,49.9107],[24.0618,49.91084],[24.05945,49.91103]]},"properties":{"line":"А80","dir":"0","mode":"bus"}},{"type":"Feature","geometry":{"type":"LineString","coordinates":[[24.05425,49.91142],[24.05474,49.91142],[24.05675,49.9113],[24.05734,49.91125],[24.05811,49.91115],[24.05901,49.91107],[24.0618,49.91084],[24.06316,49.9107],[24.0636,49.91066],[24.06538,49.9107],[24.06589,49.91066],[24.06746,49.91046],[24.06849,49.91037],[24.06929,49.91034],[24.06968,49.91032],[24.07159,49.91006],[24.07391,49.9097],[24.07484,49.90952],[24.07536,49.90931],[24.07612,49.90881],[24.07633,49.90877],[24.0765,49.90876],[24.07781,49.90873],[24.0786,49.90867],[24.07946,49.90857],[24.08085,49.90838],[24.08121,49.90832],[24.08185,49.90827],[24.08296,49.90817],[24.08369,49.90794],[24.08394,49.90791],[24.08386,49.90692],[24.08373,49.90523],[24.08376,49.90507],[24.08385,49.90498],[24.08397,49.90492],[24.08534,49.90477],[24.08612,49.90461],[24.08654,49.90455],[24.0868,49.90452],[24.08771,49.90445],[24.08795,49.90316],[24.08814,49.90221],[24.08866,49.89989],[24.08888,49.89947],[24.08997,49.89796],[24.09054,49.8973],[24.09079,49.89707],[24.09164,49.89647],[24.09177,49.89625],[24.09179,49.8961],[24.09177,49.89597],[24.09117,49.89408],[24.08976,49.88968],[24.08971,49.88952],[24.0865,49.88855],[24.08016,49.88664],[24.07901,49.8863],[24.07866,49.88617],[24.07823,49.88598],[24.07774,49.8857],[24.07716,49.88535],[24.07633,49.8848],[24.0761,49.8846],[24.0758,49.88426],[24.07544,49.88382],[24.07456,49.88273],[24.07405,49.88218],[24.07358,49.88192],[24.0728,49.8816],[24.07027,49.88065],[24.06775,49.87968],[24.06718,49.8794],[24.06662,49.87908],[24.06597,49.87867],[24.06406,49.87728],[24.06264,49.87608],[24.06225,49.87565],[24.06114,49.87433],[24.06085,49.87399],[24.06032,49.87347],[24.05935,49.87236],[24.05685,49.86941],[24.05357,49.86557],[24.05355,49.8654],[24.05361,49.86513],[24.05365,49.865],[24.05364,49.86492],[24.0536,49.86484],[24.05353,49.86477],[24.05343,49.86472],[24.05332,49.86468],[24.05313,49.86465],[24.0529,49.86469],[24.0528,49.86473],[24.05267,49.86481],[24.05255,49.86487],[24.05225,49.86496],[24.05203,49.865],[24.05067,49.8651],[24.04727,49.86537],[24.04657,49.86539],[24.04589,49.86539],[24.04548,49.86537],[24.04364,49.86518],[24.04065,49.86487],[24.04017,49.86482],[24.03702,49.8644],[24.03542,49.86417],[24.03477,49.86404],[24.03444,49.86395],[24.03267,49.86336],[24.0298,49.86238],[24.02929,49.86215],[24.029,49.86199],[24.02879,49.86184],[24.02777,49.86087],[24.02712,49.86028],[24.02688,49.86009],[24.0262,49.8596],[24.02578,49.85931],[24.02416,49.85812],[24.0236,49.85777],[24.02235,49.85712],[24.02177,49.85699],[24.02156,49.85701],[24.02144,49.85699],[24.02133,49.85695],[24.02123,49.85686],[24.02123,49.85685],[24.0212,49.85671],[24.02124,49.85664],[24.0213,49.85658],[24.02139,49.85653],[24.02149,49.8565],[24.02175,49.85628],[24.02192,49.85597],[24.02279,49.85428],[24.02309,49.85368],[24.02446,49.85047],[24.02448,49.85032],[24.02446,49.84988],[24.02447,49.84986],[24.02458,49.84978],[24.02472,49.84975],[24.02486,49.84975],[24.02497,49.84973],[24.02506,49.84968],[24.0254,49.84907],[24.02561,49.84869],[24.02565,49.8485],[24.02565,49.84841],[24.02549,49.84714],[24.02535,49.84631],[24.02528,49.84552]]},"properties":{"line":"А80","dir":"1","mode":"bus"}},{"type":"Feature","geometry":{"type":"LineString","coordinates":[[23.86066,49.84266],[23.86066,49.84266],[23.86074,49.84291],[23.86075,49.84314],[23.86063,49.84319],[23.86058,49.84319],[23.86049,49.84316],[23.86034,49.84302],[23.86029,49.84293],[23.86029,49.8429],[23.86031,49.8428],[23.86066,49.84266],[23.86086,49.84253],[23.86156,49.8422],[23.86166,49.84213],[23.86421,49.84092],[23.86555,49.84031],[23.86573,49.84023],[23.86449,49.83907],[23.86385,49.83842],[23.86381,49.83838],[23.86406,49.83828],[23.86836,49.83806],[23.87186,49.83786],[23.87205,49.83779],[23.87226,49.83763],[23.87287,49.83729],[23.87337,49.83705],[23.87374,49.83686],[23.87676,49.83554],[23.87803,49.83499],[23.87822,49.83495],[23.87823,49.83486],[23.87854,49.83471],[23.87895,49.83448],[23.87916,49.83432],[23.8809,49.83386],[23.88137,49.83373],[23.88256,49.83334],[23.88322,49.83317],[23.88377,49.83307],[23.88434,49.83302],[23.88504,49.83299],[23.88542,49.83301],[23.88606,49.83301],[23.88668,49.833],[23.8868,49.83297],[23.88691,49.8329],[23.88698,49.83279],[23.88702,49.83257],[23.88702,49.83217],[23.89006,49.83178],[23.89052,49.83166],[23.89087,49.83151],[23.89099,49.83143],[23.89109,49.83128],[23.8914,49.8306],[23.89187,49.82971],[23.89225,49.82924],[23.89312,49.82851],[23.89337,49.8281],[23.89347,49.82781],[23.89368,49.82698],[23.89397,49.82624],[23.89433,49.82551],[23.89445,49.82538],[23.89472,49.82522],[23.89622,49.82457],[23.89666,49.82432],[23.89756,49.82377],[23.89779,49.82366],[23.89827,49.82352],[23.90051,49.82323],[23.90156,49.82326],[23.90185,49.82331],[23.90344,49.82394],[23.90411,49.8243],[23.90467,49.82464],[23.90497,49.82484],[23.90562,49.82531],[23.90698,49.82644],[23.90778,49.82704],[23.90807,49.82724],[23.91036,49.82424],[23.91251,49.82124],[23.91259,49.82096],[23.91262,49.8207],[23.91258,49.82062],[23.91259,49.82051],[23.91264,49.82043],[23.91273,49.82038],[23.91283,49.82034],[23.91295,49.82033],[23.91313,49.82035],[23.91327,49.82042],[23.91333,49.82049],[23.91358,49.8206],[23.91403,49.82071],[23.91667,49.82112],[23.92008,49.82171],[23.92526,49.82266],[23.92846,49.82326],[23.93069,49.82365],[23.93256,49.82401],[23.93438,49.82436],[23.93488,49.82452],[23.94326,49.8261],[23.94517,49.82645],[23.94644,49.82667],[23.94694,49.8267],[23.9476,49.82682],[23.94805,49.8269],[23.94916,49.82714],[23.94933,49.82718],[23.94962,49.82729],[23.95351,49.82798],[23.95848,49.82889],[23.96463,49.83001],[23.96729,49.83049],[23.96943,49.83086],[23.97728,49.83225],[23.97915,49.83258],[23.98454,49.83355],[23.98694,49.83399],[23.99018,49.83455],[23.99097,49.83468],[23.9938,49.83519],[23.99423,49.83525],[23.99506,49.8354],[23.99915,49.83615],[24.002,49.83663],[24.00268,49.83676],[24.00286,49.8368],[24.00388,49.83712],[24.00487,49.83745],[24.00559,49.83769],[24.00684,49.83814],[24.0122,49.84024],[24.01586,49.84169],[24.01655,49.84199],[24.01769,49.84246],[24.0181,49.84258],[24.01862,49.84271],[24.0203,49.84291],[24.02031,49.84299],[24.02084,49.84305],[24.02086,49.84298],[24.02093,49.84299],[24.02054,49.84294],[24.01871,49.84272],[24.0203,49.84291],[24.02031,49.84299],[24.022,49.84319],[24.02202,49.84312],[24.02218,49.84314],[24.02276,49.8432],[24.02285,49.84326],[24.02297,49.84329],[24.02474,49.84425],[24.02505,49.84432],[24.02526,49.84433],[24.0255,49.84438],[24.02679,49.84468],[24.0269,49.84469],[24.02679,49.84468],[24.02687,49.84477],[24.02688,49.84497],[24.02658,49.84531],[24.02623,49.84543],[24.02576,49.84556],[24.02551,49.84568],[24.02547,49.84573],[24.02546,49.84579],[24.02551,49.8463],[24.02561,49.84683],[24.02581,49.84841],[24.02579,49.84862],[24.02567,49.84889],[24.02496,49.85018],[24.02465,49.85048],[24.02457,49.85062],[24.02432,49.85118],[24.02322,49.85376],[24.0229,49.8544],[24.02192,49.85631],[24.02197,49.85664],[24.02201,49.85673],[24.022,49.8568],[24.02196,49.85687],[24.0219,49.85693],[24.02174,49.857],[24.02153,49.85714],[24.02143,49.85724],[24.02117,49.85771],[24.02006,49.85985],[24.01855,49.86264],[24.01685,49.86586],[24.01674,49.86607],[24.01659,49.86647],[24.01655,49.86667],[24.01654,49.86689],[24.01657,49.86746],[24.0168,49.86782],[24.01707,49.8682],[24.01768,49.86863],[24.01784,49.86877],[24.01804,49.86901],[24.01823,49.86932],[24.01838,49.86979],[24.01845,49.87014],[24.01853,49.87034],[24.01882,49.8707],[24.01903,49.87079],[24.01924,49.87082],[24.01946,49.8708],[24.02068,49.87024],[24.02291,49.86926],[24.02308,49.86922],[24.02348,49.86919],[24.02372,49.86921],[24.02498,49.86943],[24.03255,49.87066],[24.03944,49.8718],[24.0422,49.87226],[24.04127,49.8751],[24.04084,49.87641],[24.0413,49.87657],[24.0427,49.87696],[24.04281,49.87704],[24.04288,49.87711],[24.04292,49.87721],[24.04292,49.87737],[24.04289,49.87755],[24.04283,49.87766],[24.04264,49.87787],[24.04258,49.87792],[24.04146,49.87863],[24.04138,49.87874],[24.04133,49.87899],[24.04111,49.87906],[24.04073,49.87914]]},"properties":{"line":"А84","dir":"0","mode":"bus"}},{"type":"Feature","geometry":{"type":"LineString","coordinates":[[24.03855,49.87966],[24.03833,49.87971],[24.03819,49.87977],[24.03794,49.8799],[24.03773,49.88007],[24.03765,49.88021],[24.03764,49.8803],[24.03768,49.88081],[24.03735,49.8808],[24.03723,49.88075],[24.0372,49.88071],[24.03718,49.88065],[24.03719,49.88035],[24.03717,49.88029],[24.0371,49.88025],[24.0366,49.88007],[24.03634,49.87993],[24.03579,49.87951],[24.03575,49.87946],[24.03573,49.87942],[24.03577,49.87938],[24.03611,49.87915],[24.03665,49.87884],[24.03599,49.87922],[24.03585,49.87913],[24.03646,49.87775],[24.03627,49.87704],[24.03627,49.87691],[24.03635,49.87663],[24.03641,49.87623],[24.03639,49.87594],[24.0357,49.87583],[24.03512,49.87569],[24.03479,49.87554],[24.03455,49.87539],[24.03347,49.87443],[24.03318,49.87405],[24.03347,49.87443],[24.03455,49.87539],[24.03479,49.87554],[24.03512,49.87569],[24.0357,49.87583],[24.03624,49.87592],[24.04068,49.87653],[24.04084,49.87641],[24.04133,49.87491],[24.04084,49.87641],[24.04068,49.87653],[24.03624,49.87592],[24.0357,49.87583],[24.03512,49.87569],[24.03495,49.87562],[24.03479,49.87554],[24.03455,49.87539],[24.03347,49.87443],[24.03312,49.87397],[24.03266,49.87313],[24.0326,49.87297],[24.03258,49.87282],[24.03262,49.87264],[24.03327,49.87078],[24.0392,49.87176],[24.03129,49.87046],[24.02538,49.86949],[24.02496,49.86943],[24.02372,49.86921],[24.02348,49.86919],[24.02308,49.86922],[24.02291,49.86926],[24.02051,49.87032],[24.01946,49.8708],[24.01924,49.87082],[24.01903,49.87079],[24.01882,49.8707],[24.01853,49.87034],[24.01845,49.87014],[24.0184,49.86983],[24.01831,49.86953],[24.01819,49.86926],[24.01804,49.86901],[24.01784,49.86877],[24.01768,49.86863],[24.01707,49.8682],[24.01608,49.86756],[24.01601,49.86731],[24.01599,49.86699],[24.01629,49.8664],[24.01815,49.86293],[24.01883,49.86164],[24.01972,49.85998],[24.02093,49.85769],[24.02124,49.8571],[24.02126,49.85704],[24.02123,49.85685],[24.0212,49.85671],[24.02124,49.85664],[24.0213,49.85658],[24.02139,49.85653],[24.02149,49.8565],[24.02175,49.85628],[24.02192,49.85597],[24.02279,49.85428],[24.02309,49.85368],[24.02446,49.85047],[24.02448,49.85032],[24.02446,49.84996],[24.02446,49.84988],[24.02458,49.84978],[24.02472,49.84975],[24.02486,49.84975],[24.02497,49.84973],[24.02506,49.84968],[24.02529,49.84927],[24.0254,49.84907],[24.02561,49.84869],[24.02565,49.8485],[24.02565,49.84841],[24.02549,49.84714],[24.02535,49.84631],[24.02528,49.84552],[24.0253,49.84528],[24.02536,49.84505],[24.02551,49.84457],[24.02555,49.84449],[24.02521,49.84441],[24.02505,49.84432],[24.02474,49.84425],[24.02412,49.84392],[24.02297,49.84329],[24.02285,49.84326],[24.02274,49.84328],[24.01875,49.8428],[24.01827,49.84272],[24.01816,49.84271],[24.01763,49.84273],[24.01581,49.84297],[24.01563,49.84293],[24.01556,49.84288],[24.01551,49.84281],[24.01557,49.84203],[24.01559,49.84159],[24.0122,49.84024],[24.00684,49.83814],[24.00557,49.83769],[24.00511,49.83753],[24.005,49.8376],[24.00476,49.83764],[24.00424,49.83765],[24.00315,49.83756],[24.00226,49.8374],[24.00199,49.8371],[24.00177,49.83684],[24.00153,49.83674],[24.00116,49.83666],[23.9992,49.83633],[23.99827,49.83617],[23.99471,49.83554],[23.9943,49.83547],[23.99395,49.83546],[23.99229,49.83553],[23.99146,49.83555],[23.99126,49.83554],[23.99098,49.83546],[23.9907,49.83535],[23.99061,49.83528],[23.99057,49.83521],[23.99057,49.83509],[23.99075,49.83465],[23.98923,49.83438],[23.98694,49.83399],[23.98525,49.83368],[23.98523,49.83371],[23.98525,49.83368],[23.98337,49.83333],[23.97841,49.83245],[23.97122,49.83117],[23.96692,49.83043],[23.96288,49.82969],[23.95695,49.82861],[23.94962,49.82729],[23.94928,49.82727],[23.94823,49.82706],[23.94783,49.82699],[23.9469,49.82681],[23.94656,49.82671],[23.94644,49.82667],[23.94488,49.8264],[23.93488,49.82452],[23.93432,49.82446],[23.93388,49.82439],[23.93142,49.82391],[23.92892,49.82344],[23.92419,49.82257],[23.91819,49.82148],[23.91667,49.82123],[23.91398,49.8208],[23.91371,49.82077],[23.91349,49.82076],[23.91315,49.8208],[23.91309,49.82081],[23.91276,49.82101],[23.91265,49.82113],[23.91251,49.82124],[23.91054,49.824],[23.91021,49.82443],[23.90807,49.82724],[23.90778,49.82704],[23.90698,49.82644],[23.90562,49.82531],[23.90497,49.82484],[23.90467,49.82464],[23.90411,49.8243],[23.90344,49.82394],[23.90185,49.82331],[23.90156,49.82326],[23.90051,49.82323],[23.89827,49.82352],[23.89779,49.82366],[23.89756,49.82377],[23.89666,49.82432],[23.89622,49.82457],[23.89472,49.82522],[23.89445,49.82538],[23.89433,49.82551],[23.89397,49.82624],[23.89368,49.82698],[23.89347,49.82781],[23.89337,49.8281],[23.89312,49.82851],[23.89225,49.82924],[23.89187,49.82971],[23.8914,49.8306],[23.89109,49.83128],[23.89099,49.83143],[23.89087,49.83151],[23.89052,49.83166],[23.89006,49.83178],[23.88702,49.83217],[23.88702,49.83257],[23.88698,49.83279],[23.88691,49.8329],[23.8868,49.83297],[23.88668,49.833],[23.88599,49.83301],[23.88542,49.83301],[23.88504,49.83299],[23.88434,49.83302],[23.88377,49.83307],[23.88322,49.83317],[23.88256,49.83334],[23.88137,49.83373],[23.8809,49.83386],[23.87916,49.83432],[23.87895,49.83448],[23.87854,49.83471],[23.87823,49.83486],[23.87822,49.83495],[23.87803,49.83499],[23.87615,49.8358],[23.87374,49.83686],[23.8732,49.83713],[23.87287,49.83729],[23.87226,49.83763],[23.87205,49.83779],[23.87186,49.83786],[23.86805,49.83808],[23.86406,49.83828],[23.86381,49.83838],[23.86421,49.83878],[23.86449,49.83907],[23.86573,49.84023],[23.86516,49.84049],[23.86421,49.84092],[23.86166,49.84213],[23.86156,49.8422],[23.86086,49.84253],[23.86068,49.84264]]},"properties":{"line":"А84","dir":"1","mode":"bus"}},{"type":"Feature","geometry":{"type":"LineString","coordinates":[[23.91667,49.82112],[23.92008,49.82171],[23.92526,49.82266],[23.92846,49.82326],[23.93069,49.82365],[23.93256,49.82401],[23.93438,49.82436],[23.93488,49.82452],[23.94326,49.8261],[23.94517,49.82645],[23.94644,49.82667],[23.94694,49.8267],[23.9476,49.82682],[23.94805,49.8269],[23.94916,49.82714],[23.94933,49.82718],[23.94962,49.82729],[23.95351,49.82798],[23.95374,49.82792],[23.95392,49.82785],[23.95402,49.82775],[23.95431,49.82737],[23.95455,49.82684],[23.95579,49.82401],[23.95597,49.82359],[23.9575,49.82342],[23.96145,49.82305],[23.96566,49.82268],[23.96656,49.82263],[23.96742,49.82262],[23.9677,49.82215],[23.96787,49.82194],[23.96891,49.82069],[23.96967,49.82095],[23.97137,49.82153],[23.97321,49.82224],[23.97407,49.82259],[23.97443,49.82276],[23.97751,49.82423],[23.97898,49.82503],[23.97998,49.82558],[23.98094,49.82609],[23.98212,49.82668],[23.98235,49.82676],[23.98272,49.82694],[23.98284,49.82697],[23.98292,49.82697],[23.98359,49.82669],[23.98417,49.82645],[23.98551,49.82606],[23.98887,49.82514],[23.98906,49.82514],[23.98915,49.82515],[23.98925,49.82518],[23.99041,49.82564],[23.99104,49.82591],[23.99144,49.82612],[23.99616,49.82878],[23.99744,49.82951],[23.99753,49.82958],[23.99807,49.82987],[24.00119,49.83167],[24.00396,49.83328],[24.00444,49.83359],[24.00486,49.8338],[24.00686,49.83458],[24.00715,49.83471],[24.00727,49.8348],[24.00737,49.83491],[24.00764,49.83528],[24.00776,49.83538],[24.00789,49.83545],[24.01031,49.83637],[24.01222,49.83713],[24.01233,49.83722],[24.01259,49.83718],[24.01307,49.837],[24.01383,49.83672],[24.01391,49.8367],[24.01399,49.83671],[24.01409,49.83674],[24.01462,49.83696],[24.01493,49.83693],[24.01599,49.83636],[24.01632,49.8362],[24.01678,49.83593],[24.01709,49.83587],[24.01738,49.83585],[24.01787,49.83574],[24.01859,49.83535],[24.01878,49.83531],[24.02006,49.83608],[24.02354,49.83811],[24.02347,49.83818],[24.02286,49.83862],[24.02264,49.8385],[24.02286,49.83862],[24.02347,49.83818],[24.02354,49.83811],[24.02544,49.83929],[24.02722,49.84025],[24.02771,49.84052],[24.02785,49.84055],[24.02826,49.84004],[24.02841,49.83985],[24.02855,49.83974],[24.02884,49.83958],[24.02907,49.83949],[24.03049,49.83906],[24.0307,49.83909],[24.03207,49.83929],[24.0328,49.83931],[24.03337,49.83929],[24.0339,49.83917],[24.03534,49.83881],[24.03544,49.839],[24.0359,49.83963],[24.03601,49.83981],[24.03636,49.83977],[24.03717,49.8398],[24.03914,49.83984],[24.04149,49.83994],[24.04208,49.84],[24.04329,49.84028],[24.04411,49.84046],[24.04467,49.84057],[24.04564,49.84071],[24.04623,49.84075],[24.04643,49.84075],[24.0469,49.84067],[24.04714,49.84061],[24.04877,49.84011],[24.04987,49.83986],[24.05127,49.83956],[24.05402,49.83876],[24.05667,49.83812],[24.0602,49.83736],[24.06284,49.83679],[24.06381,49.8366],[24.06653,49.83616],[24.06735,49.83608],[24.06804,49.83603],[24.06814,49.83601],[24.06826,49.83593],[24.06832,49.83575],[24.06794,49.83416],[24.06761,49.83289],[24.0675,49.83271],[24.06735,49.83256],[24.06698,49.83226],[24.0669,49.83213],[24.06682,49.83184],[24.06683,49.83175],[24.06689,49.83162],[24.06707,49.83145],[24.06872,49.83059],[24.06891,49.83046],[24.06907,49.83031],[24.06962,49.82966],[24.07148,49.82749],[24.07222,49.82666],[24.07252,49.82643],[24.07276,49.82629],[24.07327,49.82604],[24.07392,49.82572],[24.07422,49.82552],[24.07471,49.82507],[24.07493,49.82472],[24.07505,49.82446],[24.07508,49.82434],[24.07513,49.82392],[24.07512,49.82378],[24.07495,49.823],[24.07501,49.82271],[24.07518,49.82226],[24.07582,49.82061],[24.0768,49.81798],[24.07837,49.81398],[24.07818,49.81396],[24.07786,49.81397],[24.07717,49.81406],[24.07676,49.81414],[24.0759,49.81436],[24.07229,49.81532],[24.07048,49.81579],[24.06989,49.81593],[24.06928,49.81604],[24.06827,49.81618],[24.06785,49.81619],[24.06446,49.816],[24.06274,49.81598]]},"properties":{"line":"А92","dir":"0","mode":"bus"}},{"type":"Feature","geometry":{"type":"LineString","coordinates":[[24.063,49.81598],[24.06446,49.816],[24.06785,49.81619],[24.06827,49.81618],[24.06931,49.81603],[24.06989,49.81593],[24.07047,49.81579],[24.07229,49.81532],[24.07536,49.81451],[24.07618,49.81428],[24.07676,49.81414],[24.07717,49.81406],[24.07786,49.81397],[24.07818,49.81396],[24.07837,49.81398],[24.07831,49.81416],[24.07718,49.81702],[24.07792,49.81513],[24.07736,49.81656],[24.07507,49.82255],[24.07498,49.82281],[24.07495,49.823],[24.07512,49.82378],[24.07513,49.82392],[24.07508,49.82434],[24.07505,49.82446],[24.07493,49.82472],[24.07471,49.82507],[24.07422,49.82552],[24.07392,49.82572],[24.07375,49.82581],[24.0729,49.82622],[24.07252,49.82643],[24.07222,49.82666],[24.07123,49.82779],[24.06907,49.83031],[24.06881,49.83053],[24.06844,49.83074],[24.06707,49.83145],[24.06689,49.83162],[24.06683,49.83175],[24.06682,49.83184],[24.0669,49.83213],[24.06698,49.83226],[24.06735,49.83256],[24.0675,49.83271],[24.06761,49.83289],[24.06831,49.83564],[24.06832,49.83575],[24.06826,49.83593],[24.06814,49.83601],[24.06804,49.83603],[24.06723,49.83609],[24.06653,49.83616],[24.06381,49.8366],[24.06251,49.83685],[24.06086,49.83722],[24.05667,49.83812],[24.05547,49.83841],[24.05404,49.83876],[24.05127,49.83956],[24.04923,49.84],[24.04877,49.84011],[24.04714,49.84061],[24.0469,49.84067],[24.04643,49.84075],[24.04623,49.84075],[24.04564,49.84071],[24.04467,49.84057],[24.04411,49.84046],[24.04315,49.84025],[24.04218,49.84002],[24.04182,49.83997],[24.04149,49.83994],[24.03914,49.83984],[24.038,49.83981],[24.03725,49.8398],[24.03636,49.83977],[24.03601,49.83981],[24.0364,49.8403],[24.03638,49.84043],[24.03632,49.84051],[24.03585,49.84074],[24.03576,49.84081],[24.03575,49.84085],[24.03513,49.84252],[24.03463,49.84389],[24.03455,49.84396],[24.03439,49.844],[24.03382,49.84406],[24.03318,49.84441],[24.03283,49.84444],[24.03062,49.84463],[24.02925,49.84475],[24.02842,49.84476],[24.02831,49.84481],[24.0277,49.84481],[24.02722,49.84481],[24.02687,49.84477],[24.02521,49.84441],[24.02505,49.84432],[24.02474,49.84425],[24.02412,49.84392],[24.02297,49.84329],[24.02285,49.84326],[24.02274,49.84328],[24.01875,49.8428],[24.01827,49.84272],[24.01816,49.84271],[24.01763,49.84273],[24.01581,49.84297],[24.01563,49.84293],[24.01556,49.84288],[24.01551,49.84281],[24.01557,49.84203],[24.01559,49.84159],[24.0122,49.84024],[24.00684,49.83814],[24.00557,49.83769],[24.00388,49.83712],[24.00306,49.83686],[24.00268,49.83676],[24.00242,49.83708],[24.0023,49.83712],[24.00223,49.83713],[24.00199,49.8371],[24.00177,49.83684],[24.00153,49.83674],[24.00116,49.83666],[23.9992,49.83633],[23.99827,49.83617],[23.99471,49.83554],[23.9943,49.83547],[23.99395,49.83546],[23.99229,49.83553],[23.99146,49.83555],[23.99126,49.83554],[23.99098,49.83546],[23.9907,49.83535],[23.99061,49.83528],[23.99057,49.83521],[23.99057,49.83509],[23.99075,49.83465],[23.98923,49.83438],[23.98694,49.83399],[23.98525,49.83368],[23.98523,49.83371],[23.98525,49.83368],[23.98387,49.83343],[23.98418,49.8327],[23.98478,49.83137],[23.98747,49.82928],[23.98758,49.82927],[23.98716,49.82906],[23.98626,49.82861],[23.98532,49.82818],[23.98359,49.82743],[23.98323,49.82729],[23.98296,49.82717],[23.98212,49.82668],[23.98094,49.82609],[23.97998,49.82558],[23.97764,49.82429],[23.97664,49.82382],[23.97407,49.82259],[23.97258,49.82199],[23.97137,49.82153],[23.96891,49.82069],[23.96787,49.82194],[23.9677,49.82215],[23.96742,49.82262],[23.96656,49.82263],[23.96516,49.82272],[23.9605,49.82314],[23.9575,49.82342],[23.9563,49.82356],[23.95596,49.82426],[23.95489,49.82671],[23.95462,49.82732],[23.95458,49.82753],[23.95456,49.82818],[23.9545,49.82816],[23.94962,49.82729],[23.94928,49.82727],[23.94823,49.82706],[23.94783,49.82699],[23.9469,49.82681],[23.94656,49.82671],[23.94644,49.82667],[23.94488,49.8264],[23.93488,49.82452],[23.93432,49.82446],[23.93388,49.82439],[23.93142,49.82391],[23.92892,49.82344],[23.92419,49.82257],[23.91819,49.82148]]},"properties":{"line":"А92","dir":"1","mode":"bus"}},{"type":"Feature","geometry":{"type":"LineString","coordinates":[[24.0328,49.8393],[24.03317,49.8393],[24.03337,49.83929],[24.0339,49.83917],[24.03534,49.83881],[24.03543,49.83899],[24.036,49.83978],[24.03718,49.8398],[24.03968,49.83986],[24.04146,49.83993],[24.04183,49.83996],[24.04219,49.84001],[24.04329,49.84027],[24.04411,49.84046],[24.04467,49.84057],[24.04564,49.84071],[24.04623,49.84075],[24.04643,49.84075],[24.0469,49.84067],[24.04722,49.84059],[24.04877,49.84011],[24.04987,49.83987],[24.05127,49.83957],[24.05403,49.83878],[24.05415,49.83874],[24.05559,49.84061],[24.05564,49.84073],[24.05566,49.84086],[24.05558,49.84099],[24.05526,49.84119],[24.05636,49.84159],[24.05723,49.84234],[24.05728,49.84236],[24.05742,49.84239],[24.05909,49.84236],[24.05933,49.84237],[24.05966,49.84243],[24.06001,49.84258],[24.06016,49.84265],[24.06023,49.84271],[24.06044,49.84269],[24.06107,49.84253],[24.06124,49.84238],[24.06166,49.84227]]},"properties":{"line":"А99","dir":"0","mode":"bus"}},{"type":"Feature","geometry":{"type":"LineString","coordinates":[[24.06133,49.84251],[24.06117,49.84255],[24.06107,49.84253],[24.06044,49.84269],[24.06023,49.84271],[24.06016,49.84265],[24.06001,49.84258],[24.05966,49.84243],[24.05933,49.84237],[24.05909,49.84236],[24.05843,49.84237],[24.0581,49.84206],[24.05778,49.84171],[24.05736,49.84126],[24.05812,49.84102],[24.0576,49.84059],[24.0571,49.84013],[24.05674,49.83959],[24.05635,49.83909],[24.05583,49.83832],[24.05547,49.83841],[24.05491,49.83854],[24.05405,49.83877],[24.05127,49.83957],[24.04923,49.84001],[24.04877,49.84011],[24.04714,49.84061],[24.0469,49.84067],[24.04643,49.84075],[24.04623,49.84075],[24.04564,49.84071],[24.04467,49.84057],[24.04411,49.84046],[24.04316,49.84024],[24.04219,49.84001],[24.04183,49.83996],[24.04146,49.83993],[24.03968,49.83986],[24.038,49.83982],[24.036,49.83978],[24.03543,49.83899],[24.03534,49.83881],[24.03501,49.83764],[24.03491,49.83691],[24.03491,49.83665]]},"properties":{"line":"А99","dir":"1","mode":"bus"}},{"type":"Feature","geometry":{"type":"LineString","coordinates":[[24.02191,49.84006],[24.02121,49.84061],[24.02113,49.84066],[24.02102,49.8407],[24.01894,49.8396],[24.01585,49.83805],[24.01482,49.83752],[24.01479,49.83746],[24.01482,49.83712],[24.01474,49.83703],[24.01462,49.83696],[24.01409,49.83674],[24.01399,49.83671],[24.01391,49.8367],[24.01383,49.83672],[24.01259,49.83718],[24.01233,49.83722],[24.01154,49.83733],[24.01105,49.8374],[24.01088,49.83745],[24.00987,49.83781],[24.00951,49.83788],[24.00854,49.83749],[24.00798,49.83729],[24.0059,49.83666],[24.00536,49.83729],[24.00522,49.83745],[24.005,49.8376],[24.00476,49.83764],[24.00424,49.83765],[24.00315,49.83756],[24.00226,49.8374],[24.00199,49.8371],[24.00177,49.83684],[24.00153,49.83674],[24.00116,49.83666],[23.9992,49.83633],[23.99827,49.83617],[23.99471,49.83554],[23.9943,49.83547],[23.99395,49.83546],[23.99229,49.83553],[23.99146,49.83555],[23.99126,49.83554],[23.99098,49.83546],[23.9907,49.83535],[23.99061,49.83528],[23.99057,49.83521],[23.99057,49.83509],[23.99075,49.83465],[23.99086,49.83449],[23.99089,49.83442],[23.99078,49.83395],[23.99077,49.8335],[23.99078,49.83168],[23.99076,49.83139],[23.99066,49.83094],[23.99018,49.82883],[23.98993,49.82652],[23.98978,49.82539],[23.98923,49.82338],[23.98846,49.82079],[23.98793,49.81928],[23.98783,49.819],[23.98751,49.81837],[23.98475,49.81343],[23.9844,49.81276],[23.98414,49.81256],[23.98379,49.81239],[23.98367,49.81236],[23.98356,49.8123],[23.98348,49.81223],[23.98342,49.81216],[23.98339,49.81207],[23.98342,49.81191],[23.98338,49.81192],[23.98342,49.81191],[23.98347,49.81183],[23.98355,49.81176],[23.98361,49.81166],[23.98362,49.81153],[23.98357,49.81125],[23.98304,49.81031],[23.98258,49.8094],[23.98242,49.80909],[23.9818,49.80751],[23.98152,49.80625],[23.98138,49.80608],[23.98121,49.80593],[23.98103,49.80586],[23.98096,49.80579],[23.98092,49.80572],[23.9809,49.80564],[23.98092,49.80557],[23.98096,49.80549],[23.98103,49.80543],[23.98115,49.80537],[23.98129,49.80534],[23.98144,49.80533],[23.98158,49.80536],[23.9817,49.80541],[23.98177,49.80546],[23.98219,49.80548],[23.98255,49.80544],[23.98306,49.80537],[23.98654,49.80501],[23.98652,49.80493],[23.98769,49.80481],[23.98922,49.80463],[23.98925,49.80474],[23.99375,49.8043],[23.99371,49.80416],[23.99317,49.80422],[23.99371,49.80416],[23.99375,49.8043],[23.99018,49.80465],[23.9955,49.80413],[23.99652,49.80401],[24.00099,49.80355],[24.00687,49.80296],[24.01352,49.80228],[24.01483,49.80216],[24.01558,49.80215],[24.01799,49.80192],[24.01778,49.80169],[24.01769,49.80129],[24.0169,49.7977],[24.0161,49.7941],[24.01552,49.79143],[24.01474,49.78786],[24.01473,49.78785],[24.01646,49.7877],[24.01644,49.78759],[24.01656,49.78749],[24.01722,49.78743]]},"properties":{"line":"Тр22","dir":"0","mode":"bus"}},{"type":"Feature","geometry":{"type":"LineString","coordinates":[[24.01761,49.7874],[24.01774,49.78745],[24.01778,49.78748],[24.01784,49.78757],[24.0179,49.78782],[24.01671,49.78794],[24.01502,49.7881],[24.01602,49.79262],[24.01648,49.79471],[24.01719,49.798],[24.01804,49.80166],[24.01799,49.80192],[24.01724,49.802],[24.01558,49.80215],[24.01477,49.80232],[24.01409,49.80238],[24.00485,49.80333],[24.00004,49.80384],[23.99907,49.80393],[23.99906,49.80393],[23.99907,49.80393],[23.99798,49.80405],[23.99519,49.80432],[23.99172,49.80467],[23.98724,49.80512],[23.98658,49.80519],[23.98661,49.80532],[23.98557,49.80544],[23.98521,49.80547],[23.98486,49.80546],[23.98477,49.80537],[23.98223,49.80565],[23.98208,49.80568],[23.9818,49.80579],[23.98174,49.80585],[23.98159,49.80606],[23.98152,49.80625],[23.9818,49.80751],[23.98242,49.80909],[23.98255,49.80935],[23.98304,49.81031],[23.98357,49.81125],[23.98388,49.81153],[23.98418,49.81166],[23.98437,49.81173],[23.98451,49.81184],[23.98458,49.81198],[23.98457,49.8121],[23.9845,49.81222],[23.98437,49.81232],[23.9844,49.81276],[23.98502,49.81392],[23.98718,49.81777],[23.98765,49.81865],[23.98783,49.819],[23.98846,49.82079],[23.98923,49.82338],[23.98978,49.82539],[23.99041,49.82564],[23.99104,49.82591],[23.99144,49.82612],[23.99616,49.82878],[23.99744,49.82951],[23.99753,49.82958],[23.99807,49.82987],[24.00119,49.83167],[24.00396,49.83328],[24.00444,49.83359],[24.00486,49.8338],[24.00686,49.83458],[24.00715,49.83471],[24.00727,49.8348],[24.00737,49.83491],[24.00764,49.83528],[24.00776,49.83538],[24.00789,49.83545],[24.01031,49.83637],[24.01222,49.83713],[24.01233,49.83722],[24.01259,49.83718],[24.01307,49.837],[24.01383,49.83672],[24.01391,49.8367],[24.01399,49.83671],[24.01409,49.83674],[24.01462,49.83696],[24.01493,49.83693],[24.01599,49.83636],[24.01632,49.8362],[24.01678,49.83593],[24.01709,49.83587],[24.01727,49.83587],[24.01841,49.83685],[24.01935,49.83661],[24.02052,49.83728],[24.02286,49.83862],[24.02246,49.83894],[24.02242,49.83898],[24.0224,49.83904],[24.02241,49.83911],[24.02244,49.83915],[24.02277,49.83937],[24.02253,49.83956]]},"properties":{"line":"Тр22","dir":"1","mode":"bus"}},{"type":"Feature","geometry":{"type":"LineString","coordinates":[[24.01761,49.7874],[24.01774,49.78745],[24.01778,49.78748],[24.01784,49.78757],[24.01497,49.78783],[24.01602,49.79262],[24.01648,49.79471],[24.01719,49.798],[24.01804,49.80166],[24.01799,49.80192],[24.01815,49.80262],[24.01876,49.80534],[24.01775,49.80545],[24.01155,49.80612],[24.00722,49.80659],[24.00732,49.807],[24.0075,49.8077],[24.00802,49.8098],[24.00752,49.80988],[24.00703,49.80993],[24.00752,49.80988],[24.00802,49.8098],[24.00762,49.80819],[24.00742,49.8074],[24.00755,49.80791],[24.00802,49.8098],[24.00767,49.80986],[24.00716,49.80992],[24.00657,49.80996],[24.00411,49.81007],[24.00236,49.81018],[24.0021,49.81019],[24.00075,49.81034],[24.0006,49.81034],[24.00031,49.8103],[24.00008,49.81024],[23.9999,49.81017],[23.99978,49.81015],[23.99966,49.81015],[23.99954,49.81017],[23.99944,49.81022],[23.99932,49.81031],[23.99899,49.81046],[23.9987,49.81053],[23.99747,49.81066],[23.99012,49.8114],[23.99628,49.81078],[23.99867,49.81054],[23.99899,49.81046],[23.99932,49.81031],[23.99944,49.81022],[23.99954,49.81017],[23.99966,49.81015],[23.99978,49.81015],[23.9999,49.81017],[24.00008,49.81024],[24.00031,49.8103],[24.0006,49.81034],[24.00081,49.81034],[24.0021,49.81019],[24.00236,49.81018],[24.00411,49.81007],[24.0065,49.80997],[24.00411,49.81007],[24.00236,49.81018],[24.0021,49.81019],[24.00109,49.81031],[24.00075,49.81034],[24.0006,49.81034],[24.00031,49.8103],[24.00008,49.81024],[23.9999,49.81017],[23.99978,49.81015],[23.99966,49.81015],[23.99954,49.81017],[23.99944,49.81022],[23.99932,49.81031],[23.99899,49.81046],[23.99867,49.81054],[23.99659,49.81075],[23.99012,49.8114],[23.98516,49.81191],[23.9848,49.81184],[23.98437,49.81173],[23.98418,49.81166],[23.98397,49.81164],[23.98376,49.81167],[23.98355,49.81176],[23.98347,49.81183],[23.98342,49.81191],[23.98317,49.81203],[23.98266,49.81213],[23.98192,49.81221],[23.98162,49.81225],[23.98133,49.81231],[23.98093,49.81235],[23.98024,49.81246],[23.9796,49.81259],[23.979,49.81275],[23.97803,49.81304],[23.97747,49.81327],[23.97676,49.81359],[23.97615,49.81391],[23.97332,49.81573],[23.97295,49.81599],[23.9728,49.81613],[23.97226,49.81668],[23.96982,49.8196],[23.96787,49.82194],[23.9677,49.82215],[23.96742,49.82262],[23.96656,49.82263],[23.96516,49.82272],[23.9605,49.82314],[23.9575,49.82342],[23.9563,49.82356],[23.95596,49.82426],[23.95489,49.82671]]},"properties":{"line":"Тр23","dir":"0","mode":"bus"}},{"type":"Feature","geometry":{"type":"LineString","coordinates":[[23.95455,49.82684],[23.95579,49.82401],[23.95597,49.82359],[23.9575,49.82342],[23.96145,49.82305],[23.96544,49.8227],[23.96656,49.82263],[23.96742,49.82262],[23.9677,49.82215],[23.96787,49.82194],[23.96911,49.82047],[23.97044,49.81888],[23.97234,49.81658],[23.9728,49.81613],[23.97295,49.81599],[23.97332,49.81573],[23.97615,49.81391],[23.9767,49.81362],[23.97747,49.81327],[23.97803,49.81304],[23.979,49.81275],[23.9796,49.81259],[23.98024,49.81246],[23.98093,49.81235],[23.98133,49.81231],[23.98162,49.81225],[23.98222,49.81218],[23.98221,49.81212],[23.98222,49.81218],[23.98266,49.81213],[23.98318,49.81218],[23.98341,49.81224],[23.98356,49.8123],[23.98367,49.81236],[23.98379,49.81239],[23.98399,49.81241],[23.98379,49.81239],[23.98367,49.81236],[23.98341,49.81224],[23.98318,49.81218],[23.98266,49.81213],[23.98222,49.81218],[23.98162,49.81225],[23.98133,49.81231],[23.98093,49.81235],[23.98024,49.81246],[23.9796,49.81259],[23.979,49.81275],[23.97832,49.81295],[23.97803,49.81304],[23.97747,49.81327],[23.9767,49.81362],[23.97615,49.81391],[23.97332,49.81573],[23.97295,49.81599],[23.9728,49.81613],[23.97234,49.81658],[23.97187,49.81715],[23.96959,49.81988],[23.96787,49.82194],[23.9677,49.82215],[23.96742,49.82262],[23.96656,49.82263],[23.96566,49.82268],[23.96656,49.82263],[23.96742,49.82262],[23.9677,49.82215],[23.96787,49.82194],[23.96946,49.82004],[23.97234,49.81658],[23.9728,49.81613],[23.97295,49.81599],[23.97332,49.81573],[23.97544,49.81436],[23.97615,49.81391],[23.97643,49.81377],[23.9767,49.81362],[23.97725,49.81336],[23.97803,49.81304],[23.979,49.81275],[23.9796,49.81259],[23.98024,49.81246],[23.98093,49.81235],[23.98133,49.81231],[23.98162,49.81225],[23.98266,49.81213],[23.98317,49.81203],[23.98342,49.81191],[23.98347,49.81183],[23.98364,49.81171],[23.98376,49.81167],[23.98397,49.81164],[23.98418,49.81166],[23.98437,49.81173],[23.9848,49.81184],[23.98516,49.81191],[23.99116,49.8113],[23.99799,49.81061],[23.99867,49.81054],[23.99899,49.81046],[23.99932,49.81031],[23.99944,49.81022],[23.99961,49.81016],[23.99944,49.81022],[23.99932,49.81031],[23.99899,49.81046],[23.99867,49.81054],[23.99823,49.81059],[23.99418,49.811],[23.98516,49.81191],[23.9848,49.81184],[23.98437,49.81173],[23.98418,49.81166],[23.98397,49.81164],[23.98376,49.81167],[23.98355,49.81176],[23.98347,49.81183],[23.98342,49.81191],[23.98317,49.81203],[23.98266,49.81213],[23.98222,49.81218],[23.98162,49.81225],[23.98133,49.81231],[23.98093,49.81235],[23.98024,49.81246],[23.9796,49.81259],[23.979,49.81275],[23.97832,49.81295],[23.97803,49.81304],[23.97747,49.81327],[23.9767,49.81362],[23.97615,49.81391],[23.97332,49.81573],[23.97295,49.81599],[23.9728,49.81613],[23.97234,49.81658],[23.97164,49.81742],[23.97234,49.81658],[23.97295,49.81599],[23.97332,49.81573],[23.97544,49.81436],[23.97615,49.81391],[23.9767,49.81362],[23.97747,49.81327],[23.97803,49.81304],[23.979,49.81275],[23.9796,49.81259],[23.98024,49.81246],[23.98093,49.81235],[23.98133,49.81231],[23.98162,49.81225],[23.98266,49.81213],[23.98318,49.81218],[23.98341,49.81224],[23.98356,49.8123],[23.98367,49.81236],[23.98379,49.81239],[23.98393,49.81241],[23.98412,49.8124],[23.98393,49.81241],[23.98379,49.81239],[23.98367,49.81236],[23.98341,49.81224],[23.98318,49.81218],[23.98266,49.81213],[23.98207,49.8122],[23.98266,49.81213],[23.98317,49.81203],[23.98342,49.81191],[23.98347,49.81183],[23.98364,49.81171],[23.98376,49.81167],[23.98397,49.81164],[23.98418,49.81166],[23.98437,49.81173],[23.9848,49.81184],[23.98516,49.81191],[23.99169,49.81125],[23.99799,49.81061],[23.99867,49.81054],[23.99881,49.81055],[23.99924,49.81063],[23.99943,49.81068],[23.99963,49.81075],[23.99976,49.81075],[23.99963,49.81075],[23.99924,49.81063],[23.99881,49.81055],[23.99867,49.81054],[23.99815,49.8106],[23.99867,49.81054],[23.99899,49.81046],[23.99932,49.81031],[23.99944,49.81022],[23.99954,49.81017],[23.99966,49.81015],[23.99978,49.81015],[23.9999,49.81017],[24.00008,49.81024],[24.00031,49.8103],[24.0006,49.81034],[24.00075,49.81034],[24.0021,49.81019],[24.00393,49.81008],[24.00473,49.81005],[24.00688,49.80995],[24.00743,49.80989],[24.00802,49.8098],[24.00746,49.80755],[24.00722,49.80659],[24.01184,49.80609],[24.01876,49.80534],[24.01799,49.80192],[24.01777,49.80167],[24.01697,49.79803],[24.01613,49.79423],[24.01568,49.79218],[24.01473,49.78785],[24.01548,49.79125],[24.01585,49.79298],[24.01676,49.79708],[24.01762,49.80091],[24.01778,49.80169],[24.01799,49.80192],[24.01876,49.80534],[24.01823,49.8054],[24.01876,49.80534],[24.01799,49.80192],[24.01778,49.80169],[24.01769,49.80129],[24.0169,49.7977],[24.0161,49.7941],[24.01568,49.79218],[24.01473,49.78785],[24.01552,49.79143],[24.01485,49.7884],[24.0149,49.78837],[24.01502,49.78836],[24.01509,49.78838],[24.01497,49.78783],[24.01646,49.7877],[24.01644,49.78759],[24.01656,49.78749],[24.01722,49.78743]]},"properties":{"line":"Тр23","dir":"1","mode":"bus"}},{"type":"Feature","geometry":{"type":"LineString","coordinates":[[24.0352,49.8334],[24.03524,49.83332],[24.03549,49.8333],[24.03619,49.83313],[24.03628,49.83311],[24.03645,49.8331],[24.03668,49.83311],[24.0374,49.8333],[24.03753,49.83336],[24.0377,49.83359],[24.03772,49.83367],[24.03858,49.83342],[24.0402,49.83286],[24.04058,49.83271],[24.04092,49.83254],[24.04138,49.83227],[24.042,49.83183],[24.0434,49.83072],[24.04372,49.83044],[24.0447,49.82953],[24.04484,49.82916],[24.04491,49.82883],[24.04491,49.82862],[24.04497,49.82853],[24.04575,49.82788],[24.04587,49.82774],[24.0459,49.82767],[24.0459,49.82761],[24.04584,49.82746],[24.04574,49.82736],[24.04556,49.82727],[24.04533,49.82719],[24.04506,49.82713],[24.04481,49.82712],[24.04416,49.82715],[24.04392,49.82712],[24.04376,49.82707],[24.04363,49.82699],[24.04352,49.82688],[24.04344,49.82674],[24.04343,49.82654],[24.04348,49.82645],[24.0436,49.82634],[24.04368,49.82628],[24.04402,49.82617],[24.04866,49.82516],[24.04912,49.825],[24.04937,49.82488],[24.05011,49.82444],[24.05047,49.82427],[24.0517,49.82377],[24.0523,49.82352],[24.05278,49.82331],[24.05355,49.82291],[24.05407,49.82259],[24.0543,49.82242],[24.05485,49.82186],[24.05593,49.82068],[24.05729,49.81921],[24.05759,49.8189],[24.05772,49.81879],[24.0579,49.81867],[24.05945,49.81779],[24.06112,49.81689],[24.06142,49.81671],[24.06159,49.81657],[24.06167,49.81647],[24.06171,49.81638],[24.06171,49.81621],[24.06164,49.81608],[24.06147,49.81589],[24.06044,49.81518],[24.06018,49.81493],[24.06009,49.81479],[24.06002,49.8145],[24.06004,49.81403],[24.06008,49.81386],[24.06013,49.81376],[24.06062,49.81284],[24.06072,49.8126],[24.06088,49.812],[24.06095,49.81176],[24.06101,49.81135],[24.06116,49.80914],[24.06154,49.80755],[24.06155,49.80751],[24.06157,49.80727],[24.06154,49.80703],[24.0615,49.80691],[24.06141,49.80683],[24.06136,49.80674],[24.06136,49.80667],[24.0614,49.80654],[24.06147,49.80647],[24.06185,49.80621],[24.06211,49.80601],[24.0625,49.80541],[24.06286,49.80499],[24.0639,49.80379],[24.0649,49.80258],[24.06544,49.80204],[24.066,49.80155],[24.06755,49.80029],[24.06777,49.80016],[24.06814,49.79995],[24.06896,49.79954],[24.07084,49.79865],[24.07194,49.79707],[24.07232,49.79653],[24.07236,49.79642],[24.07237,49.79633],[24.07226,49.79616],[24.07214,49.79608],[24.07195,49.79601],[24.06319,49.79437],[24.06113,49.79397],[24.06059,49.79389],[24.0587,49.79386],[24.05813,49.79407],[24.05799,49.79421],[24.05746,49.79461],[24.05705,49.79487],[24.05693,49.79486],[24.05668,49.79481],[24.05657,49.79474],[24.05653,49.79466],[24.0565,49.79452],[24.05713,49.79409],[24.0574,49.79387],[24.05771,49.79353],[24.05797,49.79313],[24.05807,49.79294],[24.05844,49.79189],[24.05856,49.79153],[24.05867,49.79102],[24.05876,49.78865],[24.05888,49.78592]]},"properties":{"line":"Тр24","dir":"0","mode":"bus"}},{"type":"Feature","geometry":{"type":"LineString","coordinates":[[24.05891,49.78532],[24.05893,49.78492],[24.05933,49.78492],[24.0593,49.78535],[24.05909,49.79066],[24.05904,49.79179],[24.05896,49.79253],[24.05881,49.79299],[24.05849,49.79361],[24.05859,49.79375],[24.0587,49.79386],[24.06059,49.79389],[24.06113,49.79397],[24.06167,49.79408],[24.06515,49.79475],[24.07195,49.79601],[24.07214,49.79608],[24.07226,49.79616],[24.07234,49.79626],[24.07237,49.79633],[24.07236,49.79642],[24.07232,49.79653],[24.07188,49.79716],[24.07084,49.79865],[24.06896,49.79954],[24.06799,49.80003],[24.06755,49.80029],[24.06615,49.80142],[24.06544,49.80204],[24.06524,49.80223],[24.0649,49.80258],[24.0639,49.80379],[24.06273,49.80513],[24.0625,49.80541],[24.06218,49.8059],[24.06211,49.80601],[24.0621,49.80613],[24.06213,49.80626],[24.06221,49.80642],[24.06232,49.80649],[24.06239,49.8066],[24.06239,49.80672],[24.06235,49.80682],[24.06227,49.8069],[24.06214,49.80697],[24.06195,49.80712],[24.06178,49.80727],[24.06155,49.80751],[24.06116,49.80914],[24.061,49.8114],[24.06095,49.81176],[24.06072,49.8126],[24.06054,49.81301],[24.0602,49.81361],[24.06008,49.81386],[24.06004,49.81403],[24.06002,49.8145],[24.06009,49.81479],[24.06018,49.81493],[24.06044,49.81518],[24.06147,49.81589],[24.06169,49.81595],[24.06177,49.81595],[24.06182,49.81599],[24.06183,49.81604],[24.06171,49.81621],[24.06171,49.81638],[24.06167,49.81647],[24.06159,49.81657],[24.06142,49.81671],[24.06112,49.81689],[24.05984,49.81757],[24.0579,49.81867],[24.05759,49.8189],[24.0569,49.81963],[24.05485,49.82186],[24.05435,49.82237],[24.05407,49.82259],[24.05355,49.82291],[24.05326,49.82307],[24.05278,49.82331],[24.05158,49.82382],[24.05047,49.82427],[24.05011,49.82444],[24.04937,49.82488],[24.04912,49.825],[24.04866,49.82516],[24.04445,49.82607],[24.04402,49.82617],[24.04368,49.82628],[24.04357,49.82636],[24.04348,49.82645],[24.04342,49.82661],[24.04344,49.82674],[24.04352,49.82688],[24.04363,49.82699],[24.04376,49.82707],[24.04392,49.82712],[24.04416,49.82715],[24.04486,49.82712],[24.04506,49.82713],[24.04533,49.82719],[24.04556,49.82727],[24.04574,49.82736],[24.0458,49.82742],[24.04584,49.82746],[24.0459,49.82758],[24.0459,49.82767],[24.04587,49.82774],[24.04575,49.82788],[24.04497,49.82853],[24.04491,49.82862],[24.04491,49.82883],[24.04484,49.82916],[24.0447,49.82953],[24.04441,49.82981],[24.04372,49.83044],[24.04311,49.83095],[24.042,49.83183],[24.04172,49.83204],[24.04129,49.83232],[24.04102,49.83249],[24.04058,49.83271],[24.03959,49.83308],[24.03858,49.83342],[24.03783,49.83364],[24.03596,49.83414]]},"properties":{"line":"Тр24","dir":"1","mode":"bus"}},{"type":"Feature","geometry":{"type":"LineString","coordinates":[[24.03525,49.8336],[24.0352,49.8334],[24.03524,49.83332],[24.0351,49.83248],[24.03504,49.8323],[24.03485,49.83202],[24.03388,49.83081],[24.03342,49.83037],[24.03327,49.83024],[24.03248,49.82977],[24.03239,49.82971],[24.03158,49.82872],[24.03105,49.82799],[24.03076,49.82771],[24.03044,49.82748],[24.03023,49.82738],[24.03001,49.82735],[24.02903,49.82727],[24.02884,49.82723],[24.02866,49.82718],[24.02723,49.82607],[24.02698,49.82593],[24.02619,49.8257],[24.02573,49.82561],[24.02549,49.82554],[24.02528,49.82543],[24.02487,49.82509],[24.02472,49.825],[24.02441,49.82493],[24.02422,49.82493],[24.02248,49.82529],[24.02201,49.82534],[24.02166,49.82532],[24.02133,49.82524],[24.02109,49.82513],[24.02096,49.82504],[24.02085,49.82491],[24.02076,49.82411],[24.02041,49.82051],[24.02035,49.81987],[24.02024,49.81923],[24.02019,49.81857],[24.02005,49.81733],[24.01981,49.81497],[24.01959,49.81287],[24.01943,49.81104],[24.01908,49.80762],[24.01903,49.80762],[24.01908,49.80762],[24.01889,49.80591],[24.01799,49.80192],[24.01778,49.80169],[24.01769,49.80129],[24.0169,49.7977],[24.0161,49.7941],[24.01568,49.79218],[24.01475,49.78793],[24.01552,49.79143],[24.01485,49.7884],[24.0149,49.78837],[24.01502,49.78836],[24.01509,49.78838],[24.01497,49.78783],[24.01646,49.7877],[24.01644,49.78759],[24.01656,49.78749],[24.01722,49.78743]]},"properties":{"line":"Тр25","dir":"0","mode":"bus"}},{"type":"Feature","geometry":{"type":"LineString","coordinates":[[24.01761,49.7874],[24.01774,49.78745],[24.01778,49.78748],[24.01784,49.78757],[24.01497,49.78783],[24.01602,49.79262],[24.01648,49.79471],[24.01719,49.798],[24.01804,49.80166],[24.01799,49.80192],[24.01815,49.80262],[24.01889,49.80591],[24.01897,49.80654],[24.01917,49.80852],[24.01953,49.81217],[24.01983,49.81515],[24.02005,49.81733],[24.02019,49.81857],[24.02024,49.81923],[24.02035,49.81987],[24.0204,49.82042],[24.02066,49.82321],[24.02085,49.82491],[24.02096,49.82504],[24.02109,49.82513],[24.02133,49.82524],[24.02166,49.82532],[24.02201,49.82534],[24.02248,49.82529],[24.02299,49.82518],[24.02422,49.82493],[24.02441,49.82493],[24.02472,49.825],[24.02487,49.82509],[24.02528,49.82543],[24.02549,49.82554],[24.02573,49.82561],[24.02619,49.8257],[24.02698,49.82593],[24.02723,49.82607],[24.02866,49.82718],[24.02884,49.82723],[24.02903,49.82727],[24.03001,49.82735],[24.03023,49.82738],[24.03044,49.82748],[24.03076,49.82771],[24.03105,49.82799],[24.03158,49.82872],[24.03225,49.82954],[24.03239,49.82971],[24.03327,49.83024],[24.03342,49.83037],[24.03388,49.83081],[24.0348,49.83195],[24.03504,49.8323],[24.0351,49.83248],[24.03524,49.83332],[24.03537,49.83332],[24.03554,49.83329],[24.03628,49.83311],[24.03645,49.8331],[24.03675,49.83312],[24.03724,49.83325],[24.0374,49.8333],[24.03753,49.83336],[24.03755,49.83338],[24.03753,49.83336],[24.0374,49.8333],[24.03668,49.83311],[24.03645,49.8331],[24.03628,49.83311],[24.0361,49.83315],[24.03549,49.8333],[24.03524,49.83332],[24.0352,49.8334],[24.03529,49.83374],[24.03541,49.83417],[24.0355,49.83426],[24.03596,49.83414]]},"properties":{"line":"Тр25","dir":"1","mode":"bus"}},{"type":"Feature","geometry":{"type":"LineString","coordinates":[[24.02191,49.84006],[24.02113,49.84066],[24.02102,49.8407],[24.01891,49.83959],[24.01488,49.83756],[24.01482,49.83752],[24.01479,49.83746],[24.01482,49.83713],[24.01471,49.837],[24.01465,49.83696],[24.01405,49.83673],[24.01396,49.83671],[24.01377,49.83673],[24.01247,49.83716],[24.01234,49.83719],[24.01154,49.83733],[24.01105,49.8374],[24.01088,49.83745],[24.00987,49.83781],[24.00951,49.83788],[24.00854,49.83749],[24.00798,49.83729],[24.0059,49.83666],[24.00535,49.8373],[24.00522,49.83745],[24.005,49.83762],[24.00477,49.83767],[24.00424,49.8377],[24.00311,49.83757],[24.00252,49.83749],[24.0022,49.83743],[24.00214,49.8374],[24.00194,49.8372],[24.00191,49.83714],[24.00181,49.83705],[24.00172,49.83694],[24.0017,49.83687],[24.00138,49.83675],[24.0003,49.83653],[23.9992,49.83634],[23.99827,49.83617],[23.99471,49.83554],[23.9943,49.83546],[23.99396,49.83542],[23.99183,49.83554],[23.99133,49.83553],[23.991,49.83546],[23.99071,49.83534],[23.99062,49.83524],[23.99059,49.83509],[23.99072,49.83476],[23.99078,49.83466],[23.98923,49.83438],[23.98694,49.83399],[23.98525,49.83368],[23.98523,49.83371],[23.98525,49.83368],[23.98335,49.83334],[23.98199,49.83308],[23.97841,49.83245],[23.97122,49.83117],[23.96692,49.83043],[23.96288,49.82969],[23.95695,49.82861],[23.94962,49.82729],[23.94928,49.82727],[23.94823,49.82706],[23.94783,49.82699],[23.9469,49.82681],[23.94656,49.82671],[23.94644,49.82667],[23.94488,49.8264],[23.94353,49.82679],[23.94326,49.82683],[23.94302,49.82681],[23.94201,49.8266],[23.94174,49.82652],[23.94052,49.82604],[23.94005,49.82577],[23.93934,49.82528],[23.93863,49.82465],[23.93804,49.824],[23.93638,49.82204]]},"properties":{"line":"Тр27","dir":"0","mode":"bus"}},{"type":"Feature","geometry":{"type":"LineString","coordinates":[[23.93662,49.82202],[23.93667,49.82194],[23.93673,49.8219],[23.93677,49.82184],[23.93676,49.82178],[23.93671,49.82173],[23.93664,49.82169],[23.93655,49.82168],[23.93648,49.82169],[23.93638,49.82172],[23.93633,49.82178],[23.93632,49.82184],[23.93626,49.82191],[23.93804,49.824],[23.93839,49.82438],[23.93885,49.82464],[23.93937,49.82488],[23.9397,49.82503],[23.94072,49.82535],[23.94282,49.82576],[23.94302,49.82578],[23.94324,49.82575],[23.94375,49.82564],[23.94392,49.82566],[23.94406,49.82576],[23.94488,49.8264],[23.94644,49.82667],[23.94694,49.8267],[23.9476,49.82682],[23.94805,49.8269],[23.94916,49.82714],[23.94933,49.82718],[23.94962,49.82729],[23.95351,49.82798],[23.95848,49.82889],[23.96463,49.83001],[23.96729,49.83049],[23.96943,49.83086],[23.97728,49.83225],[23.97915,49.83258],[23.98454,49.83355],[23.98694,49.83399],[23.99018,49.83455],[23.99411,49.83525],[23.99423,49.83525],[23.99506,49.8354],[23.99915,49.83615],[24.00205,49.83666],[24.00253,49.83674],[24.00255,49.83669],[24.00319,49.83596],[24.00348,49.83564],[24.00442,49.83599],[24.0047,49.83614],[24.00554,49.83651],[24.00576,49.83661],[24.00596,49.83668],[24.00798,49.83729],[24.00854,49.83749],[24.00951,49.83788],[24.00955,49.83788],[24.00987,49.83781],[24.01088,49.83745],[24.01105,49.8374],[24.01247,49.83716],[24.01304,49.83697],[24.01377,49.83673],[24.01396,49.83671],[24.01405,49.83673],[24.01465,49.83696],[24.01493,49.83694],[24.01599,49.83636],[24.01632,49.8362],[24.01678,49.83593],[24.01696,49.83589],[24.01722,49.83589],[24.01736,49.83594],[24.01841,49.83685],[24.01935,49.83661],[24.02056,49.8373],[24.02286,49.83862],[24.02246,49.83894],[24.02242,49.83898],[24.0224,49.83904],[24.02241,49.83911],[24.02244,49.83915],[24.02277,49.83937],[24.02253,49.83956]]},"properties":{"line":"Тр27","dir":"1","mode":"bus"}},{"type":"Feature","geometry":{"type":"LineString","coordinates":[[24.02191,49.84006],[24.02121,49.84061],[24.02113,49.84066],[24.02102,49.8407],[24.01894,49.8396],[24.01585,49.83805],[24.01482,49.83752],[24.01479,49.83746],[24.01482,49.83712],[24.01474,49.83703],[24.01462,49.83696],[24.01409,49.83674],[24.01399,49.83671],[24.01391,49.8367],[24.01383,49.83672],[24.01259,49.83718],[24.01233,49.83722],[24.01154,49.83733],[24.01105,49.8374],[24.01088,49.83745],[24.00987,49.83781],[24.00951,49.83788],[24.00854,49.83749],[24.00798,49.83729],[24.0059,49.83666],[24.00536,49.83729],[24.00522,49.83745],[24.005,49.8376],[24.00476,49.83764],[24.00424,49.83765],[24.00315,49.83756],[24.00226,49.8374],[24.00199,49.8371],[24.00177,49.83684],[24.00153,49.83674],[24.00116,49.83666],[23.9992,49.83633],[23.99827,49.83617],[23.99471,49.83554],[23.9943,49.83547],[23.99395,49.83546],[23.99229,49.83553],[23.99146,49.83555],[23.99126,49.83554],[23.99098,49.83546],[23.9907,49.83535],[23.99061,49.83528],[23.99057,49.83521],[23.99057,49.83509],[23.99075,49.83465],[23.99086,49.83449],[23.99089,49.83442],[23.99078,49.83395],[23.99077,49.8335],[23.99078,49.83168],[23.99076,49.83139],[23.99039,49.82978],[23.99066,49.83094],[23.99052,49.83036],[23.99018,49.82883],[23.98758,49.82927],[23.98716,49.82906],[23.98626,49.82861],[23.98532,49.82818],[23.98359,49.82743],[23.98323,49.82729],[23.98296,49.82717],[23.98212,49.82668],[23.98094,49.82609],[23.97998,49.82558],[23.97764,49.82429],[23.97664,49.82382],[23.97407,49.82259],[23.97258,49.82199],[23.97137,49.82153],[23.96891,49.82069],[23.96787,49.82194],[23.9677,49.82215],[23.96742,49.82262],[23.96656,49.82263],[23.96516,49.82272],[23.9605,49.82314],[23.9575,49.82342],[23.9563,49.82356],[23.95596,49.82426],[23.95489,49.82671]]},"properties":{"line":"Тр30","dir":"0","mode":"bus"}},{"type":"Feature","geometry":{"type":"LineString","coordinates":[[23.95455,49.82684],[23.95579,49.82401],[23.95597,49.82359],[23.9575,49.82342],[23.96145,49.82305],[23.96566,49.82268],[23.96656,49.82263],[23.96742,49.82262],[23.9677,49.82215],[23.96787,49.82194],[23.96891,49.82069],[23.96967,49.82095],[23.97137,49.82153],[23.97321,49.82224],[23.97407,49.82259],[23.97443,49.82276],[23.97751,49.82423],[23.97898,49.82503],[23.97998,49.82558],[23.98094,49.82609],[23.98212,49.82668],[23.98235,49.82676],[23.98272,49.82694],[23.98284,49.82697],[23.98292,49.82697],[23.98359,49.82669],[23.98417,49.82645],[23.98551,49.82606],[23.98887,49.82514],[23.98906,49.82514],[23.98915,49.82515],[23.98925,49.82518],[23.99041,49.82564],[23.99104,49.82591],[23.99144,49.82612],[23.99616,49.82878],[23.99744,49.82951],[23.99753,49.82958],[23.99807,49.82987],[24.00119,49.83167],[24.00396,49.83328],[24.00444,49.83359],[24.00486,49.8338],[24.00686,49.83458],[24.00715,49.83471],[24.00727,49.8348],[24.00737,49.83491],[24.00764,49.83528],[24.00776,49.83538],[24.00789,49.83545],[24.01031,49.83637],[24.01222,49.83713],[24.01233,49.83722],[24.01259,49.83718],[24.01307,49.837],[24.01383,49.83672],[24.01391,49.8367],[24.01399,49.83671],[24.01409,49.83674],[24.01462,49.83696],[24.01493,49.83693],[24.01599,49.83636],[24.01632,49.8362],[24.01678,49.83593],[24.01709,49.83587],[24.01727,49.83587],[24.01841,49.83685],[24.01935,49.83661],[24.0202,49.83709],[24.02286,49.83862],[24.02246,49.83894],[24.02242,49.83898],[24.0224,49.83904],[24.02241,49.83911],[24.02244,49.83915],[24.02277,49.83937],[24.02253,49.83956]]},"properties":{"line":"Тр30","dir":"1","mode":"bus"}},{"type":"Feature","geometry":{"type":"LineString","coordinates":[[24.03525,49.8336],[24.03541,49.83417],[24.0355,49.83426],[24.03783,49.83364],[24.03851,49.83344],[24.0402,49.83286],[24.04058,49.83271],[24.04092,49.83254],[24.04138,49.83227],[24.042,49.83183],[24.04325,49.83084],[24.04372,49.83044],[24.0447,49.82953],[24.04484,49.82916],[24.04491,49.82883],[24.04491,49.82862],[24.04497,49.82853],[24.04575,49.82788],[24.04582,49.82781],[24.0459,49.82767],[24.0459,49.82758],[24.04583,49.82745],[24.0459,49.82758],[24.0459,49.82767],[24.04587,49.82774],[24.04575,49.82788],[24.04497,49.82853],[24.04491,49.82862],[24.04491,49.82883],[24.04484,49.82916],[24.0447,49.82953],[24.04372,49.83044],[24.0434,49.83072],[24.04372,49.83044],[24.0447,49.82953],[24.04484,49.82916],[24.04491,49.82883],[24.04491,49.82862],[24.04479,49.82837],[24.04458,49.82729],[24.04452,49.82714],[24.04416,49.82715],[24.04392,49.82712],[24.04376,49.82707],[24.04363,49.82699],[24.04352,49.82688],[24.04344,49.82674],[24.04343,49.82654],[24.04348,49.82645],[24.04357,49.82636],[24.0437,49.82628],[24.04402,49.82617],[24.04445,49.82607],[24.04866,49.82516],[24.04912,49.825],[24.04937,49.82488],[24.05011,49.82444],[24.05047,49.82427],[24.0517,49.82377],[24.0523,49.82352],[24.05278,49.82331],[24.05355,49.82291],[24.05407,49.82259],[24.0543,49.82242],[24.05485,49.82186],[24.05593,49.82068],[24.05729,49.81921],[24.05759,49.8189],[24.05772,49.81879],[24.0579,49.81867],[24.05945,49.81779],[24.06112,49.81689],[24.06142,49.81671],[24.06159,49.81657],[24.06167,49.81647],[24.06171,49.81638],[24.06171,49.81621],[24.06164,49.81608],[24.06147,49.81589],[24.06044,49.81518],[24.06018,49.81493],[24.06009,49.81479],[24.06002,49.8145],[24.06004,49.81403],[24.06008,49.81386],[24.06013,49.81376],[24.06062,49.81284],[24.06072,49.8126],[24.06088,49.812],[24.06095,49.81176],[24.06101,49.81135],[24.06116,49.80914],[24.06154,49.80755],[24.06155,49.80751],[24.06157,49.80727],[24.06154,49.80703],[24.0615,49.80691],[24.06141,49.80683],[24.06136,49.80674],[24.06136,49.80667],[24.0614,49.80654],[24.06147,49.80647],[24.06185,49.80621],[24.06211,49.80601],[24.0625,49.80541],[24.06286,49.80499],[24.0639,49.80379],[24.0649,49.80258],[24.06544,49.80204],[24.066,49.80155],[24.06755,49.80029],[24.06777,49.80016],[24.06814,49.79995],[24.06896,49.79954],[24.07084,49.79865],[24.0713,49.79838],[24.07158,49.79817],[24.07175,49.79801],[24.07199,49.79775],[24.07261,49.79687],[24.07362,49.7954],[24.07393,49.79485],[24.07421,49.79429],[24.07436,49.79378],[24.07439,49.79305],[24.07436,49.79257],[24.07425,49.79165],[24.07421,49.79092],[24.07424,49.79058],[24.07446,49.78986],[24.07511,49.788],[24.07529,49.78742],[24.07555,49.78667],[24.07569,49.78633],[24.07612,49.78564],[24.07643,49.78525],[24.07655,49.78513],[24.07713,49.78469],[24.07786,49.78422],[24.07869,49.78373],[24.0793,49.78348],[24.0809,49.78296],[24.08273,49.7824],[24.0901,49.78008],[24.09242,49.77932],[24.09331,49.77895],[24.09415,49.77848],[24.09473,49.77807],[24.09586,49.77715],[24.09764,49.7756],[24.09954,49.77398],[24.10136,49.77247],[24.10208,49.77192],[24.10233,49.77205],[24.10238,49.77211],[24.10239,49.77216],[24.10235,49.77225],[24.10223,49.7723],[24.10169,49.77239],[24.10136,49.77247],[24.09954,49.77398],[24.09764,49.7756],[24.09586,49.77715],[24.09473,49.77807],[24.09415,49.77848],[24.09331,49.77895],[24.09242,49.77932],[24.08954,49.78026],[24.08995,49.78064],[24.09013,49.78077],[24.09046,49.78099],[24.09072,49.7811],[24.09517,49.7824],[24.0972,49.78299]]},"properties":{"line":"Тр31","dir":"0","mode":"bus"}},{"type":"Feature","geometry":{"type":"LineString","coordinates":[[24.09655,49.7828],[24.093,49.78177],[24.09072,49.7811],[24.09046,49.78099],[24.09028,49.78088],[24.08995,49.78064],[24.08954,49.78026],[24.08712,49.78102],[24.0798,49.78331],[24.0793,49.78348],[24.07869,49.78373],[24.07786,49.78422],[24.07713,49.78469],[24.07655,49.78513],[24.07632,49.78538],[24.07612,49.78564],[24.07585,49.78606],[24.07604,49.78606],[24.07585,49.78606],[24.07569,49.78633],[24.07555,49.78667],[24.07446,49.78986],[24.07425,49.79053],[24.07421,49.79092],[24.07425,49.79165],[24.07435,49.79246],[24.07439,49.79309],[24.07436,49.79378],[24.07421,49.79429],[24.07393,49.79485],[24.07362,49.7954],[24.07349,49.79559],[24.07199,49.79775],[24.07165,49.79811],[24.0713,49.79838],[24.071,49.79856],[24.07035,49.79888],[24.06896,49.79954],[24.06799,49.80003],[24.06755,49.80029],[24.06615,49.80142],[24.06544,49.80204],[24.06524,49.80223],[24.0649,49.80258],[24.0639,49.80379],[24.0625,49.80541],[24.06211,49.80601],[24.0621,49.80613],[24.06213,49.80626],[24.06221,49.80642],[24.06232,49.80649],[24.06239,49.8066],[24.06239,49.80666],[24.06239,49.8066],[24.06232,49.80649],[24.06221,49.80642],[24.06213,49.80626],[24.0621,49.80613],[24.06211,49.80601],[24.06218,49.8059],[24.06211,49.80601],[24.06157,49.80641],[24.06147,49.80647],[24.0614,49.80654],[24.06136,49.80667],[24.06136,49.80674],[24.06141,49.80683],[24.0615,49.80691],[24.06154,49.80703],[24.06156,49.8074],[24.06155,49.80751],[24.06116,49.80914],[24.061,49.8114],[24.06095,49.81176],[24.06072,49.8126],[24.06054,49.81301],[24.0602,49.81361],[24.06008,49.81386],[24.06004,49.81403],[24.06002,49.8145],[24.06009,49.81479],[24.06018,49.81493],[24.06044,49.81518],[24.06147,49.81589],[24.0616,49.81603],[24.06172,49.81623],[24.06171,49.81638],[24.06167,49.81647],[24.06159,49.81657],[24.06132,49.81678],[24.05984,49.81757],[24.0579,49.81867],[24.05759,49.8189],[24.0569,49.81963],[24.05485,49.82186],[24.05435,49.82237],[24.05407,49.82259],[24.05355,49.82291],[24.05326,49.82307],[24.05278,49.82331],[24.05158,49.82382],[24.05047,49.82427],[24.05011,49.82444],[24.04937,49.82488],[24.04912,49.825],[24.04866,49.82516],[24.04445,49.82607],[24.04402,49.82617],[24.04368,49.82628],[24.04357,49.82636],[24.04348,49.82645],[24.04342,49.82661],[24.04344,49.82674],[24.04352,49.82688],[24.04363,49.82699],[24.04376,49.82707],[24.04392,49.82712],[24.04416,49.82715],[24.04481,49.82712],[24.04506,49.82713],[24.04533,49.82719],[24.04556,49.82727],[24.04574,49.82736],[24.04583,49.82745],[24.04574,49.82736],[24.04556,49.82727],[24.04533,49.82719],[24.04513,49.82714],[24.04481,49.82712],[24.04452,49.82714],[24.04458,49.82729],[24.04479,49.82837],[24.04491,49.82862],[24.04491,49.82883],[24.04484,49.82916],[24.0447,49.82953],[24.04441,49.82981],[24.04372,49.83044],[24.04311,49.83095],[24.042,49.83183],[24.04172,49.83204],[24.04129,49.83232],[24.04102,49.83249],[24.04058,49.83271],[24.03959,49.83308],[24.03858,49.83342],[24.03783,49.83364],[24.03596,49.83414]]},"properties":{"line":"Тр31","dir":"1","mode":"bus"}},{"type":"Feature","geometry":{"type":"LineString","coordinates":[[24.02191,49.84006],[24.02121,49.84061],[24.02113,49.84066],[24.02102,49.8407],[24.01894,49.8396],[24.01585,49.83805],[24.01482,49.83752],[24.01479,49.83746],[24.01482,49.83712],[24.01474,49.83703],[24.01462,49.83696],[24.01409,49.83674],[24.01399,49.83671],[24.01391,49.8367],[24.01383,49.83672],[24.01259,49.83718],[24.01233,49.83722],[24.01154,49.83733],[24.01105,49.8374],[24.01088,49.83745],[24.00987,49.83781],[24.00951,49.83788],[24.00854,49.83749],[24.00798,49.83729],[24.0059,49.83666],[24.00536,49.83729],[24.00522,49.83745],[24.005,49.8376],[24.00476,49.83764],[24.00424,49.83765],[24.00315,49.83756],[24.00226,49.8374],[24.00199,49.8371],[24.00177,49.83684],[24.00153,49.83674],[24.00116,49.83666],[23.9992,49.83633],[23.99827,49.83617],[23.99471,49.83554],[23.9943,49.83547],[23.99395,49.83546],[23.99229,49.83553],[23.99146,49.83555],[23.99126,49.83554],[23.99098,49.83546],[23.9907,49.83535],[23.99061,49.83528],[23.99057,49.83521],[23.99057,49.83509],[23.99075,49.83465],[23.98923,49.83438],[23.98694,49.83399],[23.98525,49.83368],[23.98523,49.83371],[23.98525,49.83368],[23.98337,49.83333],[23.98193,49.83338],[23.97878,49.83346],[23.97842,49.83349],[23.97825,49.83352],[23.9779,49.83367],[23.97771,49.83378],[23.97695,49.83529],[23.97697,49.8359],[23.97697,49.83617],[23.97716,49.83765],[23.97723,49.83827],[23.97729,49.83858],[23.9774,49.83887],[23.97812,49.84023],[23.97903,49.84173],[23.97937,49.84246],[23.97934,49.84262],[23.97861,49.84276],[23.97848,49.84278],[23.97822,49.84278],[23.97797,49.84275],[23.97773,49.8427],[23.97701,49.84251],[23.97655,49.84242],[23.97613,49.84238],[23.97433,49.8423],[23.97151,49.84214],[23.96781,49.84194],[23.96771,49.84208],[23.96762,49.84237],[23.96686,49.84488],[23.96666,49.84562],[23.96596,49.84795]]},"properties":{"line":"Тр32","dir":"0","mode":"bus"}},{"type":"Feature","geometry":{"type":"LineString","coordinates":[[23.96552,49.84756],[23.96557,49.8474],[23.96587,49.84729],[23.96667,49.84453],[23.96742,49.84204],[23.96757,49.84178],[23.9688,49.84185],[23.97259,49.84207],[23.97349,49.84216],[23.97433,49.8423],[23.97613,49.84238],[23.97655,49.84242],[23.97701,49.84251],[23.97773,49.8427],[23.97797,49.84275],[23.97822,49.84278],[23.97858,49.84276],[23.97934,49.84262],[23.97922,49.84251],[23.97899,49.84205],[23.97883,49.84173],[23.97792,49.84018],[23.97721,49.83891],[23.97711,49.83867],[23.97706,49.83845],[23.97685,49.83666],[23.97678,49.83617],[23.97686,49.83546],[23.97771,49.83378],[23.9779,49.83367],[23.97825,49.83352],[23.97842,49.83349],[23.97878,49.83346],[23.97985,49.83343],[23.98162,49.83338],[23.98337,49.83333],[23.98454,49.83355],[23.98694,49.83399],[23.99018,49.83455],[23.99097,49.83468],[23.9938,49.83519],[23.99423,49.83525],[23.99506,49.8354],[23.99915,49.83615],[24.002,49.83663],[24.00254,49.83673],[24.00319,49.83596],[24.00348,49.83564],[24.00442,49.83599],[24.00469,49.83614],[24.00554,49.83652],[24.0059,49.83666],[24.00611,49.83672],[24.00737,49.83604],[24.00804,49.83565],[24.00831,49.83571],[24.01207,49.83716],[24.01233,49.83722],[24.01259,49.83718],[24.01307,49.837],[24.01383,49.83672],[24.01391,49.8367],[24.01399,49.83671],[24.01409,49.83674],[24.01462,49.83696],[24.01493,49.83693],[24.01599,49.83636],[24.01632,49.8362],[24.01678,49.83593],[24.01709,49.83587],[24.01727,49.83587],[24.01841,49.83685],[24.01935,49.83661],[24.01987,49.83691],[24.02286,49.83862],[24.02246,49.83894],[24.02242,49.83898],[24.0224,49.83904],[24.02241,49.83911],[24.02244,49.83915],[24.02277,49.83937],[24.02253,49.83956]]},"properties":{"line":"Тр32","dir":"1","mode":"bus"}},{"type":"Feature","geometry":{"type":"LineString","coordinates":[[24.04499,49.80181],[24.04328,49.80143],[24.0417,49.80102],[24.04011,49.80066],[24.03923,49.80048],[24.03815,49.80031],[24.03678,49.80018],[24.03571,49.80014],[24.03496,49.80014],[24.03429,49.80017],[24.03356,49.80022],[24.03011,49.80061],[24.02478,49.80123],[24.0243,49.80128],[24.02418,49.80126],[24.02404,49.80122],[24.01799,49.80192],[24.01815,49.80262],[24.01876,49.80534],[24.01775,49.80545],[24.01155,49.80612],[24.00722,49.80659],[24.00742,49.8074],[24.00802,49.8098],[24.00752,49.80988],[24.00703,49.80993],[24.00393,49.81008],[24.00236,49.81018],[24.0021,49.81019],[24.00109,49.81031],[24.00075,49.81034],[24.00062,49.81037],[24.00039,49.81046],[24.00018,49.81057],[24.00005,49.81068],[23.99996,49.81072],[23.99975,49.81075],[23.99954,49.81073],[23.99938,49.81066],[23.99924,49.81063],[23.99881,49.81055],[23.99867,49.81054],[23.99659,49.81074],[23.99012,49.8114],[23.98516,49.81191],[23.98486,49.81203],[23.9845,49.81222],[23.98437,49.81232],[23.9844,49.81276],[23.98502,49.81392],[23.98718,49.81777],[23.98765,49.81865],[23.98783,49.819],[23.98846,49.82079],[23.98923,49.82338],[23.98978,49.82542],[23.99019,49.82883],[23.9907,49.83124],[23.99076,49.83172],[23.99078,49.8335],[23.99077,49.83396],[23.99083,49.83418],[23.99086,49.83441],[23.99078,49.83466],[23.99411,49.83525],[23.99423,49.83525],[23.99506,49.8354],[23.99915,49.83615],[24.00205,49.83666],[24.00253,49.83674],[24.00255,49.83669],[24.00319,49.83596],[24.00348,49.83564],[24.00442,49.83599],[24.0047,49.83614],[24.00554,49.83651]]},"properties":{"line":"Тр38","dir":"0","mode":"bus"}},{"type":"Feature","geometry":{"type":"LineString","coordinates":[[24.00535,49.8373],[24.00522,49.83745],[24.005,49.83762],[24.00477,49.83767],[24.00424,49.8377],[24.00311,49.83757],[24.00252,49.83749],[24.0022,49.83743],[24.00214,49.8374],[24.00194,49.8372],[24.00191,49.83714],[24.00181,49.83705],[24.00172,49.83694],[24.0017,49.83687],[24.00138,49.83675],[24.0003,49.83653],[23.9992,49.83634],[23.99827,49.83617],[23.99471,49.83554],[23.9943,49.83546],[23.99396,49.83542],[23.99183,49.83554],[23.99133,49.83553],[23.991,49.83546],[23.99071,49.83534],[23.99062,49.83524],[23.99059,49.83509],[23.99072,49.83476],[23.99078,49.83466],[23.99086,49.83441],[23.99086,49.83429],[23.99077,49.83396],[23.99078,49.8335],[23.99076,49.83172],[23.99067,49.83111],[23.99039,49.82978],[23.99019,49.82883],[23.98991,49.82653],[23.98978,49.82542],[23.98923,49.82338],[23.98846,49.82079],[23.98793,49.81928],[23.98783,49.819],[23.98751,49.81837],[23.98475,49.81343],[23.9844,49.81276],[23.98414,49.81256],[23.98379,49.81239],[23.98367,49.81236],[23.98356,49.8123],[23.98348,49.81223],[23.98342,49.81216],[23.98339,49.81207],[23.98341,49.81193],[23.98347,49.81183],[23.98364,49.81171],[23.98376,49.81167],[23.98397,49.81164],[23.98418,49.81166],[23.98437,49.81173],[23.9848,49.81184],[23.98516,49.81191],[23.99169,49.81124],[23.99815,49.81059],[23.99867,49.81054],[23.9988,49.81051],[23.99915,49.81038],[23.99925,49.81032],[23.99936,49.8102],[23.99946,49.81015],[23.99959,49.81011],[23.99973,49.8101],[23.99987,49.81011],[24,49.81015],[24.0001,49.8102],[24.00017,49.81027],[24.00031,49.8103],[24.0006,49.81034],[24.00075,49.81034],[24.0021,49.81019],[24.00393,49.81008],[24.00473,49.81005],[24.00688,49.80995],[24.00743,49.80989],[24.00802,49.8098],[24.00746,49.80755],[24.00722,49.80659],[24.01184,49.80609],[24.01823,49.8054],[24.01876,49.80534],[24.01799,49.80192],[24.01902,49.8018],[24.02404,49.80122],[24.02422,49.80112],[24.02533,49.80095],[24.03125,49.80026],[24.03363,49.79999],[24.03427,49.79995],[24.03547,49.79992],[24.03632,49.79994],[24.03688,49.79997],[24.03748,49.80002],[24.03825,49.8001],[24.03936,49.80027],[24.04066,49.80055],[24.04183,49.80081],[24.04252,49.80097],[24.045,49.80157]]},"properties":{"line":"Тр38","dir":"1","mode":"bus"}},{"type":"Feature","geometry":{"type":"LineString","coordinates":[[23.99679,49.83902],[24.0003,49.8377],[24.0018,49.83715],[24.00242,49.83691],[24.00266,49.83684],[24.00285,49.83682],[24.00386,49.83713],[24.00442,49.83627],[24.0045,49.83615],[24.00464,49.83599],[24.00509,49.83556],[24.00528,49.83543],[24.00707,49.83485],[24.00727,49.8348],[24.00923,49.83475],[24.01292,49.83467],[24.01613,49.83469],[24.01872,49.83472],[24.02002,49.83458],[24.02036,49.83463],[24.02185,49.8356],[24.02264,49.8361],[24.02261,49.83626],[24.02254,49.83636],[24.02195,49.83679],[24.02177,49.83694],[24.02172,49.83706],[24.02171,49.83714],[24.02339,49.83811],[24.02353,49.83823],[24.02525,49.83921],[24.02721,49.84025],[24.02771,49.84052],[24.02785,49.84055],[24.02979,49.84094],[24.03099,49.8412],[24.03115,49.84127],[24.03224,49.84151],[24.03265,49.8416],[24.03278,49.84161],[24.03378,49.84183],[24.03388,49.84183],[24.0348,49.84201],[24.03493,49.84204],[24.03512,49.84205],[24.0353,49.84203],[24.03578,49.84085],[24.03586,49.84076],[24.03632,49.84051],[24.03643,49.84034],[24.036,49.83978],[24.03718,49.8398],[24.03968,49.83986],[24.04146,49.83992],[24.04183,49.83995],[24.04258,49.84008],[24.04329,49.84027],[24.04439,49.84052],[24.04467,49.84057],[24.04564,49.84071],[24.04601,49.84075],[24.04644,49.84073],[24.04668,49.84071],[24.0469,49.84067],[24.04722,49.84059],[24.04877,49.84011],[24.04987,49.83987],[24.05128,49.83958],[24.05403,49.83878],[24.05425,49.83872],[24.05496,49.83848],[24.05504,49.83836],[24.05503,49.83831],[24.05397,49.83676],[24.0532,49.83558],[24.05223,49.83406],[24.05203,49.83379],[24.05188,49.83366],[24.05062,49.83296],[24.05038,49.83278],[24.04985,49.83237],[24.04886,49.83102],[24.04882,49.83089],[24.04885,49.83077],[24.04888,49.8307],[24.04895,49.83063],[24.04907,49.83056],[24.04949,49.83036],[24.05049,49.8299],[24.05076,49.82979],[24.05093,49.82974],[24.05101,49.82973],[24.0514,49.82973],[24.05202,49.82976],[24.05252,49.82975],[24.05326,49.82965],[24.05484,49.82937],[24.05616,49.82899]]},"properties":{"line":"Т01","dir":"0","mode":"tram"}},{"type":"Feature","geometry":{"type":"LineString","coordinates":[[24.05693,49.82938],[24.05693,49.82946],[24.05687,49.82953],[24.05679,49.82958],[24.05576,49.82987],[24.05547,49.82991],[24.05518,49.82986],[24.05504,49.82979],[24.0547,49.82956],[24.05451,49.82949],[24.05432,49.8295],[24.05327,49.82968],[24.05269,49.82976],[24.05218,49.8298],[24.0514,49.82976],[24.05101,49.82976],[24.05094,49.82977],[24.05052,49.82992],[24.04941,49.83044],[24.04901,49.83063],[24.04893,49.83071],[24.04887,49.83089],[24.04891,49.831],[24.04981,49.83226],[24.0499,49.83235],[24.05037,49.83274],[24.05061,49.83291],[24.05191,49.83362],[24.052,49.83368],[24.05213,49.83381],[24.05238,49.83416],[24.0526,49.83456],[24.05317,49.83543],[24.0537,49.83624],[24.05513,49.83833],[24.05514,49.83838],[24.0551,49.83847],[24.05504,49.83852],[24.05437,49.83869],[24.05415,49.83874],[24.05128,49.83958],[24.04923,49.84001],[24.04877,49.84011],[24.04722,49.84059],[24.0469,49.84067],[24.04668,49.84071],[24.04623,49.84075],[24.04601,49.84075],[24.04564,49.84071],[24.04467,49.84057],[24.04347,49.84032],[24.04316,49.84024],[24.04258,49.84008],[24.04183,49.83995],[24.04146,49.83992],[24.03968,49.83986],[24.038,49.83982],[24.036,49.83978],[24.03643,49.84034],[24.03632,49.84051],[24.03586,49.84076],[24.03578,49.84085],[24.0353,49.84203],[24.03512,49.84205],[24.03493,49.84204],[24.03407,49.84186],[24.03388,49.84183],[24.03378,49.84183],[24.03278,49.84161],[24.03265,49.8416],[24.03115,49.84127],[24.03099,49.8412],[24.02979,49.84094],[24.02785,49.84055],[24.02771,49.84052],[24.02707,49.84018],[24.02525,49.83921],[24.02353,49.83823],[24.02339,49.83811],[24.02171,49.83714],[24.02172,49.83706],[24.02177,49.83694],[24.02185,49.83686],[24.02239,49.83647],[24.02254,49.83636],[24.02261,49.83626],[24.02264,49.8361],[24.02185,49.8356],[24.02036,49.83463],[24.02002,49.83458],[24.01872,49.83472],[24.0167,49.8347],[24.01531,49.83469],[24.01292,49.83467],[24.00968,49.83474],[24.00727,49.8348],[24.00707,49.83485],[24.00528,49.83543],[24.00509,49.83556],[24.00458,49.83606],[24.00415,49.83669],[24.00386,49.83713],[24.00381,49.83714],[24.00285,49.83683],[24.0026,49.83687],[24.00056,49.83765],[23.99691,49.83901],[23.99672,49.83915],[23.99668,49.83923],[23.99666,49.83949],[23.99663,49.83957],[23.99589,49.84022],[23.99579,49.84027],[23.99566,49.8403],[23.99538,49.84028],[23.99526,49.84022],[23.99503,49.83989]]},"properties":{"line":"Т01","dir":"1","mode":"tram"}},{"type":"Feature","geometry":{"type":"LineString","coordinates":[[23.99319,49.82439],[23.99429,49.82509],[23.99691,49.82669],[23.99823,49.8275],[23.99967,49.82843],[24.00043,49.82895],[24.00322,49.83067],[24.00362,49.83092],[24.00602,49.82934],[24.00635,49.82932],[24.00662,49.82938],[24.00763,49.83014],[24.0079,49.83028],[24.00832,49.83047],[24.01117,49.83192],[24.01135,49.83201],[24.01161,49.83214],[24.01414,49.8334],[24.01458,49.8336],[24.01644,49.83455],[24.0167,49.8347],[24.01872,49.83472],[24.02002,49.83458],[24.02036,49.83463],[24.02185,49.8356],[24.02264,49.8361],[24.02261,49.83626],[24.02254,49.83636],[24.02195,49.83679],[24.02177,49.83694],[24.02172,49.83706],[24.02171,49.83714],[24.02339,49.83811],[24.02353,49.83823],[24.02525,49.83921],[24.02721,49.84025],[24.02771,49.84052],[24.02785,49.84055],[24.02979,49.84094],[24.03099,49.8412],[24.03115,49.84127],[24.03224,49.84151],[24.03265,49.8416],[24.03278,49.84161],[24.03378,49.84183],[24.03388,49.84183],[24.0348,49.84201],[24.03493,49.84204],[24.03512,49.84205],[24.0353,49.84203],[24.03578,49.84085],[24.03586,49.84076],[24.03632,49.84051],[24.03643,49.84034],[24.036,49.83978],[24.0372,49.8398],[24.03968,49.83986],[24.04146,49.83992],[24.04183,49.83995],[24.04258,49.84008],[24.04329,49.84027],[24.04439,49.84052],[24.04467,49.84057],[24.04564,49.84071],[24.04601,49.84075],[24.04644,49.84073],[24.04668,49.84071],[24.0469,49.84067],[24.04722,49.84059],[24.04877,49.84011],[24.04987,49.83987],[24.05128,49.83958],[24.05403,49.83878],[24.05425,49.83872],[24.05496,49.83848],[24.05537,49.83833],[24.06004,49.83728],[24.06358,49.83652],[24.06605,49.83612],[24.06683,49.836],[24.06808,49.83592],[24.06818,49.83585],[24.06819,49.8358],[24.06816,49.83567],[24.06813,49.83563],[24.06776,49.83549]]},"properties":{"line":"Т02","dir":"0","mode":"tram"}},{"type":"Feature","geometry":{"type":"LineString","coordinates":[[24.06817,49.83549],[24.06824,49.8358],[24.06821,49.83589],[24.06817,49.83592],[24.06808,49.83595],[24.06685,49.83605],[24.06619,49.83614],[24.06359,49.83656],[24.05965,49.83739],[24.05663,49.83809],[24.05539,49.83836],[24.05519,49.83843],[24.055,49.83853],[24.05437,49.83869],[24.05415,49.83874],[24.05128,49.83958],[24.04923,49.84001],[24.04877,49.84011],[24.04722,49.84059],[24.0469,49.84067],[24.04668,49.84071],[24.04623,49.84075],[24.04601,49.84075],[24.04564,49.84071],[24.04467,49.84057],[24.04347,49.84032],[24.04316,49.84024],[24.04258,49.84008],[24.04183,49.83995],[24.04146,49.83992],[24.03968,49.83986],[24.038,49.83982],[24.036,49.83978],[24.03643,49.84034],[24.03632,49.84051],[24.03586,49.84076],[24.03578,49.84085],[24.0353,49.84203],[24.03512,49.84205],[24.03493,49.84204],[24.03407,49.84186],[24.03388,49.84183],[24.03378,49.84183],[24.03278,49.84161],[24.03265,49.8416],[24.03115,49.84127],[24.03099,49.8412],[24.02979,49.84094],[24.02785,49.84055],[24.02771,49.84052],[24.02707,49.84018],[24.02525,49.83921],[24.02353,49.83823],[24.02339,49.83811],[24.02171,49.83714],[24.02172,49.83706],[24.02177,49.83694],[24.02185,49.83686],[24.02239,49.83647],[24.02254,49.83636],[24.02261,49.83626],[24.02264,49.8361],[24.02185,49.8356],[24.02036,49.83463],[24.02002,49.83458],[24.01872,49.83472],[24.0167,49.8347],[24.01624,49.83445],[24.01458,49.8336],[24.01215,49.83242],[24.00874,49.83069],[24.00763,49.83014],[24.00662,49.82938],[24.00635,49.82932],[24.00602,49.82934],[24.00494,49.83005],[24.00362,49.83092],[24.00076,49.82916],[24.00042,49.82895],[23.99973,49.82847],[23.99823,49.8275],[23.99736,49.82697],[23.99429,49.82509],[23.99289,49.82421]]},"properties":{"line":"Т02","dir":"1","mode":"tram"}},{"type":"Feature","geometry":{"type":"LineString","coordinates":[[24.03501,49.83806],[24.03506,49.83783],[24.03489,49.837],[24.03489,49.83665],[24.03488,49.8365],[24.03493,49.83619],[24.03493,49.83501],[24.03486,49.83492],[24.03452,49.83468],[24.03438,49.83455],[24.03422,49.8341],[24.03397,49.83329],[24.03373,49.83229],[24.03363,49.8321],[24.03264,49.83091],[24.0324,49.8307],[24.03216,49.83054],[24.03173,49.83024],[24.03078,49.83005],[24.02929,49.82975],[24.02665,49.82974],[24.02593,49.82979],[24.02526,49.82989],[24.02382,49.83022],[24.02254,49.83051],[24.02193,49.83071],[24.02128,49.83097],[24.01836,49.83228],[24.0182,49.8323],[24.01805,49.83228],[24.01736,49.83188],[24.01542,49.83078],[24.01517,49.83063],[24.01429,49.82988],[24.01287,49.82885],[24.01229,49.82815],[24.01215,49.82801],[24.01133,49.82737],[24.01017,49.82654],[24.00978,49.82622],[24.00928,49.82586],[24.0088,49.82547],[24.00855,49.82524],[24.00805,49.82468],[24.00776,49.82429],[24.0066,49.82266],[24.00633,49.82222],[24.00458,49.81968],[24.00417,49.81901],[24.00305,49.81735],[24.00151,49.81503],[24.00048,49.81301],[24.00027,49.81255],[24.00018,49.8123],[23.99974,49.81043],[23.9993,49.80881],[23.99888,49.80712]]},"properties":{"line":"Т03","dir":"0","mode":"tram"}},{"type":"Feature","geometry":{"type":"LineString","coordinates":[[23.99894,49.80715],[23.99934,49.8088],[23.99978,49.81042],[24.00024,49.81229],[24.00032,49.81253],[24.00071,49.81334],[24.00156,49.81502],[24.00323,49.81756],[24.00421,49.819],[24.00461,49.81967],[24.00624,49.82201],[24.00658,49.82253],[24.00809,49.82467],[24.0086,49.82522],[24.00884,49.82545],[24.00932,49.82584],[24.00982,49.8262],[24.01022,49.82653],[24.01092,49.82703],[24.01213,49.82795],[24.01234,49.82813],[24.01292,49.82883],[24.01433,49.82986],[24.01521,49.83061],[24.01546,49.83076],[24.0177,49.83204],[24.01802,49.83222],[24.0182,49.83227],[24.01836,49.83228],[24.02128,49.83097],[24.02193,49.83071],[24.02254,49.83051],[24.02333,49.83033],[24.02526,49.82989],[24.02593,49.82979],[24.02665,49.82974],[24.02929,49.82975],[24.03078,49.83005],[24.03139,49.83017],[24.03173,49.83024],[24.0324,49.8307],[24.03264,49.83091],[24.03363,49.8321],[24.03373,49.83229],[24.03397,49.83329],[24.03433,49.83442],[24.03438,49.83455],[24.03452,49.83468],[24.03486,49.83492],[24.03493,49.83501],[24.03493,49.83619],[24.03488,49.8365],[24.03489,49.837],[24.03501,49.83764],[24.0353,49.83864],[24.03524,49.83881],[24.03512,49.83886],[24.035,49.83888],[24.03481,49.83884],[24.03475,49.8388],[24.0347,49.8387],[24.03475,49.83859]]},"properties":{"line":"Т03","dir":"1","mode":"tram"}},{"type":"Feature","geometry":{"type":"LineString","coordinates":[[23.99679,49.83902],[24.0003,49.8377],[24.0018,49.83715],[24.00242,49.83691],[24.00266,49.83684],[24.00285,49.83682],[24.00386,49.83713],[24.00442,49.83627],[24.0045,49.83615],[24.00464,49.83599],[24.00509,49.83556],[24.00528,49.83543],[24.00692,49.83489],[24.00727,49.8348],[24.00725,49.83473],[24.00727,49.83464],[24.00791,49.83368],[24.00798,49.83354],[24.00806,49.83348],[24.00826,49.8334],[24.00925,49.83315],[24.01144,49.83267],[24.01184,49.83245],[24.01219,49.83226],[24.0123,49.83222],[24.01267,49.83227],[24.01303,49.83236],[24.01315,49.83237],[24.01431,49.83224],[24.01442,49.83224],[24.01455,49.83227],[24.01578,49.83293],[24.01587,49.83293],[24.01618,49.83287],[24.0178,49.83247],[24.01809,49.8324],[24.01868,49.83215],[24.02128,49.83097],[24.02193,49.83071],[24.02254,49.83051],[24.02333,49.83033],[24.02526,49.82989],[24.02593,49.82979],[24.02665,49.82974],[24.02929,49.82975],[24.03078,49.83005],[24.0313,49.82975],[24.03166,49.82955],[24.03212,49.82926],[24.03347,49.82847],[24.03356,49.8284],[24.0339,49.82767],[24.03405,49.82706],[24.03419,49.82674],[24.0344,49.82642],[24.03453,49.82626],[24.03583,49.82537],[24.03617,49.82516],[24.03654,49.82495],[24.03699,49.82479],[24.0375,49.82462],[24.03909,49.822],[24.03975,49.82101],[24.04045,49.8198],[24.04073,49.81949],[24.04108,49.81924],[24.04134,49.8191],[24.04159,49.81898],[24.04279,49.8186],[24.04325,49.81844],[24.04354,49.81831],[24.04392,49.81809],[24.04433,49.81774],[24.04461,49.81737],[24.04537,49.81578],[24.04557,49.81531],[24.04566,49.81503],[24.04572,49.81474],[24.04574,49.81429],[24.04572,49.81397],[24.04561,49.81334],[24.04564,49.81315],[24.04596,49.81181],[24.0462,49.81061],[24.04622,49.81052],[24.04665,49.80892],[24.04675,49.80825],[24.04677,49.80796],[24.04671,49.80711],[24.04629,49.80443],[24.04624,49.80379],[24.04625,49.8032],[24.04636,49.80235],[24.04658,49.80121],[24.04675,49.80073],[24.04688,49.80047],[24.04706,49.80021],[24.04748,49.79973],[24.04802,49.79927],[24.04823,49.79913],[24.04888,49.79876],[24.04962,49.79837],[24.05181,49.79722],[24.05329,49.79644],[24.05627,49.79492],[24.05726,49.7944],[24.05755,49.7942],[24.05782,49.79396],[24.05805,49.79365],[24.05847,49.79283],[24.05866,49.7923],[24.05878,49.79174],[24.05883,49.79128],[24.05889,49.79006],[24.05898,49.7881],[24.05908,49.78565],[24.0592,49.7824]]},"properties":{"line":"Т04","dir":"0","mode":"tram"}},{"type":"Feature","geometry":{"type":"LineString","coordinates":[[24.05924,49.78251],[24.05912,49.78581],[24.05902,49.78804],[24.05892,49.79027],[24.05888,49.79128],[24.05883,49.79175],[24.0587,49.79231],[24.05851,49.79284],[24.05809,49.79366],[24.05785,49.79397],[24.05758,49.79422],[24.0573,49.79442],[24.05695,49.79461],[24.05617,49.79502],[24.0523,49.79701],[24.04892,49.79879],[24.04827,49.79916],[24.04807,49.79929],[24.04774,49.79956],[24.04752,49.79975],[24.04709,49.80023],[24.04692,49.80048],[24.04679,49.80074],[24.04662,49.80122],[24.04641,49.80236],[24.04629,49.8032],[24.04627,49.80379],[24.04633,49.80443],[24.04675,49.80687],[24.04682,49.80796],[24.04682,49.80825],[24.04673,49.80892],[24.04626,49.81093],[24.04568,49.81334],[24.0458,49.81429],[24.04579,49.81454],[24.04571,49.81504],[24.04554,49.81556],[24.04498,49.81675],[24.04465,49.81739],[24.04438,49.81775],[24.0441,49.81799],[24.04383,49.81819],[24.04357,49.81833],[24.04325,49.81848],[24.04238,49.81875],[24.04134,49.8191],[24.04108,49.81924],[24.04073,49.81949],[24.04045,49.8198],[24.03975,49.82101],[24.03909,49.822],[24.0375,49.82462],[24.03739,49.82496],[24.03723,49.82525],[24.03716,49.82526],[24.03694,49.82527],[24.03648,49.82516],[24.03617,49.82516],[24.03565,49.8255],[24.03453,49.82626],[24.0344,49.82642],[24.0342,49.82673],[24.0341,49.82694],[24.03405,49.82706],[24.0339,49.82767],[24.03356,49.8284],[24.03347,49.82847],[24.03218,49.82922],[24.03166,49.82955],[24.03078,49.83005],[24.02929,49.82975],[24.02665,49.82974],[24.02593,49.82979],[24.02526,49.82989],[24.02382,49.83022],[24.02254,49.83051],[24.02193,49.83071],[24.02128,49.83097],[24.01836,49.83228],[24.01809,49.8324],[24.01712,49.83264],[24.01618,49.83287],[24.01587,49.83293],[24.01578,49.83293],[24.01455,49.83227],[24.01442,49.83224],[24.01431,49.83224],[24.01315,49.83237],[24.01303,49.83236],[24.01267,49.83227],[24.01249,49.83225],[24.0123,49.83222],[24.01219,49.83226],[24.01159,49.83259],[24.01144,49.83267],[24.00925,49.83315],[24.00826,49.8334],[24.00806,49.83348],[24.00798,49.83354],[24.00791,49.83368],[24.00734,49.83453],[24.00727,49.83464],[24.00725,49.83473],[24.00727,49.8348],[24.00707,49.83485],[24.00528,49.83543],[24.00509,49.83556],[24.00458,49.83606],[24.00415,49.83669],[24.00386,49.83713],[24.00381,49.83714],[24.00285,49.83683],[24.0026,49.83687],[24.00056,49.83765],[23.99691,49.83901],[23.99672,49.83915],[23.99668,49.83923],[23.99666,49.83949],[23.99663,49.83957],[23.99589,49.84022],[23.99579,49.84027],[23.99566,49.8403],[23.99538,49.84028],[23.99526,49.84022],[23.99503,49.83989]]},"properties":{"line":"Т04","dir":"1","mode":"tram"}},{"type":"Feature","geometry":{"type":"LineString","coordinates":[[23.99679,49.83902],[24.0003,49.8377],[24.0018,49.83715],[24.00242,49.83691],[24.00266,49.83684],[24.00285,49.83682],[24.00488,49.83745],[24.00625,49.83792],[24.00695,49.83817],[24.00822,49.83869],[24.01202,49.84017],[24.01347,49.84074],[24.01541,49.8415],[24.01657,49.84197],[24.01769,49.84242],[24.01821,49.84261],[24.01838,49.84266],[24.02218,49.84313],[24.02264,49.8432],[24.02276,49.84325],[24.02296,49.84328],[24.02467,49.84422],[24.02503,49.84433],[24.02536,49.84437],[24.02686,49.8447],[24.02833,49.8447],[24.02842,49.84474],[24.0292,49.84474],[24.02915,49.84608],[24.02911,49.84636],[24.02865,49.84705],[24.02854,49.84721],[24.02801,49.84778],[24.0278,49.84804],[24.02743,49.8488],[24.02681,49.85021],[24.02672,49.85044],[24.02671,49.85053],[24.0267,49.85064],[24.02676,49.85095],[24.02708,49.85155],[24.02752,49.85228],[24.02801,49.85309],[24.02821,49.85327],[24.02854,49.85303],[24.02954,49.8517],[24.02971,49.85155],[24.03005,49.85134],[24.03196,49.85192],[24.03293,49.85221],[24.03396,49.85258],[24.03515,49.85303],[24.0353,49.85307],[24.03646,49.8532],[24.04029,49.85362],[24.04039,49.85393],[24.04088,49.85485],[24.04236,49.85749],[24.04266,49.85804],[24.04335,49.85923],[24.04375,49.86114],[24.04435,49.86423],[24.04438,49.86444],[24.04439,49.86469],[24.04433,49.86522],[24.04418,49.8659]]},"properties":{"line":"Т06","dir":"0","mode":"tram"}},{"type":"Feature","geometry":{"type":"LineString","coordinates":[[24.04454,49.8665],[24.04458,49.8666],[24.04457,49.86667],[24.04448,49.86676],[24.0444,49.86678],[24.04423,49.86679],[24.04408,49.86672],[24.04402,49.86667],[24.04433,49.86522],[24.04439,49.86469],[24.04438,49.86444],[24.04432,49.86406],[24.04392,49.86198],[24.04367,49.86071],[24.04335,49.85923],[24.04243,49.85763],[24.04185,49.8566],[24.04055,49.85425],[24.04039,49.85393],[24.04029,49.85362],[24.03843,49.85342],[24.0353,49.85307],[24.03515,49.85303],[24.03396,49.85258],[24.03332,49.85235],[24.03293,49.85221],[24.03005,49.85134],[24.02971,49.85155],[24.02954,49.8517],[24.0293,49.852],[24.02854,49.85303],[24.02821,49.85327],[24.02801,49.85309],[24.0275,49.85226],[24.02708,49.85155],[24.02676,49.85095],[24.0267,49.85064],[24.02671,49.85053],[24.02672,49.85044],[24.02683,49.85015],[24.02743,49.8488],[24.0278,49.84804],[24.02801,49.84778],[24.02854,49.84721],[24.029,49.84652],[24.02911,49.84636],[24.02915,49.84608],[24.0292,49.84474],[24.02842,49.84474],[24.02832,49.84479],[24.0277,49.84479],[24.02722,49.84479],[24.02683,49.84477],[24.02549,49.8445],[24.02531,49.84445],[24.02503,49.84433],[24.02467,49.84422],[24.02412,49.84391],[24.02296,49.84328],[24.02276,49.84325],[24.02262,49.84326],[24.02084,49.84304],[24.01872,49.84281],[24.0183,49.84275],[24.01826,49.84275],[24.01816,49.84273],[24.0175,49.84276],[24.01579,49.84297],[24.01554,49.84287],[24.01558,49.84203],[24.0156,49.84159],[24.01077,49.83972],[24.00974,49.8393],[24.00723,49.83834],[24.00635,49.83798],[24.00362,49.83707],[24.00285,49.83683],[24.0026,49.83687],[24.00228,49.83699],[23.99691,49.83901],[23.99672,49.83915],[23.99668,49.83923],[23.99666,49.83949],[23.99663,49.83957],[23.99589,49.84022],[23.99579,49.84027],[23.99566,49.8403],[23.99538,49.84028],[23.99526,49.84022],[23.99503,49.83989]]},"properties":{"line":"Т06","dir":"1","mode":"tram"}},{"type":"Feature","geometry":{"type":"LineString","coordinates":[[23.98677,49.85362],[23.98667,49.85378],[23.98668,49.85386],[23.98674,49.85394],[23.98684,49.85399],[23.98689,49.854],[23.98684,49.85399],[23.98674,49.85394],[23.98668,49.85386],[23.98667,49.85378],[23.98693,49.85338],[23.98857,49.85244],[23.99185,49.851],[23.99461,49.84975],[23.99666,49.84906],[23.9971,49.84891],[23.99901,49.84833],[24.00043,49.84801],[24.00096,49.84785],[24.00145,49.84767],[24.00237,49.84732],[24.00314,49.84708],[24.00356,49.84698],[24.00459,49.8468],[24.00479,49.84675],[24.0053,49.84655],[24.00589,49.8463],[24.00716,49.8458],[24.00874,49.84525],[24.01417,49.84335],[24.01539,49.84303],[24.01554,49.84287],[24.01558,49.84203],[24.0156,49.84158],[24.01657,49.84197],[24.01769,49.84242],[24.01821,49.84261],[24.01838,49.84266],[24.02218,49.84313],[24.02264,49.8432],[24.02276,49.84325],[24.02296,49.84328],[24.02467,49.84422],[24.02503,49.84433],[24.02536,49.84437],[24.02686,49.8447],[24.02833,49.8447],[24.02842,49.84474],[24.0292,49.84474],[24.02963,49.84472],[24.03163,49.84454],[24.03318,49.84441],[24.03363,49.84414],[24.03382,49.84406],[24.03437,49.84398],[24.03448,49.84394],[24.03454,49.84389],[24.03459,49.84382],[24.035,49.84276],[24.03578,49.84085],[24.03586,49.84076],[24.03632,49.84051],[24.03643,49.84034],[24.036,49.83978],[24.03718,49.8398],[24.03968,49.83986],[24.04146,49.83992],[24.04183,49.83995],[24.04258,49.84008],[24.04329,49.84027],[24.04439,49.84052],[24.04467,49.84057],[24.04564,49.84071],[24.04601,49.84075],[24.04644,49.84073],[24.04668,49.84071],[24.0469,49.84067],[24.04722,49.84059],[24.04877,49.84011],[24.04987,49.83987],[24.05128,49.83958],[24.05403,49.83878],[24.05425,49.83872],[24.05496,49.83848],[24.05504,49.83836],[24.05503,49.83831],[24.05397,49.83676],[24.0532,49.83558],[24.05223,49.83406],[24.05203,49.83379],[24.05188,49.83366],[24.05062,49.83296],[24.05038,49.83278],[24.04985,49.83237],[24.04886,49.83102],[24.04882,49.83089],[24.04885,49.83077],[24.04888,49.8307],[24.04895,49.83063],[24.04907,49.83056],[24.04949,49.83036],[24.05049,49.8299],[24.05076,49.82979],[24.05093,49.82974],[24.05101,49.82973],[24.0514,49.82973],[24.05202,49.82976],[24.05252,49.82975],[24.05326,49.82965],[24.05484,49.82937],[24.05616,49.82899]]},"properties":{"line":"Т07","dir":"0","mode":"tram"}},{"type":"Feature","geometry":{"type":"LineString","coordinates":[[24.05691,49.8293],[24.05693,49.82933],[24.05693,49.82946],[24.05687,49.82953],[24.05679,49.82958],[24.05576,49.82987],[24.05561,49.8299],[24.05547,49.82991],[24.05518,49.82986],[24.05504,49.82979],[24.0547,49.82956],[24.05451,49.82949],[24.05432,49.8295],[24.05327,49.82968],[24.05269,49.82976],[24.05218,49.8298],[24.0514,49.82976],[24.05101,49.82976],[24.05094,49.82977],[24.05052,49.82992],[24.04941,49.83044],[24.04901,49.83063],[24.04893,49.83071],[24.04887,49.83089],[24.04891,49.831],[24.04981,49.83226],[24.0499,49.83235],[24.05037,49.83274],[24.05061,49.83291],[24.05191,49.83362],[24.052,49.83368],[24.05213,49.83381],[24.05238,49.83416],[24.0526,49.83456],[24.05317,49.83543],[24.0537,49.83624],[24.05513,49.83833],[24.05514,49.83838],[24.0551,49.83847],[24.05504,49.83852],[24.05423,49.83872],[24.05128,49.83958],[24.04923,49.84001],[24.04877,49.84011],[24.04722,49.84059],[24.0469,49.84067],[24.04668,49.84071],[24.04623,49.84075],[24.04601,49.84075],[24.04564,49.84071],[24.04467,49.84057],[24.04347,49.84032],[24.04316,49.84024],[24.04258,49.84008],[24.04183,49.83995],[24.04146,49.83992],[24.03968,49.83986],[24.038,49.83982],[24.036,49.83978],[24.03643,49.84034],[24.03632,49.84051],[24.03586,49.84076],[24.03578,49.84085],[24.0351,49.84251],[24.03459,49.84382],[24.03454,49.84389],[24.03448,49.84394],[24.03437,49.84398],[24.03382,49.84406],[24.03363,49.84414],[24.03318,49.84441],[24.03196,49.8445],[24.02963,49.84472],[24.0292,49.84474],[24.02842,49.84474],[24.02832,49.84479],[24.0277,49.84479],[24.02722,49.84479],[24.02683,49.84477],[24.02549,49.8445],[24.02531,49.84445],[24.02503,49.84433],[24.02467,49.84422],[24.02412,49.84391],[24.02296,49.84328],[24.02276,49.84325],[24.02262,49.84326],[24.02084,49.84304],[24.01872,49.84281],[24.0183,49.84275],[24.01826,49.84275],[24.01816,49.84273],[24.0175,49.84276],[24.01579,49.84297],[24.01539,49.84303],[24.01417,49.84335],[24.00845,49.84535],[24.00716,49.8458],[24.00589,49.8463],[24.0053,49.84655],[24.00479,49.84675],[24.00459,49.8468],[24.00356,49.84698],[24.00314,49.84708],[24.00237,49.84732],[24.00135,49.84771],[24.00096,49.84785],[24.00043,49.84801],[23.99901,49.84833],[23.9971,49.84891],[23.99535,49.8495],[23.99461,49.84975],[23.99141,49.85119],[23.98857,49.85244],[23.98693,49.85338],[23.98729,49.85377]]},"properties":{"line":"Т07","dir":"1","mode":"tram"}},{"type":"Feature","geometry":{"type":"LineString","coordinates":[[24.03501,49.83806],[24.03506,49.83783],[24.03489,49.837],[24.03489,49.83665],[24.03488,49.8365],[24.03493,49.83619],[24.03493,49.83501],[24.03486,49.83492],[24.03452,49.83468],[24.03438,49.83455],[24.03422,49.8341],[24.03397,49.83329],[24.03373,49.83229],[24.03363,49.8321],[24.03264,49.83091],[24.0324,49.8307],[24.03173,49.83024],[24.03167,49.83018],[24.0316,49.83006],[24.03157,49.82992],[24.03157,49.8297],[24.03166,49.82955],[24.03212,49.82926],[24.03347,49.82847],[24.03356,49.8284],[24.0339,49.82767],[24.03405,49.82706],[24.03419,49.82674],[24.0344,49.82642],[24.03453,49.82626],[24.03583,49.82537],[24.03617,49.82516],[24.03654,49.82495],[24.03699,49.82479],[24.0375,49.82462],[24.03909,49.822],[24.03975,49.82101],[24.04045,49.8198],[24.04073,49.81949],[24.04108,49.81924],[24.04134,49.8191],[24.04159,49.81898],[24.04279,49.8186],[24.04325,49.81844],[24.04354,49.81831],[24.04392,49.81809],[24.04433,49.81774],[24.04461,49.81737],[24.04537,49.81578],[24.04557,49.81531],[24.04566,49.81503],[24.04572,49.81474],[24.04574,49.81429],[24.04572,49.81397],[24.04561,49.81334],[24.04564,49.81315],[24.04596,49.81181],[24.0462,49.81061],[24.04622,49.81052],[24.04665,49.80892],[24.04675,49.80825],[24.04677,49.80796],[24.04671,49.80711],[24.04629,49.80443],[24.04624,49.80379],[24.04625,49.8032],[24.04636,49.80235],[24.04658,49.80121],[24.04675,49.80073],[24.04688,49.80047],[24.04706,49.80021],[24.04748,49.79973],[24.04802,49.79927],[24.04823,49.79913],[24.04888,49.79876],[24.04962,49.79837],[24.05181,49.79722],[24.05329,49.79644],[24.05627,49.79492],[24.05726,49.7944],[24.05755,49.7942],[24.05782,49.79396],[24.05805,49.79365],[24.05847,49.79283],[24.05866,49.7923],[24.05878,49.79174],[24.05883,49.79128],[24.05889,49.79006],[24.05898,49.7881],[24.05908,49.78565],[24.0592,49.7824]]},"properties":{"line":"Т08","dir":"0","mode":"tram"}},{"type":"Feature","geometry":{"type":"LineString","coordinates":[[24.05924,49.78251],[24.05912,49.78581],[24.05902,49.78804],[24.05892,49.79027],[24.05888,49.79128],[24.05883,49.79175],[24.0587,49.79231],[24.05851,49.79284],[24.05809,49.79366],[24.05785,49.79397],[24.05758,49.79422],[24.0573,49.79442],[24.05695,49.79461],[24.05617,49.79502],[24.0523,49.79701],[24.04892,49.79879],[24.04827,49.79916],[24.04807,49.79929],[24.04774,49.79956],[24.04752,49.79975],[24.04709,49.80023],[24.04692,49.80048],[24.04679,49.80074],[24.04662,49.80122],[24.04641,49.80236],[24.04629,49.8032],[24.04627,49.80379],[24.04633,49.80443],[24.04675,49.80687],[24.04682,49.80796],[24.04682,49.80825],[24.04673,49.80892],[24.04626,49.81093],[24.04568,49.81334],[24.0458,49.81429],[24.04579,49.81454],[24.04571,49.81504],[24.04554,49.81556],[24.04498,49.81675],[24.04465,49.81739],[24.04438,49.81775],[24.0441,49.81799],[24.04383,49.81819],[24.04357,49.81833],[24.04325,49.81848],[24.04238,49.81875],[24.04134,49.8191],[24.04108,49.81924],[24.04073,49.81949],[24.04045,49.8198],[24.03975,49.82101],[24.03909,49.822],[24.0375,49.82462],[24.03654,49.82495],[24.03617,49.82516],[24.03565,49.8255],[24.03453,49.82626],[24.0344,49.82642],[24.0342,49.82673],[24.03408,49.82699],[24.0339,49.82767],[24.03356,49.8284],[24.03347,49.82847],[24.03218,49.82922],[24.03166,49.82955],[24.03157,49.82969],[24.03157,49.82992],[24.0316,49.83006],[24.03167,49.83018],[24.03173,49.83024],[24.0324,49.8307],[24.03264,49.83091],[24.03363,49.8321],[24.03373,49.83229],[24.03397,49.83329],[24.03433,49.83442],[24.03438,49.83455],[24.03452,49.83468],[24.03486,49.83492],[24.03493,49.83501],[24.03493,49.83619],[24.03488,49.8365],[24.03489,49.837],[24.03496,49.83737],[24.03501,49.83764],[24.0353,49.83864],[24.03524,49.83881],[24.03512,49.83886],[24.035,49.83888],[24.03481,49.83884],[24.03475,49.8388],[24.0347,49.8387],[24.03475,49.83859]]},"properties":{"line":"Т08","dir":"1","mode":"tram"}},{"type":"Feature","geometry":{"type":"LineString","coordinates":[[23.99679,49.83902],[24.0003,49.8377],[24.0018,49.83715],[24.00242,49.83691],[24.00266,49.83684],[24.00285,49.83682],[24.00386,49.83713],[24.00442,49.83627],[24.0045,49.83615],[24.00464,49.83599],[24.00509,49.83556],[24.00528,49.83543],[24.00692,49.83489],[24.00727,49.8348],[24.00725,49.83473],[24.00727,49.83464],[24.00791,49.83368],[24.00798,49.83354],[24.00806,49.83348],[24.00826,49.8334],[24.00925,49.83315],[24.01144,49.83267],[24.01184,49.83245],[24.01219,49.83226],[24.0123,49.83222],[24.01267,49.83227],[24.01303,49.83236],[24.01315,49.83237],[24.01431,49.83224],[24.01442,49.83224],[24.01455,49.83227],[24.01578,49.83293],[24.01587,49.83293],[24.01618,49.83287],[24.0178,49.83247],[24.01809,49.8324],[24.01868,49.83215],[24.02128,49.83097],[24.02193,49.83071],[24.02254,49.83051],[24.02333,49.83033],[24.02526,49.82989],[24.02593,49.82979],[24.02665,49.82974],[24.02929,49.82975],[24.03078,49.83005],[24.03139,49.83017],[24.03173,49.83024],[24.0324,49.8307],[24.03264,49.83091],[24.03363,49.8321],[24.03373,49.83229],[24.03397,49.83329],[24.03433,49.83442],[24.03438,49.83455],[24.03452,49.83468],[24.03486,49.83492],[24.03493,49.83501],[24.03493,49.83619],[24.03488,49.8365],[24.03489,49.837],[24.03496,49.83737],[24.03501,49.83764],[24.0353,49.83864],[24.03534,49.83881],[24.03543,49.83899],[24.03643,49.84034],[24.03632,49.84051],[24.03586,49.84076],[24.03578,49.84085],[24.0351,49.84251],[24.03459,49.84382],[24.03454,49.84389],[24.03448,49.84394],[24.03437,49.84398],[24.03382,49.84406],[24.03363,49.84414],[24.03318,49.84441],[24.03196,49.8445],[24.02963,49.84472],[24.0292,49.84474],[24.02915,49.84608],[24.02911,49.84636],[24.02865,49.84705],[24.02854,49.84721],[24.02801,49.84778],[24.0278,49.84804],[24.02743,49.8488],[24.02681,49.85021],[24.02672,49.85044],[24.02671,49.85053],[24.0267,49.85064],[24.02676,49.85095],[24.02708,49.85155],[24.02752,49.85228],[24.02801,49.85309],[24.02821,49.85327],[24.02818,49.85388],[24.02821,49.85441],[24.02827,49.8557],[24.0281,49.85623],[24.02726,49.858],[24.02711,49.85844],[24.02704,49.85873],[24.02686,49.85975],[24.02667,49.86165]]},"properties":{"line":"Т09","dir":"0","mode":"tram"}},{"type":"Feature","geometry":{"type":"LineString","coordinates":[[24.02673,49.86104],[24.02686,49.85975],[24.02709,49.8585],[24.02726,49.858],[24.0281,49.85623],[24.02827,49.8557],[24.02819,49.85382],[24.02821,49.85327],[24.02801,49.85309],[24.0275,49.85226],[24.02708,49.85155],[24.02676,49.85095],[24.0267,49.85064],[24.02671,49.85053],[24.02672,49.85044],[24.02683,49.85015],[24.02743,49.8488],[24.0278,49.84804],[24.02801,49.84778],[24.02854,49.84721],[24.029,49.84652],[24.02911,49.84636],[24.02915,49.84608],[24.0292,49.84474],[24.02963,49.84472],[24.03163,49.84454],[24.03318,49.84441],[24.03363,49.84414],[24.03382,49.84406],[24.03437,49.84398],[24.03448,49.84394],[24.03454,49.84389],[24.03459,49.84382],[24.035,49.84276],[24.03578,49.84085],[24.03586,49.84076],[24.03632,49.84051],[24.03643,49.84034],[24.03543,49.83899],[24.03534,49.83881],[24.03501,49.83764],[24.03489,49.837],[24.03489,49.83665],[24.03488,49.8365],[24.03493,49.83619],[24.03493,49.83501],[24.03486,49.83492],[24.03452,49.83468],[24.03438,49.83455],[24.03422,49.8341],[24.03397,49.83329],[24.03373,49.83229],[24.03363,49.8321],[24.03264,49.83091],[24.0324,49.8307],[24.03216,49.83054],[24.03173,49.83024],[24.03078,49.83005],[24.02929,49.82975],[24.02665,49.82974],[24.02593,49.82979],[24.02526,49.82989],[24.02382,49.83022],[24.02254,49.83051],[24.02193,49.83071],[24.02128,49.83097],[24.01836,49.83228],[24.01809,49.8324],[24.01712,49.83264],[24.01618,49.83287],[24.01587,49.83293],[24.01578,49.83293],[24.01455,49.83227],[24.01442,49.83224],[24.01431,49.83224],[24.01315,49.83237],[24.01303,49.83236],[24.01267,49.83227],[24.01249,49.83225],[24.0123,49.83222],[24.01219,49.83226],[24.01159,49.83259],[24.01144,49.83267],[24.00925,49.83315],[24.00826,49.8334],[24.00806,49.83348],[24.00798,49.83354],[24.00791,49.83368],[24.00734,49.83453],[24.00727,49.83464],[24.00725,49.83473],[24.00727,49.8348],[24.00707,49.83485],[24.00528,49.83543],[24.00509,49.83556],[24.00458,49.83606],[24.00415,49.83669],[24.00386,49.83713],[24.00381,49.83714],[24.00285,49.83683],[24.0026,49.83687],[24.00056,49.83765],[23.99691,49.83901],[23.99672,49.83915],[23.99668,49.83923],[23.99666,49.83949],[23.99663,49.83957],[23.99589,49.84022],[23.99579,49.84027],[23.99566,49.8403],[23.99538,49.84028],[23.99526,49.84022],[23.99503,49.83989]]},"properties":{"line":"Т09","dir":"1","mode":"tram"}}]}