{"type":"FeatureCollection","features":[{"type":"Feature","geometry":{"type":"Point","coordinates":[24.090421,49.904355]},"properties":{"lines":"1","color":"#0059a9","mode":"bus","arr":["А01"],"angle":3.2}},{"type":"Feature","geometry":{"type":"Point","coordinates":[24.090886,49.897018]},"properties":{"lines":"1, 80","color":"#0059a9","mode":"bus","arr":["А01","А80"],"angle":49.5}},{"type":"Feature","geometry":{"type":"Point","coordinates":[24.087885,49.903518]},"properties":{"lines":"1, 80","color":"#0059a9","mode":"bus","arr":["А01","А80"],"angle":83.1,"extra":1,"ei":0}},{"type":"Feature","geometry":{"type":"Point","coordinates":[24.088276,49.901647]},"properties":{"lines":"1, 80","color":"#0059a9","mode":"bus","arr":["А01","А80"],"angle":81.7,"extra":1,"ei":1}},{"type":"Feature","geometry":{"type":"Point","coordinates":[24.088722,49.899782]},"properties":{"lines":"1, 80","color":"#0059a9","mode":"bus","arr":["А01","А80"],"angle":74.1,"extra":1,"ei":2}},{"type":"Feature","geometry":{"type":"Point","coordinates":[24.089904,49.898056]},"properties":{"lines":"1, 80","color":"#0059a9","mode":"bus","arr":["А01","А80"],"angle":63.9,"extra":1,"ei":3}},{"type":"Feature","geometry":{"type":"Point","coordinates":[24.091374,49.894691]},"properties":{"lines":"1, 80","color":"#0059a9","mode":"bus","arr":["А01","А80"],"angle":-78.1,"extra":1,"ei":4}},{"type":"Feature","geometry":{"type":"Point","coordinates":[24.090775,49.892843]},"properties":{"lines":"1, 80","color":"#0059a9","mode":"bus","arr":["А01","А80"],"angle":-78.5,"extra":1,"ei":5}},{"type":"Feature","geometry":{"type":"Point","coordinates":[24.090188,49.890993]},"properties":{"lines":"1, 80","color":"#0059a9","mode":"bus","arr":["А01","А80"],"angle":-78.8,"extra":1,"ei":6}},{"type":"Feature","geometry":{"type":"Point","coordinates":[24.088198,49.889074]},"properties":{"lines":"1, 60, 80","color":"#0059a9","mode":"bus","arr":["А01","А60","А80"],"angle":-25.1}},{"type":"Feature","geometry":{"type":"Point","coordinates":[24.075702,49.884143]},"properties":{"lines":"1, 60, 80","color":"#0059a9","mode":"bus","arr":["А01","А60","А80"],"angle":-61.8}},{"type":"Feature","geometry":{"type":"Point","coordinates":[24.085361,49.888214]},"properties":{"lines":"1, 60, 80","color":"#0059a9","mode":"bus","arr":["А01","А60","А80"],"angle":-25.1,"extra":1,"ei":0}},{"type":"Feature","geometry":{"type":"Point","coordinates":[24.082708,49.887412]},"properties":{"lines":"1, 60, 80","color":"#0059a9","mode":"bus","arr":["А01","А60","А80"],"angle":-25.1,"extra":1,"ei":1}},{"type":"Feature","geometry":{"type":"Point","coordinates":[24.080056,49.88661]},"properties":{"lines":"1, 60, 80","color":"#0059a9","mode":"bus","arr":["А01","А60","А80"],"angle":-24.7,"extra":1,"ei":2}},{"type":"Feature","geometry":{"type":"Point","coordinates":[24.077595,49.885614]},"properties":{"lines":"1, 60, 80","color":"#0059a9","mode":"bus","arr":["А01","А60","А80"],"angle":-42.5,"extra":1,"ei":3}},{"type":"Feature","geometry":{"type":"Point","coordinates":[24.074353,49.882509]},"properties":{"lines":"1, 60, 80","color":"#0059a9","mode":"bus","arr":["А01","А60","А80"],"angle":-59.1,"extra":1,"ei":4}},{"type":"Feature","geometry":{"type":"Point","coordinates":[24.072113,49.881342]},"properties":{"lines":"1, 60, 80","color":"#0059a9","mode":"bus","arr":["А01","А60","А80"],"angle":-30.1,"extra":1,"ei":5}},{"type":"Feature","geometry":{"type":"Point","coordinates":[24.069579,49.880395]},"properties":{"lines":"1, 60, 80","color":"#0059a9","mode":"bus","arr":["А01","А60","А80"],"angle":-30.4,"extra":1,"ei":6}},{"type":"Feature","geometry":{"type":"Point","coordinates":[24.067123,49.87937]},"properties":{"lines":"1, 60, 80","color":"#0059a9","mode":"bus","arr":["А01","А60","А80"],"angle":-39.6,"extra":1,"ei":7}},{"type":"Feature","geometry":{"type":"Point","coordinates":[24.065017,49.877979]},"properties":{"lines":"1, 60, 80","color":"#0059a9","mode":"bus","arr":["А01","А60","А80"],"angle":-48.5}},{"type":"Feature","geometry":{"type":"Point","coordinates":[24.063854,49.877113]},"properties":{"lines":"1, 60, 62, 80","color":"#0059a9","mode":"bus","arr":["А01","А60","А62","А80"],"angle":-51.9}},{"type":"Feature","geometry":{"type":"Point","coordinates":[24.063148,49.876511]},"properties":{"lines":"1, 9, 60, 62, 80","color":"#0059a9","mode":"bus","arr":["А01","А09","А60","А62","А80"],"angle":-53.2,"side":-1}},{"type":"Feature","geometry":{"type":"Point","coordinates":[24.061935,49.875267]},"properties":{"lines":"1, 9, 56, 58, 59, 60, 62, 63, 80","color":"#0059a9","mode":"bus","arr":["А01","А09","А56","А58","А59","А60","А62","А63","А80"],"angle":-61.8}},{"type":"Feature","geometry":{"type":"Point","coordinates":[24.060607,49.87375]},"properties":{"lines":"1, 9, 31, 48, 53, 56, 58, 59, 60, 62, 63, 80","color":"#0059a9","mode":"bus","arr":["А01","А09","А31","А48","А53","А56","А58","А59","А60","А62","А63","А80"],"angle":-56.8}},{"type":"Feature","geometry":{"type":"Point","coordinates":[24.0586,49.871463]},"properties":{"lines":"1, 9, 31, 41, 48, 51, 53, 56, 58, 59, 60, 62, 63, 80","color":"#0059a9","mode":"bus","arr":["А01","А09","А31","А41","А48","А51","А53","А56","А58","А59","А60","А62","А63","А80"],"angle":-61.6}},{"type":"Feature","geometry":{"type":"Point","coordinates":[24.056998,49.869589]},"properties":{"lines":"1, 9, 12, 19, 39, 48, 53, 58, 59, 60, 62, 63, 80","color":"#0059a9","mode":"bus","arr":["А01","А09","А12","А19","А39","А48","А53","А58","А59","А60","А62","А63","А80"],"angle":-61.7}},{"type":"Feature","geometry":{"type":"Point","coordinates":[24.056502,49.868996]},"properties":{"lines":"1, 9, 19, 39, 48, 53, 58, 59, 60, 62, 63, 80","color":"#0059a9","mode":"bus","arr":["А01","А09","А19","А39","А48","А53","А58","А59","А60","А62","А63","А80"],"angle":-61.2}},{"type":"Feature","geometry":{"type":"Point","coordinates":[24.053557,49.865357]},"properties":{"lines":"1, 9, 19, 39, 48, 53, 58, 59, 60, 62, 63, 80","color":"#0059a9","mode":"bus","arr":["А01","А09","А19","А39","А48","А53","А58","А59","А60","А62","А63","А80"],"angle":87,"mi":1}},{"type":"Feature","geometry":{"type":"Point","coordinates":[24.054907,49.867129]},"properties":{"lines":"1, 9, 19, 34, 39, 48, 53, 58, 59, 60, 62, 63, 80","color":"#0059a9","mode":"bus","arr":["А01","А09","А19","А34","А39","А48","А53","А58","А59","А60","А62","А63","А80"],"angle":-61.1}},{"type":"Feature","geometry":{"type":"Point","coordinates":[24.051822,49.86502]},"properties":{"lines":"1, 9, 25, 34, 39, 53, 58, 59, 60, 80","color":"#0059a9","mode":"bus","arr":["А01","А09","А25","А34","А39","А53","А58","А59","А60","А80"],"angle":1.6}},{"type":"Feature","geometry":{"type":"Point","coordinates":[24.047595,49.865347]},"properties":{"lines":"1, 9, 12, 25, 34, 39, 53, 58, 59, 60, 80","color":"#0059a9","mode":"bus","arr":["А01","А09","А12","А25","А34","А39","А53","А58","А59","А60","А80"],"angle":6.2}},{"type":"Feature","geometry":{"type":"Point","coordinates":[24.034562,49.86399]},"properties":{"lines":"1, 9, 25, 34, 53, 60, 80","color":"#0059a9","mode":"bus","arr":["А01","А09","А25","А34","А53","А60","А80"],"angle":-22.9}},{"type":"Feature","geometry":{"type":"Point","coordinates":[24.042922,49.865119]},"properties":{"lines":"1, 9, 25, 34, 53, 60, 80","color":"#0059a9","mode":"bus","arr":["А01","А09","А25","А34","А53","А60","А80"],"angle":-9.4,"extra":1,"ei":0}},{"type":"Feature","geometry":{"type":"Point","coordinates":[24.040033,49.864807]},"properties":{"lines":"1, 9, 25, 34, 53, 60, 80","color":"#0059a9","mode":"bus","arr":["А01","А09","А25","А34","А53","А60","А80"],"angle":-11.2,"extra":1,"ei":1}},{"type":"Feature","geometry":{"type":"Point","coordinates":[24.037164,49.864424]},"properties":{"lines":"1, 9, 25, 34, 53, 60, 80","color":"#0059a9","mode":"bus","arr":["А01","А09","А25","А34","А53","А60","А80"],"angle":-11.8,"extra":1,"ei":2}},{"type":"Feature","geometry":{"type":"Point","coordinates":[24.031755,49.863045]},"properties":{"lines":"1, 9, 25, 34, 53, 60, 80","color":"#0059a9","mode":"bus","arr":["А01","А09","А25","А34","А53","А60","А80"],"angle":-28.3,"extra":1,"ei":3}},{"type":"Feature","geometry":{"type":"Point","coordinates":[24.029215,49.862111]},"properties":{"lines":"1, 9, 25, 34, 53, 60, 80","color":"#0059a9","mode":"bus","arr":["А01","А09","А25","А34","А53","А60","А80"],"angle":-39.8,"extra":1,"ei":4}},{"type":"Feature","geometry":{"type":"Point","coordinates":[24.027478,49.860598]},"properties":{"lines":"1, 9, 25, 34, 53, 60, 80","color":"#0059a9","mode":"bus","arr":["А01","А09","А25","А34","А53","А60","А80"],"angle":-54.9,"extra":1,"ei":5}},{"type":"Feature","geometry":{"type":"Point","coordinates":[24.024479,49.858356]},"properties":{"lines":"1, 9, 25, 34, 39, 53, 60, 80","color":"#0059a9","mode":"bus","arr":["А01","А09","А25","А34","А39","А53","А60","А80"],"angle":-49.2}},{"type":"Feature","geometry":{"type":"Point","coordinates":[24.025897,49.859391]},"properties":{"lines":"1, 9, 25, 34, 39, 53, 60, 80","color":"#0059a9","mode":"bus","arr":["А01","А09","А25","А34","А39","А53","А60","А80"],"angle":-47.5,"extra":1,"ei":0}},{"type":"Feature","geometry":{"type":"Point","coordinates":[24.022063,49.85706]},"properties":{"lines":"1, 9, 25, 39, 53, 60, 80","color":"#0059a9","mode":"bus","arr":["А01","А09","А25","А39","А53","А60","А80"],"angle":-19.4}},{"type":"Feature","geometry":{"type":"Point","coordinates":[24.02316,49.853533]},"properties":{"lines":"1, 7, 8а, 9, 17, 21, 22, 25, 31, 34, 37, 39, 41, 46, 47, 51, 52, 53, 55, 56, 60, 80, 84","color":"#0059a9","mode":"bus","arr":["А01","А07","А08а","А09","А17","А21","А22","А25","А31","А34","А37","А39","А41","А46","А47","А51","А52","А53","А55","А56","А60","А80","А84"],"angle":74.1,"side":-1}},{"type":"Feature","geometry":{"type":"Point","coordinates":[24.022094,49.855656]},"properties":{"lines":"1, 7, 8а, 9, 17, 21, 22, 25, 31, 34, 37, 39, 41, 46, 47, 51, 52, 53, 55, 56, 60, 80, 84","color":"#0059a9","mode":"bus","arr":["А01","А07","А08а","А09","А17","А21","А22","А25","А31","А34","А37","А39","А41","А46","А47","А51","А52","А53","А55","А56","А60","А80","А84"],"angle":71.7,"extra":1,"ei":0,"side":-1}},{"type":"Feature","geometry":{"type":"Point","coordinates":[24.023799,49.852043]},"properties":{"lines":"1, 7, 8а, 9, 17, 21, 22, 25, 31, 34, 37, 39, 41, 46, 47, 51, 52, 53, 55, 56, 60, 80, 84","color":"#0059a9","mode":"bus","arr":["А01","А07","А08а","А09","А17","А21","А22","А25","А31","А34","А37","А39","А41","А46","А47","А51","А52","А53","А55","А56","А60","А80","А84"],"angle":74.5,"extra":1,"ei":1,"side":-1}},{"type":"Feature","geometry":{"type":"Point","coordinates":[24.024477,49.850176]},"properties":{"lines":"1, 7, 8а, 9, 17, 20, 21, 22, 25, 31, 37, 39, 46, 47, 48, 51, 52, 53, 55, 60, 80, 84","color":"#0059a9","mode":"bus","arr":["А01","А07","А08а","А09","А17","А20","А21","А22","А25","А31","А37","А39","А46","А47","А48","А51","А52","А53","А55","А60","А80","А84"],"angle":-89.5}},{"type":"Feature","geometry":{"type":"Point","coordinates":[24.025627,49.848143]},"properties":{"lines":"1, 7, 8а, 9, 17, 20, 21, 25, 31, 34, 37, 39, 41, 46, 47, 48, 51, 52, 53, 55, 60, 80, 84","color":"#0059a9","mode":"bus","arr":["А01","А07","А08а","А09","А17","А20","А21","А25","А31","А34","А37","А39","А41","А46","А47","А48","А51","А52","А53","А55","А60","А80","А84"],"angle":-86.1}},{"type":"Feature","geometry":{"type":"Point","coordinates":[24.02532,49.845991]},"properties":{"lines":"1, 7, 9, 17, 20, 21, 25, 31, 34, 37, 39, 41, 46, 47, 48, 51, 52, 53, 55, 60, 80, 84","color":"#0059a9","mode":"bus","arr":["А01","А07","А09","А17","А20","А21","А25","А31","А34","А37","А39","А41","А46","А47","А48","А51","А52","А53","А55","А60","А80","А84"],"angle":-86.5}},{"type":"Feature","geometry":{"type":"Point","coordinates":[24.025418,49.844891]},"properties":{"lines":"1, 3, 5, 7, 9, 17, 20, 21, 25, 31, 34, 37, 39, 41, 46, 47, 48, 51, 52, 53, 57, 84","color":"#0059a9","mode":"bus","arr":["А01","А03","А05","А07","А09","А17","А20","А21","А25","А31","А34","А37","А39","А41","А46","А47","А48","А51","А52","А53","А57","А84"],"angle":79.1}},{"type":"Feature","geometry":{"type":"Point","coordinates":[24.026683,49.842468]},"properties":{"lines":"1, 3, 5, 6, 9, 21, 46, 47, 48, 53, 57","color":"#0059a9","mode":"bus","arr":["А01","А03","А05","А06","А09","А21","А46","А47","А48","А53","А57"],"angle":70}},{"type":"Feature","geometry":{"type":"Point","coordinates":[24.028057,49.84031]},"properties":{"lines":"1, 3, 5, 6, 15, 43, 45, 46, 47, 53, 57, 92","color":"#0059a9","mode":"bus","arr":["А01","А03","А05","А06","А15","А43","А45","А46","А47","А53","А57","А92"],"angle":62.3}},{"type":"Feature","geometry":{"type":"Point","coordinates":[24.028582,49.839729]},"properties":{"lines":"3, 5, 15, 43, 45, 46, 47, 53, 57, 92","color":"#0059a9","mode":"bus","arr":["А03","А05","А15","А43","А45","А46","А47","А53","А57","А92"],"angle":47.3,"mi":1}},{"type":"Feature","geometry":{"type":"Point","coordinates":[24.034193,49.839099]},"properties":{"lines":"1, 5, 6, 39а, 45, 47, 92, 99","color":"#0059a9","mode":"bus","arr":["А01","А05","А06","А39а","А45","А47","А92","А99"],"angle":21.6}},{"type":"Feature","geometry":{"type":"Point","coordinates":[24.026184,49.845452]},"properties":{"lines":"1, 7, 9, 20, 21, 25, 31, 37, 39, 41, 46, 47, 48, 52, 53, 84","color":"#0059a9","mode":"bus","arr":["А01","А07","А09","А20","А21","А25","А31","А37","А39","А41","А46","А47","А48","А52","А53","А84"],"angle":24.6}},{"type":"Feature","geometry":{"type":"Point","coordinates":[24.025493,49.846095]},"properties":{"lines":"1, 7, 9, 20, 21, 25, 31, 37, 39, 41, 46, 47, 48, 52, 53, 55, 60, 80, 84","color":"#0059a9","mode":"bus","arr":["А01","А07","А09","А20","А21","А25","А31","А37","А39","А41","А46","А47","А48","А52","А53","А55","А60","А80","А84"],"angle":-85.9,"side":-1}},{"type":"Feature","geometry":{"type":"Point","coordinates":[24.025793,49.848229]},"properties":{"lines":"1, 7, 9, 17, 20, 21, 22, 25, 31, 34, 37, 39, 41, 46, 47, 48, 51, 52, 53, 55, 60, 80, 84","color":"#0059a9","mode":"bus","arr":["А01","А07","А09","А17","А20","А21","А22","А25","А31","А34","А37","А39","А41","А46","А47","А48","А51","А52","А53","А55","А60","А80","А84"],"angle":-86.6,"side":-1}},{"type":"Feature","geometry":{"type":"Point","coordinates":[24.024476,49.850848]},"properties":{"lines":"1, 7, 8а, 9, 17, 21, 22, 25, 31, 34, 39, 41, 46, 47, 51, 52, 53, 55, 56, 60, 80, 84","color":"#0059a9","mode":"bus","arr":["А01","А07","А08а","А09","А17","А21","А22","А25","А31","А34","А39","А41","А46","А47","А51","А52","А53","А55","А56","А60","А80","А84"],"angle":73.6}},{"type":"Feature","geometry":{"type":"Point","coordinates":[24.052374,49.864935]},"properties":{"lines":"1, 9, 25, 53, 60, 80","color":"#0059a9","mode":"bus","arr":["А01","А09","А25","А53","А60","А80"],"angle":24,"side":-1}},{"type":"Feature","geometry":{"type":"Point","coordinates":[24.013563,49.774169]},"properties":{"lines":"3, 10, 25, 40","color":"#0059a9","mode":"bus","arr":["А03","А10","А25","А40"],"angle":-4.6,"side":-1,"mi":1}},{"type":"Feature","geometry":{"type":"Point","coordinates":[24.013225,49.774236]},"properties":{"lines":"3, 10, 25, 40","color":"#0059a9","mode":"bus","arr":["А03","А10","А25","А40"],"angle":-2.1}},{"type":"Feature","geometry":{"type":"Point","coordinates":[24.014041,49.781042]},"properties":{"lines":"3, 10, 25, 40","color":"#0059a9","mode":"bus","arr":["А03","А10","А25","А40"],"angle":88.8,"mi":2}},{"type":"Feature","geometry":{"type":"Point","coordinates":[24.014215,49.775161]},"properties":{"lines":"3, 10, 25, 40","color":"#0059a9","mode":"bus","arr":["А03","А10","А25","А40"],"angle":88.9,"extra":1,"ei":0}},{"type":"Feature","geometry":{"type":"Point","coordinates":[24.014179,49.777049]},"properties":{"lines":"3, 10, 25, 40","color":"#0059a9","mode":"bus","arr":["А03","А10","А25","А40"],"angle":88.9,"extra":1,"ei":1}},{"type":"Feature","geometry":{"type":"Point","coordinates":[24.014109,49.778937]},"properties":{"lines":"3, 10, 25, 40","color":"#0059a9","mode":"bus","arr":["А03","А10","А25","А40"],"angle":88.8,"extra":1,"ei":2}},{"type":"Feature","geometry":{"type":"Point","coordinates":[24.014095,49.782713]},"properties":{"lines":"3, 10, 25, 40","color":"#0059a9","mode":"bus","arr":["А03","А10","А25","А40"],"angle":-86.7,"extra":1,"ei":3,"side":-1}},{"type":"Feature","geometry":{"type":"Point","coordinates":[24.014328,49.784595]},"properties":{"lines":"3, 10, 25, 40","color":"#0059a9","mode":"bus","arr":["А03","А10","А25","А40"],"angle":-84.1,"extra":1,"ei":4,"side":-1}},{"type":"Feature","geometry":{"type":"Point","coordinates":[24.014687,49.78647]},"properties":{"lines":"3, 10, 25, 40","color":"#0059a9","mode":"bus","arr":["А03","А10","А25","А40"],"angle":-82.1,"extra":1,"ei":5,"side":-1}},{"type":"Feature","geometry":{"type":"Point","coordinates":[24.015717,49.78777]},"properties":{"lines":"3, 10, 25, 40, 22, 23","color":"#0059a9","mode":"bus","arr":["А03","А10","А25","А40","Тр22","Тр23","Тр25"],"tLines":"22, 23, 25","ntLines":"3, 10, 25, 40","angle":7.7,"side":-1}},{"type":"Feature","geometry":{"type":"Point","coordinates":[24.017152,49.787643]},"properties":{"lines":"3, 10, 25, 40, 23","color":"#0059a9","mode":"bus","arr":["А03","А10","А25","А40","Тр23","Тр25"],"tLines":"23, 25","ntLines":"3, 10, 25, 40","angle":8}},{"type":"Feature","geometry":{"type":"Point","coordinates":[24.016702,49.787484]},"properties":{"lines":"3, 10, 25, 40, 22, 23","color":"#0059a9","mode":"bus","arr":["А03","А10","А25","А40","Тр22","Тр23","Тр25"],"tLines":"22, 23, 25","ntLines":"3, 10, 25, 40","angle":25.7,"side":-1,"mi":1}},{"type":"Feature","geometry":{"type":"Point","coordinates":[24.01755,49.787863]},"properties":{"lines":"3, 9, 10, 25, 40, 22","color":"#0059a9","mode":"bus","arr":["А03","А09","А10","А25","А40","Тр22"],"tLines":"22","ntLines":"3, 9, 10, 25, 40","angle":8.8}},{"type":"Feature","geometry":{"type":"Point","coordinates":[24.016111,49.787997]},"properties":{"lines":"3, 9, 10, 25, 22","color":"#0059a9","mode":"bus","arr":["А03","А09","А10","А25","Тр22"],"tLines":"22","ntLines":"3, 9, 10, 25","angle":8}},{"type":"Feature","geometry":{"type":"Point","coordinates":[24.016212,49.794578]},"properties":{"lines":"3, 9, 10, 25, 40, 22, 23","color":"#0059a9","mode":"bus","arr":["А03","А09","А10","А25","А40","Тр22","Тр23","Тр25"],"tLines":"22, 23, 25","ntLines":"3, 9, 10, 25, 40","angle":-81.8}},{"type":"Feature","geometry":{"type":"Point","coordinates":[24.015702,49.791162]},"properties":{"lines":"3, 9, 10, 25, 40, 22, 23","color":"#0059a9","mode":"bus","arr":["А03","А09","А10","А25","А40","Тр22","Тр23","Тр25"],"tLines":"22, 23, 25","ntLines":"3, 9, 10, 25, 40","angle":-82,"side":-1,"mi":1}},{"type":"Feature","geometry":{"type":"Point","coordinates":[24.015236,49.789035]},"properties":{"lines":"3, 9, 10, 25, 40, 22, 23","color":"#0059a9","mode":"bus","arr":["А03","А09","А10","А25","А40","Тр22","Тр23","Тр25"],"tLines":"22, 23, 25","ntLines":"3, 9, 10, 25, 40","angle":-82,"extra":1,"ei":0,"side":-1}},{"type":"Feature","geometry":{"type":"Point","coordinates":[24.016057,49.792775]},"properties":{"lines":"3, 9, 10, 25, 40, 22, 23","color":"#0059a9","mode":"bus","arr":["А03","А09","А10","А25","А40","Тр22","Тр23","Тр25"],"tLines":"22, 23, 25","ntLines":"3, 9, 10, 25, 40","angle":-81.7,"extra":1,"ei":1,"side":-1}},{"type":"Feature","geometry":{"type":"Point","coordinates":[24.016706,49.796835]},"properties":{"lines":"3, 9, 10, 25, 40, 22, 23","color":"#0059a9","mode":"bus","arr":["А03","А09","А10","А25","А40","Тр22","Тр23","Тр25"],"tLines":"22, 23, 25","ntLines":"3, 9, 10, 25, 40","angle":-82.1,"extra":1,"ei":0}},{"type":"Feature","geometry":{"type":"Point","coordinates":[24.017696,49.800166]},"properties":{"lines":"3, 9, 10, 25, 40, 57, 22, 23","color":"#0059a9","mode":"bus","arr":["А03","А09","А10","А25","А40","А57","Тр22","Тр23","Тр25"],"tLines":"22, 23, 25","ntLines":"3, 9, 10, 25, 40, 57","angle":-81.5}},{"type":"Feature","geometry":{"type":"Point","coordinates":[24.016578,49.795158]},"properties":{"lines":"3, 9, 10, 25, 40, 57, 22, 23","color":"#0059a9","mode":"bus","arr":["А03","А09","А10","А25","А40","А57","Тр22","Тр23","Тр25"],"tLines":"22, 23, 25","ntLines":"3, 9, 10, 25, 40, 57","angle":-82,"extra":1,"ei":0,"side":-1}},{"type":"Feature","geometry":{"type":"Point","coordinates":[24.016984,49.797029]},"properties":{"lines":"3, 9, 10, 25, 40, 57, 22, 23","color":"#0059a9","mode":"bus","arr":["А03","А09","А10","А25","А40","А57","Тр22","Тр23","Тр25"],"tLines":"22, 23, 25","ntLines":"3, 9, 10, 25, 40, 57","angle":-82,"extra":1,"ei":1,"side":-1}},{"type":"Feature","geometry":{"type":"Point","coordinates":[24.017402,49.798898]},"properties":{"lines":"3, 9, 10, 25, 40, 57, 22, 23","color":"#0059a9","mode":"bus","arr":["А03","А09","А10","А25","А40","А57","Тр22","Тр23","Тр25"],"tLines":"22, 23, 25","ntLines":"3, 9, 10, 25, 40, 57","angle":-81.5,"extra":1,"ei":2}},{"type":"Feature","geometry":{"type":"Point","coordinates":[24.018381,49.803631]},"properties":{"lines":"3, 9, 11, 27, 57, 23, 25, 38","color":"#0059a9","mode":"bus","arr":["А03","А09","А11","А27","А57","Тр23","Тр25","Тр38"],"tLines":"23, 25, 38","ntLines":"3, 9, 11, 27, 57","angle":-82}},{"type":"Feature","geometry":{"type":"Point","coordinates":[24.018994,49.806746]},"properties":{"lines":"3, 9, 11, 27, 57, 25","color":"#0059a9","mode":"bus","arr":["А03","А09","А11","А27","А57","Тр25"],"tLines":"25","ntLines":"3, 9, 11, 27, 57","angle":-86.4}},{"type":"Feature","geometry":{"type":"Point","coordinates":[24.019467,49.811429]},"properties":{"lines":"3, 16, 18, 27, 57, 25","color":"#0059a9","mode":"bus","arr":["А03","А16","А18","А27","А57","Тр25"],"tLines":"25","ntLines":"3, 16, 18, 27, 57","angle":-86.7}},{"type":"Feature","geometry":{"type":"Point","coordinates":[24.019229,49.8091]},"properties":{"lines":"3, 16, 18, 27, 57, 25","color":"#0059a9","mode":"bus","arr":["А03","А16","А18","А27","А57","Тр25"],"tLines":"25","ntLines":"3, 16, 18, 27, 57","angle":-86.3,"extra":1,"ei":0}},{"type":"Feature","geometry":{"type":"Point","coordinates":[24.019593,49.81287]},"properties":{"lines":"3, 16, 18, 27, 57, 25","color":"#0059a9","mode":"bus","arr":["А03","А16","А18","А27","А57","Тр25"],"tLines":"25","ntLines":"3, 16, 18, 27, 57","angle":-86.3,"extra":1,"ei":1}},{"type":"Feature","geometry":{"type":"Point","coordinates":[24.020811,49.824534]},"properties":{"lines":"3, 18, 57, 25","color":"#0059a9","mode":"bus","arr":["А03","А18","А57","Тр25"],"tLines":"25","ntLines":"3, 18, 57","angle":-86.5}},{"type":"Feature","geometry":{"type":"Point","coordinates":[24.019884,49.815643]},"properties":{"lines":"3, 18, 57, 25","color":"#0059a9","mode":"bus","arr":["А03","А18","А57","Тр25"],"tLines":"25","ntLines":"3, 18, 57","angle":-86.3,"extra":1,"ei":0}},{"type":"Feature","geometry":{"type":"Point","coordinates":[24.020073,49.817528]},"properties":{"lines":"3, 18, 57, 25","color":"#0059a9","mode":"bus","arr":["А03","А18","А57","Тр25"],"tLines":"25","ntLines":"3, 18, 57","angle":-86.2,"extra":1,"ei":1}},{"type":"Feature","geometry":{"type":"Point","coordinates":[24.020273,49.819412]},"properties":{"lines":"3, 18, 57, 25","color":"#0059a9","mode":"bus","arr":["А03","А18","А57","Тр25"],"tLines":"25","ntLines":"3, 18, 57","angle":-83.8,"extra":1,"ei":2}},{"type":"Feature","geometry":{"type":"Point","coordinates":[24.020484,49.821295]},"properties":{"lines":"3, 18, 57, 25","color":"#0059a9","mode":"bus","arr":["А03","А18","А57","Тр25"],"tLines":"25","ntLines":"3, 18, 57","angle":-86.8,"extra":1,"ei":3}},{"type":"Feature","geometry":{"type":"Point","coordinates":[24.020664,49.82318]},"properties":{"lines":"3, 18, 57, 25","color":"#0059a9","mode":"bus","arr":["А03","А18","А57","Тр25"],"tLines":"25","ntLines":"3, 18, 57","angle":-86.2,"extra":1,"ei":4}},{"type":"Feature","geometry":{"type":"Point","coordinates":[24.023685,49.825044]},"properties":{"lines":"3, 18, 57, 25","color":"#0059a9","mode":"bus","arr":["А03","А18","А57","Тр25"],"tLines":"25","ntLines":"3, 18, 57","angle":17.8,"extra":1,"ei":5}},{"type":"Feature","geometry":{"type":"Point","coordinates":[24.026152,49.825696]},"properties":{"lines":"3, 18, 57, 25","color":"#0059a9","mode":"bus","arr":["А03","А18","А57","Тр25"],"tLines":"25","ntLines":"3, 18, 57","angle":-20,"extra":1,"ei":6}},{"type":"Feature","geometry":{"type":"Point","coordinates":[24.028309,49.826914]},"properties":{"lines":"3, 18, 57, 25","color":"#0059a9","mode":"bus","arr":["А03","А18","А57","Тр25"],"tLines":"25","ntLines":"3, 18, 57","angle":-49.7,"extra":1,"ei":7}},{"type":"Feature","geometry":{"type":"Point","coordinates":[24.030782,49.827736]},"properties":{"lines":"3, 18, 57, 25","color":"#0059a9","mode":"bus","arr":["А03","А18","А57","Тр25"],"tLines":"25","ntLines":"3, 18, 57","angle":-52.6,"extra":1,"ei":8}},{"type":"Feature","geometry":{"type":"Point","coordinates":[24.03416,49.831148]},"properties":{"lines":"3, 18, 57, 25","color":"#0059a9","mode":"bus","arr":["А03","А18","А57","Тр25"],"tLines":"25","ntLines":"3, 18, 57","angle":-62.2}},{"type":"Feature","geometry":{"type":"Point","coordinates":[24.032926,49.830045]},"properties":{"lines":"3, 18, 57, 25","color":"#0059a9","mode":"bus","arr":["А03","А18","А57","Тр25"],"tLines":"25","ntLines":"3, 18, 57","angle":-41.9,"extra":1,"ei":0}},{"type":"Feature","geometry":{"type":"Point","coordinates":[24.035425,49.833785]},"properties":{"lines":"3, 18, 57","color":"#0059a9","mode":"bus","arr":["А03","А18","А57"],"angle":-80,"side":-1}},{"type":"Feature","geometry":{"type":"Point","coordinates":[24.035027,49.834507]},"properties":{"lines":"3, 15, 18, 37, 43, 46, 57","color":"#0059a9","mode":"bus","arr":["А03","А15","А18","А37","А43","А46","А57"],"angle":55.5}},{"type":"Feature","geometry":{"type":"Point","coordinates":[24.025439,49.845481]},"properties":{"lines":"3, 5, 37, 39, 57","color":"#0059a9","mode":"bus","arr":["А03","А05","А37","А39","А57"],"angle":-43.3,"side":-1}},{"type":"Feature","geometry":{"type":"Point","coordinates":[24.029886,49.83925]},"properties":{"lines":"3, 5, 15, 43, 45, 46, 47, 53, 57, 92","color":"#0059a9","mode":"bus","arr":["А03","А05","А15","А43","А45","А46","А47","А53","А57","А92"],"angle":25.7}},{"type":"Feature","geometry":{"type":"Point","coordinates":[24.031388,49.839195]},"properties":{"lines":"3, 5, 15, 43, 45, 46, 47, 53, 57, 92","color":"#0059a9","mode":"bus","arr":["А03","А05","А15","А43","А45","А46","А47","А53","А57","А92"],"angle":-13.3,"mi":2}},{"type":"Feature","geometry":{"type":"Point","coordinates":[24.032826,49.838114]},"properties":{"lines":"3, 15, 43, 46, 53, 57","color":"#0059a9","mode":"bus","arr":["А03","А15","А43","А46","А53","А57"],"angle":66.5}},{"type":"Feature","geometry":{"type":"Point","coordinates":[24.034071,49.836636]},"properties":{"lines":"3, 15, 39а, 43, 46, 53, 57","color":"#0059a9","mode":"bus","arr":["А03","А15","А39а","А43","А46","А53","А57"],"angle":36}},{"type":"Feature","geometry":{"type":"Point","coordinates":[24.035363,49.833978]},"properties":{"lines":"3, 18, 57, 25, 31","color":"#0059a9","mode":"bus","arr":["А03","А18","А57","Тр25","Тр31"],"tLines":"25, 31","ntLines":"3, 18, 57","angle":-76.9}},{"type":"Feature","geometry":{"type":"Point","coordinates":[24.015127,49.78962]},"properties":{"lines":"3, 10, 25, 40, 22, 23","color":"#0059a9","mode":"bus","arr":["А03","А10","А25","А40","Тр22","Тр23","Тр25"],"tLines":"22, 23, 25","ntLines":"3, 10, 25, 40","angle":-82,"mi":2}},{"type":"Feature","geometry":{"type":"Point","coordinates":[24.032441,49.839312]},"properties":{"lines":"5, 45, 47, 92","color":"#0059a9","mode":"bus","arr":["А05","А45","А47","А92"],"angle":-1.6}},{"type":"Feature","geometry":{"type":"Point","coordinates":[24.068352,49.836031]},"properties":{"lines":"5, 18, 29, 39, 61","color":"#0059a9","mode":"bus","arr":["А05","А18","А29","А39","А61"],"angle":7}},{"type":"Feature","geometry":{"type":"Point","coordinates":[24.069542,49.835962]},"properties":{"lines":"5, 18, 19, 23, 27, 29, 39, 40, 61","color":"#0059a9","mode":"bus","arr":["А05","А18","А19","А23","А27","А29","А39","А40","А61"],"angle":2.7}},{"type":"Feature","geometry":{"type":"Point","coordinates":[24.072504,49.835859]},"properties":{"lines":"5, 18, 19, 23, 29, 40, 61","color":"#0059a9","mode":"bus","arr":["А05","А18","А19","А23","А29","А40","А61"],"angle":3.6}},{"type":"Feature","geometry":{"type":"Point","coordinates":[24.070662,49.835936]},"properties":{"lines":"5, 18, 19, 23, 27, 29, 40, 61","color":"#0059a9","mode":"bus","arr":["А05","А18","А19","А23","А27","А29","А40","А61"],"angle":3.4}},{"type":"Feature","geometry":{"type":"Point","coordinates":[24.074587,49.835771]},"properties":{"lines":"5, 18, 19, 29, 40, 61","color":"#0059a9","mode":"bus","arr":["А05","А18","А19","А29","А40","А61"],"angle":3.8}},{"type":"Feature","geometry":{"type":"Point","coordinates":[24.086193,49.834464]},"properties":{"lines":"5, 40","color":"#0059a9","mode":"bus","arr":["А05","А40"],"angle":17.1}},{"type":"Feature","geometry":{"type":"Point","coordinates":[24.076647,49.835686]},"properties":{"lines":"5, 40","color":"#0059a9","mode":"bus","arr":["А05","А40"],"angle":3.3,"extra":1,"ei":0}},{"type":"Feature","geometry":{"type":"Point","coordinates":[24.079572,49.83558]},"properties":{"lines":"5, 40","color":"#0059a9","mode":"bus","arr":["А05","А40"],"angle":3.2,"extra":1,"ei":1}},{"type":"Feature","geometry":{"type":"Point","coordinates":[24.082426,49.835197]},"properties":{"lines":"5, 40","color":"#0059a9","mode":"bus","arr":["А05","А40"],"angle":16.6,"extra":1,"ei":2}},{"type":"Feature","geometry":{"type":"Point","coordinates":[24.088023,49.834085]},"properties":{"lines":"5, 40","color":"#0059a9","mode":"bus","arr":["А05","А40"],"angle":23.4,"extra":1,"ei":3}},{"type":"Feature","geometry":{"type":"Point","coordinates":[24.090396,49.833029]},"properties":{"lines":"5, 40","color":"#0059a9","mode":"bus","arr":["А05","А40"],"angle":48,"extra":1,"ei":4}},{"type":"Feature","geometry":{"type":"Point","coordinates":[24.092678,49.831861]},"properties":{"lines":"5, 40","color":"#0059a9","mode":"bus","arr":["А05","А40"],"angle":33.7,"extra":1,"ei":5}},{"type":"Feature","geometry":{"type":"Point","coordinates":[24.095085,49.830785]},"properties":{"lines":"5, 40","color":"#0059a9","mode":"bus","arr":["А05","А40"],"angle":36.6,"extra":1,"ei":6}},{"type":"Feature","geometry":{"type":"Point","coordinates":[24.111083,49.821529]},"properties":{"lines":"5, 40","color":"#0059a9","mode":"bus","arr":["А05","А40"],"angle":37.6}},{"type":"Feature","geometry":{"type":"Point","coordinates":[24.096668,49.829987]},"properties":{"lines":"5, 40","color":"#0059a9","mode":"bus","arr":["А05","А40"],"angle":40.8,"extra":1,"ei":0}},{"type":"Feature","geometry":{"type":"Point","coordinates":[24.098865,49.828737]},"properties":{"lines":"5, 40","color":"#0059a9","mode":"bus","arr":["А05","А40"],"angle":41.5,"extra":1,"ei":1}},{"type":"Feature","geometry":{"type":"Point","coordinates":[24.100992,49.827439]},"properties":{"lines":"5, 40","color":"#0059a9","mode":"bus","arr":["А05","А40"],"angle":46.7,"extra":1,"ei":2}},{"type":"Feature","geometry":{"type":"Point","coordinates":[24.102712,49.825916]},"properties":{"lines":"5, 40","color":"#0059a9","mode":"bus","arr":["А05","А40"],"angle":52.8,"extra":1,"ei":3}},{"type":"Feature","geometry":{"type":"Point","coordinates":[24.10464,49.824509]},"properties":{"lines":"5, 40","color":"#0059a9","mode":"bus","arr":["А05","А40"],"angle":35.2,"extra":1,"ei":4}},{"type":"Feature","geometry":{"type":"Point","coordinates":[24.107041,49.823427]},"properties":{"lines":"5, 40","color":"#0059a9","mode":"bus","arr":["А05","А40"],"angle":35,"extra":1,"ei":5}},{"type":"Feature","geometry":{"type":"Point","coordinates":[24.109438,49.82234]},"properties":{"lines":"5, 40","color":"#0059a9","mode":"bus","arr":["А05","А40"],"angle":36.4,"extra":1,"ei":6}},{"type":"Feature","geometry":{"type":"Point","coordinates":[24.113662,49.819762]},"properties":{"lines":"5, 40","color":"#0059a9","mode":"bus","arr":["А05","А40"],"angle":52.4,"extra":1,"ei":7}},{"type":"Feature","geometry":{"type":"Point","coordinates":[24.115463,49.818273]},"properties":{"lines":"5, 40","color":"#0059a9","mode":"bus","arr":["А05","А40"],"angle":50.4,"extra":1,"ei":8}},{"type":"Feature","geometry":{"type":"Point","coordinates":[24.117836,49.817204]},"properties":{"lines":"5, 40","color":"#0059a9","mode":"bus","arr":["А05","А40"],"angle":43.4,"extra":1,"ei":9}},{"type":"Feature","geometry":{"type":"Point","coordinates":[24.120191,49.816145]},"properties":{"lines":"5, 40","color":"#0059a9","mode":"bus","arr":["А05","А40"],"angle":14.9,"extra":1,"ei":10}},{"type":"Feature","geometry":{"type":"Point","coordinates":[24.123047,49.815726]},"properties":{"lines":"5, 40","color":"#0059a9","mode":"bus","arr":["А05","А40"],"angle":7.7,"extra":1,"ei":11}},{"type":"Feature","geometry":{"type":"Point","coordinates":[24.125944,49.815856]},"properties":{"lines":"5, 40","color":"#0059a9","mode":"bus","arr":["А05","А40"],"angle":-15.2,"extra":1,"ei":12}},{"type":"Feature","geometry":{"type":"Point","coordinates":[24.135699,49.816843]},"properties":{"lines":"5, 40","color":"#0059a9","mode":"bus","arr":["А05","А40"],"angle":4.6}},{"type":"Feature","geometry":{"type":"Point","coordinates":[24.130014,49.816295]},"properties":{"lines":"5, 40","color":"#0059a9","mode":"bus","arr":["А05","А40"],"angle":-31.6,"extra":1,"ei":0}},{"type":"Feature","geometry":{"type":"Point","coordinates":[24.130691,49.818039]},"properties":{"lines":"5, 40","color":"#0059a9","mode":"bus","arr":["А05","А40"],"angle":-47.9,"extra":1,"ei":1}},{"type":"Feature","geometry":{"type":"Point","coordinates":[24.133227,49.817447]},"properties":{"lines":"5, 40","color":"#0059a9","mode":"bus","arr":["А05","А40"],"angle":33.5,"extra":1,"ei":2}},{"type":"Feature","geometry":{"type":"Point","coordinates":[24.138842,49.816989]},"properties":{"lines":"5, 40","color":"#0059a9","mode":"bus","arr":["А05","А40"],"angle":-5.8,"extra":1,"ei":3}},{"type":"Feature","geometry":{"type":"Point","coordinates":[24.141753,49.8172]},"properties":{"lines":"5, 40","color":"#0059a9","mode":"bus","arr":["А05","А40"],"angle":-6.4,"extra":1,"ei":4}},{"type":"Feature","geometry":{"type":"Point","coordinates":[24.144667,49.8174]},"properties":{"lines":"5, 40","color":"#0059a9","mode":"bus","arr":["А05","А40"],"angle":-5.8,"extra":1,"ei":5}},{"type":"Feature","geometry":{"type":"Point","coordinates":[24.136367,49.815382]},"properties":{"lines":"5","color":"#0059a9","mode":"bus","arr":["А05"],"angle":25.3,"mi":2}},{"type":"Feature","geometry":{"type":"Point","coordinates":[24.137226,49.812755]},"properties":{"lines":"5","color":"#0059a9","mode":"bus","arr":["А05"],"angle":52.9}},{"type":"Feature","geometry":{"type":"Point","coordinates":[24.138951,49.810617]},"properties":{"lines":"5","color":"#0059a9","mode":"bus","arr":["А05"],"angle":-79,"mi":1}},{"type":"Feature","geometry":{"type":"Point","coordinates":[24.13615,49.803277]},"properties":{"lines":"5","color":"#0059a9","mode":"bus","arr":["А05"],"angle":-78.4,"extra":1,"ei":0}},{"type":"Feature","geometry":{"type":"Point","coordinates":[24.137014,49.805054]},"properties":{"lines":"5","color":"#0059a9","mode":"bus","arr":["А05"],"angle":-80.7,"extra":1,"ei":1}},{"type":"Feature","geometry":{"type":"Point","coordinates":[24.13711,49.806925]},"properties":{"lines":"5","color":"#0059a9","mode":"bus","arr":["А05"],"angle":80.4,"extra":1,"ei":2}},{"type":"Feature","geometry":{"type":"Point","coordinates":[24.137537,49.808596]},"properties":{"lines":"5","color":"#0059a9","mode":"bus","arr":["А05"],"angle":-38.4,"extra":1,"ei":3}},{"type":"Feature","geometry":{"type":"Point","coordinates":[24.139517,49.811997]},"properties":{"lines":"5","color":"#0059a9","mode":"bus","arr":["А05"],"angle":-72.1,"extra":1,"ei":4}},{"type":"Feature","geometry":{"type":"Point","coordinates":[24.140418,49.813788]},"properties":{"lines":"5","color":"#0059a9","mode":"bus","arr":["А05"],"angle":-86.7,"extra":1,"ei":5}},{"type":"Feature","geometry":{"type":"Point","coordinates":[24.140882,49.815595]},"properties":{"lines":"5","color":"#0059a9","mode":"bus","arr":["А05"],"angle":-47.9,"extra":1,"ei":6}},{"type":"Feature","geometry":{"type":"Point","coordinates":[24.143,49.816899]},"properties":{"lines":"5","color":"#0059a9","mode":"bus","arr":["А05"],"angle":-34.8,"extra":1,"ei":7}},{"type":"Feature","geometry":{"type":"Point","coordinates":[24.125516,49.804257]},"properties":{"lines":"5","color":"#0059a9","mode":"bus","arr":["А05"],"angle":39.1}},{"type":"Feature","geometry":{"type":"Point","coordinates":[24.134608,49.802343]},"properties":{"lines":"5","color":"#0059a9","mode":"bus","arr":["А05"],"angle":0.2,"extra":1,"ei":0}},{"type":"Feature","geometry":{"type":"Point","coordinates":[24.13168,49.80233]},"properties":{"lines":"5","color":"#0059a9","mode":"bus","arr":["А05"],"angle":2.1,"extra":1,"ei":1}},{"type":"Feature","geometry":{"type":"Point","coordinates":[24.128953,49.802906]},"properties":{"lines":"5","color":"#0059a9","mode":"bus","arr":["А05"],"angle":33.8,"extra":1,"ei":2}},{"type":"Feature","geometry":{"type":"Point","coordinates":[24.121332,49.80561]},"properties":{"lines":"5","color":"#0059a9","mode":"bus","arr":["А05"],"angle":34.9,"extra":1,"ei":3}},{"type":"Feature","geometry":{"type":"Point","coordinates":[24.119333,49.806979]},"properties":{"lines":"5","color":"#0059a9","mode":"bus","arr":["А05"],"angle":60.2,"extra":1,"ei":4}},{"type":"Feature","geometry":{"type":"Point","coordinates":[24.11963,49.808681]},"properties":{"lines":"5","color":"#0059a9","mode":"bus","arr":["А05"],"angle":-50.3,"extra":1,"ei":5}},{"type":"Feature","geometry":{"type":"Point","coordinates":[24.03243,49.84417]},"properties":{"lines":"5, 29, 37, 39, 61","color":"#0059a9","mode":"bus","arr":["А05","А29","А37","А39","А61"],"angle":7.2,"mi":2}},{"type":"Feature","geometry":{"type":"Point","coordinates":[24.030297,49.844332]},"properties":{"lines":"5, 29, 37, 39, 61","color":"#0059a9","mode":"bus","arr":["А05","А29","А37","А39","А61"],"angle":5.8}},{"type":"Feature","geometry":{"type":"Point","coordinates":[24.029513,49.844613]},"properties":{"lines":"5, 29, 37, 39, 61","color":"#0059a9","mode":"bus","arr":["А05","А29","А37","А39","А61"],"angle":61.6,"side":-1,"mi":1}},{"type":"Feature","geometry":{"type":"Point","coordinates":[23.938081,49.875713]},"properties":{"lines":"6, 12","color":"#0059a9","mode":"bus","arr":["А06","А12"],"angle":-87.6}},{"type":"Feature","geometry":{"type":"Point","coordinates":[23.938302,49.875472]},"properties":{"lines":"6, 12, 49","color":"#0059a9","mode":"bus","arr":["А06","А12","А49"],"angle":-80.7,"side":-1}},{"type":"Feature","geometry":{"type":"Point","coordinates":[23.93205,49.875254]},"properties":{"lines":"6, 11, 12, 47, 49","color":"#0059a9","mode":"bus","arr":["А06","А11","А12","А47","А49"],"angle":4.7,"mi":1}},{"type":"Feature","geometry":{"type":"Point","coordinates":[23.92864,49.873984]},"properties":{"lines":"6, 11, 12, 47, 49","color":"#0059a9","mode":"bus","arr":["А06","А11","А12","А47","А49"],"angle":-82.5,"extra":1,"ei":0}},{"type":"Feature","geometry":{"type":"Point","coordinates":[23.92992,49.875388]},"properties":{"lines":"6, 11, 12, 47, 49","color":"#0059a9","mode":"bus","arr":["А06","А11","А12","А47","А49"],"angle":4.5,"extra":1,"ei":1}},{"type":"Feature","geometry":{"type":"Point","coordinates":[23.935575,49.874611]},"properties":{"lines":"6, 11, 12, 47, 49","color":"#0059a9","mode":"bus","arr":["А06","А11","А12","А47","А49"],"angle":7.6,"extra":1,"ei":2}},{"type":"Feature","geometry":{"type":"Point","coordinates":[23.95102,49.868433]},"properties":{"lines":"6, 11, 12, 47, 49, 61","color":"#0059a9","mode":"bus","arr":["А06","А11","А12","А47","А49","А61"],"angle":23.6}},{"type":"Feature","geometry":{"type":"Point","coordinates":[23.930521,49.872701]},"properties":{"lines":"6, 11, 12, 47, 49, 61","color":"#0059a9","mode":"bus","arr":["А06","А11","А12","А47","А49","А61"],"angle":4.6,"extra":1,"ei":0}},{"type":"Feature","geometry":{"type":"Point","coordinates":[23.933441,49.872543]},"properties":{"lines":"6, 11, 12, 47, 49, 61","color":"#0059a9","mode":"bus","arr":["А06","А11","А12","А47","А49","А61"],"angle":4.9,"extra":1,"ei":1}},{"type":"Feature","geometry":{"type":"Point","coordinates":[23.936359,49.872371]},"properties":{"lines":"6, 11, 12, 47, 49, 61","color":"#0059a9","mode":"bus","arr":["А06","А11","А12","А47","А49","А61"],"angle":6.1,"extra":1,"ei":2}},{"type":"Feature","geometry":{"type":"Point","coordinates":[23.939227,49.872005]},"properties":{"lines":"6, 11, 12, 47, 49, 61","color":"#0059a9","mode":"bus","arr":["А06","А11","А12","А47","А49","А61"],"angle":15.1,"extra":1,"ei":3}},{"type":"Feature","geometry":{"type":"Point","coordinates":[23.942058,49.87152]},"properties":{"lines":"6, 11, 12, 47, 49, 61","color":"#0059a9","mode":"bus","arr":["А06","А11","А12","А47","А49","А61"],"angle":14.8,"extra":1,"ei":4}},{"type":"Feature","geometry":{"type":"Point","coordinates":[23.944817,49.870908]},"properties":{"lines":"6, 11, 12, 47, 49, 61","color":"#0059a9","mode":"bus","arr":["А06","А11","А12","А47","А49","А61"],"angle":30,"extra":1,"ei":5}},{"type":"Feature","geometry":{"type":"Point","coordinates":[23.947276,49.869883]},"properties":{"lines":"6, 11, 12, 47, 49, 61","color":"#0059a9","mode":"bus","arr":["А06","А11","А12","А47","А49","А61"],"angle":35.2,"extra":1,"ei":6}},{"type":"Feature","geometry":{"type":"Point","coordinates":[23.955023,49.86725]},"properties":{"lines":"6, 11, 12, 47, 49, 61","color":"#0059a9","mode":"bus","arr":["А06","А11","А12","А47","А49","А61"],"angle":32,"extra":1,"ei":7}},{"type":"Feature","geometry":{"type":"Point","coordinates":[23.957193,49.865989]},"properties":{"lines":"6, 11, 12, 47, 49, 61","color":"#0059a9","mode":"bus","arr":["А06","А11","А12","А47","А49","А61"],"angle":43.8,"extra":1,"ei":8}},{"type":"Feature","geometry":{"type":"Point","coordinates":[23.959339,49.864704]},"properties":{"lines":"6, 11, 12, 47, 49, 61","color":"#0059a9","mode":"bus","arr":["А06","А11","А12","А47","А49","А61"],"angle":39.8,"extra":1,"ei":9}},{"type":"Feature","geometry":{"type":"Point","coordinates":[23.961743,49.863627]},"properties":{"lines":"6, 11, 12, 47, 49, 61","color":"#0059a9","mode":"bus","arr":["А06","А11","А12","А47","А49","А61"],"angle":33,"extra":1,"ei":10}},{"type":"Feature","geometry":{"type":"Point","coordinates":[23.964215,49.862613]},"properties":{"lines":"6, 11, 12, 47, 49, 61","color":"#0059a9","mode":"bus","arr":["А06","А11","А12","А47","А49","А61"],"angle":32.3,"extra":1,"ei":11}},{"type":"Feature","geometry":{"type":"Point","coordinates":[23.966687,49.8616]},"properties":{"lines":"6, 11, 12, 47, 49, 61","color":"#0059a9","mode":"bus","arr":["А06","А11","А12","А47","А49","А61"],"angle":32.8,"extra":1,"ei":12}},{"type":"Feature","geometry":{"type":"Point","coordinates":[23.969144,49.860572]},"properties":{"lines":"6, 11, 12, 47, 49, 61","color":"#0059a9","mode":"bus","arr":["А06","А11","А12","А47","А49","А61"],"angle":32.3,"extra":1,"ei":13}},{"type":"Feature","geometry":{"type":"Point","coordinates":[23.978576,49.856673]},"properties":{"lines":"6, 11, 12, 47, 49, 61, 67","color":"#0059a9","mode":"bus","arr":["А06","А11","А12","А47","А49","А61","А67"],"angle":33.8}},{"type":"Feature","geometry":{"type":"Point","coordinates":[23.971595,49.859567]},"properties":{"lines":"6, 11, 12, 47, 49, 61, 67","color":"#0059a9","mode":"bus","arr":["А06","А11","А12","А47","А49","А61","А67"],"angle":32.6,"extra":1,"ei":0}},{"type":"Feature","geometry":{"type":"Point","coordinates":[23.97406,49.858547]},"properties":{"lines":"6, 11, 12, 47, 49, 61, 67","color":"#0059a9","mode":"bus","arr":["А06","А11","А12","А47","А49","А61","А67"],"angle":32.7,"extra":1,"ei":1}},{"type":"Feature","geometry":{"type":"Point","coordinates":[23.976526,49.857527]},"properties":{"lines":"6, 11, 12, 47, 49, 61, 67","color":"#0059a9","mode":"bus","arr":["А06","А11","А12","А47","А49","А61","А67"],"angle":32.7,"extra":1,"ei":2}},{"type":"Feature","geometry":{"type":"Point","coordinates":[23.981417,49.855447]},"properties":{"lines":"6, 11, 12, 47, 49, 61, 67","color":"#0059a9","mode":"bus","arr":["А06","А11","А12","А47","А49","А61","А67"],"angle":32.8,"extra":1,"ei":3}},{"type":"Feature","geometry":{"type":"Point","coordinates":[23.983869,49.854414]},"properties":{"lines":"6, 11, 12, 47, 49, 61, 67","color":"#0059a9","mode":"bus","arr":["А06","А11","А12","А47","А49","А61","А67"],"angle":33.2,"extra":1,"ei":4}},{"type":"Feature","geometry":{"type":"Point","coordinates":[23.986398,49.853474]},"properties":{"lines":"6, 11, 12, 47, 49, 61, 67","color":"#0059a9","mode":"bus","arr":["А06","А11","А12","А47","А49","А61","А67"],"angle":12.1,"extra":1,"ei":5,"side":-1}},{"type":"Feature","geometry":{"type":"Point","coordinates":[23.928746,49.872889]},"properties":{"lines":"6, 11, 12, 47, 49","color":"#0059a9","mode":"bus","arr":["А06","А11","А12","А47","А49"],"angle":35.5}},{"type":"Feature","geometry":{"type":"Point","coordinates":[24.052588,49.871854]},"properties":{"lines":"7, 12, 19, 31, 34, 39, 41, 51, 56","color":"#0059a9","mode":"bus","arr":["А07","А12","А19","А31","А34","А39","А41","А51","А56"],"angle":34.1}},{"type":"Feature","geometry":{"type":"Point","coordinates":[24.054256,49.871119]},"properties":{"lines":"7, 12, 19, 31, 34, 39, 41, 51, 56","color":"#0059a9","mode":"bus","arr":["А07","А12","А19","А31","А34","А39","А41","А51","А56"],"angle":33.9,"extra":1,"ei":0}},{"type":"Feature","geometry":{"type":"Point","coordinates":[24.045903,49.872792]},"properties":{"lines":"7, 12, 19, 31, 34, 41, 51, 56","color":"#0059a9","mode":"bus","arr":["А07","А12","А19","А31","А34","А41","А51","А56"],"angle":-8.7}},{"type":"Feature","geometry":{"type":"Point","coordinates":[24.043624,49.872499]},"properties":{"lines":"7, 12, 19, 31, 34, 41, 51, 56","color":"#0059a9","mode":"bus","arr":["А07","А12","А19","А31","А34","А41","А51","А56"],"angle":-14.5,"extra":1,"ei":0}},{"type":"Feature","geometry":{"type":"Point","coordinates":[24.049399,49.873088]},"properties":{"lines":"7, 12, 19, 31, 34, 41, 51, 56","color":"#0059a9","mode":"bus","arr":["А07","А12","А19","А31","А34","А41","А51","А56"],"angle":4,"extra":1,"ei":1}},{"type":"Feature","geometry":{"type":"Point","coordinates":[24.032566,49.870673]},"properties":{"lines":"7, 12, 17, 31, 34, 41, 46, 51, 55, 56, 84","color":"#0059a9","mode":"bus","arr":["А07","А12","А17","А31","А34","А41","А46","А51","А55","А56","А84"],"angle":-14.7,"mi":2}},{"type":"Feature","geometry":{"type":"Point","coordinates":[24.040788,49.872025]},"properties":{"lines":"7, 12, 17, 31, 34, 41, 46, 51, 55, 56, 84","color":"#0059a9","mode":"bus","arr":["А07","А12","А17","А31","А34","А41","А46","А51","А55","А56","А84"],"angle":-14.2,"extra":1,"ei":0}},{"type":"Feature","geometry":{"type":"Point","coordinates":[24.03795,49.871558]},"properties":{"lines":"7, 12, 17, 31, 34, 41, 46, 51, 55, 56, 84","color":"#0059a9","mode":"bus","arr":["А07","А12","А17","А31","А34","А41","А46","А51","А55","А56","А84"],"angle":-14.4,"extra":1,"ei":1}},{"type":"Feature","geometry":{"type":"Point","coordinates":[24.035112,49.871089]},"properties":{"lines":"7, 12, 17, 31, 34, 41, 46, 51, 55, 56, 84","color":"#0059a9","mode":"bus","arr":["А07","А12","А17","А31","А34","А41","А46","А51","А55","А56","А84"],"angle":-14.2,"extra":1,"ei":2}},{"type":"Feature","geometry":{"type":"Point","coordinates":[24.029433,49.870157]},"properties":{"lines":"7, 12, 17, 31, 34, 41, 46, 51, 55, 56, 84","color":"#0059a9","mode":"bus","arr":["А07","А12","А17","А31","А34","А41","А46","А51","А55","А56","А84"],"angle":-14.4,"extra":1,"ei":3}},{"type":"Feature","geometry":{"type":"Point","coordinates":[24.026594,49.869691]},"properties":{"lines":"7, 12, 17, 31, 34, 41, 46, 51, 55, 56, 84","color":"#0059a9","mode":"bus","arr":["А07","А12","А17","А31","А34","А41","А46","А51","А55","А56","А84"],"angle":-14.2,"extra":1,"ei":4}},{"type":"Feature","geometry":{"type":"Point","coordinates":[24.023755,49.869224]},"properties":{"lines":"7, 12, 17, 31, 34, 41, 46, 51, 55, 56, 84","color":"#0059a9","mode":"bus","arr":["А07","А12","А17","А31","А34","А41","А46","А51","А55","А56","А84"],"angle":-9.5,"extra":1,"ei":5}},{"type":"Feature","geometry":{"type":"Point","coordinates":[24.021181,49.870028]},"properties":{"lines":"7, 12, 17, 31, 34, 41, 46, 51, 55, 56, 84","color":"#0059a9","mode":"bus","arr":["А07","А12","А17","А31","А34","А41","А46","А51","А55","А56","А84"],"angle":34.1}},{"type":"Feature","geometry":{"type":"Point","coordinates":[24.019122,49.870812]},"properties":{"lines":"7, 12, 17, 31, 34, 41, 46, 51, 55, 56, 84","color":"#0059a9","mode":"bus","arr":["А07","А12","А17","А31","А34","А41","А46","А51","А55","А56","А84"],"angle":-14.7,"side":-1,"mi":1}},{"type":"Feature","geometry":{"type":"Point","coordinates":[24.018247,49.869363]},"properties":{"lines":"7, 8а, 12, 17, 22, 31, 34, 41, 46, 51, 55, 56, 84","color":"#0059a9","mode":"bus","arr":["А07","А08а","А12","А17","А22","А31","А34","А41","А46","А51","А55","А56","А84"],"angle":-73.9}},{"type":"Feature","geometry":{"type":"Point","coordinates":[24.016646,49.867916]},"properties":{"lines":"7, 8а, 12, 17, 22, 31, 41, 46, 51, 55, 56, 84","color":"#0059a9","mode":"bus","arr":["А07","А08а","А12","А17","А22","А31","А41","А46","А51","А55","А56","А84"],"angle":-44.6}},{"type":"Feature","geometry":{"type":"Point","coordinates":[24.016087,49.866809]},"properties":{"lines":"7, 8а, 12, 17, 21, 31, 37, 41, 46, 47, 55, 56, 84","color":"#0059a9","mode":"bus","arr":["А07","А08а","А12","А17","А21","А31","А37","А41","А46","А47","А55","А56","А84"],"angle":72.3}},{"type":"Feature","geometry":{"type":"Point","coordinates":[24.018829,49.861652]},"properties":{"lines":"7, 8а, 17, 21, 22, 31, 34, 37, 41, 46, 47, 51, 52, 55, 56, 84","color":"#0059a9","mode":"bus","arr":["А07","А08а","А17","А21","А22","А31","А34","А37","А41","А46","А47","А51","А52","А55","А56","А84"],"angle":71,"side":-1}},{"type":"Feature","geometry":{"type":"Point","coordinates":[24.016748,49.865543]},"properties":{"lines":"7, 8а, 17, 21, 22, 31, 34, 37, 41, 46, 47, 51, 52, 55, 56, 84","color":"#0059a9","mode":"bus","arr":["А07","А08а","А17","А21","А22","А31","А34","А37","А41","А46","А47","А51","А52","А55","А56","А84"],"angle":71.6,"extra":1,"ei":0,"side":-1}},{"type":"Feature","geometry":{"type":"Point","coordinates":[24.017705,49.863758]},"properties":{"lines":"7, 8а, 17, 21, 22, 31, 34, 37, 41, 46, 47, 51, 52, 55, 56, 84","color":"#0059a9","mode":"bus","arr":["А07","А08а","А17","А21","А22","А31","А34","А37","А41","А46","А47","А51","А52","А55","А56","А84"],"angle":70.8,"extra":1,"ei":1,"side":-1}},{"type":"Feature","geometry":{"type":"Point","coordinates":[24.019612,49.860187]},"properties":{"lines":"7, 8а, 17, 21, 22, 31, 34, 37, 41, 46, 47, 51, 52, 55, 56, 84","color":"#0059a9","mode":"bus","arr":["А07","А08а","А17","А21","А22","А31","А34","А37","А41","А46","А47","А51","А52","А55","А56","А84"],"angle":70,"extra":1,"ei":2,"side":-1}},{"type":"Feature","geometry":{"type":"Point","coordinates":[24.020559,49.8584]},"properties":{"lines":"7, 8а, 17, 21, 22, 31, 34, 37, 41, 46, 47, 51, 52, 55, 56, 84","color":"#0059a9","mode":"bus","arr":["А07","А08а","А17","А21","А22","А31","А34","А37","А41","А46","А47","А51","А52","А55","А56","А84"],"angle":71.2,"extra":1,"ei":3,"side":-1}},{"type":"Feature","geometry":{"type":"Point","coordinates":[24.0034,49.837583]},"properties":{"lines":"7, 20, 25, 34, 51, 84, 22, 27, 30, 32, 38","color":"#0059a9","mode":"bus","arr":["А07","А20","А25","А34","А51","А84","Тр22","Тр27","Тр30","Тр32","Тр38"],"tLines":"22, 27, 30, 32, 38","ntLines":"7, 20, 25, 34, 51, 84","angle":-9.6}},{"type":"Feature","geometry":{"type":"Point","coordinates":[24.00149,49.836732]},"properties":{"lines":"7, 10, 15, 20, 25, 33, 34, 43, 51, 52, 84, 92, 22, 27, 30, 32, 38","color":"#0059a9","mode":"bus","arr":["А07","А10","А15","А20","А25","А33","А34","А43","А51","А52","А84","А92","Тр22","Тр27","Тр30","Тр32","Тр38"],"tLines":"22, 27, 30, 32, 38","ntLines":"7, 10, 15, 20, 25, 33, 34, 43, 51, 52, 84, 92","angle":-24.8}},{"type":"Feature","geometry":{"type":"Point","coordinates":[23.992049,49.835544]},"properties":{"lines":"7, 10, 15, 16, 20, 25, 32, 33, 34, 43, 49, 51, 52, 84, 92, 22, 27, 30, 38","color":"#0059a9","mode":"bus","arr":["А07","А10","А15","А16","А20","А25","А32","А33","А34","А43","А49","А51","А52","А84","А92","Тр22","Тр27","Тр30","Тр32","Тр38"],"tLines":"22, 27, 30, 32, 38","ntLines":"7, 10, 15, 16, 20, 25, 32, 33, 34, 43, 49, 51, 52, 84, 92","angle":2}},{"type":"Feature","geometry":{"type":"Point","coordinates":[24.000185,49.836502]},"properties":{"lines":"7, 10, 15, 16, 20, 25, 32, 33, 34, 43, 49, 51, 52, 84, 92, 22, 27, 30, 38","color":"#0059a9","mode":"bus","arr":["А07","А10","А15","А16","А20","А25","А32","А33","А34","А43","А49","А51","А52","А84","А92","Тр22","Тр27","Тр30","Тр32","Тр38"],"tLines":"22, 27, 30, 32, 38","ntLines":"7, 10, 15, 16, 20, 25, 32, 33, 34, 43, 49, 51, 52, 84, 92","angle":-14.6,"mi":1}},{"type":"Feature","geometry":{"type":"Point","coordinates":[23.998736,49.836257]},"properties":{"lines":"7, 10, 16, 20, 25, 32, 33, 34, 43, 49, 51, 52, 84, 92, 22, 27, 30, 38","color":"#0059a9","mode":"bus","arr":["А07","А10","А16","А20","А25","А32","А33","А34","А43","А49","А51","А52","А84","А92","Тр22","Тр27","Тр30","Тр32","Тр38"],"tLines":"22, 27, 30, 32, 38","ntLines":"7, 10, 16, 20, 25, 32, 33, 34, 43, 49, 51, 52, 84, 92","angle":-15.2}},{"type":"Feature","geometry":{"type":"Point","coordinates":[23.996924,49.835936]},"properties":{"lines":"7, 10, 16, 20, 25, 32, 33, 34, 43, 49, 52, 84, 92, 22, 27, 30, 38","color":"#0059a9","mode":"bus","arr":["А07","А10","А16","А20","А25","А32","А33","А34","А43","А49","А52","А84","А92","Тр22","Тр27","Тр30","Тр32","Тр38"],"tLines":"22, 27, 30, 32, 38","ntLines":"7, 10, 16, 20, 25, 32, 33, 34, 43, 49, 52, 84, 92","angle":-15.4}},{"type":"Feature","geometry":{"type":"Point","coordinates":[23.995091,49.83561]},"properties":{"lines":"7, 10, 15, 16, 20, 25, 32, 33, 34, 43, 49, 52, 84, 92, 22, 27, 30, 38","color":"#0059a9","mode":"bus","arr":["А07","А10","А15","А16","А20","А25","А32","А33","А34","А43","А49","А52","А84","А92","Тр22","Тр27","Тр30","Тр32","Тр38"],"tLines":"22, 27, 30, 32, 38","ntLines":"7, 10, 15, 16, 20, 25, 32, 33, 34, 43, 49, 52, 84, 92","angle":-15.4}},{"type":"Feature","geometry":{"type":"Point","coordinates":[23.990786,49.831741]},"properties":{"lines":"7, 10, 25, 33, 51, 22, 30, 38","color":"#0059a9","mode":"bus","arr":["А07","А10","А25","А33","А51","Тр22","Тр30","Тр38"],"tLines":"22, 30, 38","ntLines":"7, 10, 25, 33, 51","angle":-89.4}},{"type":"Feature","geometry":{"type":"Point","coordinates":[23.990782,49.833731]},"properties":{"lines":"7, 10, 25, 33, 51, 22, 30, 38","color":"#0059a9","mode":"bus","arr":["А07","А10","А25","А33","А51","Тр22","Тр30","Тр38"],"tLines":"22, 30, 38","ntLines":"7, 10, 25, 33, 51","angle":-88.6,"extra":1,"ei":0,"side":-1}},{"type":"Feature","geometry":{"type":"Point","coordinates":[23.990438,49.82997]},"properties":{"lines":"7, 10, 25, 33, 51, 22, 30, 38","color":"#0059a9","mode":"bus","arr":["А07","А10","А25","А33","А51","Тр22","Тр30","Тр38"],"tLines":"22, 30, 38","ntLines":"7, 10, 25, 33, 51","angle":-81.9,"extra":1,"ei":1}},{"type":"Feature","geometry":{"type":"Point","coordinates":[23.989996,49.827116]},"properties":{"lines":"7, 10, 25, 22, 38","color":"#0059a9","mode":"bus","arr":["А07","А10","А25","Тр22","Тр38"],"tLines":"22, 38","ntLines":"7, 10, 25","angle":-85.9}},{"type":"Feature","geometry":{"type":"Point","coordinates":[23.988228,49.820114]},"properties":{"lines":"7, 10, 22, 38","color":"#0059a9","mode":"bus","arr":["А07","А10","Тр22","Тр38"],"tLines":"22, 38","ntLines":"7, 10","angle":-77.1}},{"type":"Feature","geometry":{"type":"Point","coordinates":[23.989531,49.824468]},"properties":{"lines":"7, 10, 22, 38","color":"#0059a9","mode":"bus","arr":["А07","А10","Тр22","Тр38"],"tLines":"22, 38","ntLines":"7, 10","angle":-80,"extra":1,"ei":0}},{"type":"Feature","geometry":{"type":"Point","coordinates":[23.989011,49.822609]},"properties":{"lines":"7, 10, 22, 38","color":"#0059a9","mode":"bus","arr":["А07","А10","Тр22","Тр38"],"tLines":"22, 38","ntLines":"7, 10","angle":-79.5,"extra":1,"ei":1}},{"type":"Feature","geometry":{"type":"Point","coordinates":[23.987788,49.818916]},"properties":{"lines":"7, 10, 22, 38","color":"#0059a9","mode":"bus","arr":["А07","А10","Тр22","Тр38"],"tLines":"22, 38","ntLines":"7, 10","angle":-73.3,"extra":1,"ei":2}},{"type":"Feature","geometry":{"type":"Point","coordinates":[23.98682,49.817134]},"properties":{"lines":"7, 10, 22, 38","color":"#0059a9","mode":"bus","arr":["А07","А10","Тр22","Тр38"],"tLines":"22, 38","ntLines":"7, 10","angle":-70.1,"extra":1,"ei":3}},{"type":"Feature","geometry":{"type":"Point","coordinates":[23.985833,49.815356]},"properties":{"lines":"7, 10, 22, 38","color":"#0059a9","mode":"bus","arr":["А07","А10","Тр22","Тр38"],"tLines":"22, 38","ntLines":"7, 10","angle":-70.1,"extra":1,"ei":4}},{"type":"Feature","geometry":{"type":"Point","coordinates":[23.984887,49.813684]},"properties":{"lines":"7, 10, 33, 22, 38","color":"#0059a9","mode":"bus","arr":["А07","А10","А33","Тр22","Тр38"],"tLines":"22, 38","ntLines":"7, 10, 33","angle":-70.6}},{"type":"Feature","geometry":{"type":"Point","coordinates":[23.984823,49.812057]},"properties":{"lines":"7, 10, 11, 14, 16, 18, 21, 23, 33, 48, 51, 38","color":"#0059a9","mode":"bus","arr":["А07","А10","А11","А14","А16","А18","А21","А23","А33","А48","А51","Тр38"],"tLines":"38","ntLines":"7, 10, 11, 14, 16, 18, 21, 23, 33, 48, 51","angle":36.9}},{"type":"Feature","geometry":{"type":"Point","coordinates":[23.984764,49.81183]},"properties":{"lines":"7, 10, 11, 14, 16, 18, 21, 23, 33, 48, 51, 38","color":"#0059a9","mode":"bus","arr":["А07","А10","А11","А14","А16","А18","А21","А23","А33","А48","А51","Тр23","Тр38"],"tLines":"23, 38","ntLines":"7, 10, 11, 14, 16, 18, 21, 23, 33, 48, 51","angle":-19,"side":-1}},{"type":"Feature","geometry":{"type":"Point","coordinates":[23.983601,49.811281]},"properties":{"lines":"7, 10, 11, 14, 18, 21, 23, 25, 27, 32, 33, 51, 22","color":"#0059a9","mode":"bus","arr":["А07","А10","А11","А14","А18","А21","А23","А25","А27","А32","А33","А51","Тр22","Тр23"],"tLines":"22, 23","ntLines":"7, 10, 11, 14, 18, 21, 23, 25, 27, 32, 33, 51","angle":-0.6}},{"type":"Feature","geometry":{"type":"Point","coordinates":[23.982314,49.808797]},"properties":{"lines":"7, 10, 14, 23, 25, 27, 32, 33, 22","color":"#0059a9","mode":"bus","arr":["А07","А10","А14","А23","А25","А27","А32","А33","Тр22"],"tLines":"22","ntLines":"7, 10, 14, 23, 25, 27, 32, 33","angle":-75.9}},{"type":"Feature","geometry":{"type":"Point","coordinates":[23.983075,49.81037]},"properties":{"lines":"7, 10, 14, 23, 25, 27, 32, 33, 22","color":"#0059a9","mode":"bus","arr":["А07","А10","А14","А23","А25","А27","А32","А33","Тр22"],"tLines":"22","ntLines":"7, 10, 14, 23, 25, 27, 32, 33","angle":-70.3,"extra":1,"ei":0}},{"type":"Feature","geometry":{"type":"Point","coordinates":[23.981643,49.806717]},"properties":{"lines":"7, 10, 14, 23, 25, 27, 32, 33, 22","color":"#0059a9","mode":"bus","arr":["А07","А10","А14","А23","А25","А27","А32","А33","Тр22"],"tLines":"22","ntLines":"7, 10, 14, 23, 25, 27, 32, 33","angle":-81.9,"extra":1,"ei":1}},{"type":"Feature","geometry":{"type":"Point","coordinates":[23.991095,49.804737]},"properties":{"lines":"7, 10, 14, 23, 25, 27, 32, 33, 45, 51, 22","color":"#0059a9","mode":"bus","arr":["А07","А10","А14","А23","А25","А27","А32","А33","А45","А51","Тр22"],"tLines":"22","ntLines":"7, 10, 14, 23, 25, 27, 32, 33, 45, 51","angle":9,"mi":3}},{"type":"Feature","geometry":{"type":"Point","coordinates":[23.984163,49.805261]},"properties":{"lines":"7, 10, 14, 23, 25, 27, 32, 33, 45, 51, 22","color":"#0059a9","mode":"bus","arr":["А07","А10","А14","А23","А25","А27","А32","А33","А45","А51","Тр22"],"tLines":"22","ntLines":"7, 10, 14, 23, 25, 27, 32, 33, 45, 51","angle":9.1,"side":-1,"mi":2}},{"type":"Feature","geometry":{"type":"Point","coordinates":[23.986116,49.80506]},"properties":{"lines":"7, 10, 14, 23, 25, 27, 32, 33, 45, 51, 22","color":"#0059a9","mode":"bus","arr":["А07","А10","А14","А23","А25","А27","А32","А33","А45","А51","Тр22"],"tLines":"22","ntLines":"7, 10, 14, 23, 25, 27, 32, 33, 45, 51","angle":9.1,"extra":1,"ei":0}},{"type":"Feature","geometry":{"type":"Point","coordinates":[23.9952,49.804163]},"properties":{"lines":"7, 10, 14, 23, 25, 27, 32, 33, 45, 51, 22","color":"#0059a9","mode":"bus","arr":["А07","А10","А14","А23","А25","А27","А32","А33","А45","А51","Тр22"],"tLines":"22","ntLines":"7, 10, 14, 23, 25, 27, 32, 33, 45, 51","angle":8.8,"extra":1,"ei":0,"side":-1}},{"type":"Feature","geometry":{"type":"Point","coordinates":[23.988368,49.805015]},"properties":{"lines":"7, 10, 14, 23, 25, 27, 32, 33, 45, 51, 22","color":"#0059a9","mode":"bus","arr":["А07","А10","А14","А23","А25","А27","А32","А33","А45","А51","Тр22"],"tLines":"22","ntLines":"7, 10, 14, 23, 25, 27, 32, 33, 45, 51","angle":9,"extra":1,"ei":0}},{"type":"Feature","geometry":{"type":"Point","coordinates":[23.987472,49.804836]},"properties":{"lines":"7, 10, 14, 23, 25, 27, 32, 33, 45, 51, 22","color":"#0059a9","mode":"bus","arr":["А07","А10","А14","А23","А25","А27","А32","А33","А45","А51","Тр22"],"tLines":"22","ntLines":"7, 10, 14, 23, 25, 27, 32, 33, 45, 51","angle":9.3,"side":-1}},{"type":"Feature","geometry":{"type":"Point","coordinates":[23.986041,49.805393]},"properties":{"lines":"7, 10, 14, 23, 25, 27, 32, 33, 45, 51, 22","color":"#0059a9","mode":"bus","arr":["А07","А10","А14","А23","А25","А27","А32","А33","А45","А51","Тр22"],"tLines":"22","ntLines":"7, 10, 14, 23, 25, 27, 32, 33, 45, 51","angle":9,"mi":1}},{"type":"Feature","geometry":{"type":"Point","coordinates":[23.988883,49.804682]},"properties":{"lines":"7, 10, 14, 23, 25, 27, 32, 45, 51, 22","color":"#0059a9","mode":"bus","arr":["А07","А10","А14","А23","А25","А27","А32","А45","А51","Тр22"],"tLines":"22","ntLines":"7, 10, 14, 23, 25, 27, 32, 45, 51","angle":10.8,"side":-1,"mi":1}},{"type":"Feature","geometry":{"type":"Point","coordinates":[23.993334,49.80421]},"properties":{"lines":"7, 10, 14, 23, 25, 27, 32, 45, 51, 22","color":"#0059a9","mode":"bus","arr":["А07","А10","А14","А23","А25","А27","А32","А45","А51","Тр22"],"tLines":"22","ntLines":"7, 10, 14, 23, 25, 27, 32, 45, 51","angle":9.1,"side":-1}},{"type":"Feature","geometry":{"type":"Point","coordinates":[23.991086,49.804444]},"properties":{"lines":"7, 23, 25, 45","color":"#0059a9","mode":"bus","arr":["А07","А23","А25","А45"],"angle":9.2,"side":-1}},{"type":"Feature","geometry":{"type":"Point","coordinates":[23.997792,49.803883]},"properties":{"lines":"7, 10, 14, 23, 25, 27, 32, 33, 41, 45, 51, 22","color":"#0059a9","mode":"bus","arr":["А07","А10","А14","А23","А25","А27","А32","А33","А41","А45","А51","Тр22"],"tLines":"22","ntLines":"7, 10, 14, 23, 25, 27, 32, 33, 41, 45, 51","angle":9.3,"side":-1}},{"type":"Feature","geometry":{"type":"Point","coordinates":[23.999909,49.803669]},"properties":{"lines":"7, 10, 14, 23, 25, 27, 32, 33, 41, 45, 51, 22","color":"#0059a9","mode":"bus","arr":["А07","А10","А14","А23","А25","А27","А32","А33","А41","А45","А51","Тр22"],"tLines":"22","ntLines":"7, 10, 14, 23, 25, 27, 32, 33, 41, 45, 51","angle":8.8,"extra":1,"ei":0,"side":-1}},{"type":"Feature","geometry":{"type":"Point","coordinates":[23.999644,49.803878]},"properties":{"lines":"7, 10, 14, 23, 25, 27, 32, 33, 41, 45, 22","color":"#0059a9","mode":"bus","arr":["А07","А10","А14","А23","А25","А27","А32","А33","А41","А45","Тр22"],"tLines":"22","ntLines":"7, 10, 14, 23, 25, 27, 32, 33, 41, 45","angle":8.2}},{"type":"Feature","geometry":{"type":"Point","coordinates":[24.009116,49.802899]},"properties":{"lines":"7, 10, 14, 23, 25, 27, 32, 41, 22","color":"#0059a9","mode":"bus","arr":["А07","А10","А14","А23","А25","А27","А32","А41","Тр22"],"tLines":"22","ntLines":"7, 10, 14, 23, 25, 27, 32, 41","angle":9.1}},{"type":"Feature","geometry":{"type":"Point","coordinates":[24.001619,49.803491]},"properties":{"lines":"7, 10, 14, 23, 25, 27, 32, 41, 22","color":"#0059a9","mode":"bus","arr":["А07","А10","А14","А23","А25","А27","А32","А41","Тр22"],"tLines":"22","ntLines":"7, 10, 14, 23, 25, 27, 32, 41","angle":9.3,"extra":1,"ei":0,"side":-1}},{"type":"Feature","geometry":{"type":"Point","coordinates":[24.004514,49.803199]},"properties":{"lines":"7, 10, 14, 23, 25, 27, 32, 41, 22","color":"#0059a9","mode":"bus","arr":["А07","А10","А14","А23","А25","А27","А32","А41","Тр22"],"tLines":"22","ntLines":"7, 10, 14, 23, 25, 27, 32, 41","angle":8.8,"extra":1,"ei":1,"side":-1}},{"type":"Feature","geometry":{"type":"Point","coordinates":[24.013197,49.802322]},"properties":{"lines":"7, 10, 14, 23, 25, 27, 32, 41, 22","color":"#0059a9","mode":"bus","arr":["А07","А10","А14","А23","А25","А27","А32","А41","Тр22"],"tLines":"22","ntLines":"7, 10, 14, 23, 25, 27, 32, 41","angle":8.8,"extra":1,"ei":2,"side":-1}},{"type":"Feature","geometry":{"type":"Point","coordinates":[24.01655,49.802064]},"properties":{"lines":"7, 10, 14, 23, 25, 27, 32, 41, 22","color":"#0059a9","mode":"bus","arr":["А07","А10","А14","А23","А25","А27","А32","А41","Тр22"],"tLines":"22","ntLines":"7, 10, 14, 23, 25, 27, 32, 41","angle":8.7,"extra":1,"ei":0}},{"type":"Feature","geometry":{"type":"Point","coordinates":[24.022967,49.80138]},"properties":{"lines":"7, 11, 14, 23, 32, 40, 41, 38","color":"#0059a9","mode":"bus","arr":["А07","А11","А14","А23","А32","А40","А41","Тр38"],"tLines":"38","ntLines":"7, 11, 14, 23, 32, 40, 41","angle":7.5}},{"type":"Feature","geometry":{"type":"Point","coordinates":[24.020103,49.801687]},"properties":{"lines":"7, 11, 14, 23, 32, 40, 41, 38","color":"#0059a9","mode":"bus","arr":["А07","А11","А14","А23","А32","А40","А41","Тр38"],"tLines":"38","ntLines":"7, 11, 14, 23, 32, 40, 41","angle":10.3,"mi":1}},{"type":"Feature","geometry":{"type":"Point","coordinates":[24.041121,49.800646]},"properties":{"lines":"7, 11, 14, 23, 32, 40, 41, 38","color":"#0059a9","mode":"bus","arr":["А07","А11","А14","А23","А32","А40","А41","Тр38"],"tLines":"38","ntLines":"7, 11, 14, 23, 32, 40, 41","angle":-19.9,"extra":1,"ei":0}},{"type":"Feature","geometry":{"type":"Point","coordinates":[24.038319,49.800104]},"properties":{"lines":"7, 11, 14, 23, 32, 40, 41, 38","color":"#0059a9","mode":"bus","arr":["А07","А11","А14","А23","А32","А40","А41","Тр38"],"tLines":"38","ntLines":"7, 11, 14, 23, 32, 40, 41","angle":-10.7,"extra":1,"ei":1}},{"type":"Feature","geometry":{"type":"Point","coordinates":[24.03541,49.799913]},"properties":{"lines":"7, 11, 14, 23, 32, 40, 41, 38","color":"#0059a9","mode":"bus","arr":["А07","А11","А14","А23","А32","А40","А41","Тр38"],"tLines":"38","ntLines":"7, 11, 14, 23, 32, 40, 41","angle":0.1,"extra":1,"ei":2}},{"type":"Feature","geometry":{"type":"Point","coordinates":[24.0325,49.800108]},"properties":{"lines":"7, 11, 14, 23, 32, 40, 41, 38","color":"#0059a9","mode":"bus","arr":["А07","А11","А14","А23","А32","А40","А41","Тр38"],"tLines":"38","ntLines":"7, 11, 14, 23, 32, 40, 41","angle":9.8,"extra":1,"ei":3}},{"type":"Feature","geometry":{"type":"Point","coordinates":[24.029617,49.800441]},"properties":{"lines":"7, 11, 14, 23, 32, 40, 41, 38","color":"#0059a9","mode":"bus","arr":["А07","А11","А14","А23","А32","А40","А41","Тр38"],"tLines":"38","ntLines":"7, 11, 14, 23, 32, 40, 41","angle":10.6,"extra":1,"ei":4}},{"type":"Feature","geometry":{"type":"Point","coordinates":[24.026737,49.800789]},"properties":{"lines":"7, 11, 14, 23, 32, 40, 41, 38","color":"#0059a9","mode":"bus","arr":["А07","А11","А14","А23","А32","А40","А41","Тр38"],"tLines":"38","ntLines":"7, 11, 14, 23, 32, 40, 41","angle":10.6,"extra":1,"ei":5}},{"type":"Feature","geometry":{"type":"Point","coordinates":[24.043449,49.801418]},"properties":{"lines":"7, 11, 14, 23, 32, 40, 41, 38","color":"#0059a9","mode":"bus","arr":["А07","А11","А14","А23","А32","А40","А41","Тр38"],"tLines":"38","ntLines":"7, 11, 14, 23, 32, 40, 41","angle":-20.9,"extra":1,"ei":6}},{"type":"Feature","geometry":{"type":"Point","coordinates":[24.044892,49.800302]},"properties":{"lines":"7, 11, 14, 23, 32, 40, 41","color":"#0059a9","mode":"bus","arr":["А07","А11","А14","А23","А32","А40","А41"],"angle":38.4,"mi":3}},{"type":"Feature","geometry":{"type":"Point","coordinates":[24.045446,49.802747]},"properties":{"lines":"7, 11, 14, 23, 32, 40, 41","color":"#0059a9","mode":"bus","arr":["А07","А11","А14","А23","А32","А40","А41"],"angle":-61.6}},{"type":"Feature","geometry":{"type":"Point","coordinates":[24.047496,49.799371]},"properties":{"lines":"7, 11, 14, 23, 32, 37, 40, 41","color":"#0059a9","mode":"bus","arr":["А07","А11","А14","А23","А32","А37","А40","А41"],"angle":31.7,"side":-1}},{"type":"Feature","geometry":{"type":"Point","coordinates":[24.055188,49.795671]},"properties":{"lines":"7, 11, 14, 16, 23, 32, 37, 40, 41, 53","color":"#0059a9","mode":"bus","arr":["А07","А11","А14","А16","А23","А32","А37","А40","А41","А53"],"angle":37.1}},{"type":"Feature","geometry":{"type":"Point","coordinates":[24.053512,49.796545]},"properties":{"lines":"7, 11, 14, 16, 23, 32, 37, 40, 41, 53","color":"#0059a9","mode":"bus","arr":["А07","А11","А14","А16","А23","А32","А37","А40","А41","А53"],"angle":39.3,"extra":1,"ei":0}},{"type":"Feature","geometry":{"type":"Point","coordinates":[24.054886,49.795477]},"properties":{"lines":"7, 11, 14, 16, 23, 32, 40, 41, 53","color":"#0059a9","mode":"bus","arr":["А07","А11","А14","А16","А23","А32","А40","А41","А53"],"angle":40.1,"side":-1}},{"type":"Feature","geometry":{"type":"Point","coordinates":[24.057669,49.793587]},"properties":{"lines":"7, 11, 14, 16, 19, 23, 32, 40, 41, 47, 53, 24","color":"#0059a9","mode":"bus","arr":["А07","А11","А14","А16","А19","А23","А32","А40","А41","А47","А53","Тр24"],"tLines":"24","ntLines":"7, 11, 14, 16, 19, 23, 32, 40, 41, 47, 53","angle":62.3,"side":-1}},{"type":"Feature","geometry":{"type":"Point","coordinates":[24.058692,49.790849]},"properties":{"lines":"7, 11, 19, 32, 47, 53, 24","color":"#0059a9","mode":"bus","arr":["А07","А11","А19","А32","А47","А53","Тр24"],"tLines":"24","ntLines":"7, 11, 19, 32, 47, 53","angle":87.5,"side":-1}},{"type":"Feature","geometry":{"type":"Point","coordinates":[24.058737,49.78964]},"properties":{"lines":"7, 11, 19, 32, 47, 53, 24","color":"#0059a9","mode":"bus","arr":["А07","А11","А19","А32","А47","А53","Тр24"],"tLines":"24","ntLines":"7, 11, 19, 32, 47, 53","angle":88.7,"extra":1,"ei":0,"side":-1}},{"type":"Feature","geometry":{"type":"Point","coordinates":[24.05192,49.784962]},"properties":{"lines":"7","color":"#0059a9","mode":"bus","arr":["А07"],"angle":82.5}},{"type":"Feature","geometry":{"type":"Point","coordinates":[24.055254,49.78472]},"properties":{"lines":"7","color":"#0059a9","mode":"bus","arr":["А07"],"angle":-29.1,"mi":1}},{"type":"Feature","geometry":{"type":"Point","coordinates":[24.057467,49.784902]},"properties":{"lines":"7","color":"#0059a9","mode":"bus","arr":["А07"],"angle":-1.4,"extra":1,"ei":0}},{"type":"Feature","geometry":{"type":"Point","coordinates":[24.052349,49.783347]},"properties":{"lines":"7","color":"#0059a9","mode":"bus","arr":["А07"],"angle":-33.4,"extra":1,"ei":1}},{"type":"Feature","geometry":{"type":"Point","coordinates":[24.058766,49.793098]},"properties":{"lines":"7, 11, 14, 16, 19, 23, 32, 37, 40, 41, 53, 24","color":"#0059a9","mode":"bus","arr":["А07","А11","А14","А16","А19","А23","А32","А37","А40","А41","А53","Тр24"],"tLines":"24","ntLines":"7, 11, 14, 16, 19, 23, 32, 37, 40, 41, 53","angle":73.4}},{"type":"Feature","geometry":{"type":"Point","coordinates":[24.058325,49.793871]},"properties":{"lines":"7, 11, 14, 32, 53","color":"#0059a9","mode":"bus","arr":["А07","А11","А14","А32","А53"],"angle":65.9,"side":-1}},{"type":"Feature","geometry":{"type":"Point","coordinates":[24.057642,49.794507]},"properties":{"lines":"7, 11, 14, 16, 19, 23, 32, 37, 40, 41, 47, 53, 24","color":"#0059a9","mode":"bus","arr":["А07","А11","А14","А16","А19","А23","А32","А37","А40","А41","А47","А53","Тр24"],"tLines":"24","ntLines":"7, 11, 14, 16, 19, 23, 32, 37, 40, 41, 47, 53","angle":46.6}},{"type":"Feature","geometry":{"type":"Point","coordinates":[24.046946,49.805156]},"properties":{"lines":"7, 11, 14, 23, 32, 40, 41","color":"#0059a9","mode":"bus","arr":["А07","А11","А14","А23","А32","А40","А41"],"angle":-81.7,"side":-1,"mi":1}},{"type":"Feature","geometry":{"type":"Point","coordinates":[24.045614,49.805327]},"properties":{"lines":"7, 11, 14, 23, 32, 40, 41","color":"#0059a9","mode":"bus","arr":["А07","А11","А14","А23","А32","А40","А41"],"angle":-81.4,"mi":2}},{"type":"Feature","geometry":{"type":"Point","coordinates":[24.044088,49.801752]},"properties":{"lines":"11, 14","color":"#0059a9","mode":"bus","arr":["А11","А14"],"angle":-50}},{"type":"Feature","geometry":{"type":"Point","coordinates":[24.043714,49.801249]},"properties":{"lines":"38","color":"#149a3f","mode":"bus","arr":["Тр38"],"angle":-20.1,"side":-1}},{"type":"Feature","geometry":{"type":"Point","coordinates":[23.983345,49.805534]},"properties":{"lines":"7, 10, 14, 23, 25, 27, 32, 33, 51, 22","color":"#0059a9","mode":"bus","arr":["А07","А10","А14","А23","А25","А27","А32","А33","А51","Тр22"],"tLines":"22","ntLines":"7, 10, 14, 23, 25, 27, 32, 33, 51","angle":9.5,"mi":1}},{"type":"Feature","geometry":{"type":"Point","coordinates":[23.998121,49.804037]},"properties":{"lines":"7, 10, 14, 23, 25, 27, 32, 33, 51, 22","color":"#0059a9","mode":"bus","arr":["А07","А10","А14","А23","А25","А27","А32","А33","А51","Тр22"],"tLines":"22","ntLines":"7, 10, 14, 23, 25, 27, 32, 33, 51","angle":9.1,"mi":2}},{"type":"Feature","geometry":{"type":"Point","coordinates":[23.985166,49.805475]},"properties":{"lines":"7, 10, 14, 23, 25, 27, 32, 33, 51, 22","color":"#0059a9","mode":"bus","arr":["А07","А10","А14","А23","А25","А27","А32","А33","А51","Тр22"],"tLines":"22","ntLines":"7, 10, 14, 23, 25, 27, 32, 33, 51","angle":1.6}},{"type":"Feature","geometry":{"type":"Point","coordinates":[23.996377,49.835644]},"properties":{"lines":"7, 10, 15, 16, 20, 25, 32, 34, 43, 49, 51, 52, 84, 27, 38","color":"#0059a9","mode":"bus","arr":["А07","А10","А15","А16","А20","А25","А32","А34","А43","А49","А51","А52","А84","Тр27","Тр32","Тр38"],"tLines":"27, 32, 38","ntLines":"7, 10, 15, 16, 20, 25, 32, 34, 43, 49, 51, 52, 84","angle":-16.1,"side":-1}},{"type":"Feature","geometry":{"type":"Point","coordinates":[23.992164,49.834897]},"properties":{"lines":"7, 10, 15, 16, 20, 25, 32, 34, 43, 49, 51, 52, 84, 27, 38","color":"#0059a9","mode":"bus","arr":["А07","А10","А15","А16","А20","А25","А32","А34","А43","А49","А51","А52","А84","Тр27","Тр32","Тр38"],"tLines":"27, 32, 38","ntLines":"7, 10, 15, 16, 20, 25, 32, 34, 43, 49, 51, 52, 84","angle":-15.6,"extra":1,"ei":0}},{"type":"Feature","geometry":{"type":"Point","coordinates":[24.000636,49.836402]},"properties":{"lines":"7, 10, 15, 16, 20, 25, 32, 34, 43, 49, 51, 52, 84, 27, 38","color":"#0059a9","mode":"bus","arr":["А07","А10","А15","А16","А20","А25","А32","А34","А43","А49","А51","А52","А84","Тр27","Тр32","Тр38"],"tLines":"27, 32, 38","ntLines":"7, 10, 15, 16, 20, 25, 32, 34, 43, 49, 51, 52, 84","angle":-15,"extra":1,"ei":1,"side":-1}},{"type":"Feature","geometry":{"type":"Point","coordinates":[24.019009,49.861797]},"properties":{"lines":"7, 8а, 17, 21, 22, 31, 37, 41, 46, 47, 51, 55, 56, 84","color":"#0059a9","mode":"bus","arr":["А07","А08а","А17","А21","А22","А31","А37","А41","А46","А47","А51","А55","А56","А84"],"angle":70.8}},{"type":"Feature","geometry":{"type":"Point","coordinates":[24.021114,49.857838]},"properties":{"lines":"7, 8а, 17, 21, 22, 31, 37, 41, 46, 47, 51, 55, 56, 84","color":"#0059a9","mode":"bus","arr":["А07","А08а","А17","А21","А22","А31","А37","А41","А46","А47","А51","А55","А56","А84"],"angle":70.9,"extra":1,"ei":0}},{"type":"Feature","geometry":{"type":"Point","coordinates":[24.020177,49.859627]},"properties":{"lines":"7, 8а, 17, 21, 22, 31, 37, 41, 46, 47, 51, 55, 56, 84","color":"#0059a9","mode":"bus","arr":["А07","А08а","А17","А21","А22","А31","А37","А41","А46","А47","А51","А55","А56","А84"],"angle":71.6,"extra":1,"ei":1}},{"type":"Feature","geometry":{"type":"Point","coordinates":[24.018257,49.863196]},"properties":{"lines":"7, 8а, 17, 21, 22, 31, 37, 41, 46, 47, 51, 55, 56, 84","color":"#0059a9","mode":"bus","arr":["А07","А08а","А17","А21","А22","А31","А37","А41","А46","А47","А51","А55","А56","А84"],"angle":71.1,"extra":1,"ei":2}},{"type":"Feature","geometry":{"type":"Point","coordinates":[24.017323,49.864986]},"properties":{"lines":"7, 8а, 17, 21, 22, 31, 37, 41, 46, 47, 51, 55, 56, 84","color":"#0059a9","mode":"bus","arr":["А07","А08а","А17","А21","А22","А31","А37","А41","А46","А47","А51","А55","А56","А84"],"angle":71.4,"extra":1,"ei":3}},{"type":"Feature","geometry":{"type":"Point","coordinates":[24.016543,49.867067]},"properties":{"lines":"7, 8а, 12, 17, 21, 22, 31, 34, 37, 41, 46, 47, 51, 55, 56, 84","color":"#0059a9","mode":"bus","arr":["А07","А08а","А12","А17","А21","А22","А31","А34","А37","А41","А46","А47","А51","А55","А56","А84"],"angle":-89.5}},{"type":"Feature","geometry":{"type":"Point","coordinates":[24.016808,49.867836]},"properties":{"lines":"7, 8а, 12, 17, 22, 31, 34, 41, 46, 51, 55, 56, 84","color":"#0059a9","mode":"bus","arr":["А07","А08а","А12","А17","А22","А31","А34","А41","А46","А51","А55","А56","А84"],"angle":-66.5,"side":-1,"mi":1}},{"type":"Feature","geometry":{"type":"Point","coordinates":[24.018857,49.870923]},"properties":{"lines":"8а, 22","color":"#0059a9","mode":"bus","arr":["А08а","А22"],"angle":81.5,"side":-1}},{"type":"Feature","geometry":{"type":"Point","coordinates":[23.984042,49.88801]},"properties":{"lines":"8а, 22","color":"#0059a9","mode":"bus","arr":["А08а","А22"],"angle":25.8}},{"type":"Feature","geometry":{"type":"Point","coordinates":[24.001075,49.88036]},"properties":{"lines":"8а, 22","color":"#0059a9","mode":"bus","arr":["А08а","А22"],"angle":67,"extra":1,"ei":0}},{"type":"Feature","geometry":{"type":"Point","coordinates":[23.99971,49.882021]},"properties":{"lines":"8а, 22","color":"#0059a9","mode":"bus","arr":["А08а","А22"],"angle":49.9,"extra":1,"ei":1}},{"type":"Feature","geometry":{"type":"Point","coordinates":[23.997516,49.883262]},"properties":{"lines":"8а, 22","color":"#0059a9","mode":"bus","arr":["А08а","А22"],"angle":35.5,"extra":1,"ei":2}},{"type":"Feature","geometry":{"type":"Point","coordinates":[23.99509,49.88432]},"properties":{"lines":"8а, 22","color":"#0059a9","mode":"bus","arr":["А08а","А22"],"angle":32.3,"extra":1,"ei":3}},{"type":"Feature","geometry":{"type":"Point","coordinates":[23.992588,49.885303]},"properties":{"lines":"8а, 22","color":"#0059a9","mode":"bus","arr":["А08а","А22"],"angle":31,"extra":1,"ei":4}},{"type":"Feature","geometry":{"type":"Point","coordinates":[23.990058,49.886255]},"properties":{"lines":"8а, 22","color":"#0059a9","mode":"bus","arr":["А08а","А22"],"angle":30.1,"extra":1,"ei":5}},{"type":"Feature","geometry":{"type":"Point","coordinates":[23.987443,49.8871]},"properties":{"lines":"8а, 22","color":"#0059a9","mode":"bus","arr":["А08а","А22"],"angle":22.6,"extra":1,"ei":6}},{"type":"Feature","geometry":{"type":"Point","coordinates":[23.982209,49.888761]},"properties":{"lines":"8а, 22","color":"#0059a9","mode":"bus","arr":["А08а","А22"],"angle":42.8,"extra":1,"ei":7}},{"type":"Feature","geometry":{"type":"Point","coordinates":[23.980487,49.890283]},"properties":{"lines":"8а, 22","color":"#0059a9","mode":"bus","arr":["А08а","А22"],"angle":57,"extra":1,"ei":8}},{"type":"Feature","geometry":{"type":"Point","coordinates":[23.978598,49.891719]},"properties":{"lines":"8а, 22","color":"#0059a9","mode":"bus","arr":["А08а","А22"],"angle":43.1,"extra":1,"ei":9}},{"type":"Feature","geometry":{"type":"Point","coordinates":[23.976252,49.892838]},"properties":{"lines":"8а, 22","color":"#0059a9","mode":"bus","arr":["А08а","А22"],"angle":30.4,"extra":1,"ei":10}},{"type":"Feature","geometry":{"type":"Point","coordinates":[23.973727,49.893796]},"properties":{"lines":"8а, 22","color":"#0059a9","mode":"bus","arr":["А08а","А22"],"angle":30.5,"extra":1,"ei":11}},{"type":"Feature","geometry":{"type":"Point","coordinates":[23.971206,49.894758]},"properties":{"lines":"8а, 22","color":"#0059a9","mode":"bus","arr":["А08а","А22"],"angle":30.7,"extra":1,"ei":12}},{"type":"Feature","geometry":{"type":"Point","coordinates":[23.968635,49.895662]},"properties":{"lines":"8а, 22","color":"#0059a9","mode":"bus","arr":["А08а","А22"],"angle":27.1,"extra":1,"ei":13}},{"type":"Feature","geometry":{"type":"Point","coordinates":[23.966049,49.896548]},"properties":{"lines":"8а, 22","color":"#0059a9","mode":"bus","arr":["А08а","А22"],"angle":31.1,"extra":1,"ei":14}},{"type":"Feature","geometry":{"type":"Point","coordinates":[24.010314,49.875358]},"properties":{"lines":"8а, 22","color":"#0059a9","mode":"bus","arr":["А08а","А22"],"angle":25.2,"mi":1}},{"type":"Feature","geometry":{"type":"Point","coordinates":[24.017659,49.871749]},"properties":{"lines":"8а, 22","color":"#0059a9","mode":"bus","arr":["А08а","А22"],"angle":57.9,"extra":1,"ei":0}},{"type":"Feature","geometry":{"type":"Point","coordinates":[24.016058,49.873318]},"properties":{"lines":"8а, 22","color":"#0059a9","mode":"bus","arr":["А08а","А22"],"angle":33.5,"extra":1,"ei":1}},{"type":"Feature","geometry":{"type":"Point","coordinates":[24.013336,49.873995]},"properties":{"lines":"8а, 22","color":"#0059a9","mode":"bus","arr":["А08а","А22"],"angle":29.1,"extra":1,"ei":2}},{"type":"Feature","geometry":{"type":"Point","coordinates":[24.008389,49.875958]},"properties":{"lines":"8а, 22","color":"#0059a9","mode":"bus","arr":["А08а","А22"],"angle":26.3,"extra":1,"ei":3}},{"type":"Feature","geometry":{"type":"Point","coordinates":[24.005743,49.876769]},"properties":{"lines":"8а, 22","color":"#0059a9","mode":"bus","arr":["А08а","А22"],"angle":25.9,"extra":1,"ei":4}},{"type":"Feature","geometry":{"type":"Point","coordinates":[24.003452,49.877915]},"properties":{"lines":"8а, 22","color":"#0059a9","mode":"bus","arr":["А08а","А22"],"angle":46.5,"extra":1,"ei":5}},{"type":"Feature","geometry":{"type":"Point","coordinates":[24.001718,49.879428]},"properties":{"lines":"8а, 22","color":"#0059a9","mode":"bus","arr":["А08а","А22"],"angle":62.3,"extra":1,"ei":6}},{"type":"Feature","geometry":{"type":"Point","coordinates":[23.96334,49.897766]},"properties":{"lines":"8а, 22","color":"#0059a9","mode":"bus","arr":["А08а","А22"],"angle":40.1}},{"type":"Feature","geometry":{"type":"Point","coordinates":[23.959894,49.901685]},"properties":{"lines":"8а","color":"#0059a9","mode":"bus","arr":["А08а"],"angle":76.4}},{"type":"Feature","geometry":{"type":"Point","coordinates":[23.960551,49.900223]},"properties":{"lines":"8а","color":"#0059a9","mode":"bus","arr":["А08а"],"angle":65.2,"extra":1,"ei":0}},{"type":"Feature","geometry":{"type":"Point","coordinates":[23.960144,49.90391]},"properties":{"lines":"8а","color":"#0059a9","mode":"bus","arr":["А08а"],"angle":-79.7,"extra":1,"ei":1}},{"type":"Feature","geometry":{"type":"Point","coordinates":[23.949952,49.906922]},"properties":{"lines":"8а, 22","color":"#0059a9","mode":"bus","arr":["А08а","А22"],"angle":11}},{"type":"Feature","geometry":{"type":"Point","coordinates":[23.959332,49.905141]},"properties":{"lines":"8а, 22","color":"#0059a9","mode":"bus","arr":["А08а","А22"],"angle":34.9,"extra":1,"ei":0}},{"type":"Feature","geometry":{"type":"Point","coordinates":[23.95663,49.905864]},"properties":{"lines":"8а, 22","color":"#0059a9","mode":"bus","arr":["А08а","А22"],"angle":21.7,"extra":1,"ei":1}},{"type":"Feature","geometry":{"type":"Point","coordinates":[23.953865,49.906474]},"properties":{"lines":"8а, 22","color":"#0059a9","mode":"bus","arr":["А08а","А22"],"angle":9.8,"extra":1,"ei":2}},{"type":"Feature","geometry":{"type":"Point","coordinates":[23.948087,49.907044]},"properties":{"lines":"8а, 22","color":"#0059a9","mode":"bus","arr":["А08а","А22"],"angle":-10,"extra":1,"ei":3}},{"type":"Feature","geometry":{"type":"Point","coordinates":[23.945525,49.906145]},"properties":{"lines":"8а, 22","color":"#0059a9","mode":"bus","arr":["А08а","А22"],"angle":-30.6,"extra":1,"ei":4}},{"type":"Feature","geometry":{"type":"Point","coordinates":[23.943007,49.90518]},"properties":{"lines":"8а, 22","color":"#0059a9","mode":"bus","arr":["А08а","А22"],"angle":-31.1,"extra":1,"ei":5}},{"type":"Feature","geometry":{"type":"Point","coordinates":[23.940507,49.904196]},"properties":{"lines":"8а, 22","color":"#0059a9","mode":"bus","arr":["А08а","А22"],"angle":-32.8,"extra":1,"ei":6}},{"type":"Feature","geometry":{"type":"Point","coordinates":[23.940825,49.903056]},"properties":{"lines":"8а, 22, 67","color":"#0059a9","mode":"bus","arr":["А08а","А22","А67"],"angle":49.6}},{"type":"Feature","geometry":{"type":"Point","coordinates":[23.933478,49.901471]},"properties":{"lines":"8а","color":"#0059a9","mode":"bus","arr":["А08а"],"angle":18.7}},{"type":"Feature","geometry":{"type":"Point","coordinates":[23.928513,49.904453]},"properties":{"lines":"8а","color":"#0059a9","mode":"bus","arr":["А08а"],"angle":50.2,"extra":1,"ei":0}},{"type":"Feature","geometry":{"type":"Point","coordinates":[23.930421,49.90302]},"properties":{"lines":"8а","color":"#0059a9","mode":"bus","arr":["А08а"],"angle":46.6,"extra":1,"ei":1}},{"type":"Feature","geometry":{"type":"Point","coordinates":[23.935354,49.901198]},"properties":{"lines":"8а","color":"#0059a9","mode":"bus","arr":["А08а"],"angle":-0.2,"extra":1,"ei":2}},{"type":"Feature","geometry":{"type":"Point","coordinates":[23.938108,49.90173]},"properties":{"lines":"8а","color":"#0059a9","mode":"bus","arr":["А08а"],"angle":-29.3,"extra":1,"ei":3}},{"type":"Feature","geometry":{"type":"Point","coordinates":[23.94097,49.90195]},"properties":{"lines":"8а","color":"#0059a9","mode":"bus","arr":["А08а"],"angle":-7.9,"extra":1,"ei":4}},{"type":"Feature","geometry":{"type":"Point","coordinates":[23.927008,49.904898]},"properties":{"lines":"8а","color":"#0059a9","mode":"bus","arr":["А08а"],"angle":-43.5,"mi":1}},{"type":"Feature","geometry":{"type":"Point","coordinates":[24.024422,49.849402]},"properties":{"lines":"8а, 22","color":"#0059a9","mode":"bus","arr":["А08а","А22"],"angle":-86.5}},{"type":"Feature","geometry":{"type":"Point","coordinates":[24.022366,49.787327]},"properties":{"lines":"9","color":"#0059a9","mode":"bus","arr":["А09"],"angle":5.7}},{"type":"Feature","geometry":{"type":"Point","coordinates":[24.019292,49.787445]},"properties":{"lines":"9","color":"#0059a9","mode":"bus","arr":["А09"],"angle":8.2,"extra":1,"ei":0,"side":-1}},{"type":"Feature","geometry":{"type":"Point","coordinates":[24.025006,49.786666]},"properties":{"lines":"9","color":"#0059a9","mode":"bus","arr":["А09"],"angle":23.4,"extra":1,"ei":1,"side":-1}},{"type":"Feature","geometry":{"type":"Point","coordinates":[24.083223,49.878379]},"properties":{"lines":"9","color":"#0059a9","mode":"bus","arr":["А09"],"angle":2.1,"mi":1}},{"type":"Feature","geometry":{"type":"Point","coordinates":[24.012996,49.805971]},"properties":{"lines":"9, 11, 23, 38","color":"#0059a9","mode":"bus","arr":["А09","А11","Тр23","Тр38"],"tLines":"23, 38","ntLines":"9, 11","angle":9.5,"mi":1}},{"type":"Feature","geometry":{"type":"Point","coordinates":[24.017326,49.805504]},"properties":{"lines":"9, 11, 23, 38","color":"#0059a9","mode":"bus","arr":["А09","А11","Тр23","Тр38"],"tLines":"23, 38","ntLines":"9, 11","angle":9.5,"extra":1,"ei":0}},{"type":"Feature","geometry":{"type":"Point","coordinates":[24.008658,49.806441]},"properties":{"lines":"9, 11, 23, 38","color":"#0059a9","mode":"bus","arr":["А09","А11","Тр23","Тр38"],"tLines":"23, 38","ntLines":"9, 11","angle":9.6,"extra":1,"ei":1}},{"type":"Feature","geometry":{"type":"Point","coordinates":[24.007624,49.808198]},"properties":{"lines":"9, 11, 23, 38","color":"#0059a9","mode":"bus","arr":["А09","А11","Тр23","Тр38"],"tLines":"23, 38","ntLines":"9, 11","angle":-81}},{"type":"Feature","geometry":{"type":"Point","coordinates":[24.007927,49.80939]},"properties":{"lines":"9, 11, 23, 38","color":"#0059a9","mode":"bus","arr":["А09","А11","Тр23","Тр38"],"tLines":"23, 38","ntLines":"9, 11","angle":-80.4,"extra":1,"ei":0}},{"type":"Feature","geometry":{"type":"Point","coordinates":[24.004391,49.810068]},"properties":{"lines":"9, 11, 16, 18, 23, 38","color":"#0059a9","mode":"bus","arr":["А09","А11","А16","А18","Тр23","Тр38"],"tLines":"23, 38","ntLines":"9, 11, 16, 18","angle":3.8}},{"type":"Feature","geometry":{"type":"Point","coordinates":[24.006583,49.809969]},"properties":{"lines":"9, 11, 16, 18, 23, 38","color":"#0059a9","mode":"bus","arr":["А09","А11","А16","А18","Тр23","Тр38"],"tLines":"23, 38","ntLines":"9, 11, 16, 18","angle":5,"extra":1,"ei":0}},{"type":"Feature","geometry":{"type":"Point","coordinates":[24.01939,49.833921]},"properties":{"lines":"9, 21, 45, 48","color":"#0059a9","mode":"bus","arr":["А09","А21","А45","А48"],"angle":-51.4}},{"type":"Feature","geometry":{"type":"Point","coordinates":[24.01833,49.832549]},"properties":{"lines":"9, 21, 45, 48","color":"#0059a9","mode":"bus","arr":["А09","А21","А45","А48"],"angle":-45.9,"mi":1}},{"type":"Feature","geometry":{"type":"Point","coordinates":[24.018689,49.832987]},"properties":{"lines":"9, 21, 43, 45, 48","color":"#0059a9","mode":"bus","arr":["А09","А21","А43","А45","А48"],"angle":-72.7}},{"type":"Feature","geometry":{"type":"Point","coordinates":[24.027707,49.84241]},"properties":{"lines":"9, 21, 48","color":"#0059a9","mode":"bus","arr":["А09","А21","А48"],"angle":68.6}},{"type":"Feature","geometry":{"type":"Point","coordinates":[24.073661,49.877034]},"properties":{"lines":"9","color":"#0059a9","mode":"bus","arr":["А09"],"angle":0.5,"mi":2}},{"type":"Feature","geometry":{"type":"Point","coordinates":[24.065588,49.876799]},"properties":{"lines":"9","color":"#0059a9","mode":"bus","arr":["А09"],"angle":-3.8,"extra":1,"ei":0}},{"type":"Feature","geometry":{"type":"Point","coordinates":[24.068507,49.876959]},"properties":{"lines":"9","color":"#0059a9","mode":"bus","arr":["А09"],"angle":-4.2,"extra":1,"ei":1}},{"type":"Feature","geometry":{"type":"Point","coordinates":[24.071434,49.877039]},"properties":{"lines":"9","color":"#0059a9","mode":"bus","arr":["А09"],"angle":0,"extra":1,"ei":2}},{"type":"Feature","geometry":{"type":"Point","coordinates":[24.077264,49.877186]},"properties":{"lines":"9","color":"#0059a9","mode":"bus","arr":["А09"],"angle":-14.8,"extra":1,"ei":3}},{"type":"Feature","geometry":{"type":"Point","coordinates":[24.080082,49.877704]},"properties":{"lines":"9","color":"#0059a9","mode":"bus","arr":["А09"],"angle":-15.3,"extra":1,"ei":4}},{"type":"Feature","geometry":{"type":"Point","coordinates":[24.082815,49.878348]},"properties":{"lines":"9","color":"#0059a9","mode":"bus","arr":["А09"],"angle":-34,"extra":1,"ei":5}},{"type":"Feature","geometry":{"type":"Point","coordinates":[24.095965,49.875994]},"properties":{"lines":"9","color":"#0059a9","mode":"bus","arr":["А09"],"angle":12.1}},{"type":"Feature","geometry":{"type":"Point","coordinates":[24.085012,49.878233]},"properties":{"lines":"9","color":"#0059a9","mode":"bus","arr":["А09"],"angle":20.9,"extra":1,"ei":0}},{"type":"Feature","geometry":{"type":"Point","coordinates":[24.087713,49.877503]},"properties":{"lines":"9","color":"#0059a9","mode":"bus","arr":["А09"],"angle":25,"extra":1,"ei":1}},{"type":"Feature","geometry":{"type":"Point","coordinates":[24.090283,49.876595]},"properties":{"lines":"9","color":"#0059a9","mode":"bus","arr":["А09"],"angle":28.4,"extra":1,"ei":2}},{"type":"Feature","geometry":{"type":"Point","coordinates":[24.092974,49.876004]},"properties":{"lines":"9","color":"#0059a9","mode":"bus","arr":["А09"],"angle":-6.2,"extra":1,"ei":3}},{"type":"Feature","geometry":{"type":"Point","coordinates":[24.098627,49.875367]},"properties":{"lines":"9","color":"#0059a9","mode":"bus","arr":["А09"],"angle":19.3,"extra":1,"ei":4}},{"type":"Feature","geometry":{"type":"Point","coordinates":[24.101499,49.875078]},"properties":{"lines":"9","color":"#0059a9","mode":"bus","arr":["А09"],"angle":6.1,"extra":1,"ei":5}},{"type":"Feature","geometry":{"type":"Point","coordinates":[24.104349,49.874648]},"properties":{"lines":"9","color":"#0059a9","mode":"bus","arr":["А09"],"angle":12.4,"extra":1,"ei":6}},{"type":"Feature","geometry":{"type":"Point","coordinates":[24.107215,49.874258]},"properties":{"lines":"9","color":"#0059a9","mode":"bus","arr":["А09"],"angle":9.8,"extra":1,"ei":7}},{"type":"Feature","geometry":{"type":"Point","coordinates":[24.152528,49.874051]},"properties":{"lines":"9","color":"#0059a9","mode":"bus","arr":["А09"],"angle":-3.1}},{"type":"Feature","geometry":{"type":"Point","coordinates":[24.109407,49.874011]},"properties":{"lines":"9","color":"#0059a9","mode":"bus","arr":["А09"],"angle":8.8,"mi":3}},{"type":"Feature","geometry":{"type":"Point","coordinates":[24.14309,49.873101]},"properties":{"lines":"9","color":"#0059a9","mode":"bus","arr":["А09"],"angle":-12.1,"extra":1,"ei":0}},{"type":"Feature","geometry":{"type":"Point","coordinates":[24.145964,49.873466]},"properties":{"lines":"9","color":"#0059a9","mode":"bus","arr":["А09"],"angle":-11.1,"extra":1,"ei":1}},{"type":"Feature","geometry":{"type":"Point","coordinates":[24.14884,49.873826]},"properties":{"lines":"9","color":"#0059a9","mode":"bus","arr":["А09"],"angle":-10.5,"extra":1,"ei":2}},{"type":"Feature","geometry":{"type":"Point","coordinates":[24.154675,49.874126]},"properties":{"lines":"9","color":"#0059a9","mode":"bus","arr":["А09"],"angle":-3.1,"extra":1,"ei":3}},{"type":"Feature","geometry":{"type":"Point","coordinates":[24.157602,49.874214]},"properties":{"lines":"9","color":"#0059a9","mode":"bus","arr":["А09"],"angle":0,"extra":1,"ei":4}},{"type":"Feature","geometry":{"type":"Point","coordinates":[24.16053,49.874177]},"properties":{"lines":"9","color":"#0059a9","mode":"bus","arr":["А09"],"angle":4.7,"extra":1,"ei":5}},{"type":"Feature","geometry":{"type":"Point","coordinates":[24.16337,49.873728]},"properties":{"lines":"9","color":"#0059a9","mode":"bus","arr":["А09"],"angle":15,"extra":1,"ei":6}},{"type":"Feature","geometry":{"type":"Point","coordinates":[24.125937,49.873078]},"properties":{"lines":"9","color":"#0059a9","mode":"bus","arr":["А09"],"angle":6.9}},{"type":"Feature","geometry":{"type":"Point","coordinates":[24.11145,49.87402]},"properties":{"lines":"9","color":"#0059a9","mode":"bus","arr":["А09"],"angle":-6,"extra":1,"ei":0}},{"type":"Feature","geometry":{"type":"Point","coordinates":[24.114294,49.873629]},"properties":{"lines":"9","color":"#0059a9","mode":"bus","arr":["А09"],"angle":15.1,"extra":1,"ei":1}},{"type":"Feature","geometry":{"type":"Point","coordinates":[24.117197,49.873535]},"properties":{"lines":"9","color":"#0059a9","mode":"bus","arr":["А09"],"angle":8.3,"extra":1,"ei":2}},{"type":"Feature","geometry":{"type":"Point","coordinates":[24.120104,49.87333]},"properties":{"lines":"9","color":"#0059a9","mode":"bus","arr":["А09"],"angle":1.9,"extra":1,"ei":3}},{"type":"Feature","geometry":{"type":"Point","coordinates":[24.123031,49.873248]},"properties":{"lines":"9","color":"#0059a9","mode":"bus","arr":["А09"],"angle":2.7,"extra":1,"ei":4}},{"type":"Feature","geometry":{"type":"Point","coordinates":[24.128842,49.872796]},"properties":{"lines":"9","color":"#0059a9","mode":"bus","arr":["А09"],"angle":11.4,"extra":1,"ei":5}},{"type":"Feature","geometry":{"type":"Point","coordinates":[24.131666,49.872299]},"properties":{"lines":"9","color":"#0059a9","mode":"bus","arr":["А09"],"angle":18.7,"extra":1,"ei":6}},{"type":"Feature","geometry":{"type":"Point","coordinates":[24.134491,49.871988]},"properties":{"lines":"9","color":"#0059a9","mode":"bus","arr":["А09"],"angle":-11.7,"extra":1,"ei":7}},{"type":"Feature","geometry":{"type":"Point","coordinates":[24.137363,49.872364]},"properties":{"lines":"9","color":"#0059a9","mode":"bus","arr":["А09"],"angle":-11,"extra":1,"ei":8}},{"type":"Feature","geometry":{"type":"Point","coordinates":[24.140238,49.872725]},"properties":{"lines":"9","color":"#0059a9","mode":"bus","arr":["А09"],"angle":-10.7,"extra":1,"ei":9}},{"type":"Feature","geometry":{"type":"Point","coordinates":[24.009324,49.828702]},"properties":{"lines":"9, 41, 48","color":"#0059a9","mode":"bus","arr":["А09","А41","А48"],"angle":53.1}},{"type":"Feature","geometry":{"type":"Point","coordinates":[24.013487,49.808692]},"properties":{"lines":"9, 11, 16, 18","color":"#0059a9","mode":"bus","arr":["А09","А11","А16","А18"],"angle":15.3}},{"type":"Feature","geometry":{"type":"Point","coordinates":[24.009412,49.809505]},"properties":{"lines":"9, 11, 16, 18","color":"#0059a9","mode":"bus","arr":["А09","А11","А16","А18"],"angle":18.3,"extra":1,"ei":0}},{"type":"Feature","geometry":{"type":"Point","coordinates":[24.01793,49.808207]},"properties":{"lines":"9, 11, 16, 18","color":"#0059a9","mode":"bus","arr":["А09","А11","А16","А18"],"angle":4.5,"extra":1,"ei":1}},{"type":"Feature","geometry":{"type":"Point","coordinates":[23.995954,49.84004]},"properties":{"lines":"10, 16, 29, 31","color":"#0059a9","mode":"bus","arr":["А10","А16","А29","А31"],"angle":53.9,"side":-1}},{"type":"Feature","geometry":{"type":"Point","coordinates":[23.995481,49.8394]},"properties":{"lines":"32, 49","color":"#0059a9","mode":"bus","arr":["А32","А49"],"angle":34.8}},{"type":"Feature","geometry":{"type":"Point","coordinates":[23.991502,49.804526]},"properties":{"lines":"10, 14, 27, 32, 51, 22","color":"#0059a9","mode":"bus","arr":["А10","А14","А27","А32","А51","Тр22"],"tLines":"22","ntLines":"10, 14, 27, 32, 51","angle":8.6}},{"type":"Feature","geometry":{"type":"Point","coordinates":[23.993596,49.804322]},"properties":{"lines":"10, 14, 27, 32, 51, 22","color":"#0059a9","mode":"bus","arr":["А10","А14","А27","А32","А51","Тр22"],"tLines":"22","ntLines":"10, 14, 27, 32, 51","angle":8.5,"extra":1,"ei":0}},{"type":"Feature","geometry":{"type":"Point","coordinates":[23.999062,49.810594]},"properties":{"lines":"11, 16, 21, 48, 23, 38","color":"#0059a9","mode":"bus","arr":["А11","А16","А21","А48","Тр23","Тр38"],"tLines":"23, 38","ntLines":"11, 16, 21, 48","angle":-15.4}},{"type":"Feature","geometry":{"type":"Point","coordinates":[23.99229,49.811192]},"properties":{"lines":"11, 16, 18, 21, 48, 51, 23, 38","color":"#0059a9","mode":"bus","arr":["А11","А16","А18","А21","А48","А51","Тр23","Тр38"],"tLines":"23, 38","ntLines":"11, 16, 18, 21, 48, 51","angle":8.9}},{"type":"Feature","geometry":{"type":"Point","coordinates":[23.986611,49.811764]},"properties":{"lines":"11, 16, 18, 21, 48, 51, 23, 38","color":"#0059a9","mode":"bus","arr":["А11","А16","А18","А21","А48","А51","Тр23","Тр38"],"tLines":"23, 38","ntLines":"11, 16, 18, 21, 48, 51","angle":8.9,"extra":1,"ei":0}},{"type":"Feature","geometry":{"type":"Point","coordinates":[23.989506,49.811473]},"properties":{"lines":"11, 16, 18, 21, 48, 51, 23, 38","color":"#0059a9","mode":"bus","arr":["А11","А16","А18","А21","А48","А51","Тр23","Тр38"],"tLines":"23, 38","ntLines":"11, 16, 18, 21, 48, 51","angle":8.9,"extra":1,"ei":1}},{"type":"Feature","geometry":{"type":"Point","coordinates":[23.995296,49.810889]},"properties":{"lines":"11, 16, 18, 21, 48, 51, 23, 38","color":"#0059a9","mode":"bus","arr":["А11","А16","А18","А21","А48","А51","Тр23","Тр38"],"tLines":"23, 38","ntLines":"11, 16, 18, 21, 48, 51","angle":8.9,"extra":1,"ei":2}},{"type":"Feature","geometry":{"type":"Point","coordinates":[23.99819,49.810597]},"properties":{"lines":"11, 16, 18, 21, 48, 51, 23, 38","color":"#0059a9","mode":"bus","arr":["А11","А16","А18","А21","А48","А51","Тр23","Тр38"],"tLines":"23, 38","ntLines":"11, 16, 18, 21, 48, 51","angle":8.9,"extra":1,"ei":3}},{"type":"Feature","geometry":{"type":"Point","coordinates":[23.983066,49.812056]},"properties":{"lines":"11, 14, 16, 18, 21, 23, 25, 27, 32, 33, 48, 51","color":"#0059a9","mode":"bus","arr":["А11","А14","А16","А18","А21","А23","А25","А27","А32","А33","А48","А51","Тр23"],"tLines":"23","ntLines":"11, 14, 16, 18, 21, 23, 25, 27, 32, 33, 48, 51","angle":25,"side":-1}},{"type":"Feature","geometry":{"type":"Point","coordinates":[23.976364,49.813808]},"properties":{"lines":"11, 14, 16, 18, 21, 23, 25, 27, 32, 48, 51","color":"#0059a9","mode":"bus","arr":["А11","А14","А16","А18","А21","А23","А25","А27","А32","А48","А51","Тр23"],"tLines":"23","ntLines":"11, 14, 16, 18, 21, 23, 25, 27, 32, 48, 51","angle":40.5}},{"type":"Feature","geometry":{"type":"Point","coordinates":[23.981228,49.812323]},"properties":{"lines":"11, 14, 16, 18, 21, 23, 25, 27, 32, 48, 51","color":"#0059a9","mode":"bus","arr":["А11","А14","А16","А18","А21","А23","А25","А27","А32","А48","А51","Тр23"],"tLines":"23","ntLines":"11, 14, 16, 18, 21, 23, 25, 27, 32, 48, 51","angle":13.4,"extra":1,"ei":0}},{"type":"Feature","geometry":{"type":"Point","coordinates":[23.978456,49.812914]},"properties":{"lines":"11, 14, 16, 18, 21, 23, 25, 27, 32, 48, 51","color":"#0059a9","mode":"bus","arr":["А11","А14","А16","А18","А21","А23","А25","А27","А32","А48","А51","Тр23"],"tLines":"23","ntLines":"11, 14, 16, 18, 21, 23, 25, 27, 32, 48, 51","angle":25.6,"extra":1,"ei":1}},{"type":"Feature","geometry":{"type":"Point","coordinates":[23.973975,49.815313]},"properties":{"lines":"11, 14, 16, 18, 21, 23, 25, 27, 32, 48, 51","color":"#0059a9","mode":"bus","arr":["А11","А14","А16","А18","А21","А23","А25","А27","А32","А48","А51","Тр23"],"tLines":"23","ntLines":"11, 14, 16, 18, 21, 23, 25, 27, 32, 48, 51","angle":45.4,"extra":1,"ei":2}},{"type":"Feature","geometry":{"type":"Point","coordinates":[23.972171,49.816789]},"properties":{"lines":"11, 14, 16, 18, 21, 23, 25, 27, 32, 48, 51","color":"#0059a9","mode":"bus","arr":["А11","А14","А16","А18","А21","А23","А25","А27","А32","А48","А51","Тр23"],"tLines":"23","ntLines":"11, 14, 16, 18, 21, 23, 25, 27, 32, 48, 51","angle":61.2,"extra":1,"ei":3}},{"type":"Feature","geometry":{"type":"Point","coordinates":[23.970403,49.818929]},"properties":{"lines":"11, 14, 16, 18, 21, 23, 25, 27, 32, 48","color":"#0059a9","mode":"bus","arr":["А11","А14","А16","А18","А21","А23","А25","А27","А32","А48","Тр23"],"tLines":"23","ntLines":"11, 14, 16, 18, 21, 23, 25, 27, 32, 48","angle":61.7}},{"type":"Feature","geometry":{"type":"Point","coordinates":[23.968121,49.821646]},"properties":{"lines":"11, 14, 18, 21, 23, 27, 32, 48, 92, 30","color":"#0059a9","mode":"bus","arr":["А11","А14","А18","А21","А23","А27","А32","А48","А92","Тр23","Тр30"],"tLines":"23, 30","ntLines":"11, 14, 18, 21, 23, 27, 32, 48, 92","angle":61.3}},{"type":"Feature","geometry":{"type":"Point","coordinates":[23.967831,49.82664]},"properties":{"lines":"11, 18, 23, 32","color":"#0059a9","mode":"bus","arr":["А11","А18","А23","А32"],"angle":-86.3}},{"type":"Feature","geometry":{"type":"Point","coordinates":[23.96751,49.823567]},"properties":{"lines":"11, 18, 23, 32","color":"#0059a9","mode":"bus","arr":["А11","А18","А23","А32"],"angle":-86.4,"extra":1,"ei":0}},{"type":"Feature","geometry":{"type":"Point","coordinates":[23.967708,49.825451]},"properties":{"lines":"11, 18, 23, 32","color":"#0059a9","mode":"bus","arr":["А11","А18","А23","А32"],"angle":-86,"extra":1,"ei":1}},{"type":"Feature","geometry":{"type":"Point","coordinates":[23.968092,49.82922]},"properties":{"lines":"11, 18, 23, 32","color":"#0059a9","mode":"bus","arr":["А11","А18","А23","А32"],"angle":-86.6,"extra":1,"ei":2}},{"type":"Feature","geometry":{"type":"Point","coordinates":[23.972746,49.831456]},"properties":{"lines":"11, 18, 23, 32, 52, 84, 27","color":"#0059a9","mode":"bus","arr":["А11","А18","А23","А32","А52","А84","Тр27"],"tLines":"27","ntLines":"11, 18, 23, 32, 52, 84","angle":-15.2}},{"type":"Feature","geometry":{"type":"Point","coordinates":[23.969642,49.830903]},"properties":{"lines":"11, 18, 23, 32, 52, 84, 27","color":"#0059a9","mode":"bus","arr":["А11","А18","А23","А32","А52","А84","Тр27"],"tLines":"27","ntLines":"11, 18, 23, 32, 52, 84","angle":-15.2,"extra":1,"ei":0}},{"type":"Feature","geometry":{"type":"Point","coordinates":[23.975294,49.831901]},"properties":{"lines":"11, 18, 23, 32, 52, 84, 27","color":"#0059a9","mode":"bus","arr":["А11","А18","А23","А32","А52","А84","Тр27"],"tLines":"27","ntLines":"11, 18, 23, 32, 52, 84","angle":-15.6,"extra":1,"ei":1}},{"type":"Feature","geometry":{"type":"Point","coordinates":[23.977927,49.832959]},"properties":{"lines":"11, 18, 23","color":"#0059a9","mode":"bus","arr":["А11","А18","А23"],"angle":-82.1}},{"type":"Feature","geometry":{"type":"Point","coordinates":[23.979322,49.842607]},"properties":{"lines":"11, 18, 20, 23, 34, 43, 49, 32","color":"#0059a9","mode":"bus","arr":["А11","А18","А20","А23","А34","А43","А49","Тр32"],"tLines":"32","ntLines":"11, 18, 20, 23, 34, 43, 49","angle":-7.8,"mi":1}},{"type":"Feature","geometry":{"type":"Point","coordinates":[23.977359,49.834544]},"properties":{"lines":"11, 18, 20, 23, 34, 43, 49, 32","color":"#0059a9","mode":"bus","arr":["А11","А18","А20","А23","А34","А43","А49","Тр32"],"tLines":"32","ntLines":"11, 18, 20, 23, 34, 43, 49","angle":72.5}},{"type":"Feature","geometry":{"type":"Point","coordinates":[23.977054,49.836243]},"properties":{"lines":"11, 18, 20, 23, 34, 43, 49, 32","color":"#0059a9","mode":"bus","arr":["А11","А18","А20","А23","А34","А43","А49","Тр32"],"tLines":"32","ntLines":"11, 18, 20, 23, 34, 43, 49","angle":-85.1,"extra":1,"ei":0}},{"type":"Feature","geometry":{"type":"Point","coordinates":[23.977218,49.838126]},"properties":{"lines":"11, 18, 20, 23, 34, 43, 49, 32","color":"#0059a9","mode":"bus","arr":["А11","А18","А20","А23","А34","А43","А49","Тр32"],"tLines":"32","ntLines":"11, 18, 20, 23, 34, 43, 49","angle":-87.7,"extra":1,"ei":1}},{"type":"Feature","geometry":{"type":"Point","coordinates":[23.977982,49.83994]},"properties":{"lines":"11, 18, 20, 23, 34, 43, 49, 32","color":"#0059a9","mode":"bus","arr":["А11","А18","А20","А23","А34","А43","А49","Тр32"],"tLines":"32","ntLines":"11, 18, 20, 23, 34, 43, 49","angle":-69.6,"extra":1,"ei":2}},{"type":"Feature","geometry":{"type":"Point","coordinates":[23.98389,49.844521]},"properties":{"lines":"11, 49","color":"#0059a9","mode":"bus","arr":["А11","А49"],"angle":-29.5}},{"type":"Feature","geometry":{"type":"Point","coordinates":[23.980542,49.843162]},"properties":{"lines":"11, 49","color":"#0059a9","mode":"bus","arr":["А11","А49"],"angle":-36.8,"extra":1,"ei":0}},{"type":"Feature","geometry":{"type":"Point","coordinates":[23.985552,49.845113]},"properties":{"lines":"11, 49","color":"#0059a9","mode":"bus","arr":["А11","А49"],"angle":-28.4,"extra":1,"ei":1}},{"type":"Feature","geometry":{"type":"Point","coordinates":[23.988113,49.846026]},"properties":{"lines":"11, 49","color":"#0059a9","mode":"bus","arr":["А11","А49"],"angle":-30,"extra":1,"ei":2}},{"type":"Feature","geometry":{"type":"Point","coordinates":[23.992434,49.847638]},"properties":{"lines":"11, 17, 49","color":"#0059a9","mode":"bus","arr":["А11","А17","А49"],"angle":-31.7}},{"type":"Feature","geometry":{"type":"Point","coordinates":[23.989897,49.846693]},"properties":{"lines":"11, 17, 49","color":"#0059a9","mode":"bus","arr":["А11","А17","А49"],"angle":-29.9,"extra":1,"ei":0}},{"type":"Feature","geometry":{"type":"Point","coordinates":[23.994828,49.848725]},"properties":{"lines":"11, 17, 49","color":"#0059a9","mode":"bus","arr":["А11","А17","А49"],"angle":-37.7,"extra":1,"ei":1}},{"type":"Feature","geometry":{"type":"Point","coordinates":[23.983305,49.81222]},"properties":{"lines":"11, 14, 16, 21, 23, 25, 27, 32, 48","color":"#0059a9","mode":"bus","arr":["А11","А14","А16","А21","А23","А25","А27","А32","А48","Тр23"],"tLines":"23","ntLines":"11, 14, 16, 21, 23, 25, 27, 32, 48","angle":-20.8}},{"type":"Feature","geometry":{"type":"Point","coordinates":[23.99908,49.807042]},"properties":{"lines":"41, 45, 51","color":"#0059a9","mode":"bus","arr":["А41","А45","А51"],"angle":-81.2,"side":-1}},{"type":"Feature","geometry":{"type":"Point","coordinates":[23.999256,49.809184]},"properties":{"lines":"41, 45, 51","color":"#0059a9","mode":"bus","arr":["А41","А45","А51"],"angle":-82.4,"extra":1,"ei":0}},{"type":"Feature","geometry":{"type":"Point","coordinates":[23.998164,49.805495]},"properties":{"lines":"41, 45, 51","color":"#0059a9","mode":"bus","arr":["А41","А45","А51"],"angle":-78.3,"extra":1,"ei":1}},{"type":"Feature","geometry":{"type":"Point","coordinates":[24.000415,49.810321]},"properties":{"lines":"11, 16, 18, 23, 38","color":"#0059a9","mode":"bus","arr":["А11","А16","А18","Тр23","Тр38"],"tLines":"23, 38","ntLines":"11, 16, 18","angle":-12.9,"side":-1}},{"type":"Feature","geometry":{"type":"Point","coordinates":[23.985249,49.857824]},"properties":{"lines":"12, 47","color":"#0059a9","mode":"bus","arr":["А12","А47"],"angle":-80.5,"mi":3}},{"type":"Feature","geometry":{"type":"Point","coordinates":[23.98621,49.854302]},"properties":{"lines":"12, 47","color":"#0059a9","mode":"bus","arr":["А12","А47"],"angle":62,"extra":1,"ei":0}},{"type":"Feature","geometry":{"type":"Point","coordinates":[23.98522,49.856063]},"properties":{"lines":"12, 47","color":"#0059a9","mode":"bus","arr":["А12","А47"],"angle":83.1,"extra":1,"ei":1}},{"type":"Feature","geometry":{"type":"Point","coordinates":[23.987152,49.859367]},"properties":{"lines":"12, 47","color":"#0059a9","mode":"bus","arr":["А12","А47"],"angle":-46.5,"extra":1,"ei":2}},{"type":"Feature","geometry":{"type":"Point","coordinates":[23.988991,49.860837]},"properties":{"lines":"12, 47","color":"#0059a9","mode":"bus","arr":["А12","А47"],"angle":-50.3,"extra":1,"ei":3}},{"type":"Feature","geometry":{"type":"Point","coordinates":[23.995702,49.862286]},"properties":{"lines":"12, 47","color":"#0059a9","mode":"bus","arr":["А12","А47"],"angle":0.6}},{"type":"Feature","geometry":{"type":"Point","coordinates":[23.991161,49.861631]},"properties":{"lines":"12, 47","color":"#0059a9","mode":"bus","arr":["А12","А47"],"angle":-19.5,"extra":1,"ei":0}},{"type":"Feature","geometry":{"type":"Point","coordinates":[23.999681,49.861717]},"properties":{"lines":"12, 47","color":"#0059a9","mode":"bus","arr":["А12","А47"],"angle":25,"extra":1,"ei":1}},{"type":"Feature","geometry":{"type":"Point","coordinates":[24.004169,49.862822]},"properties":{"lines":"12, 47","color":"#0059a9","mode":"bus","arr":["А12","А47"],"angle":-40.5,"mi":1}},{"type":"Feature","geometry":{"type":"Point","coordinates":[24.002709,49.862008]},"properties":{"lines":"12, 47","color":"#0059a9","mode":"bus","arr":["А12","А47"],"angle":-40,"extra":1,"ei":0}},{"type":"Feature","geometry":{"type":"Point","coordinates":[24.008846,49.865046]},"properties":{"lines":"12, 47, 52","color":"#0059a9","mode":"bus","arr":["А12","А47","А52"],"angle":-20.6}},{"type":"Feature","geometry":{"type":"Point","coordinates":[24.010705,49.865428]},"properties":{"lines":"12, 47, 52","color":"#0059a9","mode":"bus","arr":["А12","А47","А52"],"angle":-17.1,"extra":1,"ei":0}},{"type":"Feature","geometry":{"type":"Point","coordinates":[24.013452,49.865993]},"properties":{"lines":"12, 47","color":"#0059a9","mode":"bus","arr":["А12","А47"],"angle":-27.3,"mi":2}},{"type":"Feature","geometry":{"type":"Point","coordinates":[24.014971,49.866832]},"properties":{"lines":"12, 47","color":"#0059a9","mode":"bus","arr":["А12","А47"],"angle":-42.9,"extra":1,"ei":0}},{"type":"Feature","geometry":{"type":"Point","coordinates":[24.015668,49.867284]},"properties":{"lines":"12, 21, 37, 47","color":"#0059a9","mode":"bus","arr":["А12","А21","А37","А47"],"angle":-45.8}},{"type":"Feature","geometry":{"type":"Point","coordinates":[24.015718,49.867106]},"properties":{"lines":"12, 21, 37, 47","color":"#0059a9","mode":"bus","arr":["А12","А21","А37","А47"],"angle":15.3,"side":-1,"mi":1}},{"type":"Feature","geometry":{"type":"Point","coordinates":[24.056355,49.870232]},"properties":{"lines":"12, 19, 31, 39, 41, 51, 56","color":"#0059a9","mode":"bus","arr":["А12","А19","А31","А39","А41","А51","А56"],"angle":32.7}},{"type":"Feature","geometry":{"type":"Point","coordinates":[24.043109,49.869537]},"properties":{"lines":"12","color":"#0059a9","mode":"bus","arr":["А12"],"angle":78.2}},{"type":"Feature","geometry":{"type":"Point","coordinates":[24.043714,49.867738]},"properties":{"lines":"12","color":"#0059a9","mode":"bus","arr":["А12"],"angle":78,"extra":1,"ei":0}},{"type":"Feature","geometry":{"type":"Point","coordinates":[24.042497,49.871432]},"properties":{"lines":"12","color":"#0059a9","mode":"bus","arr":["А12"],"angle":77.3,"extra":1,"ei":1}},{"type":"Feature","geometry":{"type":"Point","coordinates":[24.041502,49.874416]},"properties":{"lines":"12, 17, 19, 34, 46, 51, 55, 84","color":"#0059a9","mode":"bus","arr":["А12","А17","А19","А34","А46","А51","А55","А84"],"angle":78.1}},{"type":"Feature","geometry":{"type":"Point","coordinates":[24.041905,49.873185]},"properties":{"lines":"12, 17, 19, 34, 46, 51, 55, 84","color":"#0059a9","mode":"bus","arr":["А12","А17","А19","А34","А46","А51","А55","А84"],"angle":78.2,"extra":1,"ei":0}},{"type":"Feature","geometry":{"type":"Point","coordinates":[24.038666,49.87626]},"properties":{"lines":"12, 17, 19, 34, 46, 51, 84","color":"#0059a9","mode":"bus","arr":["А12","А17","А19","А34","А46","А51","А84"],"angle":-12.1}},{"type":"Feature","geometry":{"type":"Point","coordinates":[24.033061,49.873853]},"properties":{"lines":"12, 17, 34, 51, 84","color":"#0059a9","mode":"bus","arr":["А12","А17","А34","А51","А84"],"angle":-68.6}},{"type":"Feature","geometry":{"type":"Point","coordinates":[24.035015,49.875649]},"properties":{"lines":"12, 17, 34, 51, 84","color":"#0059a9","mode":"bus","arr":["А12","А17","А34","А51","А84"],"angle":-31.7,"extra":1,"ei":0}},{"type":"Feature","geometry":{"type":"Point","coordinates":[24.032732,49.872352]},"properties":{"lines":"12, 17, 34, 51, 84","color":"#0059a9","mode":"bus","arr":["А12","А17","А34","А51","А84"],"angle":77.7,"extra":1,"ei":1}},{"type":"Feature","geometry":{"type":"Point","coordinates":[23.937854,49.876669]},"properties":{"lines":"12","color":"#0059a9","mode":"bus","arr":["А12"],"angle":73.9}},{"type":"Feature","geometry":{"type":"Point","coordinates":[23.931539,49.823935]},"properties":{"lines":"14, 21, 52, 84, 92","color":"#0059a9","mode":"bus","arr":["А14","А21","А52","А84","А92"],"angle":-17.5}},{"type":"Feature","geometry":{"type":"Point","coordinates":[23.918165,49.821371]},"properties":{"lines":"14, 21, 52, 84, 92","color":"#0059a9","mode":"bus","arr":["А14","А21","А52","А84","А92"],"angle":-15.1,"extra":1,"ei":0,"side":-1}},{"type":"Feature","geometry":{"type":"Point","coordinates":[23.920987,49.821879]},"properties":{"lines":"14, 21, 52, 84, 92","color":"#0059a9","mode":"bus","arr":["А14","А21","А52","А84","А92"],"angle":-15.8,"extra":1,"ei":1,"side":-1}},{"type":"Feature","geometry":{"type":"Point","coordinates":[23.923807,49.822391]},"properties":{"lines":"14, 21, 52, 84, 92","color":"#0059a9","mode":"bus","arr":["А14","А21","А52","А84","А92"],"angle":-15.5,"extra":1,"ei":2,"side":-1}},{"type":"Feature","geometry":{"type":"Point","coordinates":[23.926621,49.822917]},"properties":{"lines":"14, 21, 52, 84, 92","color":"#0059a9","mode":"bus","arr":["А14","А21","А52","А84","А92"],"angle":-16.2,"extra":1,"ei":3,"side":-1}},{"type":"Feature","geometry":{"type":"Point","coordinates":[23.92944,49.823432]},"properties":{"lines":"14, 21, 52, 84, 92","color":"#0059a9","mode":"bus","arr":["А14","А21","А52","А84","А92"],"angle":-15.2,"extra":1,"ei":4,"side":-1}},{"type":"Feature","geometry":{"type":"Point","coordinates":[23.943476,49.82614]},"properties":{"lines":"14, 21, 52, 84, 92","color":"#0059a9","mode":"bus","arr":["А14","А21","А52","А84","А92"],"angle":-16,"extra":1,"ei":0}},{"type":"Feature","geometry":{"type":"Point","coordinates":[23.940661,49.825616]},"properties":{"lines":"14, 21, 52, 84, 92","color":"#0059a9","mode":"bus","arr":["А14","А21","А52","А84","А92"],"angle":-16.1,"extra":1,"ei":1}},{"type":"Feature","geometry":{"type":"Point","coordinates":[23.937851,49.825083]},"properties":{"lines":"14, 21, 52, 84, 92","color":"#0059a9","mode":"bus","arr":["А14","А21","А52","А84","А92"],"angle":-16.5,"extra":1,"ei":2}},{"type":"Feature","geometry":{"type":"Point","coordinates":[23.93504,49.82455]},"properties":{"lines":"14, 21, 52, 84, 92","color":"#0059a9","mode":"bus","arr":["А14","А21","А52","А84","А92"],"angle":-14.1,"extra":1,"ei":3}},{"type":"Feature","geometry":{"type":"Point","coordinates":[23.951203,49.827576]},"properties":{"lines":"14, 21, 27, 52, 84, 92","color":"#0059a9","mode":"bus","arr":["А14","А21","А27","А52","А84","А92","Тр27"],"tLines":"27","ntLines":"14, 21, 27, 52, 84, 92","angle":-15.3}},{"type":"Feature","geometry":{"type":"Point","coordinates":[23.946119,49.826622]},"properties":{"lines":"14, 21, 27, 52, 84, 92","color":"#0059a9","mode":"bus","arr":["А14","А21","А27","А52","А84","А92","Тр27"],"tLines":"27","ntLines":"14, 21, 27, 52, 84, 92","angle":-16,"mi":1}},{"type":"Feature","geometry":{"type":"Point","coordinates":[23.949005,49.827113]},"properties":{"lines":"14, 21, 27, 52, 84, 92","color":"#0059a9","mode":"bus","arr":["А14","А21","А27","А52","А84","А92","Тр27"],"tLines":"27","ntLines":"14, 21, 27, 52, 84, 92","angle":-20,"extra":1,"ei":0,"side":-1}},{"type":"Feature","geometry":{"type":"Point","coordinates":[23.953154,49.827926]},"properties":{"lines":"14, 21, 27, 52, 84, 92","color":"#0059a9","mode":"bus","arr":["А14","А21","А27","А52","А84","А92","Тр27"],"tLines":"27","ntLines":"14, 21, 27, 52, 84, 92","angle":-14.9,"extra":1,"ei":0}},{"type":"Feature","geometry":{"type":"Point","coordinates":[23.947623,49.826836]},"properties":{"lines":"14","color":"#0059a9","mode":"bus","arr":["А14"],"angle":-16.7,"side":-1}},{"type":"Feature","geometry":{"type":"Point","coordinates":[24.052271,49.796683]},"properties":{"lines":"14","color":"#0059a9","mode":"bus","arr":["А14"],"angle":38.9,"side":-1}},{"type":"Feature","geometry":{"type":"Point","coordinates":[23.954598,49.827449]},"properties":{"lines":"14, 21, 27, 92","color":"#0059a9","mode":"bus","arr":["А14","А21","А27","А92"],"angle":82.1}},{"type":"Feature","geometry":{"type":"Point","coordinates":[23.955261,49.825237]},"properties":{"lines":"14, 21, 27, 48, 92, 23, 30","color":"#0059a9","mode":"bus","arr":["А14","А21","А27","А48","А92","Тр23","Тр30"],"tLines":"23, 30","ntLines":"14, 21, 27, 48, 92","angle":74.4,"side":-1}},{"type":"Feature","geometry":{"type":"Point","coordinates":[23.961686,49.823036]},"properties":{"lines":"14, 21, 27, 48, 92, 23, 30","color":"#0059a9","mode":"bus","arr":["А14","А21","А27","А48","А92","Тр23","Тр30"],"tLines":"23, 30","ntLines":"14, 21, 27, 48, 92","angle":8,"mi":1}},{"type":"Feature","geometry":{"type":"Point","coordinates":[23.957421,49.82344]},"properties":{"lines":"14, 21, 27, 48, 92, 23, 30","color":"#0059a9","mode":"bus","arr":["А14","А21","А27","А48","А92","Тр23","Тр30"],"tLines":"23, 30","ntLines":"14, 21, 27, 48, 92","angle":9.1,"extra":1,"ei":0}},{"type":"Feature","geometry":{"type":"Point","coordinates":[23.966126,49.822658]},"properties":{"lines":"14, 21, 27, 48, 92, 23, 30","color":"#0059a9","mode":"bus","arr":["А14","А21","А27","А48","А92","Тр23","Тр30"],"tLines":"23, 30","ntLines":"14, 21, 27, 48, 92","angle":4.8,"extra":1,"ei":1}},{"type":"Feature","geometry":{"type":"Point","coordinates":[24.050085,49.79783]},"properties":{"lines":"14, 37","color":"#0059a9","mode":"bus","arr":["А14","А37"],"angle":39.1,"side":-1}},{"type":"Feature","geometry":{"type":"Point","coordinates":[24.061452,49.79404]},"properties":{"lines":"14, 16, 19, 23, 37, 40, 41, 47, 24","color":"#0059a9","mode":"bus","arr":["А14","А16","А19","А23","А37","А40","А41","А47","Тр24"],"tLines":"24","ntLines":"14, 16, 19, 23, 37, 40, 41, 47","angle":-16.1}},{"type":"Feature","geometry":{"type":"Point","coordinates":[24.066379,49.792011]},"properties":{"lines":"14, 46, 47","color":"#0059a9","mode":"bus","arr":["А14","А46","А47"],"angle":49.2}},{"type":"Feature","geometry":{"type":"Point","coordinates":[24.064501,49.79365]},"properties":{"lines":"14, 46, 47","color":"#0059a9","mode":"bus","arr":["А14","А46","А47"],"angle":73.7,"extra":1,"ei":0}},{"type":"Feature","geometry":{"type":"Point","coordinates":[24.068007,49.790663]},"properties":{"lines":"14, 46, 47","color":"#0059a9","mode":"bus","arr":["А14","А46","А47"],"angle":55.8,"extra":1,"ei":1}},{"type":"Feature","geometry":{"type":"Point","coordinates":[24.068574,49.786951]},"properties":{"lines":"14","color":"#0059a9","mode":"bus","arr":["А14"],"angle":67.8}},{"type":"Feature","geometry":{"type":"Point","coordinates":[24.064815,49.787562]},"properties":{"lines":"14, 46, 47","color":"#0059a9","mode":"bus","arr":["А14","А46","А47"],"angle":11,"mi":1}},{"type":"Feature","geometry":{"type":"Point","coordinates":[24.060661,49.787982]},"properties":{"lines":"14, 46, 47","color":"#0059a9","mode":"bus","arr":["А14","А46","А47"],"angle":-1.6,"extra":1,"ei":0}},{"type":"Feature","geometry":{"type":"Point","coordinates":[24.068263,49.789153]},"properties":{"lines":"14, 46, 47","color":"#0059a9","mode":"bus","arr":["А14","А46","А47"],"angle":-45,"extra":1,"ei":1}},{"type":"Feature","geometry":{"type":"Point","coordinates":[24.0619,49.78361]},"properties":{"lines":"14, 19","color":"#0059a9","mode":"bus","arr":["А14","А19"],"angle":89.7,"mi":2}},{"type":"Feature","geometry":{"type":"Point","coordinates":[24.066829,49.783671]},"properties":{"lines":"14, 19","color":"#0059a9","mode":"bus","arr":["А14","А19"],"angle":0.5}},{"type":"Feature","geometry":{"type":"Point","coordinates":[24.068708,49.783421]},"properties":{"lines":"14, 19","color":"#0059a9","mode":"bus","arr":["А14","А19"],"angle":26.9,"extra":1,"ei":0}},{"type":"Feature","geometry":{"type":"Point","coordinates":[24.069886,49.784213]},"properties":{"lines":"14, 19","color":"#0059a9","mode":"bus","arr":["А14","А19"],"angle":-68.8,"mi":1}},{"type":"Feature","geometry":{"type":"Point","coordinates":[23.915678,49.821074]},"properties":{"lines":"21, 52, 84","color":"#0059a9","mode":"bus","arr":["А21","А52","А84"],"angle":-13.6,"mi":1}},{"type":"Feature","geometry":{"type":"Point","coordinates":[24.020264,49.836206]},"properties":{"lines":"92","color":"#0059a9","mode":"bus","arr":["А92"],"angle":-41.9}},{"type":"Feature","geometry":{"type":"Point","coordinates":[24.044284,49.826119]},"properties":{"lines":"15, 37, 43, 46, 24, 31","color":"#0059a9","mode":"bus","arr":["А15","А37","А43","А46","Тр24","Тр31"],"tLines":"24, 31","ntLines":"15, 37, 43, 46","angle":19.7}},{"type":"Feature","geometry":{"type":"Point","coordinates":[24.037317,49.833783]},"properties":{"lines":"15, 37, 43, 46, 24, 31","color":"#0059a9","mode":"bus","arr":["А15","А37","А43","А46","Тр24","Тр31"],"tLines":"24, 31","ntLines":"15, 37, 43, 46","angle":22.7,"extra":1,"ei":0}},{"type":"Feature","geometry":{"type":"Point","coordinates":[24.039951,49.832958]},"properties":{"lines":"15, 37, 43, 46, 24, 31","color":"#0059a9","mode":"bus","arr":["А15","А37","А43","А46","Тр24","Тр31"],"tLines":"24, 31","ntLines":"15, 37, 43, 46","angle":29.1,"extra":1,"ei":1}},{"type":"Feature","geometry":{"type":"Point","coordinates":[24.042142,49.831727]},"properties":{"lines":"15, 37, 43, 46, 24, 31","color":"#0059a9","mode":"bus","arr":["А15","А37","А43","А46","Тр24","Тр31"],"tLines":"24, 31","ntLines":"15, 37, 43, 46","angle":50,"extra":1,"ei":2}},{"type":"Feature","geometry":{"type":"Point","coordinates":[24.043945,49.83024]},"properties":{"lines":"15, 37, 43, 46, 24, 31","color":"#0059a9","mode":"bus","arr":["А15","А37","А43","А46","Тр24","Тр31"],"tLines":"24, 31","ntLines":"15, 37, 43, 46","angle":55,"extra":1,"ei":3}},{"type":"Feature","geometry":{"type":"Point","coordinates":[24.044998,49.828535]},"properties":{"lines":"15, 37, 43, 46, 24, 31","color":"#0059a9","mode":"bus","arr":["А15","А37","А43","А46","Тр24","Тр31"],"tLines":"24, 31","ntLines":"15, 37, 43, 46","angle":66.3,"extra":1,"ei":4}},{"type":"Feature","geometry":{"type":"Point","coordinates":[24.046659,49.825602]},"properties":{"lines":"15, 37, 43, 46, 24, 31","color":"#0059a9","mode":"bus","arr":["А15","А37","А43","А46","Тр24","Тр31"],"tLines":"24, 31","ntLines":"15, 37, 43, 46","angle":18.8,"extra":1,"ei":5}},{"type":"Feature","geometry":{"type":"Point","coordinates":[24.049353,49.824889]},"properties":{"lines":"15, 37, 43, 46, 24, 31","color":"#0059a9","mode":"bus","arr":["А15","А37","А43","А46","Тр24","Тр31"],"tLines":"24, 31","ntLines":"15, 37, 43, 46","angle":39.3,"extra":1,"ei":6}},{"type":"Feature","geometry":{"type":"Point","coordinates":[24.051711,49.823779]},"properties":{"lines":"15, 37, 43, 46, 24, 31","color":"#0059a9","mode":"bus","arr":["А15","А37","А43","А46","Тр24","Тр31"],"tLines":"24, 31","ntLines":"15, 37, 43, 46","angle":33,"extra":1,"ei":7}},{"type":"Feature","geometry":{"type":"Point","coordinates":[24.054027,49.822629]},"properties":{"lines":"15, 37, 43, 46, 24, 31","color":"#0059a9","mode":"bus","arr":["А15","А37","А43","А46","Тр24","Тр31"],"tLines":"24, 31","ntLines":"15, 37, 43, 46","angle":46.6,"extra":1,"ei":8}},{"type":"Feature","geometry":{"type":"Point","coordinates":[24.055613,49.821046]},"properties":{"lines":"15, 37, 43, 46, 24, 31","color":"#0059a9","mode":"bus","arr":["А15","А37","А43","А46","Тр24","Тр31"],"tLines":"24, 31","ntLines":"15, 37, 43, 46","angle":60,"extra":1,"ei":9}},{"type":"Feature","geometry":{"type":"Point","coordinates":[24.057102,49.81942]},"properties":{"lines":"15, 37, 43, 46, 24, 31","color":"#0059a9","mode":"bus","arr":["А15","А37","А43","А46","Тр24","Тр31"],"tLines":"24, 31","ntLines":"15, 37, 43, 46","angle":58.9,"extra":1,"ei":10}},{"type":"Feature","geometry":{"type":"Point","coordinates":[24.060399,49.817279]},"properties":{"lines":"15, 37, 46, 24, 31","color":"#0059a9","mode":"bus","arr":["А15","А37","А46","Тр24","Тр31"],"tLines":"24, 31","ntLines":"15, 37, 46","angle":39.9}},{"type":"Feature","geometry":{"type":"Point","coordinates":[24.061713,49.816361]},"properties":{"lines":"15, 37, 46, 24, 31","color":"#0059a9","mode":"bus","arr":["А15","А37","А46","Тр24","Тр31"],"tLines":"24, 31","ntLines":"15, 37, 46","angle":86.2,"extra":1,"ei":0}},{"type":"Feature","geometry":{"type":"Point","coordinates":[24.062408,49.815971]},"properties":{"lines":"15, 23, 27, 40, 47","color":"#0059a9","mode":"bus","arr":["А15","А23","А27","А40","А47"],"angle":-2.4}},{"type":"Feature","geometry":{"type":"Point","coordinates":[24.070735,49.815727]},"properties":{"lines":"15, 23, 27, 40, 47, 92","color":"#0059a9","mode":"bus","arr":["А15","А23","А27","А40","А47","А92"],"angle":21.5}},{"type":"Feature","geometry":{"type":"Point","coordinates":[24.064164,49.815999]},"properties":{"lines":"15, 23, 27, 40, 47, 92","color":"#0059a9","mode":"bus","arr":["А15","А23","А27","А40","А47","А92"],"angle":-1.5,"extra":1,"ei":0}},{"type":"Feature","geometry":{"type":"Point","coordinates":[24.067083,49.816154]},"properties":{"lines":"15, 23, 27, 40, 47, 92","color":"#0059a9","mode":"bus","arr":["А15","А23","А27","А40","А47","А92"],"angle":-5.3,"extra":1,"ei":1}},{"type":"Feature","geometry":{"type":"Point","coordinates":[24.072683,49.815223]},"properties":{"lines":"15, 23, 27, 40, 47, 92","color":"#0059a9","mode":"bus","arr":["А15","А23","А27","А40","А47","А92"],"angle":22.3,"extra":1,"ei":2}},{"type":"Feature","geometry":{"type":"Point","coordinates":[24.075391,49.814503]},"properties":{"lines":"15, 23, 27, 40, 47, 92","color":"#0059a9","mode":"bus","arr":["А15","А23","А27","А40","А47","А92"],"angle":22.4,"extra":1,"ei":3}},{"type":"Feature","geometry":{"type":"Point","coordinates":[24.078179,49.813969]},"properties":{"lines":"15, 23, 27, 40, 47, 92","color":"#0059a9","mode":"bus","arr":["А15","А23","А27","А40","А47","А92"],"angle":-0.4,"extra":1,"ei":4}},{"type":"Feature","geometry":{"type":"Point","coordinates":[24.074179,49.825562]},"properties":{"lines":"15, 19, 23, 27, 40, 47, 92","color":"#0059a9","mode":"bus","arr":["А15","А19","А23","А27","А40","А47","А92"],"angle":48}},{"type":"Feature","geometry":{"type":"Point","coordinates":[24.078013,49.814903]},"properties":{"lines":"15, 19, 23, 27, 40, 47, 92","color":"#0059a9","mode":"bus","arr":["А15","А19","А23","А27","А40","А47","А92"],"angle":75.4,"extra":1,"ei":0}},{"type":"Feature","geometry":{"type":"Point","coordinates":[24.077294,49.816734]},"properties":{"lines":"15, 19, 23, 27, 40, 47, 92","color":"#0059a9","mode":"bus","arr":["А15","А19","А23","А27","А40","А47","А92"],"angle":75.9,"extra":1,"ei":1}},{"type":"Feature","geometry":{"type":"Point","coordinates":[24.07659,49.818567]},"properties":{"lines":"15, 19, 23, 27, 40, 47, 92","color":"#0059a9","mode":"bus","arr":["А15","А19","А23","А27","А40","А47","А92"],"angle":76.5,"extra":1,"ei":2}},{"type":"Feature","geometry":{"type":"Point","coordinates":[24.075906,49.820404]},"properties":{"lines":"15, 19, 23, 27, 40, 47, 92","color":"#0059a9","mode":"bus","arr":["А15","А19","А23","А27","А40","А47","А92"],"angle":76.5,"extra":1,"ei":3}},{"type":"Feature","geometry":{"type":"Point","coordinates":[24.075199,49.822236]},"properties":{"lines":"15, 19, 23, 27, 40, 47, 92","color":"#0059a9","mode":"bus","arr":["А15","А19","А23","А27","А40","А47","А92"],"angle":76.3,"extra":1,"ei":4}},{"type":"Feature","geometry":{"type":"Point","coordinates":[24.075125,49.824099]},"properties":{"lines":"15, 19, 23, 27, 40, 47, 92","color":"#0059a9","mode":"bus","arr":["А15","А19","А23","А27","А40","А47","А92"],"angle":87,"extra":1,"ei":5}},{"type":"Feature","geometry":{"type":"Point","coordinates":[24.071857,49.827082]},"properties":{"lines":"15, 19, 23, 27, 40, 47, 92","color":"#0059a9","mode":"bus","arr":["А15","А19","А23","А27","А40","А47","А92"],"angle":60.1,"extra":1,"ei":6}},{"type":"Feature","geometry":{"type":"Point","coordinates":[24.070425,49.82873]},"properties":{"lines":"15, 19, 23, 27, 40, 47, 92","color":"#0059a9","mode":"bus","arr":["А15","А19","А23","А27","А40","А47","А92"],"angle":60.8,"extra":1,"ei":7}},{"type":"Feature","geometry":{"type":"Point","coordinates":[24.06901,49.830383]},"properties":{"lines":"15, 19, 23, 27, 40, 47, 92","color":"#0059a9","mode":"bus","arr":["А15","А19","А23","А27","А40","А47","А92"],"angle":55,"extra":1,"ei":8}},{"type":"Feature","geometry":{"type":"Point","coordinates":[24.06687,49.831646]},"properties":{"lines":"15, 19, 23, 27, 40, 47, 92","color":"#0059a9","mode":"bus","arr":["А15","А19","А23","А27","А40","А47","А92"],"angle":70.4,"extra":1,"ei":9}},{"type":"Feature","geometry":{"type":"Point","coordinates":[24.067743,49.833375]},"properties":{"lines":"15, 19, 23, 27, 40, 47, 92","color":"#0059a9","mode":"bus","arr":["А15","А19","А23","А27","А40","А47","А92"],"angle":-80.9,"extra":1,"ei":10}},{"type":"Feature","geometry":{"type":"Point","coordinates":[24.068211,49.835239]},"properties":{"lines":"15, 19, 23, 27, 40, 47, 92","color":"#0059a9","mode":"bus","arr":["А15","А19","А23","А27","А40","А47","А92"],"angle":-81.4,"extra":1,"ei":11}},{"type":"Feature","geometry":{"type":"Point","coordinates":[24.07823,49.824925]},"properties":{"lines":"15","color":"#0059a9","mode":"bus","arr":["А15"],"angle":26.9}},{"type":"Feature","geometry":{"type":"Point","coordinates":[24.073624,49.826431]},"properties":{"lines":"15","color":"#0059a9","mode":"bus","arr":["А15"],"angle":25.4,"extra":1,"ei":0}},{"type":"Feature","geometry":{"type":"Point","coordinates":[24.076236,49.825575]},"properties":{"lines":"15","color":"#0059a9","mode":"bus","arr":["А15"],"angle":27.1,"extra":1,"ei":1}},{"type":"Feature","geometry":{"type":"Point","coordinates":[24.081464,49.823869]},"properties":{"lines":"15","color":"#0059a9","mode":"bus","arr":["А15"],"angle":26.9,"extra":1,"ei":2}},{"type":"Feature","geometry":{"type":"Point","coordinates":[24.084077,49.823014]},"properties":{"lines":"15","color":"#0059a9","mode":"bus","arr":["А15"],"angle":26.8,"extra":1,"ei":3}},{"type":"Feature","geometry":{"type":"Point","coordinates":[24.068219,49.835959]},"properties":{"lines":"15, 47, 92","color":"#0059a9","mode":"bus","arr":["А15","А47","А92"],"angle":48.6}},{"type":"Feature","geometry":{"type":"Point","coordinates":[24.056636,49.79479]},"properties":{"lines":"16, 19, 47, 24","color":"#0059a9","mode":"bus","arr":["А16","А19","А47","Тр24"],"tLines":"24","ntLines":"16, 19, 47","angle":-44.5}},{"type":"Feature","geometry":{"type":"Point","coordinates":[24.046186,49.810233]},"properties":{"lines":"16, 53","color":"#0059a9","mode":"bus","arr":["А16","А53"],"angle":13.6,"side":-1}},{"type":"Feature","geometry":{"type":"Point","coordinates":[24.041464,49.811837]},"properties":{"lines":"16, 27, 53","color":"#0059a9","mode":"bus","arr":["А16","А27","А53"],"angle":28.3,"mi":1}},{"type":"Feature","geometry":{"type":"Point","coordinates":[24.044586,49.810762]},"properties":{"lines":"16, 27, 53","color":"#0059a9","mode":"bus","arr":["А16","А27","А53"],"angle":28.4,"extra":1,"ei":0}},{"type":"Feature","geometry":{"type":"Point","coordinates":[24.039421,49.812546]},"properties":{"lines":"16, 27, 53","color":"#0059a9","mode":"bus","arr":["А16","А27","А53"],"angle":28.7,"extra":1,"ei":1}},{"type":"Feature","geometry":{"type":"Point","coordinates":[24.042522,49.812696]},"properties":{"lines":"16, 27, 53","color":"#0059a9","mode":"bus","arr":["А16","А27","А53"],"angle":-60.8,"mi":2}},{"type":"Feature","geometry":{"type":"Point","coordinates":[24.040334,49.813631]},"properties":{"lines":"16, 27, 53","color":"#0059a9","mode":"bus","arr":["А16","А27","А53"],"angle":-3}},{"type":"Feature","geometry":{"type":"Point","coordinates":[24.031455,49.815252]},"properties":{"lines":"16, 27, 53","color":"#0059a9","mode":"bus","arr":["А16","А27","А53"],"angle":25.7,"mi":3}},{"type":"Feature","geometry":{"type":"Point","coordinates":[24.027249,49.816554]},"properties":{"lines":"16, 27, 53","color":"#0059a9","mode":"bus","arr":["А16","А27","А53"],"angle":25.9,"extra":1,"ei":0}},{"type":"Feature","geometry":{"type":"Point","coordinates":[24.03517,49.814099]},"properties":{"lines":"16, 27, 53","color":"#0059a9","mode":"bus","arr":["А16","А27","А53"],"angle":25.8,"extra":1,"ei":1}},{"type":"Feature","geometry":{"type":"Point","coordinates":[24.025741,49.815706]},"properties":{"lines":"16, 27","color":"#0059a9","mode":"bus","arr":["А16","А27"],"angle":-84.8,"mi":1}},{"type":"Feature","geometry":{"type":"Point","coordinates":[24.022678,49.814597]},"properties":{"lines":"16, 27","color":"#0059a9","mode":"bus","arr":["А16","А27"],"angle":3.2}},{"type":"Feature","geometry":{"type":"Point","coordinates":[23.973241,49.822254]},"properties":{"lines":"16, 25, 92, 30","color":"#0059a9","mode":"bus","arr":["А16","А25","А92","Тр30"],"tLines":"30","ntLines":"16, 25, 92","angle":-31.8}},{"type":"Feature","geometry":{"type":"Point","coordinates":[23.970216,49.821133]},"properties":{"lines":"16, 25, 92, 30","color":"#0059a9","mode":"bus","arr":["А16","А25","А92","Тр30"],"tLines":"30","ntLines":"16, 25, 92","angle":-28.2,"extra":1,"ei":0}},{"type":"Feature","geometry":{"type":"Point","coordinates":[23.975188,49.823123]},"properties":{"lines":"16, 25, 92, 30","color":"#0059a9","mode":"bus","arr":["А16","А25","А92","Тр30"],"tLines":"30","ntLines":"16, 25, 92","angle":-36.5,"extra":1,"ei":1}},{"type":"Feature","geometry":{"type":"Point","coordinates":[23.982308,49.826799]},"properties":{"lines":"16, 25, 33, 51, 92, 30","color":"#0059a9","mode":"bus","arr":["А16","А25","А33","А51","А92","Тр30"],"tLines":"30","ntLines":"16, 25, 33, 51, 92","angle":-41.9}},{"type":"Feature","geometry":{"type":"Point","coordinates":[23.978402,49.824711]},"properties":{"lines":"16, 25, 33, 51, 92, 30","color":"#0059a9","mode":"bus","arr":["А16","А25","А33","А51","А92","Тр30"],"tLines":"30","ntLines":"16, 25, 33, 51, 92","angle":-40.6,"extra":1,"ei":0}},{"type":"Feature","geometry":{"type":"Point","coordinates":[23.980638,49.825931]},"properties":{"lines":"16, 25, 33, 51, 92, 30","color":"#0059a9","mode":"bus","arr":["А16","А25","А33","А51","А92","Тр30"],"tLines":"30","ntLines":"16, 25, 33, 51, 92","angle":-39.4,"extra":1,"ei":1}},{"type":"Feature","geometry":{"type":"Point","coordinates":[23.985328,49.828184]},"properties":{"lines":"16, 25, 33, 51, 92, 30","color":"#0059a9","mode":"bus","arr":["А16","А25","А33","А51","А92","Тр30"],"tLines":"30","ntLines":"16, 25, 33, 51, 92","angle":-34.6,"extra":1,"ei":2}},{"type":"Feature","geometry":{"type":"Point","coordinates":[23.979846,49.829519]},"properties":{"lines":"16","color":"#0059a9","mode":"bus","arr":["А16"],"angle":55.4}},{"type":"Feature","geometry":{"type":"Point","coordinates":[23.981853,49.827809]},"properties":{"lines":"16","color":"#0059a9","mode":"bus","arr":["А16"],"angle":53,"extra":1,"ei":0}},{"type":"Feature","geometry":{"type":"Point","coordinates":[23.978887,49.831024]},"properties":{"lines":"16","color":"#0059a9","mode":"bus","arr":["А16"],"angle":69.5,"extra":1,"ei":1}},{"type":"Feature","geometry":{"type":"Point","coordinates":[23.980731,49.832867]},"properties":{"lines":"16, 32, 52, 84, 27","color":"#0059a9","mode":"bus","arr":["А16","А32","А52","А84","Тр27"],"tLines":"27","ntLines":"16, 32, 52, 84","angle":-15.3}},{"type":"Feature","geometry":{"type":"Point","coordinates":[23.987306,49.834052]},"properties":{"lines":"16, 20, 32, 34, 43, 49, 52, 84, 92, 27","color":"#0059a9","mode":"bus","arr":["А16","А20","А32","А34","А43","А49","А52","А84","А92","Тр27","Тр32"],"tLines":"27, 32","ntLines":"16, 20, 32, 34, 43, 49, 52, 84, 92","angle":-14.5}},{"type":"Feature","geometry":{"type":"Point","coordinates":[23.985282,49.833687]},"properties":{"lines":"16, 20, 32, 34, 43, 49, 52, 84, 92, 27","color":"#0059a9","mode":"bus","arr":["А16","А20","А32","А34","А43","А49","А52","А84","А92","Тр27","Тр32"],"tLines":"27, 32","ntLines":"16, 20, 32, 34, 43, 49, 52, 84, 92","angle":-15.7,"extra":1,"ei":0}},{"type":"Feature","geometry":{"type":"Point","coordinates":[24.000485,49.837402]},"properties":{"lines":"16, 29, 31, 32, 49","color":"#0059a9","mode":"bus","arr":["А16","А29","А31","А32","А49"],"angle":30.6,"side":-1}},{"type":"Feature","geometry":{"type":"Point","coordinates":[24.001442,49.836816]},"properties":{"lines":"16, 32, 49","color":"#0059a9","mode":"bus","arr":["А16","А32","А49"],"angle":-62.8}},{"type":"Feature","geometry":{"type":"Point","coordinates":[23.985097,49.831122]},"properties":{"lines":"16, 92","color":"#0059a9","mode":"bus","arr":["А16","А92"],"angle":50.4}},{"type":"Feature","geometry":{"type":"Point","coordinates":[23.984268,49.832525]},"properties":{"lines":"16, 92","color":"#0059a9","mode":"bus","arr":["А16","А92"],"angle":73.6,"extra":1,"ei":0}},{"type":"Feature","geometry":{"type":"Point","coordinates":[23.987341,49.829391]},"properties":{"lines":"16, 92","color":"#0059a9","mode":"bus","arr":["А16","А92"],"angle":44.1,"extra":1,"ei":1}},{"type":"Feature","geometry":{"type":"Point","coordinates":[24.058423,49.793961]},"properties":{"lines":"16, 19, 23, 37, 40, 41, 47, 24","color":"#0059a9","mode":"bus","arr":["А16","А19","А23","А37","А40","А41","А47","Тр24"],"tLines":"24","ntLines":"16, 19, 23, 37, 40, 41, 47","angle":35.1}},{"type":"Feature","geometry":{"type":"Point","coordinates":[24.064617,49.794657]},"properties":{"lines":"16, 19, 23, 37, 40, 41, 46, 47, 24","color":"#0059a9","mode":"bus","arr":["А16","А19","А23","А37","А40","А41","А46","А47","Тр24"],"tLines":"24","ntLines":"16, 19, 23, 37, 40, 41, 46, 47","angle":-16.3}},{"type":"Feature","geometry":{"type":"Point","coordinates":[24.070781,49.795794]},"properties":{"lines":"19, 23, 37, 40, 46, 47, 24","color":"#0059a9","mode":"bus","arr":["А19","А23","А37","А40","А46","А47","Тр24"],"tLines":"24","ntLines":"19, 23, 37, 40, 46, 47","angle":-17.1}},{"type":"Feature","geometry":{"type":"Point","coordinates":[24.066551,49.795008]},"properties":{"lines":"19, 23, 37, 40, 46, 47, 24","color":"#0059a9","mode":"bus","arr":["А19","А23","А37","А40","А46","А47","Тр24"],"tLines":"24","ntLines":"19, 23, 37, 40, 46, 47","angle":-16.3,"extra":1,"ei":0}},{"type":"Feature","geometry":{"type":"Point","coordinates":[24.071454,49.797802]},"properties":{"lines":"19, 23, 37, 40, 46, 47, 24","color":"#0059a9","mode":"bus","arr":["А19","А23","А37","А40","А46","А47","Тр24"],"tLines":"24","ntLines":"19, 23, 37, 40, 46, 47","angle":65.2,"extra":1,"ei":1}},{"type":"Feature","geometry":{"type":"Point","coordinates":[24.042518,49.876912]},"properties":{"lines":"17, 19, 84","color":"#0059a9","mode":"bus","arr":["А17","А19","А84"],"angle":-30.3,"mi":2}},{"type":"Feature","geometry":{"type":"Point","coordinates":[24.037712,49.880105]},"properties":{"lines":"17, 19, 84","color":"#0059a9","mode":"bus","arr":["А17","А19","А84"],"angle":67.2}},{"type":"Feature","geometry":{"type":"Point","coordinates":[24.036802,49.880145]},"properties":{"lines":"17, 19, 84","color":"#0059a9","mode":"bus","arr":["А17","А19","А84"],"angle":-33.2,"mi":1}},{"type":"Feature","geometry":{"type":"Point","coordinates":[24.036358,49.879016]},"properties":{"lines":"17, 46, 55, 84","color":"#0059a9","mode":"bus","arr":["А17","А46","А55","А84"],"angle":41.7}},{"type":"Feature","geometry":{"type":"Point","coordinates":[24.036431,49.877626]},"properties":{"lines":"17, 19, 46, 84","color":"#0059a9","mode":"bus","arr":["А17","А19","А46","А84"],"angle":-86}},{"type":"Feature","geometry":{"type":"Point","coordinates":[23.97988,49.845487]},"properties":{"lines":"17","color":"#0059a9","mode":"bus","arr":["А17"],"angle":-11.6,"mi":7}},{"type":"Feature","geometry":{"type":"Point","coordinates":[23.987556,49.846634]},"properties":{"lines":"17","color":"#0059a9","mode":"bus","arr":["А17"],"angle":-12.9,"extra":1,"ei":0}},{"type":"Feature","geometry":{"type":"Point","coordinates":[23.9847,49.846215]},"properties":{"lines":"17","color":"#0059a9","mode":"bus","arr":["А17"],"angle":-12.8,"extra":1,"ei":1}},{"type":"Feature","geometry":{"type":"Point","coordinates":[23.981847,49.845783]},"properties":{"lines":"17","color":"#0059a9","mode":"bus","arr":["А17"],"angle":-13.6,"extra":1,"ei":2}},{"type":"Feature","geometry":{"type":"Point","coordinates":[23.976108,49.845032]},"properties":{"lines":"17","color":"#0059a9","mode":"bus","arr":["А17"],"angle":-12.6,"extra":1,"ei":3}},{"type":"Feature","geometry":{"type":"Point","coordinates":[23.97325,49.844617]},"properties":{"lines":"17","color":"#0059a9","mode":"bus","arr":["А17"],"angle":-12.7,"extra":1,"ei":4}},{"type":"Feature","geometry":{"type":"Point","coordinates":[23.970109,49.846804]},"properties":{"lines":"17","color":"#0059a9","mode":"bus","arr":["А17"],"angle":78.9,"mi":3}},{"type":"Feature","geometry":{"type":"Point","coordinates":[23.970475,49.845528]},"properties":{"lines":"17","color":"#0059a9","mode":"bus","arr":["А17"],"angle":79.2,"extra":1,"ei":0}},{"type":"Feature","geometry":{"type":"Point","coordinates":[23.967513,49.848784]},"properties":{"lines":"17","color":"#0059a9","mode":"bus","arr":["А17"],"angle":-10.2,"mi":5}},{"type":"Feature","geometry":{"type":"Point","coordinates":[23.965853,49.848356]},"properties":{"lines":"17","color":"#0059a9","mode":"bus","arr":["А17"],"angle":79.9,"mi":4}},{"type":"Feature","geometry":{"type":"Point","coordinates":[23.965447,49.847874]},"properties":{"lines":"17","color":"#0059a9","mode":"bus","arr":["А17"],"angle":-85,"mi":2}},{"type":"Feature","geometry":{"type":"Point","coordinates":[23.96688,49.844852]},"properties":{"lines":"17, 18, 20, 23, 43, 32","color":"#0059a9","mode":"bus","arr":["А17","А18","А20","А23","А43","Тр32"],"tLines":"32","ntLines":"17, 18, 20, 23, 43","angle":80}},{"type":"Feature","geometry":{"type":"Point","coordinates":[23.966154,49.846368]},"properties":{"lines":"17, 18, 20, 23, 43, 32","color":"#0059a9","mode":"bus","arr":["А17","А18","А20","А23","А43","Тр32"],"tLines":"32","ntLines":"17, 18, 20, 23, 43","angle":79.2,"extra":1,"ei":0,"side":-1}},{"type":"Feature","geometry":{"type":"Point","coordinates":[23.967233,49.842656]},"properties":{"lines":"17, 18, 20, 23, 43, 32","color":"#0059a9","mode":"bus","arr":["А17","А18","А20","А23","А43","Тр32"],"tLines":"32","ntLines":"17, 18, 20, 23, 43","angle":79.1,"extra":1,"ei":1,"side":-1}},{"type":"Feature","geometry":{"type":"Point","coordinates":[23.968373,49.841828]},"properties":{"lines":"17, 18, 20, 23, 34, 43, 32","color":"#0059a9","mode":"bus","arr":["А17","А18","А20","А23","А34","А43","Тр32"],"tLines":"32","ntLines":"17, 18, 20, 23, 34, 43","angle":-4.6,"side":-1}},{"type":"Feature","geometry":{"type":"Point","coordinates":[23.96959,49.839213]},"properties":{"lines":"17","color":"#0059a9","mode":"bus","arr":["А17"],"angle":86.1}},{"type":"Feature","geometry":{"type":"Point","coordinates":[23.96966,49.837495]},"properties":{"lines":"17","color":"#0059a9","mode":"bus","arr":["А17"],"angle":-79.9,"extra":1,"ei":0}},{"type":"Feature","geometry":{"type":"Point","coordinates":[23.969282,49.841253]},"properties":{"lines":"17","color":"#0059a9","mode":"bus","arr":["А17"],"angle":83.9,"extra":1,"ei":1}},{"type":"Feature","geometry":{"type":"Point","coordinates":[23.965984,49.836298]},"properties":{"lines":"17","color":"#0059a9","mode":"bus","arr":["А17"],"angle":-32,"mi":1}},{"type":"Feature","geometry":{"type":"Point","coordinates":[23.968002,49.836686]},"properties":{"lines":"17","color":"#0059a9","mode":"bus","arr":["А17"],"angle":-2.4,"extra":1,"ei":0}},{"type":"Feature","geometry":{"type":"Point","coordinates":[23.955696,49.83169]},"properties":{"lines":"17","color":"#0059a9","mode":"bus","arr":["А17"],"angle":-40.1,"mi":6}},{"type":"Feature","geometry":{"type":"Point","coordinates":[23.96183,49.835293]},"properties":{"lines":"17","color":"#0059a9","mode":"bus","arr":["А17"],"angle":-28,"extra":1,"ei":0}},{"type":"Feature","geometry":{"type":"Point","coordinates":[23.959495,49.834174]},"properties":{"lines":"17","color":"#0059a9","mode":"bus","arr":["А17"],"angle":-48.2,"extra":1,"ei":1}},{"type":"Feature","geometry":{"type":"Point","coordinates":[23.957459,49.832817]},"properties":{"lines":"17","color":"#0059a9","mode":"bus","arr":["А17"],"angle":-46.1,"extra":1,"ei":2}},{"type":"Feature","geometry":{"type":"Point","coordinates":[23.952753,49.830637]},"properties":{"lines":"17","color":"#0059a9","mode":"bus","arr":["А17"],"angle":-27.5,"extra":1,"ei":3}},{"type":"Feature","geometry":{"type":"Point","coordinates":[23.950145,49.829777]},"properties":{"lines":"17","color":"#0059a9","mode":"bus","arr":["А17"],"angle":-27.3,"extra":1,"ei":4}},{"type":"Feature","geometry":{"type":"Point","coordinates":[23.947526,49.82893]},"properties":{"lines":"17","color":"#0059a9","mode":"bus","arr":["А17"],"angle":-26.4,"extra":1,"ei":5}},{"type":"Feature","geometry":{"type":"Point","coordinates":[23.946017,49.829897]},"properties":{"lines":"17","color":"#0059a9","mode":"bus","arr":["А17"],"angle":62.3,"mi":9}},{"type":"Feature","geometry":{"type":"Point","coordinates":[23.950465,49.830139]},"properties":{"lines":"17","color":"#0059a9","mode":"bus","arr":["А17"],"angle":63.9,"mi":8}},{"type":"Feature","geometry":{"type":"Point","coordinates":[23.965969,49.847954]},"properties":{"lines":"17, 43","color":"#0059a9","mode":"bus","arr":["А17","А43"],"angle":79.1}},{"type":"Feature","geometry":{"type":"Point","coordinates":[24.022851,49.844057]},"properties":{"lines":"17, 34, 51, 67","color":"#0059a9","mode":"bus","arr":["А17","А34","А51","А67"],"angle":-57.9}},{"type":"Feature","geometry":{"type":"Point","coordinates":[24.024059,49.845519]},"properties":{"lines":"17, 34, 51","color":"#0059a9","mode":"bus","arr":["А17","А34","А51"],"angle":-87,"mi":1}},{"type":"Feature","geometry":{"type":"Point","coordinates":[24.024599,49.846415]},"properties":{"lines":"17, 34, 51","color":"#0059a9","mode":"bus","arr":["А17","А34","А51"],"angle":2}},{"type":"Feature","geometry":{"type":"Point","coordinates":[24.041589,49.87856]},"properties":{"lines":"17, 84","color":"#0059a9","mode":"bus","arr":["А17","А84"],"angle":50.5}},{"type":"Feature","geometry":{"type":"Point","coordinates":[23.974222,49.842295]},"properties":{"lines":"18, 20, 23, 34, 43, 32","color":"#0059a9","mode":"bus","arr":["А18","А20","А23","А34","А43","Тр32"],"tLines":"32","ntLines":"18, 20, 23, 34, 43","angle":-4.5}},{"type":"Feature","geometry":{"type":"Point","coordinates":[23.970625,49.84195]},"properties":{"lines":"18, 20, 23, 34, 43, 32","color":"#0059a9","mode":"bus","arr":["А18","А20","А23","А34","А43","Тр32"],"tLines":"32","ntLines":"18, 20, 23, 34, 43","angle":-4.9,"extra":1,"ei":0,"side":-1}},{"type":"Feature","geometry":{"type":"Point","coordinates":[23.977919,49.842741]},"properties":{"lines":"18, 20, 23, 34, 43, 32","color":"#0059a9","mode":"bus","arr":["А18","А20","А23","А34","А43","Тр32"],"tLines":"32","ntLines":"18, 20, 23, 34, 43","angle":-14.1,"extra":1,"ei":0}},{"type":"Feature","geometry":{"type":"Point","coordinates":[24.075316,49.836489]},"properties":{"lines":"18, 19, 29, 61","color":"#0059a9","mode":"bus","arr":["А18","А19","А29","А61"],"angle":-83.4}},{"type":"Feature","geometry":{"type":"Point","coordinates":[24.078074,49.837922]},"properties":{"lines":"18, 19, 23, 29, 61","color":"#0059a9","mode":"bus","arr":["А18","А19","А23","А29","А61"],"angle":-4.3}},{"type":"Feature","geometry":{"type":"Point","coordinates":[24.083957,49.839979]},"properties":{"lines":"18, 19, 23, 29, 61","color":"#0059a9","mode":"bus","arr":["А18","А19","А23","А29","А61"],"angle":-30,"extra":1,"ei":0}},{"type":"Feature","geometry":{"type":"Point","coordinates":[24.081554,49.838903]},"properties":{"lines":"18, 19, 23, 29, 61","color":"#0059a9","mode":"bus","arr":["А18","А19","А23","А29","А61"],"angle":-33,"extra":1,"ei":1}},{"type":"Feature","geometry":{"type":"Point","coordinates":[24.076241,49.837551]},"properties":{"lines":"18, 19, 23, 29, 61","color":"#0059a9","mode":"bus","arr":["А18","А19","А23","А29","А61"],"angle":-30.5,"extra":1,"ei":2}},{"type":"Feature","geometry":{"type":"Point","coordinates":[24.073527,49.83688]},"properties":{"lines":"18, 19, 23, 29, 61","color":"#0059a9","mode":"bus","arr":["А18","А19","А23","А29","А61"],"angle":-13.9,"extra":1,"ei":3}},{"type":"Feature","geometry":{"type":"Point","coordinates":[24.070697,49.836393]},"properties":{"lines":"18, 19, 23, 29, 61","color":"#0059a9","mode":"bus","arr":["А18","А19","А23","А29","А61"],"angle":-30.4,"extra":1,"ei":4}},{"type":"Feature","geometry":{"type":"Point","coordinates":[24.094462,49.841086]},"properties":{"lines":"18, 23, 29, 61","color":"#0059a9","mode":"bus","arr":["А18","А23","А29","А61"],"angle":-14.6}},{"type":"Feature","geometry":{"type":"Point","coordinates":[24.086759,49.840245]},"properties":{"lines":"18, 23, 29, 61","color":"#0059a9","mode":"bus","arr":["А18","А23","А29","А61"],"angle":2.2,"extra":1,"ei":0}},{"type":"Feature","geometry":{"type":"Point","coordinates":[24.089684,49.840187]},"properties":{"lines":"18, 23, 29, 61","color":"#0059a9","mode":"bus","arr":["А18","А23","А29","А61"],"angle":-7,"extra":1,"ei":1}},{"type":"Feature","geometry":{"type":"Point","coordinates":[24.092478,49.840727]},"properties":{"lines":"18, 23, 29, 61","color":"#0059a9","mode":"bus","arr":["А18","А23","А29","А61"],"angle":-18.9,"extra":1,"ei":2}},{"type":"Feature","geometry":{"type":"Point","coordinates":[24.098192,49.841539]},"properties":{"lines":"18, 23, 29, 61","color":"#0059a9","mode":"bus","arr":["А18","А23","А29","А61"],"angle":-12.3,"extra":1,"ei":3}},{"type":"Feature","geometry":{"type":"Point","coordinates":[24.101033,49.841999]},"properties":{"lines":"18, 23, 29, 61","color":"#0059a9","mode":"bus","arr":["А18","А23","А29","А61"],"angle":-13.2,"extra":1,"ei":4}},{"type":"Feature","geometry":{"type":"Point","coordinates":[24.103976,49.842338]},"properties":{"lines":"29, 61","color":"#0059a9","mode":"bus","arr":["А29","А61"],"angle":-8.9,"mi":1}},{"type":"Feature","geometry":{"type":"Point","coordinates":[24.064061,49.85964]},"properties":{"lines":"19","color":"#0059a9","mode":"bus","arr":["А19"],"angle":-22.4,"side":-1}},{"type":"Feature","geometry":{"type":"Point","coordinates":[24.065402,49.802106]},"properties":{"lines":"19, 23, 37, 40, 46, 47, 24, 31","color":"#0059a9","mode":"bus","arr":["А19","А23","А37","А40","А46","А47","Тр24","Тр31"],"tLines":"24, 31","ntLines":"19, 23, 37, 40, 46, 47","angle":54.6}},{"type":"Feature","geometry":{"type":"Point","coordinates":[24.069642,49.799225]},"properties":{"lines":"19, 23, 37, 40, 46, 47, 24, 31","color":"#0059a9","mode":"bus","arr":["А19","А23","А37","А40","А46","А47","Тр24","Тр31"],"tLines":"24, 31","ntLines":"19, 23, 37, 40, 46, 47","angle":36,"extra":1,"ei":0}},{"type":"Feature","geometry":{"type":"Point","coordinates":[24.067403,49.800434]},"properties":{"lines":"19, 23, 37, 40, 46, 47, 24, 31","color":"#0059a9","mode":"bus","arr":["А19","А23","А37","А40","А46","А47","Тр24","Тр31"],"tLines":"24, 31","ntLines":"19, 23, 37, 40, 46, 47","angle":49.5,"extra":1,"ei":1}},{"type":"Feature","geometry":{"type":"Point","coordinates":[24.064129,49.803552]},"properties":{"lines":"19, 23, 37, 40, 46, 47, 24, 31","color":"#0059a9","mode":"bus","arr":["А19","А23","А37","А40","А46","А47","Тр24","Тр31"],"tLines":"24, 31","ntLines":"19, 23, 37, 40, 46, 47","angle":62.4,"extra":1,"ei":2}},{"type":"Feature","geometry":{"type":"Point","coordinates":[24.062702,49.805201]},"properties":{"lines":"19, 23, 37, 40, 46, 47, 24, 31","color":"#0059a9","mode":"bus","arr":["А19","А23","А37","А40","А46","А47","Тр24","Тр31"],"tLines":"24, 31","ntLines":"19, 23, 37, 40, 46, 47","angle":61,"extra":1,"ei":3}},{"type":"Feature","geometry":{"type":"Point","coordinates":[24.060835,49.806767]},"properties":{"lines":"19, 31","color":"#0059a9","mode":"bus","arr":["А19","Тр31"],"tLines":"31","ntLines":"19","angle":76.5}},{"type":"Feature","geometry":{"type":"Point","coordinates":[24.075061,49.807174]},"properties":{"lines":"19","color":"#0059a9","mode":"bus","arr":["А19"],"angle":-3.7}},{"type":"Feature","geometry":{"type":"Point","coordinates":[24.078728,49.813072]},"properties":{"lines":"19","color":"#0059a9","mode":"bus","arr":["А19"],"angle":75.5,"extra":1,"ei":0}},{"type":"Feature","geometry":{"type":"Point","coordinates":[24.079424,49.811237]},"properties":{"lines":"19","color":"#0059a9","mode":"bus","arr":["А19"],"angle":77.9,"extra":1,"ei":1}},{"type":"Feature","geometry":{"type":"Point","coordinates":[24.079095,49.809419]},"properties":{"lines":"19","color":"#0059a9","mode":"bus","arr":["А19"],"angle":-59.3,"extra":1,"ei":2}},{"type":"Feature","geometry":{"type":"Point","coordinates":[24.07738,49.807891]},"properties":{"lines":"19","color":"#0059a9","mode":"bus","arr":["А19"],"angle":-46.3,"extra":1,"ei":3}},{"type":"Feature","geometry":{"type":"Point","coordinates":[24.071855,49.807297]},"properties":{"lines":"19","color":"#0059a9","mode":"bus","arr":["А19"],"angle":4.5,"extra":1,"ei":4}},{"type":"Feature","geometry":{"type":"Point","coordinates":[24.068929,49.807359]},"properties":{"lines":"19","color":"#0059a9","mode":"bus","arr":["А19"],"angle":-3.9,"extra":1,"ei":5}},{"type":"Feature","geometry":{"type":"Point","coordinates":[24.066026,49.807109]},"properties":{"lines":"19","color":"#0059a9","mode":"bus","arr":["А19"],"angle":-9.7,"extra":1,"ei":6}},{"type":"Feature","geometry":{"type":"Point","coordinates":[24.063139,49.806788]},"properties":{"lines":"19","color":"#0059a9","mode":"bus","arr":["А19"],"angle":-19.4,"extra":1,"ei":7}},{"type":"Feature","geometry":{"type":"Point","coordinates":[24.06848,49.835846]},"properties":{"lines":"19, 23, 27, 40","color":"#0059a9","mode":"bus","arr":["А19","А23","А27","А40"],"angle":-49.2,"side":-1}},{"type":"Feature","geometry":{"type":"Point","coordinates":[24.085209,49.843956]},"properties":{"lines":"19","color":"#0059a9","mode":"bus","arr":["А19"],"angle":39.1}},{"type":"Feature","geometry":{"type":"Point","coordinates":[24.073098,49.858154]},"properties":{"lines":"19","color":"#0059a9","mode":"bus","arr":["А19"],"angle":60.2,"mi":5}},{"type":"Feature","geometry":{"type":"Point","coordinates":[24.072005,49.859751]},"properties":{"lines":"19","color":"#0059a9","mode":"bus","arr":["А19"],"angle":-13.6,"mi":3}},{"type":"Feature","geometry":{"type":"Point","coordinates":[24.084861,49.847043]},"properties":{"lines":"19","color":"#0059a9","mode":"bus","arr":["А19"],"angle":83.2,"extra":1,"ei":0}},{"type":"Feature","geometry":{"type":"Point","coordinates":[24.084663,49.84517]},"properties":{"lines":"19","color":"#0059a9","mode":"bus","arr":["А19"],"angle":-79.9,"extra":1,"ei":1}},{"type":"Feature","geometry":{"type":"Point","coordinates":[24.086691,49.841888]},"properties":{"lines":"19","color":"#0059a9","mode":"bus","arr":["А19"],"angle":-82.6,"extra":1,"ei":2}},{"type":"Feature","geometry":{"type":"Point","coordinates":[24.079161,49.850701]},"properties":{"lines":"19, 39, 39а","color":"#0059a9","mode":"bus","arr":["А19","А39","А39а"],"angle":19.7}},{"type":"Feature","geometry":{"type":"Point","coordinates":[24.083749,49.848723]},"properties":{"lines":"19, 39, 39а","color":"#0059a9","mode":"bus","arr":["А19","А39","А39а"],"angle":49.2,"extra":1,"ei":0}},{"type":"Feature","geometry":{"type":"Point","coordinates":[24.081837,49.850153]},"properties":{"lines":"19, 39, 39а","color":"#0059a9","mode":"bus","arr":["А19","А39","А39а"],"angle":46.4,"extra":1,"ei":1}},{"type":"Feature","geometry":{"type":"Point","coordinates":[24.077398,49.852088]},"properties":{"lines":"19, 39, 39а","color":"#0059a9","mode":"bus","arr":["А19","А39","А39а"],"angle":89.7,"extra":1,"ei":2}},{"type":"Feature","geometry":{"type":"Point","coordinates":[24.077053,49.853909]},"properties":{"lines":"19, 39, 39а","color":"#0059a9","mode":"bus","arr":["А19","А39","А39а"],"angle":59,"extra":1,"ei":3}},{"type":"Feature","geometry":{"type":"Point","coordinates":[24.075406,49.855671]},"properties":{"lines":"19, 39","color":"#0059a9","mode":"bus","arr":["А19","А39"],"angle":59}},{"type":"Feature","geometry":{"type":"Point","coordinates":[24.067599,49.860271]},"properties":{"lines":"19","color":"#0059a9","mode":"bus","arr":["А19"],"angle":-10.1,"mi":2}},{"type":"Feature","geometry":{"type":"Point","coordinates":[24.065162,49.85999]},"properties":{"lines":"19","color":"#0059a9","mode":"bus","arr":["А19"],"angle":-10.1,"extra":1,"ei":0}},{"type":"Feature","geometry":{"type":"Point","coordinates":[24.070936,49.860614]},"properties":{"lines":"19","color":"#0059a9","mode":"bus","arr":["А19"],"angle":13.7,"extra":1,"ei":1}},{"type":"Feature","geometry":{"type":"Point","coordinates":[24.061777,49.859585]},"properties":{"lines":"19, 20","color":"#0059a9","mode":"bus","arr":["А19","А20"],"angle":-10.6}},{"type":"Feature","geometry":{"type":"Point","coordinates":[24.057414,49.857602]},"properties":{"lines":"19","color":"#0059a9","mode":"bus","arr":["А19"],"angle":-57.8,"mi":1}},{"type":"Feature","geometry":{"type":"Point","coordinates":[24.058869,49.858773]},"properties":{"lines":"19","color":"#0059a9","mode":"bus","arr":["А19"],"angle":-48.8,"extra":1,"ei":0}},{"type":"Feature","geometry":{"type":"Point","coordinates":[24.056718,49.855392]},"properties":{"lines":"19","color":"#0059a9","mode":"bus","arr":["А19"],"angle":-84.1,"extra":1,"ei":1,"side":-1}},{"type":"Feature","geometry":{"type":"Point","coordinates":[24.051039,49.855817]},"properties":{"lines":"19","color":"#0059a9","mode":"bus","arr":["А19"],"angle":7.2,"mi":4}},{"type":"Feature","geometry":{"type":"Point","coordinates":[24.055237,49.855386]},"properties":{"lines":"19","color":"#0059a9","mode":"bus","arr":["А19"],"angle":9.9,"extra":1,"ei":0}},{"type":"Feature","geometry":{"type":"Point","coordinates":[24.046902,49.854946]},"properties":{"lines":"19","color":"#0059a9","mode":"bus","arr":["А19"],"angle":-40.8,"extra":1,"ei":1}},{"type":"Feature","geometry":{"type":"Point","coordinates":[24.045651,49.855034]},"properties":{"lines":"19","color":"#0059a9","mode":"bus","arr":["А19"],"angle":72,"mi":6}},{"type":"Feature","geometry":{"type":"Point","coordinates":[24.049125,49.860154]},"properties":{"lines":"19, 20, 25, 48, 58, 59, 62, 63","color":"#0059a9","mode":"bus","arr":["А19","А20","А25","А48","А58","А59","А62","А63"],"angle":-61.2}},{"type":"Feature","geometry":{"type":"Point","coordinates":[24.045908,49.856361]},"properties":{"lines":"19, 20, 25, 48, 58, 59, 62, 63","color":"#0059a9","mode":"bus","arr":["А19","А20","А25","А48","А58","А59","А62","А63"],"angle":-61.6,"extra":1,"ei":0}},{"type":"Feature","geometry":{"type":"Point","coordinates":[24.047315,49.858017]},"properties":{"lines":"19, 20, 25, 48, 58, 59, 62, 63","color":"#0059a9","mode":"bus","arr":["А19","А20","А25","А48","А58","А59","А62","А63"],"angle":-61.7,"extra":1,"ei":1}},{"type":"Feature","geometry":{"type":"Point","coordinates":[24.050129,49.86133]},"properties":{"lines":"19, 20, 25, 48, 58, 59, 62, 63","color":"#0059a9","mode":"bus","arr":["А19","А20","А25","А48","А58","А59","А62","А63"],"angle":-61.7,"extra":1,"ei":2}},{"type":"Feature","geometry":{"type":"Point","coordinates":[24.051526,49.86299]},"properties":{"lines":"19, 20, 25, 48, 58, 59, 62, 63","color":"#0059a9","mode":"bus","arr":["А19","А20","А25","А48","А58","А59","А62","А63"],"angle":-62.6,"extra":1,"ei":3}},{"type":"Feature","geometry":{"type":"Point","coordinates":[24.053071,49.864574]},"properties":{"lines":"19, 20, 25, 48, 58, 59, 62, 63","color":"#0059a9","mode":"bus","arr":["А19","А20","А25","А48","А58","А59","А62","А63"],"angle":-41.3,"extra":1,"ei":4,"side":-1}},{"type":"Feature","geometry":{"type":"Point","coordinates":[24.063709,49.85822]},"properties":{"lines":"20","color":"#0059a9","mode":"bus","arr":["А20"],"angle":-89.6,"mi":3}},{"type":"Feature","geometry":{"type":"Point","coordinates":[24.062182,49.80617]},"properties":{"lines":"19, 23, 40, 46, 47, 24, 31","color":"#0059a9","mode":"bus","arr":["А19","А23","А40","А46","А47","Тр24","Тр31"],"tLines":"24, 31","ntLines":"19, 23, 40, 46, 47","angle":-84.5,"side":-1}},{"type":"Feature","geometry":{"type":"Point","coordinates":[23.980477,49.83341]},"properties":{"lines":"20, 34, 43, 49, 32","color":"#0059a9","mode":"bus","arr":["А20","А34","А43","А49","Тр32"],"tLines":"32","ntLines":"20, 34, 43, 49","angle":3.5}},{"type":"Feature","geometry":{"type":"Point","coordinates":[24.025414,49.850457]},"properties":{"lines":"20, 48, 56, 58, 59, 63","color":"#0059a9","mode":"bus","arr":["А20","А48","А56","А58","А59","А63"],"angle":2.5}},{"type":"Feature","geometry":{"type":"Point","coordinates":[24.026462,49.850422]},"properties":{"lines":"20, 48, 58, 59, 63","color":"#0059a9","mode":"bus","arr":["А20","А48","А58","А59","А63"],"angle":0.2,"mi":2}},{"type":"Feature","geometry":{"type":"Point","coordinates":[24.027277,49.851789]},"properties":{"lines":"20, 48, 58, 59, 63","color":"#0059a9","mode":"bus","arr":["А20","А48","А58","А59","А63"],"angle":-70,"mi":1}},{"type":"Feature","geometry":{"type":"Point","coordinates":[24.027924,49.850821]},"properties":{"lines":"20, 48, 58, 59, 63","color":"#0059a9","mode":"bus","arr":["А20","А48","А58","А59","А63"],"angle":10.5}},{"type":"Feature","geometry":{"type":"Point","coordinates":[24.03071,49.851554]},"properties":{"lines":"20, 48, 58, 59, 63","color":"#0059a9","mode":"bus","arr":["А20","А48","А58","А59","А63"],"angle":-24.6,"mi":3}},{"type":"Feature","geometry":{"type":"Point","coordinates":[24.040345,49.853619]},"properties":{"lines":"20, 48, 58, 59, 62, 63","color":"#0059a9","mode":"bus","arr":["А20","А48","А58","А59","А62","А63"],"angle":-11.8}},{"type":"Feature","geometry":{"type":"Point","coordinates":[24.041626,49.853729]},"properties":{"lines":"20, 25, 48, 59, 63","color":"#0059a9","mode":"bus","arr":["А20","А25","А48","А59","А63"],"angle":-10.9,"side":-1}},{"type":"Feature","geometry":{"type":"Point","coordinates":[24.044558,49.854782]},"properties":{"lines":"20, 25, 48, 58, 59, 62, 63","color":"#0059a9","mode":"bus","arr":["А20","А25","А48","А58","А59","А62","А63"],"angle":-60.5,"mi":1}},{"type":"Feature","geometry":{"type":"Point","coordinates":[24.042837,49.853878]},"properties":{"lines":"20, 25, 48, 58, 59, 62, 63","color":"#0059a9","mode":"bus","arr":["А20","А25","А48","А58","А59","А62","А63"],"angle":-12.8}},{"type":"Feature","geometry":{"type":"Point","coordinates":[24.053182,49.862272]},"properties":{"lines":"20","color":"#0059a9","mode":"bus","arr":["А20"],"angle":-25.5,"mi":2}},{"type":"Feature","geometry":{"type":"Point","coordinates":[24.05504,49.862694]},"properties":{"lines":"20","color":"#0059a9","mode":"bus","arr":["А20"],"angle":-34.1,"extra":1,"ei":0}},{"type":"Feature","geometry":{"type":"Point","coordinates":[24.056101,49.86279]},"properties":{"lines":"20","color":"#0059a9","mode":"bus","arr":["А20"],"angle":5.6,"mi":1}},{"type":"Feature","geometry":{"type":"Point","coordinates":[24.059995,49.862486]},"properties":{"lines":"20","color":"#0059a9","mode":"bus","arr":["А20"],"angle":7.2,"extra":1,"ei":0}},{"type":"Feature","geometry":{"type":"Point","coordinates":[24.053977,49.864842]},"properties":{"lines":"20","color":"#0059a9","mode":"bus","arr":["А20"],"angle":31.1,"extra":1,"ei":1}},{"type":"Feature","geometry":{"type":"Point","coordinates":[24.060811,49.860858]},"properties":{"lines":"20","color":"#0059a9","mode":"bus","arr":["А20"],"angle":-69.2}},{"type":"Feature","geometry":{"type":"Point","coordinates":[24.059974,49.859658]},"properties":{"lines":"20","color":"#0059a9","mode":"bus","arr":["А20"],"angle":-61.8,"extra":1,"ei":0}},{"type":"Feature","geometry":{"type":"Point","coordinates":[24.041516,49.853782]},"properties":{"lines":"20, 48, 58, 62, 63","color":"#0059a9","mode":"bus","arr":["А20","А48","А58","А62","А63"],"angle":-7.7}},{"type":"Feature","geometry":{"type":"Point","coordinates":[23.906863,49.82885]},"properties":{"lines":"21, 52","color":"#0059a9","mode":"bus","arr":["А21","А52"],"angle":63.4}},{"type":"Feature","geometry":{"type":"Point","coordinates":[23.906661,49.830926]},"properties":{"lines":"21","color":"#0059a9","mode":"bus","arr":["А21"],"angle":-37.6}},{"type":"Feature","geometry":{"type":"Point","coordinates":[24.009905,49.867763]},"properties":{"lines":"21","color":"#0059a9","mode":"bus","arr":["А21"],"angle":-18.6}},{"type":"Feature","geometry":{"type":"Point","coordinates":[24.007906,49.867419]},"properties":{"lines":"21","color":"#0059a9","mode":"bus","arr":["А21"],"angle":-11.7,"extra":1,"ei":0}},{"type":"Feature","geometry":{"type":"Point","coordinates":[24.006932,49.86722]},"properties":{"lines":"21","color":"#0059a9","mode":"bus","arr":["А21"],"angle":-1.5,"mi":1}},{"type":"Feature","geometry":{"type":"Point","coordinates":[23.906467,49.830739]},"properties":{"lines":"21","color":"#0059a9","mode":"bus","arr":["А21"],"angle":60.3,"mi":1}},{"type":"Feature","geometry":{"type":"Point","coordinates":[23.908229,49.830891]},"properties":{"lines":"21","color":"#0059a9","mode":"bus","arr":["А21"],"angle":-79.2,"mi":2}},{"type":"Feature","geometry":{"type":"Point","coordinates":[23.910347,49.824268]},"properties":{"lines":"21, 52, 84","color":"#0059a9","mode":"bus","arr":["А21","А52","А84"],"angle":63.9,"mi":2}},{"type":"Feature","geometry":{"type":"Point","coordinates":[23.912522,49.821237]},"properties":{"lines":"21, 52, 84","color":"#0059a9","mode":"bus","arr":["А21","А52","А84"],"angle":-12.3}},{"type":"Feature","geometry":{"type":"Point","coordinates":[23.908734,49.826414]},"properties":{"lines":"21, 52, 84","color":"#0059a9","mode":"bus","arr":["А21","А52","А84"],"angle":64.3,"extra":1,"ei":0}},{"type":"Feature","geometry":{"type":"Point","coordinates":[23.911251,49.823004]},"properties":{"lines":"21, 52, 84","color":"#0059a9","mode":"bus","arr":["А21","А52","А84"],"angle":65.6,"extra":1,"ei":1}},{"type":"Feature","geometry":{"type":"Point","coordinates":[23.947036,49.826722]},"properties":{"lines":"21, 27, 52, 84, 92","color":"#0059a9","mode":"bus","arr":["А21","А27","А52","А84","А92","Тр27"],"tLines":"27","ntLines":"21, 27, 52, 84, 92","angle":-11.5,"side":-1}},{"type":"Feature","geometry":{"type":"Point","coordinates":[24.026563,49.844268]},"properties":{"lines":"21","color":"#0059a9","mode":"bus","arr":["А21"],"angle":65.4,"side":-1}},{"type":"Feature","geometry":{"type":"Point","coordinates":[24.014702,49.867835]},"properties":{"lines":"21, 37","color":"#0059a9","mode":"bus","arr":["А21","А37"],"angle":66.6}},{"type":"Feature","geometry":{"type":"Point","coordinates":[24.008466,49.8701]},"properties":{"lines":"37","color":"#0059a9","mode":"bus","arr":["А37"],"angle":21.5}},{"type":"Feature","geometry":{"type":"Point","coordinates":[24.012687,49.868986]},"properties":{"lines":"37","color":"#0059a9","mode":"bus","arr":["А37"],"angle":22.8,"extra":1,"ei":0}},{"type":"Feature","geometry":{"type":"Point","coordinates":[24.004545,49.871078]},"properties":{"lines":"37","color":"#0059a9","mode":"bus","arr":["А37"],"angle":25.5,"extra":1,"ei":1}},{"type":"Feature","geometry":{"type":"Point","coordinates":[24.01309,49.868336]},"properties":{"lines":"21","color":"#0059a9","mode":"bus","arr":["А21"],"angle":-22.3,"mi":2}},{"type":"Feature","geometry":{"type":"Point","coordinates":[24.017709,49.833913]},"properties":{"lines":"21, 43, 45","color":"#0059a9","mode":"bus","arr":["А21","А43","А45"],"angle":41.8}},{"type":"Feature","geometry":{"type":"Point","coordinates":[23.957041,49.897526]},"properties":{"lines":"22","color":"#0059a9","mode":"bus","arr":["А22"],"angle":-33.9}},{"type":"Feature","geometry":{"type":"Point","coordinates":[23.960149,49.898898]},"properties":{"lines":"22","color":"#0059a9","mode":"bus","arr":["А22"],"angle":-34.6,"extra":1,"ei":0}},{"type":"Feature","geometry":{"type":"Point","coordinates":[23.955495,49.896674]},"properties":{"lines":"22","color":"#0059a9","mode":"bus","arr":["А22"],"angle":-74,"extra":1,"ei":1}},{"type":"Feature","geometry":{"type":"Point","coordinates":[23.955171,49.894798]},"properties":{"lines":"22","color":"#0059a9","mode":"bus","arr":["А22"],"angle":-77,"extra":1,"ei":2}},{"type":"Feature","geometry":{"type":"Point","coordinates":[23.950839,49.894689]},"properties":{"lines":"22","color":"#0059a9","mode":"bus","arr":["А22"],"angle":1.7,"mi":1}},{"type":"Feature","geometry":{"type":"Point","coordinates":[23.948031,49.89478]},"properties":{"lines":"22","color":"#0059a9","mode":"bus","arr":["А22"],"angle":3.3,"extra":1,"ei":0}},{"type":"Feature","geometry":{"type":"Point","coordinates":[23.953885,49.894619]},"properties":{"lines":"22","color":"#0059a9","mode":"bus","arr":["А22"],"angle":1.3,"extra":1,"ei":1}},{"type":"Feature","geometry":{"type":"Point","coordinates":[23.943566,49.898361]},"properties":{"lines":"22, 67","color":"#0059a9","mode":"bus","arr":["А22","А67"],"angle":71.3}},{"type":"Feature","geometry":{"type":"Point","coordinates":[23.94211,49.901223]},"properties":{"lines":"22, 67","color":"#0059a9","mode":"bus","arr":["А22","А67"],"angle":66.7,"extra":1,"ei":0}},{"type":"Feature","geometry":{"type":"Point","coordinates":[23.945058,49.895898]},"properties":{"lines":"22, 67","color":"#0059a9","mode":"bus","arr":["А22","А67"],"angle":57,"extra":1,"ei":1}},{"type":"Feature","geometry":{"type":"Point","coordinates":[23.966493,49.916124]},"properties":{"lines":"22","color":"#0059a9","mode":"bus","arr":["А22"],"angle":-53.5}},{"type":"Feature","geometry":{"type":"Point","coordinates":[23.964655,49.909091]},"properties":{"lines":"22","color":"#0059a9","mode":"bus","arr":["А22"],"angle":-77.2,"mi":2}},{"type":"Feature","geometry":{"type":"Point","coordinates":[23.960963,49.905237]},"properties":{"lines":"22","color":"#0059a9","mode":"bus","arr":["А22"],"angle":-63.9,"extra":1,"ei":0}},{"type":"Feature","geometry":{"type":"Point","coordinates":[23.9626,49.9068]},"properties":{"lines":"22","color":"#0059a9","mode":"bus","arr":["А22"],"angle":-51.5,"extra":1,"ei":1}},{"type":"Feature","geometry":{"type":"Point","coordinates":[23.964919,49.912025]},"properties":{"lines":"22","color":"#0059a9","mode":"bus","arr":["А22"],"angle":-87.2,"extra":1,"ei":2}},{"type":"Feature","geometry":{"type":"Point","coordinates":[23.965403,49.913886]},"properties":{"lines":"22","color":"#0059a9","mode":"bus","arr":["А22"],"angle":-81.7,"extra":1,"ei":3}},{"type":"Feature","geometry":{"type":"Point","coordinates":[23.975427,49.919415]},"properties":{"lines":"22","color":"#0059a9","mode":"bus","arr":["А22"],"angle":-14.1,"mi":1}},{"type":"Feature","geometry":{"type":"Point","coordinates":[23.969477,49.917918]},"properties":{"lines":"22","color":"#0059a9","mode":"bus","arr":["А22"],"angle":-31.1,"extra":1,"ei":0}},{"type":"Feature","geometry":{"type":"Point","coordinates":[23.971968,49.918893]},"properties":{"lines":"22","color":"#0059a9","mode":"bus","arr":["А22"],"angle":-21.3,"extra":1,"ei":1}},{"type":"Feature","geometry":{"type":"Point","coordinates":[23.977605,49.919853]},"properties":{"lines":"22","color":"#0059a9","mode":"bus","arr":["А22"],"angle":-26.5,"extra":1,"ei":2}},{"type":"Feature","geometry":{"type":"Point","coordinates":[23.979996,49.920939]},"properties":{"lines":"22","color":"#0059a9","mode":"bus","arr":["А22"],"angle":-42.1,"extra":1,"ei":3}},{"type":"Feature","geometry":{"type":"Point","coordinates":[24.061876,49.807234]},"properties":{"lines":"23, 37, 40, 46, 47, 24","color":"#0059a9","mode":"bus","arr":["А23","А37","А40","А46","А47","Тр24"],"tLines":"24","ntLines":"23, 37, 40, 46, 47","angle":54.7}},{"type":"Feature","geometry":{"type":"Point","coordinates":[24.061468,49.808025]},"properties":{"lines":"23, 37, 40, 46, 47, 24, 31","color":"#0059a9","mode":"bus","arr":["А23","А37","А40","А46","А47","Тр24","Тр31"],"tLines":"24, 31","ntLines":"23, 37, 40, 46, 47","angle":81.1}},{"type":"Feature","geometry":{"type":"Point","coordinates":[24.060709,49.812673]},"properties":{"lines":"23, 27, 37, 40, 46, 47, 24, 31","color":"#0059a9","mode":"bus","arr":["А23","А27","А37","А40","А46","А47","Тр24","Тр31"],"tLines":"24, 31","ntLines":"23, 27, 37, 40, 46, 47","angle":76.1}},{"type":"Feature","geometry":{"type":"Point","coordinates":[24.061122,49.810087]},"properties":{"lines":"23, 27, 37, 40, 46, 47, 24, 31","color":"#0059a9","mode":"bus","arr":["А23","А27","А37","А40","А46","А47","Тр24","Тр31"],"tLines":"24, 31","ntLines":"23, 27, 37, 40, 46, 47","angle":87,"extra":1,"ei":0}},{"type":"Feature","geometry":{"type":"Point","coordinates":[24.060126,49.813783]},"properties":{"lines":"23, 27, 37, 40, 46, 47, 24, 31","color":"#0059a9","mode":"bus","arr":["А23","А27","А37","А40","А46","А47","Тр24","Тр31"],"tLines":"24, 31","ntLines":"23, 27, 37, 40, 46, 47","angle":74,"extra":1,"ei":1}},{"type":"Feature","geometry":{"type":"Point","coordinates":[24.06088,49.815496]},"properties":{"lines":"23, 27, 37, 40, 46, 47, 24, 31","color":"#0059a9","mode":"bus","arr":["А23","А27","А37","А40","А46","А47","Тр24","Тр31"],"tLines":"24, 31","ntLines":"23, 27, 37, 40, 46, 47","angle":-47.4,"extra":1,"ei":2}},{"type":"Feature","geometry":{"type":"Point","coordinates":[24.074002,49.836369]},"properties":{"lines":"23","color":"#0059a9","mode":"bus","arr":["А23"],"angle":86.9}},{"type":"Feature","geometry":{"type":"Point","coordinates":[23.982525,49.826842]},"properties":{"lines":"25, 33, 51, 92, 30","color":"#0059a9","mode":"bus","arr":["А25","А33","А51","А92","Тр30"],"tLines":"30","ntLines":"25, 33, 51, 92","angle":-30.3,"side":-1,"mi":1}},{"type":"Feature","geometry":{"type":"Point","coordinates":[23.985834,49.825978]},"properties":{"lines":"25, 33, 51, 92, 30","color":"#0059a9","mode":"bus","arr":["А25","А33","А51","А92","Тр30"],"tLines":"30","ntLines":"25, 33, 51, 92","angle":23.4}},{"type":"Feature","geometry":{"type":"Point","coordinates":[23.98416,49.826462]},"properties":{"lines":"25, 33, 51, 92, 30","color":"#0059a9","mode":"bus","arr":["А25","А33","А51","А92","Тр30"],"tLines":"30","ntLines":"25, 33, 51, 92","angle":28.1,"extra":1,"ei":0}},{"type":"Feature","geometry":{"type":"Point","coordinates":[23.98952,49.825291]},"properties":{"lines":"25, 33, 92, 30","color":"#0059a9","mode":"bus","arr":["А25","А33","А92","Тр30"],"tLines":"30","ntLines":"25, 33, 92","angle":-31.9}},{"type":"Feature","geometry":{"type":"Point","coordinates":[24.042055,49.852076]},"properties":{"lines":"25","color":"#0059a9","mode":"bus","arr":["А25"],"angle":61.5,"mi":1}},{"type":"Feature","geometry":{"type":"Point","coordinates":[24.047076,49.850903]},"properties":{"lines":"25","color":"#0059a9","mode":"bus","arr":["А25"],"angle":3.8}},{"type":"Feature","geometry":{"type":"Point","coordinates":[24.045262,49.850932]},"properties":{"lines":"25","color":"#0059a9","mode":"bus","arr":["А25"],"angle":-6,"extra":1,"ei":0}},{"type":"Feature","geometry":{"type":"Point","coordinates":[24.053476,49.850297]},"properties":{"lines":"25","color":"#0059a9","mode":"bus","arr":["А25"],"angle":5.4,"mi":2}},{"type":"Feature","geometry":{"type":"Point","coordinates":[24.043259,49.853903]},"properties":{"lines":"25, 48","color":"#0059a9","mode":"bus","arr":["А25","А48"],"angle":-3.6,"side":-1}},{"type":"Feature","geometry":{"type":"Point","coordinates":[23.988888,49.829053]},"properties":{"lines":"25, 33, 51, 30","color":"#0059a9","mode":"bus","arr":["А25","А33","А51","Тр30"],"tLines":"30","ntLines":"25, 33, 51","angle":14.5}},{"type":"Feature","geometry":{"type":"Point","coordinates":[23.944552,49.826492]},"properties":{"lines":"27","color":"#0059a9","mode":"bus","arr":["А27","Тр27"],"tLines":"27","ntLines":"27","angle":28.3,"mi":2}},{"type":"Feature","geometry":{"type":"Point","coordinates":[23.938467,49.824425]},"properties":{"lines":"27","color":"#0059a9","mode":"bus","arr":["А27","Тр27"],"tLines":"27","ntLines":"27","angle":-16.8}},{"type":"Feature","geometry":{"type":"Point","coordinates":[23.937338,49.823141]},"properties":{"lines":"27","color":"#0059a9","mode":"bus","arr":["А27","Тр27"],"tLines":"27","ntLines":"27","angle":-62.5,"mi":1}},{"type":"Feature","geometry":{"type":"Point","coordinates":[23.942714,49.825749]},"properties":{"lines":"27","color":"#0059a9","mode":"bus","arr":["А27","Тр27"],"tLines":"27","ntLines":"27","angle":-10.9,"extra":1,"ei":0,"side":-1}},{"type":"Feature","geometry":{"type":"Point","coordinates":[23.939958,49.825127]},"properties":{"lines":"27","color":"#0059a9","mode":"bus","arr":["А27","Тр27"],"tLines":"27","ntLines":"27","angle":-29.8,"extra":1,"ei":1}},{"type":"Feature","geometry":{"type":"Point","coordinates":[23.940991,49.826233]},"properties":{"lines":"27","color":"#0059a9","mode":"bus","arr":["А27","Тр27"],"tLines":"27","ntLines":"27","angle":-32,"extra":1,"ei":2}},{"type":"Feature","geometry":{"type":"Point","coordinates":[24.054547,49.810827]},"properties":{"lines":"27","color":"#0059a9","mode":"bus","arr":["А27"],"angle":10.4}},{"type":"Feature","geometry":{"type":"Point","coordinates":[24.047509,49.811669]},"properties":{"lines":"27","color":"#0059a9","mode":"bus","arr":["А27"],"angle":10.8,"extra":1,"ei":0}},{"type":"Feature","geometry":{"type":"Point","coordinates":[24.050389,49.811319]},"properties":{"lines":"27","color":"#0059a9","mode":"bus","arr":["А27"],"angle":10.8,"extra":1,"ei":1}},{"type":"Feature","geometry":{"type":"Point","coordinates":[24.057445,49.809541]},"properties":{"lines":"27","color":"#0059a9","mode":"bus","arr":["А27"],"angle":79.2,"extra":1,"ei":2}},{"type":"Feature","geometry":{"type":"Point","coordinates":[24.06008,49.809133]},"properties":{"lines":"27","color":"#0059a9","mode":"bus","arr":["А27"],"angle":-0.4,"extra":1,"ei":3}},{"type":"Feature","geometry":{"type":"Point","coordinates":[24.111272,49.843805]},"properties":{"lines":"29, 61","color":"#0059a9","mode":"bus","arr":["А29","А61"],"angle":-17.1}},{"type":"Feature","geometry":{"type":"Point","coordinates":[24.105815,49.842577]},"properties":{"lines":"29, 61","color":"#0059a9","mode":"bus","arr":["А29","А61"],"angle":-14.6,"extra":1,"ei":0}},{"type":"Feature","geometry":{"type":"Point","coordinates":[24.108585,49.843191]},"properties":{"lines":"29, 61","color":"#0059a9","mode":"bus","arr":["А29","А61"],"angle":-20.5,"extra":1,"ei":1}},{"type":"Feature","geometry":{"type":"Point","coordinates":[24.114233,49.843963]},"properties":{"lines":"29, 61","color":"#0059a9","mode":"bus","arr":["А29","А61"],"angle":13.1,"extra":1,"ei":2}},{"type":"Feature","geometry":{"type":"Point","coordinates":[24.117084,49.843528]},"properties":{"lines":"29, 61","color":"#0059a9","mode":"bus","arr":["А29","А61"],"angle":13,"extra":1,"ei":3}},{"type":"Feature","geometry":{"type":"Point","coordinates":[24.119512,49.839333]},"properties":{"lines":"29","color":"#0059a9","mode":"bus","arr":["А29"],"angle":67.3}},{"type":"Feature","geometry":{"type":"Point","coordinates":[24.118424,49.842449]},"properties":{"lines":"29","color":"#0059a9","mode":"bus","arr":["А29"],"angle":85.7,"extra":1,"ei":0}},{"type":"Feature","geometry":{"type":"Point","coordinates":[24.11895,49.840604]},"properties":{"lines":"29","color":"#0059a9","mode":"bus","arr":["А29"],"angle":85.6,"extra":1,"ei":1}},{"type":"Feature","geometry":{"type":"Point","coordinates":[24.120714,49.83704]},"properties":{"lines":"29","color":"#0059a9","mode":"bus","arr":["А29"],"angle":-89.2,"extra":1,"ei":2}},{"type":"Feature","geometry":{"type":"Point","coordinates":[24.130157,49.832726]},"properties":{"lines":"29","color":"#0059a9","mode":"bus","arr":["А29"],"angle":38.1}},{"type":"Feature","geometry":{"type":"Point","coordinates":[24.12284,49.835239]},"properties":{"lines":"29","color":"#0059a9","mode":"bus","arr":["А29"],"angle":13.3,"extra":1,"ei":0}},{"type":"Feature","geometry":{"type":"Point","coordinates":[24.125656,49.834725]},"properties":{"lines":"29","color":"#0059a9","mode":"bus","arr":["А29"],"angle":15.2,"extra":1,"ei":1}},{"type":"Feature","geometry":{"type":"Point","coordinates":[24.128118,49.833735]},"properties":{"lines":"29","color":"#0059a9","mode":"bus","arr":["А29"],"angle":37.1,"extra":1,"ei":2}},{"type":"Feature","geometry":{"type":"Point","coordinates":[24.132511,49.83126]},"properties":{"lines":"29","color":"#0059a9","mode":"bus","arr":["А29"],"angle":52.2,"extra":1,"ei":3}},{"type":"Feature","geometry":{"type":"Point","coordinates":[24.134096,49.829677]},"properties":{"lines":"29","color":"#0059a9","mode":"bus","arr":["А29"],"angle":62.5,"extra":1,"ei":4}},{"type":"Feature","geometry":{"type":"Point","coordinates":[24.135083,49.827907]},"properties":{"lines":"29","color":"#0059a9","mode":"bus","arr":["А29"],"angle":73.9,"extra":1,"ei":5}},{"type":"Feature","geometry":{"type":"Point","coordinates":[24.136903,49.823532]},"properties":{"lines":"29","color":"#0059a9","mode":"bus","arr":["А29"],"angle":77}},{"type":"Feature","geometry":{"type":"Point","coordinates":[24.13576,49.82621]},"properties":{"lines":"29","color":"#0059a9","mode":"bus","arr":["А29"],"angle":74.9,"extra":1,"ei":0}},{"type":"Feature","geometry":{"type":"Point","coordinates":[24.137174,49.820652]},"properties":{"lines":"29","color":"#0059a9","mode":"bus","arr":["А29"],"angle":88.4,"extra":1,"ei":1}},{"type":"Feature","geometry":{"type":"Point","coordinates":[24.05974,49.873403]},"properties":{"lines":"41, 51, 53","color":"#0059a9","mode":"bus","arr":["А41","А51","А53"],"angle":-62.9}},{"type":"Feature","geometry":{"type":"Point","coordinates":[24.060108,49.873861]},"properties":{"lines":"31, 41, 48, 51, 53","color":"#0059a9","mode":"bus","arr":["А31","А41","А48","А51","А53"],"angle":-62.6}},{"type":"Feature","geometry":{"type":"Point","coordinates":[24.060645,49.874528]},"properties":{"lines":"31, 48","color":"#0059a9","mode":"bus","arr":["А31","А48"],"angle":-38}},{"type":"Feature","geometry":{"type":"Point","coordinates":[23.977678,49.832323]},"properties":{"lines":"32, 52, 84, 27","color":"#0059a9","mode":"bus","arr":["А32","А52","А84","Тр27"],"tLines":"27","ntLines":"32, 52, 84","angle":-13.6,"side":-1}},{"type":"Feature","geometry":{"type":"Point","coordinates":[24.024498,49.840545]},"properties":{"lines":"33","color":"#0059a9","mode":"bus","arr":["А33"],"angle":-46.6,"mi":2}},{"type":"Feature","geometry":{"type":"Point","coordinates":[24.024525,49.841742]},"properties":{"lines":"33","color":"#0059a9","mode":"bus","arr":["А33"],"angle":16,"mi":1}},{"type":"Feature","geometry":{"type":"Point","coordinates":[24.022803,49.841579]},"properties":{"lines":"33","color":"#0059a9","mode":"bus","arr":["А33"],"angle":-38.5}},{"type":"Feature","geometry":{"type":"Point","coordinates":[24.021689,49.841045]},"properties":{"lines":"33","color":"#0059a9","mode":"bus","arr":["А33"],"angle":-37.5,"mi":3}},{"type":"Feature","geometry":{"type":"Point","coordinates":[24.017941,49.839106]},"properties":{"lines":"33, 22, 27, 30, 32","color":"#0059a9","mode":"bus","arr":["А33","Тр22","Тр27","Тр30","Тр32"],"tLines":"22, 27, 30, 32","ntLines":"33","angle":-38,"mi":1}},{"type":"Feature","geometry":{"type":"Point","coordinates":[24.019898,49.840108]},"properties":{"lines":"33, 22, 27, 30, 32","color":"#0059a9","mode":"bus","arr":["А33","Тр22","Тр27","Тр30","Тр32"],"tLines":"22, 27, 30, 32","ntLines":"33","angle":-39.8,"extra":1,"ei":0}},{"type":"Feature","geometry":{"type":"Point","coordinates":[24.015296,49.83777]},"properties":{"lines":"33, 22, 27, 30, 32","color":"#0059a9","mode":"bus","arr":["А33","Тр22","Тр27","Тр30","Тр32"],"tLines":"22, 27, 30, 32","ntLines":"33","angle":-38.6,"extra":1,"ei":1}},{"type":"Feature","geometry":{"type":"Point","coordinates":[24.014821,49.837221]},"properties":{"lines":"33, 22, 27, 30, 32","color":"#0059a9","mode":"bus","arr":["А33","Тр22","Тр27","Тр30","Тр32"],"tLines":"22, 27, 30, 32","ntLines":"33","angle":-79.2}},{"type":"Feature","geometry":{"type":"Point","coordinates":[24.013492,49.83685]},"properties":{"lines":"33, 92, 22, 27, 30, 32","color":"#0059a9","mode":"bus","arr":["А33","А92","Тр22","Тр27","Тр30","Тр32"],"tLines":"22, 27, 30, 32","ntLines":"33, 92","angle":29.5,"mi":1}},{"type":"Feature","geometry":{"type":"Point","coordinates":[24.010196,49.836435]},"properties":{"lines":"33, 32","color":"#0059a9","mode":"bus","arr":["А33","Тр32"],"tLines":"32","ntLines":"33","angle":-30.9}},{"type":"Feature","geometry":{"type":"Point","coordinates":[24.008543,49.835807]},"properties":{"lines":"33, 32","color":"#0059a9","mode":"bus","arr":["А33","Тр32"],"tLines":"32","ntLines":"33","angle":-29.5,"extra":1,"ei":0}},{"type":"Feature","geometry":{"type":"Point","coordinates":[24.006636,49.835622]},"properties":{"lines":"33","color":"#0059a9","mode":"bus","arr":["А33"],"angle":-1.7}},{"type":"Feature","geometry":{"type":"Point","coordinates":[23.979964,49.821098]},"properties":{"lines":"33, 51","color":"#0059a9","mode":"bus","arr":["А33","А51"],"angle":67}},{"type":"Feature","geometry":{"type":"Point","coordinates":[23.97806,49.823364]},"properties":{"lines":"33, 51","color":"#0059a9","mode":"bus","arr":["А33","А51"],"angle":56,"mi":1}},{"type":"Feature","geometry":{"type":"Point","coordinates":[23.98068,49.820023]},"properties":{"lines":"33, 51","color":"#0059a9","mode":"bus","arr":["А33","А51"],"angle":66.6,"extra":1,"ei":0}},{"type":"Feature","geometry":{"type":"Point","coordinates":[23.981986,49.818056]},"properties":{"lines":"33","color":"#0059a9","mode":"bus","arr":["А33"],"angle":66.6,"mi":2}},{"type":"Feature","geometry":{"type":"Point","coordinates":[23.979119,49.822421]},"properties":{"lines":"33","color":"#0059a9","mode":"bus","arr":["А33"],"angle":88.3,"mi":6}},{"type":"Feature","geometry":{"type":"Point","coordinates":[23.983671,49.816127]},"properties":{"lines":"33","color":"#0059a9","mode":"bus","arr":["А33"],"angle":23}},{"type":"Feature","geometry":{"type":"Point","coordinates":[23.983105,49.812618]},"properties":{"lines":"33","color":"#0059a9","mode":"bus","arr":["А33"],"angle":-81.2,"mi":5}},{"type":"Feature","geometry":{"type":"Point","coordinates":[23.98489,49.815505]},"properties":{"lines":"33","color":"#0059a9","mode":"bus","arr":["А33"],"angle":-53.3,"mi":1}},{"type":"Feature","geometry":{"type":"Point","coordinates":[23.985123,49.815131]},"properties":{"lines":"33","color":"#0059a9","mode":"bus","arr":["А33"],"angle":22.4,"mi":3}},{"type":"Feature","geometry":{"type":"Point","coordinates":[23.98822,49.803449]},"properties":{"lines":"33","color":"#0059a9","mode":"bus","arr":["А33"],"angle":-80.8,"mi":2}},{"type":"Feature","geometry":{"type":"Point","coordinates":[23.99034,49.801038]},"properties":{"lines":"33","color":"#0059a9","mode":"bus","arr":["А33"],"angle":9.2,"mi":1}},{"type":"Feature","geometry":{"type":"Point","coordinates":[23.992102,49.802971]},"properties":{"lines":"33","color":"#0059a9","mode":"bus","arr":["А33"],"angle":-81}},{"type":"Feature","geometry":{"type":"Point","coordinates":[23.981636,49.814479]},"properties":{"lines":"33","color":"#0059a9","mode":"bus","arr":["А33"],"angle":-69.6,"mi":4}},{"type":"Feature","geometry":{"type":"Point","coordinates":[23.998507,49.830129]},"properties":{"lines":"33, 92, 22, 30","color":"#0059a9","mode":"bus","arr":["А33","А92","Тр22","Тр30"],"tLines":"22, 30","ntLines":"33, 92","angle":-42}},{"type":"Feature","geometry":{"type":"Point","coordinates":[23.991019,49.825902]},"properties":{"lines":"33, 92, 22, 30","color":"#0059a9","mode":"bus","arr":["А33","А92","Тр22","Тр30"],"tLines":"22, 30","ntLines":"33, 92","angle":-36.1,"extra":1,"ei":0}},{"type":"Feature","geometry":{"type":"Point","coordinates":[23.993234,49.827138]},"properties":{"lines":"33, 92, 22, 30","color":"#0059a9","mode":"bus","arr":["А33","А92","Тр22","Тр30"],"tLines":"22, 30","ntLines":"33, 92","angle":-41.3,"extra":1,"ei":1}},{"type":"Feature","geometry":{"type":"Point","coordinates":[23.995441,49.82838]},"properties":{"lines":"33, 92, 22, 30","color":"#0059a9","mode":"bus","arr":["А33","А92","Тр22","Тр30"],"tLines":"22, 30","ntLines":"33, 92","angle":-41.3,"extra":1,"ei":2}},{"type":"Feature","geometry":{"type":"Point","coordinates":[24.002001,49.832149]},"properties":{"lines":"33, 92, 22, 30","color":"#0059a9","mode":"bus","arr":["А33","А92","Тр22","Тр30"],"tLines":"22, 30","ntLines":"33, 92","angle":-41.1,"extra":1,"ei":3}},{"type":"Feature","geometry":{"type":"Point","coordinates":[24.004172,49.833417]},"properties":{"lines":"33, 92, 22, 30","color":"#0059a9","mode":"bus","arr":["А33","А92","Тр22","Тр30"],"tLines":"22, 30","ntLines":"33, 92","angle":-44.2,"extra":1,"ei":4}},{"type":"Feature","geometry":{"type":"Point","coordinates":[24.006586,49.834475]},"properties":{"lines":"33, 92, 22, 30","color":"#0059a9","mode":"bus","arr":["А33","А92","Тр22","Тр30"],"tLines":"22, 30","ntLines":"33, 92","angle":-31.1,"extra":1,"ei":5}},{"type":"Feature","geometry":{"type":"Point","coordinates":[24.009632,49.836116]},"properties":{"lines":"33, 92, 22, 30","color":"#0059a9","mode":"bus","arr":["А33","А92","Тр22","Тр30"],"tLines":"22, 30","ntLines":"33, 92","angle":-30.4,"side":-1}},{"type":"Feature","geometry":{"type":"Point","coordinates":[24.015465,49.836653]},"properties":{"lines":"33, 92, 22, 27, 30, 32","color":"#0059a9","mode":"bus","arr":["А33","А92","Тр22","Тр27","Тр30","Тр32"],"tLines":"22, 27, 30, 32","ntLines":"33, 92","angle":40}},{"type":"Feature","geometry":{"type":"Point","coordinates":[24.016585,49.836052]},"properties":{"lines":"92, 22, 27, 30, 32","color":"#0059a9","mode":"bus","arr":["А92","Тр22","Тр27","Тр30","Тр32"],"tLines":"22, 27, 30, 32","ntLines":"92","angle":37.2}},{"type":"Feature","geometry":{"type":"Point","coordinates":[23.9445,49.844441]},"properties":{"lines":"34","color":"#0059a9","mode":"bus","arr":["А34"],"angle":-37.1,"mi":2}},{"type":"Feature","geometry":{"type":"Point","coordinates":[23.930942,49.845481]},"properties":{"lines":"34","color":"#0059a9","mode":"bus","arr":["А34"],"angle":28.9,"extra":1,"ei":0}},{"type":"Feature","geometry":{"type":"Point","coordinates":[23.933682,49.845143]},"properties":{"lines":"34","color":"#0059a9","mode":"bus","arr":["А34"],"angle":-3.3,"extra":1,"ei":1}},{"type":"Feature","geometry":{"type":"Point","coordinates":[23.936567,49.844918]},"properties":{"lines":"34","color":"#0059a9","mode":"bus","arr":["А34"],"angle":22.3,"extra":1,"ei":2}},{"type":"Feature","geometry":{"type":"Point","coordinates":[23.939303,49.844337]},"properties":{"lines":"34","color":"#0059a9","mode":"bus","arr":["А34"],"angle":8.6,"extra":1,"ei":3}},{"type":"Feature","geometry":{"type":"Point","coordinates":[23.942206,49.844086]},"properties":{"lines":"34","color":"#0059a9","mode":"bus","arr":["А34"],"angle":3.3,"extra":1,"ei":4}},{"type":"Feature","geometry":{"type":"Point","coordinates":[23.947621,49.844448]},"properties":{"lines":"34","color":"#0059a9","mode":"bus","arr":["А34"],"angle":8.4,"extra":1,"ei":5}},{"type":"Feature","geometry":{"type":"Point","coordinates":[23.95046,49.843988]},"properties":{"lines":"34","color":"#0059a9","mode":"bus","arr":["А34"],"angle":16.5,"extra":1,"ei":6}},{"type":"Feature","geometry":{"type":"Point","coordinates":[23.952939,49.844506]},"properties":{"lines":"34","color":"#0059a9","mode":"bus","arr":["А34"],"angle":-33,"extra":1,"ei":7}},{"type":"Feature","geometry":{"type":"Point","coordinates":[23.955722,49.844675]},"properties":{"lines":"34","color":"#0059a9","mode":"bus","arr":["А34"],"angle":-27.6,"extra":1,"ei":8}},{"type":"Feature","geometry":{"type":"Point","coordinates":[23.958246,49.844378]},"properties":{"lines":"34","color":"#0059a9","mode":"bus","arr":["А34"],"angle":48.1,"extra":1,"ei":9}},{"type":"Feature","geometry":{"type":"Point","coordinates":[23.957828,49.843398]},"properties":{"lines":"34","color":"#0059a9","mode":"bus","arr":["А34"],"angle":-56.3}},{"type":"Feature","geometry":{"type":"Point","coordinates":[23.962452,49.841921]},"properties":{"lines":"34","color":"#0059a9","mode":"bus","arr":["А34"],"angle":4,"mi":1}},{"type":"Feature","geometry":{"type":"Point","coordinates":[23.95842,49.842103]},"properties":{"lines":"34","color":"#0059a9","mode":"bus","arr":["А34"],"angle":6.7,"extra":1,"ei":0}},{"type":"Feature","geometry":{"type":"Point","coordinates":[23.964264,49.841838]},"properties":{"lines":"34","color":"#0059a9","mode":"bus","arr":["А34"],"angle":4,"extra":1,"ei":1}},{"type":"Feature","geometry":{"type":"Point","coordinates":[23.967187,49.841704]},"properties":{"lines":"34","color":"#0059a9","mode":"bus","arr":["А34"],"angle":-6.8,"extra":1,"ei":2}},{"type":"Feature","geometry":{"type":"Point","coordinates":[24.004585,49.870378]},"properties":{"lines":"37","color":"#0059a9","mode":"bus","arr":["А37"],"angle":8,"mi":1}},{"type":"Feature","geometry":{"type":"Point","coordinates":[24.035839,49.842033]},"properties":{"lines":"37, 39","color":"#0059a9","mode":"bus","arr":["А37","А39"],"angle":5.1}},{"type":"Feature","geometry":{"type":"Point","coordinates":[24.036627,49.841113]},"properties":{"lines":"37, 39, 45","color":"#0059a9","mode":"bus","arr":["А37","А39","А45"],"angle":80.6}},{"type":"Feature","geometry":{"type":"Point","coordinates":[24.044694,49.827892]},"properties":{"lines":"37, 31","color":"#0059a9","mode":"bus","arr":["А37","Тр31"],"tLines":"31","ntLines":"37","angle":-83.2}},{"type":"Feature","geometry":{"type":"Point","coordinates":[24.044202,49.794578]},"properties":{"lines":"37","color":"#0059a9","mode":"bus","arr":["А37"],"angle":-15.2}},{"type":"Feature","geometry":{"type":"Point","coordinates":[24.052155,49.795532]},"properties":{"lines":"37","color":"#0059a9","mode":"bus","arr":["А37"],"angle":-51.5,"extra":1,"ei":0}},{"type":"Feature","geometry":{"type":"Point","coordinates":[24.049935,49.79444]},"properties":{"lines":"37","color":"#0059a9","mode":"bus","arr":["А37"],"angle":2.1,"extra":1,"ei":1}},{"type":"Feature","geometry":{"type":"Point","coordinates":[24.047086,49.794795]},"properties":{"lines":"37","color":"#0059a9","mode":"bus","arr":["А37"],"angle":1.3,"extra":1,"ei":2}},{"type":"Feature","geometry":{"type":"Point","coordinates":[24.041367,49.794393]},"properties":{"lines":"37","color":"#0059a9","mode":"bus","arr":["А37"],"angle":27.1,"extra":1,"ei":3}},{"type":"Feature","geometry":{"type":"Point","coordinates":[24.039751,49.795917]},"properties":{"lines":"37","color":"#0059a9","mode":"bus","arr":["А37"],"angle":64.8,"extra":1,"ei":4}},{"type":"Feature","geometry":{"type":"Point","coordinates":[24.038935,49.797696]},"properties":{"lines":"37","color":"#0059a9","mode":"bus","arr":["А37"],"angle":-85.3,"extra":1,"ei":5}},{"type":"Feature","geometry":{"type":"Point","coordinates":[24.043481,49.798021]},"properties":{"lines":"37","color":"#0059a9","mode":"bus","arr":["А37"],"angle":13.4,"mi":1}},{"type":"Feature","geometry":{"type":"Point","coordinates":[24.04615,49.798845]},"properties":{"lines":"37","color":"#0059a9","mode":"bus","arr":["А37"],"angle":-40.7,"extra":1,"ei":0}},{"type":"Feature","geometry":{"type":"Point","coordinates":[24.041054,49.798786]},"properties":{"lines":"37","color":"#0059a9","mode":"bus","arr":["А37"],"angle":0.2,"extra":1,"ei":1}},{"type":"Feature","geometry":{"type":"Point","coordinates":[24.074745,49.844602]},"properties":{"lines":"39, 39а","color":"#0059a9","mode":"bus","arr":["А39","А39а"],"angle":-32.4,"mi":2}},{"type":"Feature","geometry":{"type":"Point","coordinates":[24.083197,49.84778]},"properties":{"lines":"39, 39а","color":"#0059a9","mode":"bus","arr":["А39","А39а"],"angle":-11,"extra":1,"ei":0}},{"type":"Feature","geometry":{"type":"Point","coordinates":[24.080693,49.846904]},"properties":{"lines":"39, 39а","color":"#0059a9","mode":"bus","arr":["А39","А39а"],"angle":-24.7,"extra":1,"ei":1}},{"type":"Feature","geometry":{"type":"Point","coordinates":[24.07892,49.845574]},"properties":{"lines":"39, 39а","color":"#0059a9","mode":"bus","arr":["А39","А39а"],"angle":-2.2,"extra":1,"ei":2}},{"type":"Feature","geometry":{"type":"Point","coordinates":[24.071222,49.843145]},"properties":{"lines":"39, 39а","color":"#0059a9","mode":"bus","arr":["А39","А39а"],"angle":-32.6,"extra":1,"ei":3}},{"type":"Feature","geometry":{"type":"Point","coordinates":[24.068773,49.842112]},"properties":{"lines":"39, 39а","color":"#0059a9","mode":"bus","arr":["А39","А39а"],"angle":-47.3,"extra":1,"ei":4}},{"type":"Feature","geometry":{"type":"Point","coordinates":[24.067377,49.84083]},"properties":{"lines":"39, 39а","color":"#0059a9","mode":"bus","arr":["А39","А39а"],"angle":-87.2,"extra":1,"ei":5}},{"type":"Feature","geometry":{"type":"Point","coordinates":[24.067228,49.838538]},"properties":{"lines":"39, 39а","color":"#0059a9","mode":"bus","arr":["А39","А39а"],"angle":68.8}},{"type":"Feature","geometry":{"type":"Point","coordinates":[24.069013,49.836918]},"properties":{"lines":"39","color":"#0059a9","mode":"bus","arr":["А39"],"angle":39.2}},{"type":"Feature","geometry":{"type":"Point","coordinates":[24.026665,49.861753]},"properties":{"lines":"39","color":"#0059a9","mode":"bus","arr":["А39"],"angle":85.3,"mi":1}},{"type":"Feature","geometry":{"type":"Point","coordinates":[24.034554,49.866221]},"properties":{"lines":"39","color":"#0059a9","mode":"bus","arr":["А39"],"angle":-7.1}},{"type":"Feature","geometry":{"type":"Point","coordinates":[24.027377,49.864056]},"properties":{"lines":"39","color":"#0059a9","mode":"bus","arr":["А39"],"angle":-43.7,"extra":1,"ei":0}},{"type":"Feature","geometry":{"type":"Point","coordinates":[24.029744,49.86513]},"properties":{"lines":"39","color":"#0059a9","mode":"bus","arr":["А39"],"angle":-24.3,"extra":1,"ei":1}},{"type":"Feature","geometry":{"type":"Point","coordinates":[24.032463,49.865832]},"properties":{"lines":"39","color":"#0059a9","mode":"bus","arr":["А39"],"angle":-23.3,"extra":1,"ei":2}},{"type":"Feature","geometry":{"type":"Point","coordinates":[24.038204,49.866445]},"properties":{"lines":"39","color":"#0059a9","mode":"bus","arr":["А39"],"angle":-4.9,"extra":1,"ei":3}},{"type":"Feature","geometry":{"type":"Point","coordinates":[24.041121,49.866616]},"properties":{"lines":"39","color":"#0059a9","mode":"bus","arr":["А39"],"angle":-5.6,"extra":1,"ei":4}},{"type":"Feature","geometry":{"type":"Point","coordinates":[24.074565,49.855931]},"properties":{"lines":"39","color":"#0059a9","mode":"bus","arr":["А39"],"angle":5.7}},{"type":"Feature","geometry":{"type":"Point","coordinates":[24.066092,49.836647]},"properties":{"lines":"39, 39а","color":"#0059a9","mode":"bus","arr":["А39","А39а"],"angle":-7.3,"mi":1}},{"type":"Feature","geometry":{"type":"Point","coordinates":[24.034283,49.83717]},"properties":{"lines":"39а","color":"#0059a9","mode":"bus","arr":["А39а"],"angle":-28.4}},{"type":"Feature","geometry":{"type":"Point","coordinates":[24.146047,49.819712]},"properties":{"lines":"40","color":"#0059a9","mode":"bus","arr":["А40"],"angle":-89.1}},{"type":"Feature","geometry":{"type":"Point","coordinates":[24.146198,49.818452]},"properties":{"lines":"40","color":"#0059a9","mode":"bus","arr":["А40"],"angle":87.8,"extra":1,"ei":0}},{"type":"Feature","geometry":{"type":"Point","coordinates":[24.054491,49.817431]},"properties":{"lines":"43","color":"#0059a9","mode":"bus","arr":["А43"],"angle":-18.6,"mi":2}},{"type":"Feature","geometry":{"type":"Point","coordinates":[24.057195,49.818003]},"properties":{"lines":"43","color":"#0059a9","mode":"bus","arr":["А43"],"angle":-17.9,"extra":1,"ei":0}},{"type":"Feature","geometry":{"type":"Point","coordinates":[24.05163,49.81682]},"properties":{"lines":"43","color":"#0059a9","mode":"bus","arr":["А43"],"angle":-18.3,"extra":1,"ei":1}},{"type":"Feature","geometry":{"type":"Point","coordinates":[24.051057,49.814783]},"properties":{"lines":"43","color":"#0059a9","mode":"bus","arr":["А43"],"angle":-74.3,"mi":1}},{"type":"Feature","geometry":{"type":"Point","coordinates":[24.050708,49.815918]},"properties":{"lines":"43","color":"#0059a9","mode":"bus","arr":["А43"],"angle":69.4}},{"type":"Feature","geometry":{"type":"Point","coordinates":[24.018451,49.832498]},"properties":{"lines":"43","color":"#0059a9","mode":"bus","arr":["А43"],"angle":-72.3,"side":-1}},{"type":"Feature","geometry":{"type":"Point","coordinates":[23.980701,49.805915]},"properties":{"lines":"51","color":"#0059a9","mode":"bus","arr":["А51"],"angle":5.1}},{"type":"Feature","geometry":{"type":"Point","coordinates":[23.980168,49.805577]},"properties":{"lines":"45, 51","color":"#0059a9","mode":"bus","arr":["А45","А51"],"angle":8.2,"mi":1}},{"type":"Feature","geometry":{"type":"Point","coordinates":[23.979419,49.805846]},"properties":{"lines":"45, 51","color":"#0059a9","mode":"bus","arr":["А45","А51"],"angle":-80.7}},{"type":"Feature","geometry":{"type":"Point","coordinates":[24.035957,49.843538]},"properties":{"lines":"45","color":"#0059a9","mode":"bus","arr":["А45"],"angle":81.8}},{"type":"Feature","geometry":{"type":"Point","coordinates":[24.038044,49.844883]},"properties":{"lines":"45","color":"#0059a9","mode":"bus","arr":["А45"],"angle":10.4,"mi":1}},{"type":"Feature","geometry":{"type":"Point","coordinates":[24.040612,49.845661]},"properties":{"lines":"45","color":"#0059a9","mode":"bus","arr":["А45"],"angle":-64.2,"extra":1,"ei":0}},{"type":"Feature","geometry":{"type":"Point","coordinates":[24.035322,49.845022]},"properties":{"lines":"45","color":"#0059a9","mode":"bus","arr":["А45"],"angle":-16.9,"extra":1,"ei":1}},{"type":"Feature","geometry":{"type":"Point","coordinates":[24.042607,49.844708]},"properties":{"lines":"45","color":"#0059a9","mode":"bus","arr":["А45"],"angle":-22.7,"mi":2}},{"type":"Feature","geometry":{"type":"Point","coordinates":[24.04166,49.846418]},"properties":{"lines":"45","color":"#0059a9","mode":"bus","arr":["А45"],"angle":19.8,"mi":3}},{"type":"Feature","geometry":{"type":"Point","coordinates":[24.030321,49.839545]},"properties":{"lines":"45","color":"#0059a9","mode":"bus","arr":["А45"],"angle":46.3,"mi":4}},{"type":"Feature","geometry":{"type":"Point","coordinates":[24.029066,49.840197]},"properties":{"lines":"45","color":"#0059a9","mode":"bus","arr":["А45"],"angle":65.8,"mi":5}},{"type":"Feature","geometry":{"type":"Point","coordinates":[24.029963,49.884869]},"properties":{"lines":"46, 55","color":"#0059a9","mode":"bus","arr":["А46","А55"],"angle":75.4}},{"type":"Feature","geometry":{"type":"Point","coordinates":[24.034661,49.879996]},"properties":{"lines":"46, 55","color":"#0059a9","mode":"bus","arr":["А46","А55"],"angle":41.6,"extra":1,"ei":0}},{"type":"Feature","geometry":{"type":"Point","coordinates":[24.032356,49.881157]},"properties":{"lines":"46, 55","color":"#0059a9","mode":"bus","arr":["А46","А55"],"angle":38.1,"extra":1,"ei":1}},{"type":"Feature","geometry":{"type":"Point","coordinates":[24.030875,49.882739]},"properties":{"lines":"46, 55","color":"#0059a9","mode":"bus","arr":["А46","А55"],"angle":67.7,"extra":1,"ei":2}},{"type":"Feature","geometry":{"type":"Point","coordinates":[24.028567,49.886056]},"properties":{"lines":"46, 55","color":"#0059a9","mode":"bus","arr":["А46","А55"],"angle":22.3,"extra":1,"ei":3}},{"type":"Feature","geometry":{"type":"Point","coordinates":[24.025764,49.886597]},"properties":{"lines":"46, 55","color":"#0059a9","mode":"bus","arr":["А46","А55"],"angle":12,"extra":1,"ei":4}},{"type":"Feature","geometry":{"type":"Point","coordinates":[24.022991,49.887187]},"properties":{"lines":"46, 55","color":"#0059a9","mode":"bus","arr":["А46","А55"],"angle":25.8,"extra":1,"ei":5}},{"type":"Feature","geometry":{"type":"Point","coordinates":[24.020505,49.888048]},"properties":{"lines":"55","color":"#0059a9","mode":"bus","arr":["А55"],"angle":33.7,"mi":2}},{"type":"Feature","geometry":{"type":"Point","coordinates":[24.019674,49.892044]},"properties":{"lines":"55","color":"#0059a9","mode":"bus","arr":["А55"],"angle":-79.9}},{"type":"Feature","geometry":{"type":"Point","coordinates":[24.019789,49.894761]},"properties":{"lines":"55","color":"#0059a9","mode":"bus","arr":["А55"],"angle":87.2,"extra":1,"ei":0}},{"type":"Feature","geometry":{"type":"Point","coordinates":[24.02014,49.889187]},"properties":{"lines":"55","color":"#0059a9","mode":"bus","arr":["А55"],"angle":71.1,"extra":1,"ei":1}},{"type":"Feature","geometry":{"type":"Point","coordinates":[24.020237,49.888307]},"properties":{"lines":"55","color":"#0059a9","mode":"bus","arr":["А55"],"angle":-82.5,"side":-1,"mi":1}},{"type":"Feature","geometry":{"type":"Point","coordinates":[24.038698,49.877668]},"properties":{"lines":"46, 55","color":"#0059a9","mode":"bus","arr":["А46","А55"],"angle":41.7}},{"type":"Feature","geometry":{"type":"Point","coordinates":[24.059739,49.785546]},"properties":{"lines":"47","color":"#0059a9","mode":"bus","arr":["А47"],"angle":38.8}},{"type":"Feature","geometry":{"type":"Point","coordinates":[23.983216,49.827216]},"properties":{"lines":"51","color":"#0059a9","mode":"bus","arr":["А51"],"angle":-49.8,"side":-1,"mi":1}},{"type":"Feature","geometry":{"type":"Point","coordinates":[23.976433,49.81836]},"properties":{"lines":"51","color":"#0059a9","mode":"bus","arr":["А51"],"angle":-22.4}},{"type":"Feature","geometry":{"type":"Point","coordinates":[23.973232,49.817513]},"properties":{"lines":"51","color":"#0059a9","mode":"bus","arr":["А51"],"angle":-22.1,"extra":1,"ei":0}},{"type":"Feature","geometry":{"type":"Point","coordinates":[23.978653,49.818947]},"properties":{"lines":"51","color":"#0059a9","mode":"bus","arr":["А51"],"angle":-22.3,"extra":1,"ei":1}},{"type":"Feature","geometry":{"type":"Point","coordinates":[23.989768,49.831421]},"properties":{"lines":"51","color":"#0059a9","mode":"bus","arr":["А51"],"angle":-65.8}},{"type":"Feature","geometry":{"type":"Point","coordinates":[23.990417,49.833044]},"properties":{"lines":"51","color":"#0059a9","mode":"bus","arr":["А51"],"angle":-80.5,"extra":1,"ei":0}},{"type":"Feature","geometry":{"type":"Point","coordinates":[23.988285,49.829591]},"properties":{"lines":"51","color":"#0059a9","mode":"bus","arr":["А51"],"angle":-40.5,"extra":1,"ei":1}},{"type":"Feature","geometry":{"type":"Point","coordinates":[23.863026,49.841489]},"properties":{"lines":"52, 84","color":"#0059a9","mode":"bus","arr":["А52","А84"],"angle":36.5,"mi":1}},{"type":"Feature","geometry":{"type":"Point","coordinates":[23.861541,49.842215]},"properties":{"lines":"52, 84","color":"#0059a9","mode":"bus","arr":["А52","А84"],"angle":37.9,"extra":1,"ei":0}},{"type":"Feature","geometry":{"type":"Point","coordinates":[23.86075,49.842996]},"properties":{"lines":"52, 84","color":"#0059a9","mode":"bus","arr":["А52","А84"],"angle":82.8,"mi":3}},{"type":"Feature","geometry":{"type":"Point","coordinates":[23.86032,49.842979]},"properties":{"lines":"52, 84","color":"#0059a9","mode":"bus","arr":["А52","А84"],"angle":-78.5,"mi":4}},{"type":"Feature","geometry":{"type":"Point","coordinates":[23.864762,49.839318]},"properties":{"lines":"52, 84","color":"#0059a9","mode":"bus","arr":["А52","А84"],"angle":-55.6}},{"type":"Feature","geometry":{"type":"Point","coordinates":[23.867932,49.838093]},"properties":{"lines":"52, 84","color":"#0059a9","mode":"bus","arr":["А52","А84"],"angle":4.6,"mi":2}},{"type":"Feature","geometry":{"type":"Point","coordinates":[23.870628,49.837942]},"properties":{"lines":"52, 84","color":"#0059a9","mode":"bus","arr":["А52","А84"],"angle":5,"extra":1,"ei":0}},{"type":"Feature","geometry":{"type":"Point","coordinates":[23.864788,49.838251]},"properties":{"lines":"52, 84","color":"#0059a9","mode":"bus","arr":["А52","А84"],"angle":4.5,"extra":1,"ei":1}},{"type":"Feature","geometry":{"type":"Point","coordinates":[23.87505,49.836292]},"properties":{"lines":"52, 84","color":"#0059a9","mode":"bus","arr":["А52","А84"],"angle":34.3,"mi":5}},{"type":"Feature","geometry":{"type":"Point","coordinates":[23.873148,49.83717]},"properties":{"lines":"52, 84","color":"#0059a9","mode":"bus","arr":["А52","А84"],"angle":37.3,"extra":1,"ei":0}},{"type":"Feature","geometry":{"type":"Point","coordinates":[23.877968,49.835024]},"properties":{"lines":"52, 84","color":"#0059a9","mode":"bus","arr":["А52","А84"],"angle":29.4,"extra":1,"ei":1,"side":-1}},{"type":"Feature","geometry":{"type":"Point","coordinates":[23.878251,49.836161]},"properties":{"lines":"52","color":"#0059a9","mode":"bus","arr":["А52"],"angle":89.5,"mi":5}},{"type":"Feature","geometry":{"type":"Point","coordinates":[23.898731,49.839185]},"properties":{"lines":"52","color":"#0059a9","mode":"bus","arr":["А52"],"angle":66.6,"side":-1,"mi":3}},{"type":"Feature","geometry":{"type":"Point","coordinates":[24.014675,49.854836]},"properties":{"lines":"52","color":"#0059a9","mode":"bus","arr":["А52"],"angle":7.4}},{"type":"Feature","geometry":{"type":"Point","coordinates":[23.881562,49.837302]},"properties":{"lines":"52","color":"#0059a9","mode":"bus","arr":["А52"],"angle":4.7,"mi":2}},{"type":"Feature","geometry":{"type":"Point","coordinates":[23.884776,49.838241]},"properties":{"lines":"52","color":"#0059a9","mode":"bus","arr":["А52"],"angle":88.6,"mi":1}},{"type":"Feature","geometry":{"type":"Point","coordinates":[23.876472,49.839696]},"properties":{"lines":"52","color":"#0059a9","mode":"bus","arr":["А52"],"angle":4.4,"mi":6}},{"type":"Feature","geometry":{"type":"Point","coordinates":[23.885735,49.839431]},"properties":{"lines":"52","color":"#0059a9","mode":"bus","arr":["А52"],"angle":-15.9,"extra":1,"ei":0}},{"type":"Feature","geometry":{"type":"Point","coordinates":[23.882829,49.83936]},"properties":{"lines":"52","color":"#0059a9","mode":"bus","arr":["А52"],"angle":4.2,"extra":1,"ei":1}},{"type":"Feature","geometry":{"type":"Point","coordinates":[23.87991,49.83952]},"properties":{"lines":"52","color":"#0059a9","mode":"bus","arr":["А52"],"angle":3.5,"extra":1,"ei":2}},{"type":"Feature","geometry":{"type":"Point","coordinates":[23.874068,49.839812]},"properties":{"lines":"52","color":"#0059a9","mode":"bus","arr":["А52"],"angle":4.6,"extra":1,"ei":3}},{"type":"Feature","geometry":{"type":"Point","coordinates":[23.87115,49.83998]},"properties":{"lines":"52","color":"#0059a9","mode":"bus","arr":["А52"],"angle":4.9,"extra":1,"ei":4}},{"type":"Feature","geometry":{"type":"Point","coordinates":[23.868228,49.840119]},"properties":{"lines":"52","color":"#0059a9","mode":"bus","arr":["А52"],"angle":4.3,"extra":1,"ei":5}},{"type":"Feature","geometry":{"type":"Point","coordinates":[23.892704,49.838788]},"properties":{"lines":"52","color":"#0059a9","mode":"bus","arr":["А52"],"angle":40.6}},{"type":"Feature","geometry":{"type":"Point","coordinates":[23.888377,49.8402]},"properties":{"lines":"52","color":"#0059a9","mode":"bus","arr":["А52"],"angle":-8.7,"extra":1,"ei":0}},{"type":"Feature","geometry":{"type":"Point","coordinates":[23.890941,49.839535]},"properties":{"lines":"52","color":"#0059a9","mode":"bus","arr":["А52"],"angle":32,"extra":1,"ei":1}},{"type":"Feature","geometry":{"type":"Point","coordinates":[23.896167,49.838404]},"properties":{"lines":"52","color":"#0059a9","mode":"bus","arr":["А52"],"angle":-24,"extra":1,"ei":2}},{"type":"Feature","geometry":{"type":"Point","coordinates":[23.901321,49.836076]},"properties":{"lines":"52","color":"#0059a9","mode":"bus","arr":["А52"],"angle":61.7,"mi":4}},{"type":"Feature","geometry":{"type":"Point","coordinates":[23.903245,49.833769]},"properties":{"lines":"52","color":"#0059a9","mode":"bus","arr":["А52"],"angle":63,"extra":1,"ei":0}},{"type":"Feature","geometry":{"type":"Point","coordinates":[23.89922,49.838802]},"properties":{"lines":"52","color":"#0059a9","mode":"bus","arr":["А52"],"angle":66.6,"extra":1,"ei":1}},{"type":"Feature","geometry":{"type":"Point","coordinates":[23.904812,49.831694]},"properties":{"lines":"52","color":"#0059a9","mode":"bus","arr":["А52"],"angle":67.1,"mi":7}},{"type":"Feature","geometry":{"type":"Point","coordinates":[23.961395,49.829422]},"properties":{"lines":"52, 84, 27","color":"#0059a9","mode":"bus","arr":["А52","А84","Тр27"],"tLines":"27","ntLines":"52, 84","angle":-15.9}},{"type":"Feature","geometry":{"type":"Point","coordinates":[23.955973,49.82844]},"properties":{"lines":"52, 84, 27","color":"#0059a9","mode":"bus","arr":["А52","А84","Тр27"],"tLines":"27","ntLines":"52, 84","angle":-15.5,"extra":1,"ei":0}},{"type":"Feature","geometry":{"type":"Point","coordinates":[23.958795,49.828949]},"properties":{"lines":"52, 84, 27","color":"#0059a9","mode":"bus","arr":["А52","А84","Тр27"],"tLines":"27","ntLines":"52, 84","angle":-15.5,"extra":1,"ei":1}},{"type":"Feature","geometry":{"type":"Point","coordinates":[23.964431,49.829981]},"properties":{"lines":"52, 84, 27","color":"#0059a9","mode":"bus","arr":["А52","А84","Тр27"],"tLines":"27","ntLines":"52, 84","angle":-15.8,"extra":1,"ei":2}},{"type":"Feature","geometry":{"type":"Point","coordinates":[23.967253,49.83049]},"properties":{"lines":"52, 84, 27","color":"#0059a9","mode":"bus","arr":["А52","А84","Тр27"],"tLines":"27","ntLines":"52, 84","angle":-15.3,"extra":1,"ei":3}},{"type":"Feature","geometry":{"type":"Point","coordinates":[24.018208,49.855784]},"properties":{"lines":"52","color":"#0059a9","mode":"bus","arr":["А52"],"angle":-22.4,"mi":1}},{"type":"Feature","geometry":{"type":"Point","coordinates":[24.020064,49.856298]},"properties":{"lines":"52","color":"#0059a9","mode":"bus","arr":["А52"],"angle":-23.8,"extra":1,"ei":0}},{"type":"Feature","geometry":{"type":"Point","coordinates":[24.009919,49.859298]},"properties":{"lines":"52","color":"#0059a9","mode":"bus","arr":["А52"],"angle":43.7,"mi":2}},{"type":"Feature","geometry":{"type":"Point","coordinates":[24.014339,49.855879]},"properties":{"lines":"52","color":"#0059a9","mode":"bus","arr":["А52"],"angle":81.2,"extra":1,"ei":0}},{"type":"Feature","geometry":{"type":"Point","coordinates":[24.012326,49.857177]},"properties":{"lines":"52","color":"#0059a9","mode":"bus","arr":["А52"],"angle":40.4,"extra":1,"ei":1}},{"type":"Feature","geometry":{"type":"Point","coordinates":[24.007711,49.861865]},"properties":{"lines":"52","color":"#0059a9","mode":"bus","arr":["А52"],"angle":71.2,"extra":1,"ei":2}},{"type":"Feature","geometry":{"type":"Point","coordinates":[24.006863,49.863667]},"properties":{"lines":"52","color":"#0059a9","mode":"bus","arr":["А52"],"angle":85.5,"extra":1,"ei":3}},{"type":"Feature","geometry":{"type":"Point","coordinates":[24.025577,49.81738]},"properties":{"lines":"53","color":"#0059a9","mode":"bus","arr":["А53"],"angle":61.7}},{"type":"Feature","geometry":{"type":"Point","coordinates":[24.032775,49.822747]},"properties":{"lines":"53","color":"#0059a9","mode":"bus","arr":["А53"],"angle":-65.1,"mi":2}},{"type":"Feature","geometry":{"type":"Point","coordinates":[24.02559,49.818665]},"properties":{"lines":"53","color":"#0059a9","mode":"bus","arr":["А53"],"angle":-58.7,"extra":1,"ei":0}},{"type":"Feature","geometry":{"type":"Point","coordinates":[24.027203,49.820242]},"properties":{"lines":"53","color":"#0059a9","mode":"bus","arr":["А53"],"angle":-55.4,"extra":1,"ei":1}},{"type":"Feature","geometry":{"type":"Point","coordinates":[24.029046,49.821697]},"properties":{"lines":"53","color":"#0059a9","mode":"bus","arr":["А53"],"angle":-29.8,"extra":1,"ei":2}},{"type":"Feature","geometry":{"type":"Point","coordinates":[24.033393,49.825421]},"properties":{"lines":"53","color":"#0059a9","mode":"bus","arr":["А53"],"angle":88.5,"extra":1,"ei":3}},{"type":"Feature","geometry":{"type":"Point","coordinates":[24.033821,49.827285]},"properties":{"lines":"53","color":"#0059a9","mode":"bus","arr":["А53"],"angle":-80.7,"extra":1,"ei":4}},{"type":"Feature","geometry":{"type":"Point","coordinates":[24.032717,49.828903]},"properties":{"lines":"53","color":"#0059a9","mode":"bus","arr":["А53"],"angle":43.1,"extra":1,"ei":5}},{"type":"Feature","geometry":{"type":"Point","coordinates":[24.024875,49.817746]},"properties":{"lines":"53","color":"#0059a9","mode":"bus","arr":["А53"],"angle":50.3,"side":-1,"mi":1}},{"type":"Feature","geometry":{"type":"Point","coordinates":[24.018297,49.898033]},"properties":{"lines":"55","color":"#0059a9","mode":"bus","arr":["А55"],"angle":66.3,"mi":3}},{"type":"Feature","geometry":{"type":"Point","coordinates":[24.019334,49.896613]},"properties":{"lines":"55","color":"#0059a9","mode":"bus","arr":["А55"],"angle":68.2,"extra":1,"ei":0}},{"type":"Feature","geometry":{"type":"Point","coordinates":[24.018126,49.900205]},"properties":{"lines":"55","color":"#0059a9","mode":"bus","arr":["А55"],"angle":85.3,"extra":1,"ei":1}},{"type":"Feature","geometry":{"type":"Point","coordinates":[24.057161,49.898775]},"properties":{"lines":"56, 58, 59, 62, 63","color":"#0059a9","mode":"bus","arr":["А56","А58","А59","А62","А63"],"angle":80.4}},{"type":"Feature","geometry":{"type":"Point","coordinates":[24.063583,49.87661]},"properties":{"lines":"56, 58, 59, 62, 63","color":"#0059a9","mode":"bus","arr":["А56","А58","А59","А62","А63"],"angle":68.8}},{"type":"Feature","geometry":{"type":"Point","coordinates":[24.062861,49.874671]},"properties":{"lines":"56, 58, 59, 62, 63","color":"#0059a9","mode":"bus","arr":["А56","А58","А59","А62","А63"],"angle":-8.5,"extra":1,"ei":0,"side":-1}},{"type":"Feature","geometry":{"type":"Point","coordinates":[24.062936,49.877736]},"properties":{"lines":"56, 58, 59, 62, 63","color":"#0059a9","mode":"bus","arr":["А56","А58","А59","А62","А63"],"angle":68.9,"extra":1,"ei":1}},{"type":"Feature","geometry":{"type":"Point","coordinates":[24.06191,49.879504]},"properties":{"lines":"56, 58, 59, 62, 63","color":"#0059a9","mode":"bus","arr":["А56","А58","А59","А62","А63"],"angle":69.5,"extra":1,"ei":2}},{"type":"Feature","geometry":{"type":"Point","coordinates":[24.059359,49.887077]},"properties":{"lines":"56, 58, 59, 62, 63","color":"#0059a9","mode":"bus","arr":["А56","А58","А59","А62","А63"],"angle":-90,"extra":1,"ei":0}},{"type":"Feature","geometry":{"type":"Point","coordinates":[24.059347,49.888966]},"properties":{"lines":"56, 58, 59, 62, 63","color":"#0059a9","mode":"bus","arr":["А56","А58","А59","А62","А63"],"angle":90,"extra":1,"ei":1}},{"type":"Feature","geometry":{"type":"Point","coordinates":[24.059175,49.890847]},"properties":{"lines":"56, 58, 59, 62, 63","color":"#0059a9","mode":"bus","arr":["А56","А58","А59","А62","А63"],"angle":81.1,"extra":1,"ei":2}},{"type":"Feature","geometry":{"type":"Point","coordinates":[24.058701,49.892711]},"properties":{"lines":"56, 58, 59, 62, 63","color":"#0059a9","mode":"bus","arr":["А56","А58","А59","А62","А63"],"angle":80.7,"extra":1,"ei":3}},{"type":"Feature","geometry":{"type":"Point","coordinates":[24.058228,49.894575]},"properties":{"lines":"56, 58, 59, 62, 63","color":"#0059a9","mode":"bus","arr":["А56","А58","А59","А62","А63"],"angle":80.7,"extra":1,"ei":4}},{"type":"Feature","geometry":{"type":"Point","coordinates":[24.057754,49.896438]},"properties":{"lines":"56, 58, 59, 62, 63","color":"#0059a9","mode":"bus","arr":["А56","А58","А59","А62","А63"],"angle":80.7,"extra":1,"ei":5}},{"type":"Feature","geometry":{"type":"Point","coordinates":[24.056771,49.900162]},"properties":{"lines":"56, 58, 59, 62, 63","color":"#0059a9","mode":"bus","arr":["А56","А58","А59","А62","А63"],"angle":79.8,"extra":1,"ei":6}},{"type":"Feature","geometry":{"type":"Point","coordinates":[24.05625,49.90202]},"properties":{"lines":"56, 58, 59, 62, 63","color":"#0059a9","mode":"bus","arr":["А56","А58","А59","А62","А63"],"angle":79.9,"extra":1,"ei":7}},{"type":"Feature","geometry":{"type":"Point","coordinates":[24.055766,49.903883]},"properties":{"lines":"56, 58, 59, 62, 63","color":"#0059a9","mode":"bus","arr":["А56","А58","А59","А62","А63"],"angle":80.6,"extra":1,"ei":8}},{"type":"Feature","geometry":{"type":"Point","coordinates":[24.055286,49.905746]},"properties":{"lines":"56, 58, 59, 62, 63","color":"#0059a9","mode":"bus","arr":["А56","А58","А59","А62","А63"],"angle":80.6,"extra":1,"ei":9}},{"type":"Feature","geometry":{"type":"Point","coordinates":[24.054806,49.907609]},"properties":{"lines":"56, 58, 59, 62, 63","color":"#0059a9","mode":"bus","arr":["А56","А58","А59","А62","А63"],"angle":80.6,"extra":1,"ei":10}},{"type":"Feature","geometry":{"type":"Point","coordinates":[24.054329,49.909472]},"properties":{"lines":"56, 58, 59, 62, 63","color":"#0059a9","mode":"bus","arr":["А56","А58","А59","А62","А63"],"angle":81,"extra":1,"ei":11}},{"type":"Feature","geometry":{"type":"Point","coordinates":[24.053866,49.911337]},"properties":{"lines":"56, 58, 59, 62, 63","color":"#0059a9","mode":"bus","arr":["А56","А58","А59","А62","А63"],"angle":80.5,"extra":1,"ei":12,"side":-1}},{"type":"Feature","geometry":{"type":"Point","coordinates":[24.059888,49.882944]},"properties":{"lines":"56, 58, 59, 62, 63","color":"#0059a9","mode":"bus","arr":["А56","А58","А59","А62","А63"],"angle":69.2,"mi":1}},{"type":"Feature","geometry":{"type":"Point","coordinates":[24.061153,49.880791]},"properties":{"lines":"56, 58, 59, 62, 63","color":"#0059a9","mode":"bus","arr":["А56","А58","А59","А62","А63"],"angle":69.5,"extra":1,"ei":0}},{"type":"Feature","geometry":{"type":"Point","coordinates":[24.059316,49.884363]},"properties":{"lines":"56, 58, 59, 62, 63","color":"#0059a9","mode":"bus","arr":["А56","А58","А59","А62","А63"],"angle":87.2,"extra":1,"ei":1}},{"type":"Feature","geometry":{"type":"Point","coordinates":[24.061939,49.91083]},"properties":{"lines":"56, 80","color":"#0059a9","mode":"bus","arr":["А56","А80"],"angle":8.6}},{"type":"Feature","geometry":{"type":"Point","coordinates":[24.068225,49.9104]},"properties":{"lines":"56, 80","color":"#0059a9","mode":"bus","arr":["А56","А80"],"angle":6.9,"extra":1,"ei":0}},{"type":"Feature","geometry":{"type":"Point","coordinates":[24.065336,49.910704]},"properties":{"lines":"56, 80","color":"#0059a9","mode":"bus","arr":["А56","А80"],"angle":2.1,"extra":1,"ei":1}},{"type":"Feature","geometry":{"type":"Point","coordinates":[24.059517,49.911029]},"properties":{"lines":"56, 80","color":"#0059a9","mode":"bus","arr":["А56","А80"],"angle":7.2,"extra":1,"ei":2}},{"type":"Feature","geometry":{"type":"Point","coordinates":[24.056622,49.911316]},"properties":{"lines":"56, 80","color":"#0059a9","mode":"bus","arr":["А56","А80"],"angle":5.6,"extra":1,"ei":3}},{"type":"Feature","geometry":{"type":"Point","coordinates":[24.076609,49.908759]},"properties":{"lines":"56, 80","color":"#0059a9","mode":"bus","arr":["А56","А80"],"angle":5.8,"mi":2}},{"type":"Feature","geometry":{"type":"Point","coordinates":[24.082571,49.908214]},"properties":{"lines":"56, 80","color":"#0059a9","mode":"bus","arr":["А56","А80"],"angle":8.5,"extra":1,"ei":0}},{"type":"Feature","geometry":{"type":"Point","coordinates":[24.079691,49.908547]},"properties":{"lines":"56, 80","color":"#0059a9","mode":"bus","arr":["А56","А80"],"angle":11.8,"extra":1,"ei":1}},{"type":"Feature","geometry":{"type":"Point","coordinates":[24.074306,49.909628]},"properties":{"lines":"56, 80","color":"#0059a9","mode":"bus","arr":["А56","А80"],"angle":16.8,"extra":1,"ei":2}},{"type":"Feature","geometry":{"type":"Point","coordinates":[24.071463,49.910083]},"properties":{"lines":"56, 80","color":"#0059a9","mode":"bus","arr":["А56","А80"],"angle":12.5,"extra":1,"ei":3}},{"type":"Feature","geometry":{"type":"Point","coordinates":[24.08382,49.906443]},"properties":{"lines":"56, 80","color":"#0059a9","mode":"bus","arr":["А56","А80"],"angle":-86.9}},{"type":"Feature","geometry":{"type":"Point","coordinates":[24.083935,49.907799]},"properties":{"lines":"56, 80","color":"#0059a9","mode":"bus","arr":["А56","А80"],"angle":-87.1,"extra":1,"ei":0,"side":-1}},{"type":"Feature","geometry":{"type":"Point","coordinates":[24.08533,49.904778]},"properties":{"lines":"56, 80","color":"#0059a9","mode":"bus","arr":["А56","А80"],"angle":13.6,"mi":1}},{"type":"Feature","geometry":{"type":"Point","coordinates":[24.062967,49.877054]},"properties":{"lines":"56, 62, 63","color":"#0059a9","mode":"bus","arr":["А56","А62","А63"],"angle":-89.9}},{"type":"Feature","geometry":{"type":"Point","coordinates":[24.018792,49.794112]},"properties":{"lines":"57","color":"#0059a9","mode":"bus","arr":["А57"],"angle":12.1}},{"type":"Feature","geometry":{"type":"Point","coordinates":[24.016857,49.794191]},"properties":{"lines":"57","color":"#0059a9","mode":"bus","arr":["А57"],"angle":5.8,"extra":1,"ei":0}},{"type":"Feature","geometry":{"type":"Point","coordinates":[24.022887,49.850493]},"properties":{"lines":"58, 59, 63","color":"#0059a9","mode":"bus","arr":["А58","А59","А63"],"angle":2.1}},{"type":"Feature","geometry":{"type":"Point","coordinates":[24.053193,49.922336]},"properties":{"lines":"58, 59, 63","color":"#0059a9","mode":"bus","arr":["А58","А59","А63"],"angle":88.4}},{"type":"Feature","geometry":{"type":"Point","coordinates":[24.053631,49.912282]},"properties":{"lines":"58, 59, 63","color":"#0059a9","mode":"bus","arr":["А58","А59","А63"],"angle":83.6,"extra":1,"ei":0}},{"type":"Feature","geometry":{"type":"Point","coordinates":[24.053487,49.914167]},"properties":{"lines":"58, 59, 63","color":"#0059a9","mode":"bus","arr":["А58","А59","А63"],"angle":88.6,"extra":1,"ei":1}},{"type":"Feature","geometry":{"type":"Point","coordinates":[24.053424,49.916055]},"properties":{"lines":"58, 59, 63","color":"#0059a9","mode":"bus","arr":["А58","А59","А63"],"angle":88.8,"extra":1,"ei":2}},{"type":"Feature","geometry":{"type":"Point","coordinates":[24.053361,49.917943]},"properties":{"lines":"58, 59, 63","color":"#0059a9","mode":"bus","arr":["А58","А59","А63"],"angle":88.8,"extra":1,"ei":3}},{"type":"Feature","geometry":{"type":"Point","coordinates":[24.053299,49.919832]},"properties":{"lines":"58, 59, 63","color":"#0059a9","mode":"bus","arr":["А58","А59","А63"],"angle":88.8,"extra":1,"ei":4}},{"type":"Feature","geometry":{"type":"Point","coordinates":[24.053152,49.923607]},"properties":{"lines":"58, 59, 63","color":"#0059a9","mode":"bus","arr":["А58","А59","А63"],"angle":88.3,"extra":1,"ei":5}},{"type":"Feature","geometry":{"type":"Point","coordinates":[24.053067,49.925495]},"properties":{"lines":"58, 59, 63","color":"#0059a9","mode":"bus","arr":["А58","А59","А63"],"angle":88.3,"extra":1,"ei":6}},{"type":"Feature","geometry":{"type":"Point","coordinates":[24.052998,49.927383]},"properties":{"lines":"58, 59, 63","color":"#0059a9","mode":"bus","arr":["А58","А59","А63"],"angle":89.3,"extra":1,"ei":7}},{"type":"Feature","geometry":{"type":"Point","coordinates":[24.052836,49.929265]},"properties":{"lines":"58, 59, 63","color":"#0059a9","mode":"bus","arr":["А58","А59","А63"],"angle":76.3,"extra":1,"ei":8}},{"type":"Feature","geometry":{"type":"Point","coordinates":[24.05177,49.931023]},"properties":{"lines":"58, 59, 63","color":"#0059a9","mode":"bus","arr":["А58","А59","А63"],"angle":67.6,"extra":1,"ei":9}},{"type":"Feature","geometry":{"type":"Point","coordinates":[24.051222,49.932861]},"properties":{"lines":"58, 59, 63","color":"#0059a9","mode":"bus","arr":["А58","А59","А63"],"angle":89.3,"extra":1,"ei":10}},{"type":"Feature","geometry":{"type":"Point","coordinates":[24.053002,49.939966]},"properties":{"lines":"58, 59","color":"#0059a9","mode":"bus","arr":["А58","А59"],"angle":-80,"mi":2}},{"type":"Feature","geometry":{"type":"Point","coordinates":[24.051371,49.934089]},"properties":{"lines":"58, 59","color":"#0059a9","mode":"bus","arr":["А58","А59"],"angle":-81.9,"extra":1,"ei":0}},{"type":"Feature","geometry":{"type":"Point","coordinates":[24.051865,49.935951]},"properties":{"lines":"58, 59","color":"#0059a9","mode":"bus","arr":["А58","А59"],"angle":-80.3,"extra":1,"ei":1}},{"type":"Feature","geometry":{"type":"Point","coordinates":[24.052377,49.93781]},"properties":{"lines":"58, 59","color":"#0059a9","mode":"bus","arr":["А58","А59"],"angle":-78.7,"extra":1,"ei":2}},{"type":"Feature","geometry":{"type":"Point","coordinates":[24.053443,49.941524]},"properties":{"lines":"58, 59","color":"#0059a9","mode":"bus","arr":["А58","А59"],"angle":-79.6,"extra":1,"ei":3}},{"type":"Feature","geometry":{"type":"Point","coordinates":[24.053958,49.943383]},"properties":{"lines":"58, 59","color":"#0059a9","mode":"bus","arr":["А58","А59"],"angle":-80.1,"extra":1,"ei":4}},{"type":"Feature","geometry":{"type":"Point","coordinates":[24.054441,49.945246]},"properties":{"lines":"58, 59","color":"#0059a9","mode":"bus","arr":["А58","А59"],"angle":-80.9,"extra":1,"ei":5}},{"type":"Feature","geometry":{"type":"Point","coordinates":[24.054796,49.947103]},"properties":{"lines":"58, 59","color":"#0059a9","mode":"bus","arr":["А58","А59"],"angle":-83.3,"mi":1}},{"type":"Feature","geometry":{"type":"Point","coordinates":[24.052774,49.94771]},"properties":{"lines":"58, 59","color":"#0059a9","mode":"bus","arr":["А58","А59"],"angle":9.3}},{"type":"Feature","geometry":{"type":"Point","coordinates":[24.039984,49.949502]},"properties":{"lines":"58, 59","color":"#0059a9","mode":"bus","arr":["А58","А59"],"angle":17.3,"mi":3}},{"type":"Feature","geometry":{"type":"Point","coordinates":[24.03092,49.951341]},"properties":{"lines":"58, 59","color":"#0059a9","mode":"bus","arr":["А58","А59"],"angle":17.5,"extra":1,"ei":0}},{"type":"Feature","geometry":{"type":"Point","coordinates":[24.033714,49.950772]},"properties":{"lines":"58, 59","color":"#0059a9","mode":"bus","arr":["А58","А59"],"angle":17.5,"extra":1,"ei":1}},{"type":"Feature","geometry":{"type":"Point","coordinates":[24.036508,49.950204]},"properties":{"lines":"58, 59","color":"#0059a9","mode":"bus","arr":["А58","А59"],"angle":17.5,"extra":1,"ei":2}},{"type":"Feature","geometry":{"type":"Point","coordinates":[24.042122,49.949128]},"properties":{"lines":"58, 59","color":"#0059a9","mode":"bus","arr":["А58","А59"],"angle":12.1,"extra":1,"ei":3}},{"type":"Feature","geometry":{"type":"Point","coordinates":[24.044988,49.948734]},"properties":{"lines":"58, 59","color":"#0059a9","mode":"bus","arr":["А58","А59"],"angle":12,"extra":1,"ei":4}},{"type":"Feature","geometry":{"type":"Point","coordinates":[24.047853,49.94834]},"properties":{"lines":"58, 59","color":"#0059a9","mode":"bus","arr":["А58","А59"],"angle":12,"extra":1,"ei":5}},{"type":"Feature","geometry":{"type":"Point","coordinates":[24.010179,49.95459]},"properties":{"lines":"58, 59","color":"#0059a9","mode":"bus","arr":["А58","А59"],"angle":1.7}},{"type":"Feature","geometry":{"type":"Point","coordinates":[24.028126,49.951909]},"properties":{"lines":"58, 59","color":"#0059a9","mode":"bus","arr":["А58","А59"],"angle":17.5,"extra":1,"ei":0}},{"type":"Feature","geometry":{"type":"Point","coordinates":[24.025332,49.952478]},"properties":{"lines":"58, 59","color":"#0059a9","mode":"bus","arr":["А58","А59"],"angle":17.5,"extra":1,"ei":1}},{"type":"Feature","geometry":{"type":"Point","coordinates":[24.022539,49.953047]},"properties":{"lines":"58, 59","color":"#0059a9","mode":"bus","arr":["А58","А59"],"angle":17.5,"extra":1,"ei":2}},{"type":"Feature","geometry":{"type":"Point","coordinates":[24.019737,49.9536]},"properties":{"lines":"58, 59","color":"#0059a9","mode":"bus","arr":["А58","А59"],"angle":17,"extra":1,"ei":3}},{"type":"Feature","geometry":{"type":"Point","coordinates":[24.016934,49.95415]},"properties":{"lines":"58, 59","color":"#0059a9","mode":"bus","arr":["А58","А59"],"angle":15.8,"extra":1,"ei":4}},{"type":"Feature","geometry":{"type":"Point","coordinates":[24.014082,49.95455]},"properties":{"lines":"58, 59","color":"#0059a9","mode":"bus","arr":["А58","А59"],"angle":2.2,"extra":1,"ei":5}},{"type":"Feature","geometry":{"type":"Point","coordinates":[24.008249,49.954768]},"properties":{"lines":"58, 59","color":"#0059a9","mode":"bus","arr":["А58","А59"],"angle":8.1,"extra":1,"ei":6}},{"type":"Feature","geometry":{"type":"Point","coordinates":[24.005386,49.955049]},"properties":{"lines":"58, 59","color":"#0059a9","mode":"bus","arr":["А58","А59"],"angle":15.7,"extra":1,"ei":7}},{"type":"Feature","geometry":{"type":"Point","coordinates":[24.002521,49.95488]},"properties":{"lines":"58, 59","color":"#0059a9","mode":"bus","arr":["А58","А59"],"angle":-16,"extra":1,"ei":8}},{"type":"Feature","geometry":{"type":"Point","coordinates":[23.999637,49.95457]},"properties":{"lines":"58, 59","color":"#0059a9","mode":"bus","arr":["А58","А59"],"angle":-6.3,"extra":1,"ei":9}},{"type":"Feature","geometry":{"type":"Point","coordinates":[23.996721,49.954387]},"properties":{"lines":"58, 59","color":"#0059a9","mode":"bus","arr":["А58","А59"],"angle":-0.9,"extra":1,"ei":10}},{"type":"Feature","geometry":{"type":"Point","coordinates":[23.993828,49.954657]},"properties":{"lines":"58, 59","color":"#0059a9","mode":"bus","arr":["А58","А59"],"angle":14.6,"extra":1,"ei":11}},{"type":"Feature","geometry":{"type":"Point","coordinates":[23.990987,49.955116]},"properties":{"lines":"58, 59","color":"#0059a9","mode":"bus","arr":["А58","А59"],"angle":11.7,"extra":1,"ei":12}},{"type":"Feature","geometry":{"type":"Point","coordinates":[23.996679,49.953155]},"properties":{"lines":"58","color":"#0059a9","mode":"bus","arr":["А58"],"angle":-89,"mi":1}},{"type":"Feature","geometry":{"type":"Point","coordinates":[23.991411,49.950332]},"properties":{"lines":"58","color":"#0059a9","mode":"bus","arr":["А58"],"angle":-14.8}},{"type":"Feature","geometry":{"type":"Point","coordinates":[23.995832,49.951168]},"properties":{"lines":"58","color":"#0059a9","mode":"bus","arr":["А58"],"angle":-34.5,"extra":1,"ei":0}},{"type":"Feature","geometry":{"type":"Point","coordinates":[23.9895,49.948243]},"properties":{"lines":"58","color":"#0059a9","mode":"bus","arr":["А58"],"angle":-84.7,"extra":1,"ei":1}},{"type":"Feature","geometry":{"type":"Point","coordinates":[23.978789,49.945969]},"properties":{"lines":"58","color":"#0059a9","mode":"bus","arr":["А58"],"angle":13.4}},{"type":"Feature","geometry":{"type":"Point","coordinates":[23.988988,49.946101]},"properties":{"lines":"58","color":"#0059a9","mode":"bus","arr":["А58"],"angle":-66,"extra":1,"ei":0}},{"type":"Feature","geometry":{"type":"Point","coordinates":[23.987008,49.944885]},"properties":{"lines":"58","color":"#0059a9","mode":"bus","arr":["А58"],"angle":-8,"extra":1,"ei":1}},{"type":"Feature","geometry":{"type":"Point","coordinates":[23.984172,49.945082]},"properties":{"lines":"58","color":"#0059a9","mode":"bus","arr":["А58"],"angle":23.6,"extra":1,"ei":2}},{"type":"Feature","geometry":{"type":"Point","coordinates":[23.981359,49.945587]},"properties":{"lines":"58","color":"#0059a9","mode":"bus","arr":["А58"],"angle":13.4,"extra":1,"ei":3}},{"type":"Feature","geometry":{"type":"Point","coordinates":[23.975633,49.946266]},"properties":{"lines":"58","color":"#0059a9","mode":"bus","arr":["А58"],"angle":-8.3,"extra":1,"ei":4}},{"type":"Feature","geometry":{"type":"Point","coordinates":[23.972727,49.946031]},"properties":{"lines":"58","color":"#0059a9","mode":"bus","arr":["А58"],"angle":-7.8,"extra":1,"ei":5}},{"type":"Feature","geometry":{"type":"Point","coordinates":[23.969821,49.945794]},"properties":{"lines":"58","color":"#0059a9","mode":"bus","arr":["А58"],"angle":-3.5,"extra":1,"ei":6}},{"type":"Feature","geometry":{"type":"Point","coordinates":[23.966897,49.945681]},"properties":{"lines":"58","color":"#0059a9","mode":"bus","arr":["А58"],"angle":-3.5,"extra":1,"ei":7}},{"type":"Feature","geometry":{"type":"Point","coordinates":[24.062543,49.875262]},"properties":{"lines":"58, 59, 62","color":"#0059a9","mode":"bus","arr":["А58","А59","А62"],"angle":81,"mi":1}},{"type":"Feature","geometry":{"type":"Point","coordinates":[24.061761,49.874287]},"properties":{"lines":"58, 59, 62","color":"#0059a9","mode":"bus","arr":["А58","А59","А62"],"angle":-16,"side":-1}},{"type":"Feature","geometry":{"type":"Point","coordinates":[24.009023,49.971357]},"properties":{"lines":"59","color":"#0059a9","mode":"bus","arr":["А59"],"angle":73.7}},{"type":"Feature","geometry":{"type":"Point","coordinates":[24.008269,49.955726]},"properties":{"lines":"59","color":"#0059a9","mode":"bus","arr":["А59"],"angle":-83.7,"extra":1,"ei":0}},{"type":"Feature","geometry":{"type":"Point","coordinates":[24.008585,49.957602]},"properties":{"lines":"59","color":"#0059a9","mode":"bus","arr":["А59"],"angle":-82.4,"extra":1,"ei":1}},{"type":"Feature","geometry":{"type":"Point","coordinates":[24.008952,49.959476]},"properties":{"lines":"59","color":"#0059a9","mode":"bus","arr":["А59"],"angle":-83.7,"extra":1,"ei":2}},{"type":"Feature","geometry":{"type":"Point","coordinates":[24.009426,49.961334]},"properties":{"lines":"59","color":"#0059a9","mode":"bus","arr":["А59"],"angle":-72.5,"extra":1,"ei":3}},{"type":"Feature","geometry":{"type":"Point","coordinates":[24.00985,49.963197]},"properties":{"lines":"59","color":"#0059a9","mode":"bus","arr":["А59"],"angle":-84.7,"extra":1,"ei":4}},{"type":"Feature","geometry":{"type":"Point","coordinates":[24.010089,49.965079]},"properties":{"lines":"59","color":"#0059a9","mode":"bus","arr":["А59"],"angle":-86.4,"extra":1,"ei":5}},{"type":"Feature","geometry":{"type":"Point","coordinates":[24.010275,49.966963]},"properties":{"lines":"59","color":"#0059a9","mode":"bus","arr":["А59"],"angle":-86.4,"extra":1,"ei":6}},{"type":"Feature","geometry":{"type":"Point","coordinates":[24.010012,49.968825]},"properties":{"lines":"59","color":"#0059a9","mode":"bus","arr":["А59"],"angle":75.8,"extra":1,"ei":7}},{"type":"Feature","geometry":{"type":"Point","coordinates":[24.006968,49.974105]},"properties":{"lines":"59","color":"#0059a9","mode":"bus","arr":["А59"],"angle":63,"extra":1,"ei":8}},{"type":"Feature","geometry":{"type":"Point","coordinates":[24.005177,49.974834]},"properties":{"lines":"59","color":"#0059a9","mode":"bus","arr":["А59"],"angle":-39.1,"extra":1,"ei":9}},{"type":"Feature","geometry":{"type":"Point","coordinates":[24.002691,49.974093]},"properties":{"lines":"59","color":"#0059a9","mode":"bus","arr":["А59"],"angle":36.8,"extra":1,"ei":10}},{"type":"Feature","geometry":{"type":"Point","coordinates":[24.001001,49.97525]},"properties":{"lines":"59","color":"#0059a9","mode":"bus","arr":["А59"],"angle":-31.9,"extra":1,"ei":11}},{"type":"Feature","geometry":{"type":"Point","coordinates":[23.998427,49.974379]},"properties":{"lines":"59","color":"#0059a9","mode":"bus","arr":["А59"],"angle":-18.4,"extra":1,"ei":12}},{"type":"Feature","geometry":{"type":"Point","coordinates":[23.995682,49.973774]},"properties":{"lines":"59","color":"#0059a9","mode":"bus","arr":["А59"],"angle":-12.6,"extra":1,"ei":13}},{"type":"Feature","geometry":{"type":"Point","coordinates":[23.992835,49.973362]},"properties":{"lines":"59","color":"#0059a9","mode":"bus","arr":["А59"],"angle":-3.2,"extra":1,"ei":14}},{"type":"Feature","geometry":{"type":"Point","coordinates":[23.99004,49.972856]},"properties":{"lines":"59","color":"#0059a9","mode":"bus","arr":["А59"],"angle":-7,"extra":1,"ei":15}},{"type":"Feature","geometry":{"type":"Point","coordinates":[23.981881,49.972369]},"properties":{"lines":"59","color":"#0059a9","mode":"bus","arr":["А59"],"angle":-3.2}},{"type":"Feature","geometry":{"type":"Point","coordinates":[23.975941,49.971974]},"properties":{"lines":"59","color":"#0059a9","mode":"bus","arr":["А59"],"angle":-17.7,"extra":1,"ei":0}},{"type":"Feature","geometry":{"type":"Point","coordinates":[23.978833,49.972231]},"properties":{"lines":"59","color":"#0059a9","mode":"bus","arr":["А59"],"angle":-7.4,"extra":1,"ei":1}},{"type":"Feature","geometry":{"type":"Point","coordinates":[23.984656,49.972557]},"properties":{"lines":"59","color":"#0059a9","mode":"bus","arr":["А59"],"angle":-13.8,"extra":1,"ei":2}},{"type":"Feature","geometry":{"type":"Point","coordinates":[23.987545,49.972857]},"properties":{"lines":"59","color":"#0059a9","mode":"bus","arr":["А59"],"angle":-3.2,"extra":1,"ei":3}},{"type":"Feature","geometry":{"type":"Point","coordinates":[24.127664,49.925593]},"properties":{"lines":"60","color":"#0059a9","mode":"bus","arr":["А60"],"angle":0.3}},{"type":"Feature","geometry":{"type":"Point","coordinates":[24.122117,49.926094]},"properties":{"lines":"60","color":"#0059a9","mode":"bus","arr":["А60"],"angle":3.2,"extra":1,"ei":0}},{"type":"Feature","geometry":{"type":"Point","coordinates":[24.125032,49.925958]},"properties":{"lines":"60","color":"#0059a9","mode":"bus","arr":["А60"],"angle":12.9,"extra":1,"ei":1}},{"type":"Feature","geometry":{"type":"Point","coordinates":[24.130716,49.925562]},"properties":{"lines":"60","color":"#0059a9","mode":"bus","arr":["А60"],"angle":46.1,"extra":1,"ei":2}},{"type":"Feature","geometry":{"type":"Point","coordinates":[24.132112,49.923914]},"properties":{"lines":"60","color":"#0059a9","mode":"bus","arr":["А60"],"angle":67.6,"extra":1,"ei":3}},{"type":"Feature","geometry":{"type":"Point","coordinates":[24.141111,49.923012]},"properties":{"lines":"60","color":"#0059a9","mode":"bus","arr":["А60"],"angle":-6.7,"mi":2}},{"type":"Feature","geometry":{"type":"Point","coordinates":[24.133894,49.922939]},"properties":{"lines":"60","color":"#0059a9","mode":"bus","arr":["А60"],"angle":24.3,"extra":1,"ei":0}},{"type":"Feature","geometry":{"type":"Point","coordinates":[24.136742,49.922673]},"properties":{"lines":"60","color":"#0059a9","mode":"bus","arr":["А60"],"angle":-7.1,"extra":1,"ei":1}},{"type":"Feature","geometry":{"type":"Point","coordinates":[24.14547,49.923344]},"properties":{"lines":"60","color":"#0059a9","mode":"bus","arr":["А60"],"angle":-6.7,"extra":1,"ei":2}},{"type":"Feature","geometry":{"type":"Point","coordinates":[24.14838,49.923566]},"properties":{"lines":"60","color":"#0059a9","mode":"bus","arr":["А60"],"angle":-6.7,"extra":1,"ei":3}},{"type":"Feature","geometry":{"type":"Point","coordinates":[24.154309,49.920652]},"properties":{"lines":"60","color":"#0059a9","mode":"bus","arr":["А60"],"angle":-87.4}},{"type":"Feature","geometry":{"type":"Point","coordinates":[24.151206,49.923332]},"properties":{"lines":"60","color":"#0059a9","mode":"bus","arr":["А60"],"angle":23.8,"extra":1,"ei":0}},{"type":"Feature","geometry":{"type":"Point","coordinates":[24.153823,49.922501]},"properties":{"lines":"60","color":"#0059a9","mode":"bus","arr":["А60"],"angle":44.4,"extra":1,"ei":1}},{"type":"Feature","geometry":{"type":"Point","coordinates":[24.15611,49.919949]},"properties":{"lines":"60","color":"#0059a9","mode":"bus","arr":["А60"],"angle":-11.3,"extra":1,"ei":2}},{"type":"Feature","geometry":{"type":"Point","coordinates":[24.158962,49.919711]},"properties":{"lines":"60","color":"#0059a9","mode":"bus","arr":["А60"],"angle":3.2,"extra":1,"ei":3}},{"type":"Feature","geometry":{"type":"Point","coordinates":[24.157806,49.914272]},"properties":{"lines":"60","color":"#0059a9","mode":"bus","arr":["А60"],"angle":-71.8,"mi":1}},{"type":"Feature","geometry":{"type":"Point","coordinates":[24.160196,49.918804]},"properties":{"lines":"60","color":"#0059a9","mode":"bus","arr":["А60"],"angle":-71.4,"extra":1,"ei":0}},{"type":"Feature","geometry":{"type":"Point","coordinates":[24.159237,49.91702]},"properties":{"lines":"60","color":"#0059a9","mode":"bus","arr":["А60"],"angle":-71.2,"extra":1,"ei":1}},{"type":"Feature","geometry":{"type":"Point","coordinates":[24.156447,49.911648]},"properties":{"lines":"60","color":"#0059a9","mode":"bus","arr":["А60"],"angle":-71.4,"extra":1,"ei":2}},{"type":"Feature","geometry":{"type":"Point","coordinates":[24.155518,49.909856]},"properties":{"lines":"60","color":"#0059a9","mode":"bus","arr":["А60"],"angle":-71.8,"extra":1,"ei":3}},{"type":"Feature","geometry":{"type":"Point","coordinates":[24.148907,49.901541]},"properties":{"lines":"60","color":"#0059a9","mode":"bus","arr":["А60"],"angle":-32.8}},{"type":"Feature","geometry":{"type":"Point","coordinates":[24.154532,49.907939]},"properties":{"lines":"60","color":"#0059a9","mode":"bus","arr":["А60"],"angle":-71.5,"extra":1,"ei":0}},{"type":"Feature","geometry":{"type":"Point","coordinates":[24.153601,49.906148]},"properties":{"lines":"60","color":"#0059a9","mode":"bus","arr":["А60"],"angle":-71.5,"extra":1,"ei":1}},{"type":"Feature","geometry":{"type":"Point","coordinates":[24.152681,49.904355]},"properties":{"lines":"60","color":"#0059a9","mode":"bus","arr":["А60"],"angle":-71.6,"extra":1,"ei":2}},{"type":"Feature","geometry":{"type":"Point","coordinates":[24.15147,49.902659]},"properties":{"lines":"60","color":"#0059a9","mode":"bus","arr":["А60"],"angle":-43.8,"extra":1,"ei":3}},{"type":"Feature","geometry":{"type":"Point","coordinates":[24.146589,49.900573]},"properties":{"lines":"60","color":"#0059a9","mode":"bus","arr":["А60"],"angle":-32.8,"extra":1,"ei":4}},{"type":"Feature","geometry":{"type":"Point","coordinates":[24.144128,49.899547]},"properties":{"lines":"60","color":"#0059a9","mode":"bus","arr":["А60"],"angle":-32.8,"extra":1,"ei":5}},{"type":"Feature","geometry":{"type":"Point","coordinates":[24.141663,49.898527]},"properties":{"lines":"60","color":"#0059a9","mode":"bus","arr":["А60"],"angle":-32.9,"extra":1,"ei":6}},{"type":"Feature","geometry":{"type":"Point","coordinates":[24.139197,49.897506]},"properties":{"lines":"60","color":"#0059a9","mode":"bus","arr":["А60"],"angle":-32.9,"extra":1,"ei":7}},{"type":"Feature","geometry":{"type":"Point","coordinates":[24.129931,49.893762]},"properties":{"lines":"60","color":"#0059a9","mode":"bus","arr":["А60"],"angle":-25.9}},{"type":"Feature","geometry":{"type":"Point","coordinates":[24.136363,49.896344]},"properties":{"lines":"60","color":"#0059a9","mode":"bus","arr":["А60"],"angle":-31.8,"extra":1,"ei":0}},{"type":"Feature","geometry":{"type":"Point","coordinates":[24.133878,49.895344]},"properties":{"lines":"60","color":"#0059a9","mode":"bus","arr":["А60"],"angle":-32.4,"extra":1,"ei":1}},{"type":"Feature","geometry":{"type":"Point","coordinates":[24.125965,49.893013]},"properties":{"lines":"60","color":"#0059a9","mode":"bus","arr":["А60"],"angle":-13.6,"extra":1,"ei":2}},{"type":"Feature","geometry":{"type":"Point","coordinates":[24.123118,49.892565]},"properties":{"lines":"60","color":"#0059a9","mode":"bus","arr":["А60"],"angle":-13.7,"extra":1,"ei":3}},{"type":"Feature","geometry":{"type":"Point","coordinates":[24.105099,49.891867]},"properties":{"lines":"60","color":"#0059a9","mode":"bus","arr":["А60"],"angle":6.2}},{"type":"Feature","geometry":{"type":"Point","coordinates":[24.119779,49.892039]},"properties":{"lines":"60","color":"#0059a9","mode":"bus","arr":["А60"],"angle":-13.9,"extra":1,"ei":0}},{"type":"Feature","geometry":{"type":"Point","coordinates":[24.116933,49.89159]},"properties":{"lines":"60","color":"#0059a9","mode":"bus","arr":["А60"],"angle":-13.1,"extra":1,"ei":1}},{"type":"Feature","geometry":{"type":"Point","coordinates":[24.114048,49.891289]},"properties":{"lines":"60","color":"#0059a9","mode":"bus","arr":["А60"],"angle":-1.2,"extra":1,"ei":2}},{"type":"Feature","geometry":{"type":"Point","coordinates":[24.11113,49.891442]},"properties":{"lines":"60","color":"#0059a9","mode":"bus","arr":["А60"],"angle":6,"extra":1,"ei":3}},{"type":"Feature","geometry":{"type":"Point","coordinates":[24.108218,49.891646]},"properties":{"lines":"60","color":"#0059a9","mode":"bus","arr":["А60"],"angle":6.3,"extra":1,"ei":4}},{"type":"Feature","geometry":{"type":"Point","coordinates":[24.102392,49.892054]},"properties":{"lines":"60","color":"#0059a9","mode":"bus","arr":["А60"],"angle":6.5,"extra":1,"ei":5}},{"type":"Feature","geometry":{"type":"Point","coordinates":[24.099476,49.89223]},"properties":{"lines":"60","color":"#0059a9","mode":"bus","arr":["А60"],"angle":-1.6,"extra":1,"ei":6}},{"type":"Feature","geometry":{"type":"Point","coordinates":[24.096703,49.891668]},"properties":{"lines":"60","color":"#0059a9","mode":"bus","arr":["А60"],"angle":-25.1,"extra":1,"ei":7}},{"type":"Feature","geometry":{"type":"Point","coordinates":[24.094064,49.890847]},"properties":{"lines":"60","color":"#0059a9","mode":"bus","arr":["А60"],"angle":-25.2,"extra":1,"ei":8}},{"type":"Feature","geometry":{"type":"Point","coordinates":[24.091408,49.89005]},"properties":{"lines":"60","color":"#0059a9","mode":"bus","arr":["А60"],"angle":-24.7,"extra":1,"ei":9}},{"type":"Feature","geometry":{"type":"Point","coordinates":[23.906169,49.873656]},"properties":{"lines":"61","color":"#0059a9","mode":"bus","arr":["А61"],"angle":-2.1,"mi":9}},{"type":"Feature","geometry":{"type":"Point","coordinates":[23.882161,49.875309]},"properties":{"lines":"61","color":"#0059a9","mode":"bus","arr":["А61"],"angle":6.7,"mi":10}},{"type":"Feature","geometry":{"type":"Point","coordinates":[23.900207,49.873429]},"properties":{"lines":"61","color":"#0059a9","mode":"bus","arr":["А61"],"angle":-3.5,"mi":8}},{"type":"Feature","geometry":{"type":"Point","coordinates":[23.891192,49.873755]},"properties":{"lines":"61","color":"#0059a9","mode":"bus","arr":["А61"],"angle":32.8,"mi":7}},{"type":"Feature","geometry":{"type":"Point","coordinates":[23.874966,49.875888]},"properties":{"lines":"61","color":"#0059a9","mode":"bus","arr":["А61"],"angle":7,"extra":1,"ei":0}},{"type":"Feature","geometry":{"type":"Point","coordinates":[23.877873,49.875656]},"properties":{"lines":"61","color":"#0059a9","mode":"bus","arr":["А61"],"angle":7,"extra":1,"ei":1}},{"type":"Feature","geometry":{"type":"Point","coordinates":[23.886588,49.874927]},"properties":{"lines":"61","color":"#0059a9","mode":"bus","arr":["А61"],"angle":13,"extra":1,"ei":2}},{"type":"Feature","geometry":{"type":"Point","coordinates":[23.88934,49.874287]},"properties":{"lines":"61","color":"#0059a9","mode":"bus","arr":["А61"],"angle":21.1,"extra":1,"ei":3}},{"type":"Feature","geometry":{"type":"Point","coordinates":[23.915646,49.873473]},"properties":{"lines":"61","color":"#0059a9","mode":"bus","arr":["А61"],"angle":5.3,"extra":1,"ei":0}},{"type":"Feature","geometry":{"type":"Point","coordinates":[23.912729,49.873647]},"properties":{"lines":"61","color":"#0059a9","mode":"bus","arr":["А61"],"angle":4.8,"extra":1,"ei":1}},{"type":"Feature","geometry":{"type":"Point","coordinates":[23.909803,49.873731]},"properties":{"lines":"61","color":"#0059a9","mode":"bus","arr":["А61"],"angle":0.5,"extra":1,"ei":2}},{"type":"Feature","geometry":{"type":"Point","coordinates":[23.903949,49.873586]},"properties":{"lines":"61","color":"#0059a9","mode":"bus","arr":["А61"],"angle":-4.8,"extra":1,"ei":3}},{"type":"Feature","geometry":{"type":"Point","coordinates":[23.898377,49.872517]},"properties":{"lines":"61","color":"#0059a9","mode":"bus","arr":["А61"],"angle":-23.4,"extra":1,"ei":4}},{"type":"Feature","geometry":{"type":"Point","coordinates":[23.892858,49.873152]},"properties":{"lines":"61","color":"#0059a9","mode":"bus","arr":["А61"],"angle":-73.8,"side":-1,"mi":6}},{"type":"Feature","geometry":{"type":"Point","coordinates":[23.893992,49.873027]},"properties":{"lines":"61","color":"#0059a9","mode":"bus","arr":["А61"],"angle":21.2,"mi":1}},{"type":"Feature","geometry":{"type":"Point","coordinates":[23.897315,49.873271]},"properties":{"lines":"61","color":"#0059a9","mode":"bus","arr":["А61"],"angle":2.7,"side":-1,"mi":4}},{"type":"Feature","geometry":{"type":"Point","coordinates":[23.897549,49.873278]},"properties":{"lines":"61","color":"#0059a9","mode":"bus","arr":["А61"],"angle":16.6,"side":-1,"mi":5}},{"type":"Feature","geometry":{"type":"Point","coordinates":[23.922809,49.873101]},"properties":{"lines":"61","color":"#0059a9","mode":"bus","arr":["А61"],"angle":4.3}},{"type":"Feature","geometry":{"type":"Point","coordinates":[23.918565,49.873308]},"properties":{"lines":"61","color":"#0059a9","mode":"bus","arr":["А61"],"angle":4.8,"extra":1,"ei":0}},{"type":"Feature","geometry":{"type":"Point","coordinates":[23.927329,49.872878]},"properties":{"lines":"61","color":"#0059a9","mode":"bus","arr":["А61"],"angle":4.5,"extra":1,"ei":1}},{"type":"Feature","geometry":{"type":"Point","coordinates":[24.126093,49.84418]},"properties":{"lines":"61","color":"#0059a9","mode":"bus","arr":["А61"],"angle":7,"mi":1}},{"type":"Feature","geometry":{"type":"Point","coordinates":[24.119807,49.843585]},"properties":{"lines":"61","color":"#0059a9","mode":"bus","arr":["А61"],"angle":-12.1,"extra":1,"ei":0}},{"type":"Feature","geometry":{"type":"Point","coordinates":[24.122677,49.843964]},"properties":{"lines":"61","color":"#0059a9","mode":"bus","arr":["А61"],"angle":-11.6,"extra":1,"ei":1}},{"type":"Feature","geometry":{"type":"Point","coordinates":[24.128434,49.843827]},"properties":{"lines":"61","color":"#0059a9","mode":"bus","arr":["А61"],"angle":16.9,"extra":1,"ei":2}},{"type":"Feature","geometry":{"type":"Point","coordinates":[24.131201,49.843209]},"properties":{"lines":"61","color":"#0059a9","mode":"bus","arr":["А61"],"angle":17.8,"extra":1,"ei":3}},{"type":"Feature","geometry":{"type":"Point","coordinates":[24.13629,49.844213]},"properties":{"lines":"61","color":"#0059a9","mode":"bus","arr":["А61"],"angle":-41.4}},{"type":"Feature","geometry":{"type":"Point","coordinates":[24.134508,49.843816]},"properties":{"lines":"61","color":"#0059a9","mode":"bus","arr":["А61"],"angle":-26.9,"extra":1,"ei":0}},{"type":"Feature","geometry":{"type":"Point","coordinates":[24.148642,49.844876]},"properties":{"lines":"61","color":"#0059a9","mode":"bus","arr":["А61"],"angle":15,"mi":2}},{"type":"Feature","geometry":{"type":"Point","coordinates":[24.159046,49.84434]},"properties":{"lines":"61","color":"#0059a9","mode":"bus","arr":["А61"],"angle":16.8,"extra":1,"ei":0}},{"type":"Feature","geometry":{"type":"Point","coordinates":[24.156269,49.844931]},"properties":{"lines":"61","color":"#0059a9","mode":"bus","arr":["А61"],"angle":7.4,"extra":1,"ei":1}},{"type":"Feature","geometry":{"type":"Point","coordinates":[24.153353,49.8448]},"properties":{"lines":"61","color":"#0059a9","mode":"bus","arr":["А61"],"angle":-7.6,"extra":1,"ei":2}},{"type":"Feature","geometry":{"type":"Point","coordinates":[24.144864,49.845781]},"properties":{"lines":"61","color":"#0059a9","mode":"bus","arr":["А61"],"angle":17,"extra":1,"ei":3}},{"type":"Feature","geometry":{"type":"Point","coordinates":[24.142002,49.846158]},"properties":{"lines":"61","color":"#0059a9","mode":"bus","arr":["А61"],"angle":4.8,"extra":1,"ei":4}},{"type":"Feature","geometry":{"type":"Point","coordinates":[24.139077,49.846257]},"properties":{"lines":"61","color":"#0059a9","mode":"bus","arr":["А61"],"angle":1.1,"extra":1,"ei":5}},{"type":"Feature","geometry":{"type":"Point","coordinates":[24.053411,49.911361]},"properties":{"lines":"62","color":"#0059a9","mode":"bus","arr":["А62"],"angle":17,"mi":4}},{"type":"Feature","geometry":{"type":"Point","coordinates":[24.047827,49.912217]},"properties":{"lines":"62","color":"#0059a9","mode":"bus","arr":["А62"],"angle":15.1,"mi":2}},{"type":"Feature","geometry":{"type":"Point","coordinates":[24.051755,49.911974]},"properties":{"lines":"62","color":"#0059a9","mode":"bus","arr":["А62"],"angle":13,"extra":1,"ei":0}},{"type":"Feature","geometry":{"type":"Point","coordinates":[24.045973,49.912432]},"properties":{"lines":"62","color":"#0059a9","mode":"bus","arr":["А62"],"angle":-3.4,"extra":1,"ei":1}},{"type":"Feature","geometry":{"type":"Point","coordinates":[24.044094,49.911728]},"properties":{"lines":"62","color":"#0059a9","mode":"bus","arr":["А62"],"angle":-85.6,"extra":1,"ei":2}},{"type":"Feature","geometry":{"type":"Point","coordinates":[24.04182,49.912657]},"properties":{"lines":"62","color":"#0059a9","mode":"bus","arr":["А62"],"angle":-2.5,"mi":1}},{"type":"Feature","geometry":{"type":"Point","coordinates":[24.03048,49.912025]},"properties":{"lines":"62","color":"#0059a9","mode":"bus","arr":["А62"],"angle":4.8}},{"type":"Feature","geometry":{"type":"Point","coordinates":[24.037675,49.911652]},"properties":{"lines":"62","color":"#0059a9","mode":"bus","arr":["А62"],"angle":-21.5,"extra":1,"ei":0}},{"type":"Feature","geometry":{"type":"Point","coordinates":[24.034793,49.911781]},"properties":{"lines":"62","color":"#0059a9","mode":"bus","arr":["А62"],"angle":6.9,"extra":1,"ei":1}},{"type":"Feature","geometry":{"type":"Point","coordinates":[24.026031,49.912185]},"properties":{"lines":"62","color":"#0059a9","mode":"bus","arr":["А62"],"angle":-0.4,"extra":1,"ei":2}},{"type":"Feature","geometry":{"type":"Point","coordinates":[24.023102,49.912179]},"properties":{"lines":"62","color":"#0059a9","mode":"bus","arr":["А62"],"angle":-0.4,"extra":1,"ei":3}},{"type":"Feature","geometry":{"type":"Point","coordinates":[24.018173,49.912391]},"properties":{"lines":"62","color":"#0059a9","mode":"bus","arr":["А62"],"angle":22.2,"mi":3}},{"type":"Feature","geometry":{"type":"Point","coordinates":[24.016459,49.913226]},"properties":{"lines":"62","color":"#0059a9","mode":"bus","arr":["А62"],"angle":51.7,"extra":1,"ei":0}},{"type":"Feature","geometry":{"type":"Point","coordinates":[24.014201,49.916188]},"properties":{"lines":"62","color":"#0059a9","mode":"bus","arr":["А62"],"angle":59.8,"mi":5}},{"type":"Feature","geometry":{"type":"Point","coordinates":[24.012963,49.9174]},"properties":{"lines":"62","color":"#0059a9","mode":"bus","arr":["А62"],"angle":62.7,"extra":1,"ei":0}},{"type":"Feature","geometry":{"type":"Point","coordinates":[24.015735,49.914104]},"properties":{"lines":"62","color":"#0059a9","mode":"bus","arr":["А62"],"angle":78.7,"extra":1,"ei":1}},{"type":"Feature","geometry":{"type":"Point","coordinates":[24.063948,49.877662]},"properties":{"lines":"62","color":"#0059a9","mode":"bus","arr":["А62"],"angle":-15.1}},{"type":"Feature","geometry":{"type":"Point","coordinates":[24.04118,49.934336]},"properties":{"lines":"63","color":"#0059a9","mode":"bus","arr":["А63"],"angle":7.7}},{"type":"Feature","geometry":{"type":"Point","coordinates":[24.049785,49.933327]},"properties":{"lines":"63","color":"#0059a9","mode":"bus","arr":["А63"],"angle":10.5,"extra":1,"ei":0}},{"type":"Feature","geometry":{"type":"Point","coordinates":[24.046909,49.933687]},"properties":{"lines":"63","color":"#0059a9","mode":"bus","arr":["А63"],"angle":11.3,"extra":1,"ei":1}},{"type":"Feature","geometry":{"type":"Point","coordinates":[24.044038,49.934057]},"properties":{"lines":"63","color":"#0059a9","mode":"bus","arr":["А63"],"angle":10.8,"extra":1,"ei":2}},{"type":"Feature","geometry":{"type":"Point","coordinates":[24.038246,49.934597]},"properties":{"lines":"63","color":"#0059a9","mode":"bus","arr":["А63"],"angle":7.4,"extra":1,"ei":3}},{"type":"Feature","geometry":{"type":"Point","coordinates":[24.035348,49.93487]},"properties":{"lines":"63","color":"#0059a9","mode":"bus","arr":["А63"],"angle":7.4,"extra":1,"ei":4}},{"type":"Feature","geometry":{"type":"Point","coordinates":[24.032429,49.935025]},"properties":{"lines":"63","color":"#0059a9","mode":"bus","arr":["А63"],"angle":3.1,"extra":1,"ei":5}},{"type":"Feature","geometry":{"type":"Point","coordinates":[24.024998,49.935193]},"properties":{"lines":"63","color":"#0059a9","mode":"bus","arr":["А63"],"angle":-12.2,"mi":1}},{"type":"Feature","geometry":{"type":"Point","coordinates":[24.021689,49.933266]},"properties":{"lines":"63","color":"#0059a9","mode":"bus","arr":["А63"],"angle":-12.3,"extra":1,"ei":0}},{"type":"Feature","geometry":{"type":"Point","coordinates":[24.029205,49.935148]},"properties":{"lines":"63","color":"#0059a9","mode":"bus","arr":["А63"],"angle":2.4,"extra":1,"ei":1}},{"type":"Feature","geometry":{"type":"Point","coordinates":[24.014163,49.932856]},"properties":{"lines":"63","color":"#0059a9","mode":"bus","arr":["А63"],"angle":-5.1}},{"type":"Feature","geometry":{"type":"Point","coordinates":[24.009555,49.932599]},"properties":{"lines":"63","color":"#0059a9","mode":"bus","arr":["А63"],"angle":-4.7,"extra":1,"ei":0}},{"type":"Feature","geometry":{"type":"Point","coordinates":[24.018313,49.933083]},"properties":{"lines":"63","color":"#0059a9","mode":"bus","arr":["А63"],"angle":-5.2,"extra":1,"ei":1}},{"type":"Feature","geometry":{"type":"Point","coordinates":[23.999987,49.928627]},"properties":{"lines":"63","color":"#0059a9","mode":"bus","arr":["А63"],"angle":-48.9,"mi":1}},{"type":"Feature","geometry":{"type":"Point","coordinates":[24.006865,49.932025]},"properties":{"lines":"63","color":"#0059a9","mode":"bus","arr":["А63"],"angle":-41.2,"extra":1,"ei":0}},{"type":"Feature","geometry":{"type":"Point","coordinates":[24.00574,49.930331]},"properties":{"lines":"63","color":"#0059a9","mode":"bus","arr":["А63"],"angle":-55.7,"extra":1,"ei":1}},{"type":"Feature","geometry":{"type":"Point","coordinates":[24.003344,49.929294]},"properties":{"lines":"63","color":"#0059a9","mode":"bus","arr":["А63"],"angle":-15.5,"extra":1,"ei":2}},{"type":"Feature","geometry":{"type":"Point","coordinates":[23.998038,49.928218]},"properties":{"lines":"63","color":"#0059a9","mode":"bus","arr":["А63"],"angle":0.1,"extra":1,"ei":3}},{"type":"Feature","geometry":{"type":"Point","coordinates":[23.995118,49.928077]},"properties":{"lines":"63","color":"#0059a9","mode":"bus","arr":["А63"],"angle":-6.9,"extra":1,"ei":4}},{"type":"Feature","geometry":{"type":"Point","coordinates":[23.992205,49.927873]},"properties":{"lines":"63","color":"#0059a9","mode":"bus","arr":["А63"],"angle":-6.5,"extra":1,"ei":5}},{"type":"Feature","geometry":{"type":"Point","coordinates":[23.988939,49.92754]},"properties":{"lines":"63","color":"#0059a9","mode":"bus","arr":["А63"],"angle":-19.2}},{"type":"Feature","geometry":{"type":"Point","coordinates":[23.960072,49.872285]},"properties":{"lines":"67","color":"#0059a9","mode":"bus","arr":["А67"],"angle":17.5}},{"type":"Feature","geometry":{"type":"Point","coordinates":[23.971168,49.860861]},"properties":{"lines":"67","color":"#0059a9","mode":"bus","arr":["А67"],"angle":-54.6,"extra":1,"ei":0}},{"type":"Feature","geometry":{"type":"Point","coordinates":[23.970559,49.862485]},"properties":{"lines":"67","color":"#0059a9","mode":"bus","arr":["А67"],"angle":58.5,"extra":1,"ei":1}},{"type":"Feature","geometry":{"type":"Point","coordinates":[23.969331,49.864197]},"properties":{"lines":"67","color":"#0059a9","mode":"bus","arr":["А67"],"angle":68.7,"extra":1,"ei":2}},{"type":"Feature","geometry":{"type":"Point","coordinates":[23.968254,49.865953]},"properties":{"lines":"67","color":"#0059a9","mode":"bus","arr":["А67"],"angle":68.7,"extra":1,"ei":3}},{"type":"Feature","geometry":{"type":"Point","coordinates":[23.967173,49.867708]},"properties":{"lines":"67","color":"#0059a9","mode":"bus","arr":["А67"],"angle":68.5,"extra":1,"ei":4}},{"type":"Feature","geometry":{"type":"Point","coordinates":[23.966111,49.869468]},"properties":{"lines":"67","color":"#0059a9","mode":"bus","arr":["А67"],"angle":68.6,"extra":1,"ei":5}},{"type":"Feature","geometry":{"type":"Point","coordinates":[23.964905,49.871183]},"properties":{"lines":"67","color":"#0059a9","mode":"bus","arr":["А67"],"angle":48.5,"extra":1,"ei":6}},{"type":"Feature","geometry":{"type":"Point","coordinates":[23.962203,49.871855]},"properties":{"lines":"67","color":"#0059a9","mode":"bus","arr":["А67"],"angle":17,"extra":1,"ei":7}},{"type":"Feature","geometry":{"type":"Point","coordinates":[23.95661,49.872983]},"properties":{"lines":"67","color":"#0059a9","mode":"bus","arr":["А67"],"angle":17.4,"extra":1,"ei":8}},{"type":"Feature","geometry":{"type":"Point","coordinates":[23.953808,49.873533]},"properties":{"lines":"67","color":"#0059a9","mode":"bus","arr":["А67"],"angle":16,"extra":1,"ei":9}},{"type":"Feature","geometry":{"type":"Point","coordinates":[23.950932,49.87387]},"properties":{"lines":"67","color":"#0059a9","mode":"bus","arr":["А67"],"angle":6.1,"extra":1,"ei":10}},{"type":"Feature","geometry":{"type":"Point","coordinates":[23.9497,49.875198]},"properties":{"lines":"67","color":"#0059a9","mode":"bus","arr":["А67"],"angle":76.4,"extra":1,"ei":11}},{"type":"Feature","geometry":{"type":"Point","coordinates":[23.948751,49.876985]},"properties":{"lines":"67","color":"#0059a9","mode":"bus","arr":["А67"],"angle":71.7,"extra":1,"ei":12}},{"type":"Feature","geometry":{"type":"Point","coordinates":[23.948266,49.878834]},"properties":{"lines":"67","color":"#0059a9","mode":"bus","arr":["А67"],"angle":75.9,"extra":1,"ei":13}},{"type":"Feature","geometry":{"type":"Point","coordinates":[23.947247,49.880599]},"properties":{"lines":"67","color":"#0059a9","mode":"bus","arr":["А67"],"angle":80.9,"extra":1,"ei":14}},{"type":"Feature","geometry":{"type":"Point","coordinates":[23.947967,49.882337]},"properties":{"lines":"67","color":"#0059a9","mode":"bus","arr":["А67"],"angle":-46,"extra":1,"ei":15}},{"type":"Feature","geometry":{"type":"Point","coordinates":[23.949825,49.884386]},"properties":{"lines":"67","color":"#0059a9","mode":"bus","arr":["А67"],"angle":-62.8}},{"type":"Feature","geometry":{"type":"Point","coordinates":[23.950777,49.88565]},"properties":{"lines":"67","color":"#0059a9","mode":"bus","arr":["А67"],"angle":-65,"extra":1,"ei":0}},{"type":"Feature","geometry":{"type":"Point","coordinates":[23.925536,49.914491]},"properties":{"lines":"67","color":"#0059a9","mode":"bus","arr":["А67"],"angle":15.2}},{"type":"Feature","geometry":{"type":"Point","coordinates":[23.931184,49.908318]},"properties":{"lines":"67","color":"#0059a9","mode":"bus","arr":["А67"],"angle":67.3,"mi":1}},{"type":"Feature","geometry":{"type":"Point","coordinates":[23.949423,49.890767]},"properties":{"lines":"67","color":"#0059a9","mode":"bus","arr":["А67"],"angle":74.4,"mi":1}},{"type":"Feature","geometry":{"type":"Point","coordinates":[23.947094,49.894075]},"properties":{"lines":"67","color":"#0059a9","mode":"bus","arr":["А67"],"angle":54.4,"extra":1,"ei":0}},{"type":"Feature","geometry":{"type":"Point","coordinates":[23.948531,49.892435]},"properties":{"lines":"67","color":"#0059a9","mode":"bus","arr":["А67"],"angle":64.9,"extra":1,"ei":1}},{"type":"Feature","geometry":{"type":"Point","coordinates":[23.95027,49.888835]},"properties":{"lines":"67","color":"#0059a9","mode":"bus","arr":["А67"],"angle":69.4,"extra":1,"ei":2}},{"type":"Feature","geometry":{"type":"Point","coordinates":[23.951625,49.887183]},"properties":{"lines":"67","color":"#0059a9","mode":"bus","arr":["А67"],"angle":84.5,"extra":1,"ei":3}},{"type":"Feature","geometry":{"type":"Point","coordinates":[23.925614,49.913558]},"properties":{"lines":"67","color":"#0059a9","mode":"bus","arr":["А67"],"angle":52.7,"extra":1,"ei":0}},{"type":"Feature","geometry":{"type":"Point","coordinates":[23.927348,49.912037]},"properties":{"lines":"67","color":"#0059a9","mode":"bus","arr":["А67"],"angle":48.1,"extra":1,"ei":1}},{"type":"Feature","geometry":{"type":"Point","coordinates":[23.929331,49.910661]},"properties":{"lines":"67","color":"#0059a9","mode":"bus","arr":["А67"],"angle":55.2,"extra":1,"ei":2}},{"type":"Feature","geometry":{"type":"Point","coordinates":[23.934593,49.906608]},"properties":{"lines":"67","color":"#0059a9","mode":"bus","arr":["А67"],"angle":20.5,"extra":1,"ei":3}},{"type":"Feature","geometry":{"type":"Point","coordinates":[23.9371,49.905648]},"properties":{"lines":"67","color":"#0059a9","mode":"bus","arr":["А67"],"angle":37.1,"extra":1,"ei":4}},{"type":"Feature","geometry":{"type":"Point","coordinates":[23.939195,49.904335]},"properties":{"lines":"67","color":"#0059a9","mode":"bus","arr":["А67"],"angle":50.3,"extra":1,"ei":5}},{"type":"Feature","geometry":{"type":"Point","coordinates":[24.087258,49.904489]},"properties":{"lines":"80","color":"#0059a9","mode":"bus","arr":["А80"],"angle":6.4}},{"type":"Feature","geometry":{"type":"Point","coordinates":[23.882279,49.833434]},"properties":{"lines":"84","color":"#0059a9","mode":"bus","arr":["А84"],"angle":25.5,"mi":2}},{"type":"Feature","geometry":{"type":"Point","coordinates":[23.879235,49.834311]},"properties":{"lines":"84","color":"#0059a9","mode":"bus","arr":["А84"],"angle":33.1,"extra":1,"ei":0}},{"type":"Feature","geometry":{"type":"Point","coordinates":[23.884693,49.83301]},"properties":{"lines":"84","color":"#0059a9","mode":"bus","arr":["А84"],"angle":3,"extra":1,"ei":1}},{"type":"Feature","geometry":{"type":"Point","coordinates":[23.887027,49.832549]},"properties":{"lines":"84","color":"#0059a9","mode":"bus","arr":["А84"],"angle":86.4}},{"type":"Feature","geometry":{"type":"Point","coordinates":[23.888563,49.831978]},"properties":{"lines":"84","color":"#0059a9","mode":"bus","arr":["А84"],"angle":11.5,"mi":1}},{"type":"Feature","geometry":{"type":"Point","coordinates":[23.896883,49.824193]},"properties":{"lines":"84","color":"#0059a9","mode":"bus","arr":["А84"],"angle":43.7}},{"type":"Feature","geometry":{"type":"Point","coordinates":[23.891151,49.831182]},"properties":{"lines":"84","color":"#0059a9","mode":"bus","arr":["А84"],"angle":68.3,"extra":1,"ei":0}},{"type":"Feature","geometry":{"type":"Point","coordinates":[23.892143,49.829409]},"properties":{"lines":"84","color":"#0059a9","mode":"bus","arr":["А84"],"angle":60.6,"extra":1,"ei":1}},{"type":"Feature","geometry":{"type":"Point","coordinates":[23.893489,49.827763]},"properties":{"lines":"84","color":"#0059a9","mode":"bus","arr":["А84"],"angle":79.6,"extra":1,"ei":2}},{"type":"Feature","geometry":{"type":"Point","coordinates":[23.894118,49.825921]},"properties":{"lines":"84","color":"#0059a9","mode":"bus","arr":["А84"],"angle":73.9,"extra":1,"ei":3}},{"type":"Feature","geometry":{"type":"Point","coordinates":[23.898413,49.823511]},"properties":{"lines":"84","color":"#0059a9","mode":"bus","arr":["А84"],"angle":14.1,"extra":1,"ei":4}},{"type":"Feature","geometry":{"type":"Point","coordinates":[23.9013,49.823255]},"properties":{"lines":"84","color":"#0059a9","mode":"bus","arr":["А84"],"angle":-4.5,"extra":1,"ei":5}},{"type":"Feature","geometry":{"type":"Point","coordinates":[23.903827,49.82415]},"properties":{"lines":"84","color":"#0059a9","mode":"bus","arr":["А84"],"angle":-40.1,"extra":1,"ei":6}},{"type":"Feature","geometry":{"type":"Point","coordinates":[23.905856,49.825507]},"properties":{"lines":"84","color":"#0059a9","mode":"bus","arr":["А84"],"angle":-51.5,"extra":1,"ei":7}},{"type":"Feature","geometry":{"type":"Point","coordinates":[23.907684,49.826982]},"properties":{"lines":"84","color":"#0059a9","mode":"bus","arr":["А84"],"angle":-48.6,"extra":1,"ei":8}},{"type":"Feature","geometry":{"type":"Point","coordinates":[24.018064,49.835637]},"properties":{"lines":"92","color":"#0059a9","mode":"bus","arr":["А92"],"angle":36,"mi":1}},{"type":"Feature","geometry":{"type":"Point","coordinates":[24.023211,49.838376]},"properties":{"lines":"92","color":"#0059a9","mode":"bus","arr":["А92"],"angle":48.4,"mi":2}},{"type":"Feature","geometry":{"type":"Point","coordinates":[24.021081,49.837604]},"properties":{"lines":"22, 27, 30, 32","color":"#149a3f","mode":"bus","arr":["Тр22","Тр27","Тр30","Тр32"],"angle":-41.8,"mi":2}},{"type":"Feature","geometry":{"type":"Point","coordinates":[24.022638,49.838501]},"properties":{"lines":"22, 27, 30, 32","color":"#149a3f","mode":"bus","arr":["Тр22","Тр27","Тр30","Тр32"],"angle":-41.8,"extra":1,"ei":0}},{"type":"Feature","geometry":{"type":"Point","coordinates":[24.055112,49.839979]},"properties":{"lines":"99","color":"#0059a9","mode":"bus","arr":["А99"],"angle":-64,"mi":7}},{"type":"Feature","geometry":{"type":"Point","coordinates":[24.056763,49.841961]},"properties":{"lines":"99","color":"#0059a9","mode":"bus","arr":["А99"],"angle":-49.9,"mi":2}},{"type":"Feature","geometry":{"type":"Point","coordinates":[24.059452,49.842398]},"properties":{"lines":"99","color":"#0059a9","mode":"bus","arr":["А99"],"angle":-15.1,"mi":3}},{"type":"Feature","geometry":{"type":"Point","coordinates":[24.060718,49.842659]},"properties":{"lines":"99","color":"#0059a9","mode":"bus","arr":["А99"],"angle":17.9,"mi":4}},{"type":"Feature","geometry":{"type":"Point","coordinates":[24.06121,49.842419]},"properties":{"lines":"99","color":"#0059a9","mode":"bus","arr":["А99"],"angle":48.1,"mi":6}},{"type":"Feature","geometry":{"type":"Point","coordinates":[24.057887,49.841827]},"properties":{"lines":"99","color":"#0059a9","mode":"bus","arr":["А99"],"angle":-58.8}},{"type":"Feature","geometry":{"type":"Point","coordinates":[24.057745,49.841145]},"properties":{"lines":"99","color":"#0059a9","mode":"bus","arr":["А99"],"angle":26.4,"mi":1}},{"type":"Feature","geometry":{"type":"Point","coordinates":[24.056834,49.839731]},"properties":{"lines":"99","color":"#0059a9","mode":"bus","arr":["А99"],"angle":-65.7,"mi":5}},{"type":"Feature","geometry":{"type":"Point","coordinates":[24.055995,49.838564]},"properties":{"lines":"99","color":"#0059a9","mode":"bus","arr":["А99"],"angle":-66.9,"extra":1,"ei":0}},{"type":"Feature","geometry":{"type":"Point","coordinates":[24.021484,49.840403]},"properties":{"lines":"22, 27, 30, 32","color":"#149a3f","mode":"bus","arr":["Тр22","Тр27","Тр30","Тр32"],"angle":51.1,"mi":5}},{"type":"Feature","geometry":{"type":"Point","coordinates":[24.009073,49.837711]},"properties":{"lines":"22, 27, 30, 32","color":"#149a3f","mode":"bus","arr":["Тр22","Тр27","Тр30","Тр32"],"angle":-32.2,"mi":6}},{"type":"Feature","geometry":{"type":"Point","coordinates":[24.010918,49.837444]},"properties":{"lines":"22, 27, 30, 32","color":"#149a3f","mode":"bus","arr":["Тр22","Тр27","Тр30","Тр32"],"angle":22.1,"extra":1,"ei":0}},{"type":"Feature","geometry":{"type":"Point","coordinates":[24.005646,49.836966]},"properties":{"lines":"22, 27, 30, 32","color":"#149a3f","mode":"bus","arr":["Тр22","Тр27","Тр30","Тр32"],"angle":61.5,"mi":7}},{"type":"Feature","geometry":{"type":"Point","coordinates":[24.017845,49.836364]},"properties":{"lines":"22, 27, 30, 32","color":"#149a3f","mode":"bus","arr":["Тр22","Тр27","Тр30","Тр32"],"angle":-53.1,"mi":1}},{"type":"Feature","geometry":{"type":"Point","coordinates":[24.01889,49.836733]},"properties":{"lines":"22, 27, 30, 32","color":"#149a3f","mode":"bus","arr":["Тр22","Тр27","Тр30","Тр32"],"angle":21.3}},{"type":"Feature","geometry":{"type":"Point","coordinates":[24.022609,49.83883]},"properties":{"lines":"22, 27, 30, 32","color":"#149a3f","mode":"bus","arr":["Тр22","Тр27","Тр30","Тр32"],"angle":55.2,"mi":3}},{"type":"Feature","geometry":{"type":"Point","coordinates":[24.022543,49.839226]},"properties":{"lines":"22, 27, 30, 32","color":"#149a3f","mode":"bus","arr":["Тр22","Тр27","Тр30","Тр32"],"angle":-54.8,"mi":4}},{"type":"Feature","geometry":{"type":"Point","coordinates":[24.036403,49.833104]},"properties":{"lines":"24, 25","color":"#149a3f","mode":"bus","arr":["Тр24","Тр25"],"angle":4.3}},{"type":"Feature","geometry":{"type":"Point","coordinates":[24.003001,49.836186]},"properties":{"lines":"27, 32, 38","color":"#149a3f","mode":"bus","arr":["Тр27","Тр32","Тр38"],"angle":60.6,"mi":1}},{"type":"Feature","geometry":{"type":"Point","coordinates":[24.004048,49.835855]},"properties":{"lines":"27, 32, 38","color":"#149a3f","mode":"bus","arr":["Тр27","Тр32","Тр38"],"angle":-30}},{"type":"Feature","geometry":{"type":"Point","coordinates":[24.005106,49.836282]},"properties":{"lines":"27, 32, 38","color":"#149a3f","mode":"bus","arr":["Тр27","Тр32","Тр38"],"angle":-35.3,"mi":2}},{"type":"Feature","geometry":{"type":"Point","coordinates":[24.074237,49.790761]},"properties":{"lines":"31","color":"#149a3f","mode":"bus","arr":["Тр31"],"angle":86.2}},{"type":"Feature","geometry":{"type":"Point","coordinates":[24.071837,49.797996]},"properties":{"lines":"31","color":"#149a3f","mode":"bus","arr":["Тр31"],"angle":57.5,"extra":1,"ei":0}},{"type":"Feature","geometry":{"type":"Point","coordinates":[24.073064,49.796282]},"properties":{"lines":"31","color":"#149a3f","mode":"bus","arr":["Тр31"],"angle":66.5,"extra":1,"ei":1}},{"type":"Feature","geometry":{"type":"Point","coordinates":[24.074136,49.794527]},"properties":{"lines":"31","color":"#149a3f","mode":"bus","arr":["Тр31"],"angle":73.3,"extra":1,"ei":2}},{"type":"Feature","geometry":{"type":"Point","coordinates":[24.074403,49.792661]},"properties":{"lines":"31","color":"#149a3f","mode":"bus","arr":["Тр31"],"angle":-87,"extra":1,"ei":3}},{"type":"Feature","geometry":{"type":"Point","coordinates":[24.074805,49.788926]},"properties":{"lines":"31","color":"#149a3f","mode":"bus","arr":["Тр31"],"angle":77.9,"extra":1,"ei":4}},{"type":"Feature","geometry":{"type":"Point","coordinates":[24.075418,49.787079]},"properties":{"lines":"31","color":"#149a3f","mode":"bus","arr":["Тр31"],"angle":77.5,"extra":1,"ei":5}},{"type":"Feature","geometry":{"type":"Point","coordinates":[24.076391,49.785306]},"properties":{"lines":"31","color":"#149a3f","mode":"bus","arr":["Тр31"],"angle":60.9,"extra":1,"ei":6}},{"type":"Feature","geometry":{"type":"Point","coordinates":[24.07836,49.783918]},"properties":{"lines":"31","color":"#149a3f","mode":"bus","arr":["Тр31"],"angle":42.4,"extra":1,"ei":7}},{"type":"Feature","geometry":{"type":"Point","coordinates":[24.094392,49.778316]},"properties":{"lines":"31","color":"#149a3f","mode":"bus","arr":["Тр31"],"angle":47.2}},{"type":"Feature","geometry":{"type":"Point","coordinates":[24.084552,49.78182]},"properties":{"lines":"31","color":"#149a3f","mode":"bus","arr":["Тр31"],"angle":26,"mi":2}},{"type":"Feature","geometry":{"type":"Point","coordinates":[24.080924,49.782957]},"properties":{"lines":"31","color":"#149a3f","mode":"bus","arr":["Тр31"],"angle":26.1,"extra":1,"ei":0}},{"type":"Feature","geometry":{"type":"Point","coordinates":[24.086192,49.781303]},"properties":{"lines":"31","color":"#149a3f","mode":"bus","arr":["Тр31"],"angle":25.9,"extra":1,"ei":1}},{"type":"Feature","geometry":{"type":"Point","coordinates":[24.088838,49.780492]},"properties":{"lines":"31","color":"#149a3f","mode":"bus","arr":["Тр31"],"angle":26.3,"extra":1,"ei":2}},{"type":"Feature","geometry":{"type":"Point","coordinates":[24.101147,49.772656]},"properties":{"lines":"31","color":"#149a3f","mode":"bus","arr":["Тр31"],"angle":51,"extra":1,"ei":0}},{"type":"Feature","geometry":{"type":"Point","coordinates":[24.099351,49.774148]},"properties":{"lines":"31","color":"#149a3f","mode":"bus","arr":["Тр31"],"angle":52.8,"extra":1,"ei":1}},{"type":"Feature","geometry":{"type":"Point","coordinates":[24.097587,49.775656]},"properties":{"lines":"31","color":"#149a3f","mode":"bus","arr":["Тр31"],"angle":53.2,"extra":1,"ei":2}},{"type":"Feature","geometry":{"type":"Point","coordinates":[24.095831,49.777167]},"properties":{"lines":"31","color":"#149a3f","mode":"bus","arr":["Тр31"],"angle":53,"extra":1,"ei":3}},{"type":"Feature","geometry":{"type":"Point","coordinates":[24.091497,49.779633]},"properties":{"lines":"31","color":"#149a3f","mode":"bus","arr":["Тр31"],"angle":26.3,"extra":1,"ei":4}},{"type":"Feature","geometry":{"type":"Point","coordinates":[24.092425,49.781583]},"properties":{"lines":"31","color":"#149a3f","mode":"bus","arr":["Тр31"],"angle":-23.9,"extra":1,"ei":5}},{"type":"Feature","geometry":{"type":"Point","coordinates":[24.09508,49.78238]},"properties":{"lines":"31","color":"#149a3f","mode":"bus","arr":["Тр31"],"angle":-28.1,"extra":1,"ei":6}},{"type":"Feature","geometry":{"type":"Point","coordinates":[24.102225,49.772308]},"properties":{"lines":"31","color":"#149a3f","mode":"bus","arr":["Тр31"],"angle":38,"mi":3}},{"type":"Feature","geometry":{"type":"Point","coordinates":[24.06129,49.807152]},"properties":{"lines":"31","color":"#149a3f","mode":"bus","arr":["Тр31"],"angle":-72.7}},{"type":"Feature","geometry":{"type":"Point","coordinates":[24.096223,49.782714]},"properties":{"lines":"31","color":"#149a3f","mode":"bus","arr":["Тр31"],"angle":-23.7,"mi":1}},{"type":"Feature","geometry":{"type":"Point","coordinates":[24.007095,49.836197]},"properties":{"lines":"32","color":"#149a3f","mode":"bus","arr":["Тр32"],"angle":40.2}},{"type":"Feature","geometry":{"type":"Point","coordinates":[24.004056,49.836861]},"properties":{"lines":"15, 41, 43","color":"#0059a9","mode":"bus","arr":["А15","А41","А43"],"angle":60.1}},{"type":"Feature","geometry":{"type":"Point","coordinates":[24.003592,49.837024]},"properties":{"lines":"33, 43","color":"#0059a9","mode":"bus","arr":["А33","А43"],"angle":-23.5}},{"type":"Feature","geometry":{"type":"Point","coordinates":[23.89642,49.87325]},"properties":{"lines":"61","color":"#0059a9","mode":"bus","arr":["А61"],"angle":9.1}},{"type":"Feature","geometry":{"type":"Point","coordinates":[23.895168,49.872319]},"properties":{"lines":"61","color":"#0059a9","mode":"bus","arr":["А61"],"angle":19,"mi":2}},{"type":"Feature","geometry":{"type":"Point","coordinates":[23.894339,49.872464]},"properties":{"lines":"61","color":"#0059a9","mode":"bus","arr":["А61"],"angle":15.4,"mi":3}},{"type":"Feature","geometry":{"type":"Point","coordinates":[23.999429,49.838032]},"properties":{"lines":"1, 4, 6, 9","color":"#d6212b","mode":"tram","arr":["Т01","Т04","Т06","Т09","А10","А16","А29","А31","А32","А49"],"busLines":"10, 16, 29, 31, 32, 49","angle":29.9}},{"type":"Feature","geometry":{"type":"Point","coordinates":[24.003125,49.836859]},"properties":{"lines":"1, 4, 6, 9","color":"#d6212b","mode":"tram","arr":["Т01","Т04","Т06","Т09","А07","А15","А20","А25","А29","А31","А33","А34","А43","А51","А52","А84","А92"],"busLines":"7, 15, 20, 25, 29, 31, 33, 34, 43, 51, 52, 84, 92","angle":-21.4,"side":-1,"mi":1}},{"type":"Feature","geometry":{"type":"Point","coordinates":[24.003085,49.836892]},"properties":{"lines":"1, 4, 6, 9","color":"#d6212b","mode":"tram","arr":["Т01","Т04","Т06","Т09","А07","А15","А20","А25","А29","А31","А33","А34","А43","А51","А52","А84","А92"],"busLines":"7, 15, 20, 25, 29, 31, 33, 34, 43, 51, 52, 84, 92","angle":-21.2}},{"type":"Feature","geometry":{"type":"Point","coordinates":[24.002243,49.837006]},"properties":{"lines":"1, 4, 6, 9","color":"#d6212b","mode":"tram","arr":["Т01","Т04","Т06","Т09"],"angle":32.5,"mi":1}},{"type":"Feature","geometry":{"type":"Point","coordinates":[23.999384,49.838085]},"properties":{"lines":"1, 4, 6, 9","color":"#d6212b","mode":"tram","arr":["Т01","Т04","Т06","Т09","А10","А16","А29","А31","А32","А49"],"busLines":"10, 16, 29, 31, 32, 49","angle":30.3,"mi":1}},{"type":"Feature","geometry":{"type":"Point","coordinates":[23.996664,49.839479]},"properties":{"lines":"1, 4, 6, 9","color":"#d6212b","mode":"tram","arr":["Т01","Т04","Т06","Т09"],"angle":74.7}},{"type":"Feature","geometry":{"type":"Point","coordinates":[23.995646,49.840299]},"properties":{"lines":"1, 4, 6, 9","color":"#d6212b","mode":"tram","arr":["Т01","Т04","Т06","Т09","А10","А16","А29","А31"],"busLines":"10, 16, 29, 31","angle":9.1}},{"type":"Feature","geometry":{"type":"Point","coordinates":[24.004004,49.836981]},"properties":{"lines":"1, 4, 9","color":"#556B2F","mode":"tram","arr":["Т01","Т04","Т09","А33","А41","А43"],"busLines":"33, 41, 43","angle":45,"side":-1}},{"type":"Feature","geometry":{"type":"Point","coordinates":[24.004653,49.835999]},"properties":{"lines":"1, 4, 9","color":"#556B2F","mode":"tram","arr":["Т01","Т04","Т09","А15","А33","А41","А43"],"busLines":"15, 33, 41, 43","angle":60.2}},{"type":"Feature","geometry":{"type":"Point","coordinates":[24.006344,49.835102]},"properties":{"lines":"1, 4, 9","color":"#556B2F","mode":"tram","arr":["Т01","Т04","Т09","А15","А41","А43"],"busLines":"15, 41, 43","angle":26.1}},{"type":"Feature","geometry":{"type":"Point","coordinates":[24.034025,49.827286]},"properties":{"lines":"4","color":"#556B2F","mode":"tram","arr":["Т04"],"angle":79.5}},{"type":"Feature","geometry":{"type":"Point","coordinates":[24.031881,49.829436]},"properties":{"lines":"4","color":"#556B2F","mode":"tram","arr":["Т04"],"angle":45,"extra":1,"ei":0}},{"type":"Feature","geometry":{"type":"Point","coordinates":[24.036803,49.825215]},"properties":{"lines":"4","color":"#556B2F","mode":"tram","arr":["Т04"],"angle":-8.6,"extra":1,"ei":1}},{"type":"Feature","geometry":{"type":"Point","coordinates":[24.009068,49.833215]},"properties":{"lines":"4, 9","color":"#556B2F","mode":"tram","arr":["Т04","Т09"],"angle":20.3}},{"type":"Feature","geometry":{"type":"Point","coordinates":[24.015149,49.832573]},"properties":{"lines":"4, 9","color":"#556B2F","mode":"tram","arr":["Т04","Т09"],"angle":-40.7,"mi":1}},{"type":"Feature","geometry":{"type":"Point","coordinates":[24.008953,49.833219]},"properties":{"lines":"9","color":"#556B2F","mode":"tram","arr":["Т09"],"angle":20.4}},{"type":"Feature","geometry":{"type":"Point","coordinates":[24.035602,49.839258]},"properties":{"lines":"9","color":"#556B2F","mode":"tram","arr":["Т09","А01","А03","А05","А06","А18","А37","А39а","А45","А46","А47","А53","А57","А92","А99"],"busLines":"1, 3, 5, 6, 18, 37, 39а, 45, 46, 47, 53, 57, 92, 99","angle":-63.2}},{"type":"Feature","geometry":{"type":"Point","coordinates":[24.027384,49.857814]},"properties":{"lines":"9","color":"#556B2F","mode":"tram","arr":["Т09"],"angle":73.6}},{"type":"Feature","geometry":{"type":"Point","coordinates":[24.028188,49.854099]},"properties":{"lines":"9","color":"#556B2F","mode":"tram","arr":["Т09"],"angle":-89.1,"extra":1,"ei":0}},{"type":"Feature","geometry":{"type":"Point","coordinates":[24.028197,49.855982]},"properties":{"lines":"9","color":"#556B2F","mode":"tram","arr":["Т09"],"angle":77.7,"extra":1,"ei":1}},{"type":"Feature","geometry":{"type":"Point","coordinates":[24.026917,49.859653]},"properties":{"lines":"9","color":"#556B2F","mode":"tram","arr":["Т09"],"angle":85.4,"extra":1,"ei":2}},{"type":"Feature","geometry":{"type":"Point","coordinates":[24.026519,49.86147]},"properties":{"lines":"9","color":"#556B2F","mode":"tram","arr":["Т09"],"angle":36.5,"extra":1,"ei":3,"side":-1}},{"type":"Feature","geometry":{"type":"Point","coordinates":[24.011905,49.834667]},"properties":{"lines":"1","color":"#556B2F","mode":"tram","arr":["Т01","А15","А41","А43"],"busLines":"15, 41, 43","angle":0.7}},{"type":"Feature","geometry":{"type":"Point","coordinates":[24.00867,49.834744]},"properties":{"lines":"1","color":"#556B2F","mode":"tram","arr":["Т01","А15","А41","А43"],"busLines":"15, 41, 43","angle":2.4,"extra":1,"ei":0}},{"type":"Feature","geometry":{"type":"Point","coordinates":[24.014527,49.834657]},"properties":{"lines":"1","color":"#556B2F","mode":"tram","arr":["Т01","А15","А41","А43"],"busLines":"15, 41, 43","angle":-0.8,"extra":1,"ei":1}},{"type":"Feature","geometry":{"type":"Point","coordinates":[24.020721,49.834878]},"properties":{"lines":"1, 2","color":"#556B2F","mode":"tram","arr":["Т01","Т02","А09","А15","А21","А43","А45","А48"],"busLines":"9, 15, 21, 43, 45, 48","angle":-42.1}},{"type":"Feature","geometry":{"type":"Point","coordinates":[24.018048,49.834761]},"properties":{"lines":"1, 2","color":"#556B2F","mode":"tram","arr":["Т01","Т02","А09","А15","А21","А43","А45","А48"],"busLines":"9, 15, 21, 43, 45, 48","angle":-0.9,"extra":1,"ei":0}},{"type":"Feature","geometry":{"type":"Point","coordinates":[24.022679,49.83629]},"properties":{"lines":"1, 2","color":"#556B2F","mode":"tram","arr":["Т01","Т02","А09","А15","А21","А43","А45","А48"],"busLines":"9, 15, 21, 43, 45, 48","angle":72.1,"extra":1,"ei":1}},{"type":"Feature","geometry":{"type":"Point","coordinates":[24.024686,49.838836]},"properties":{"lines":"1, 2","color":"#556B2F","mode":"tram","arr":["Т01","Т02","А09","А15","А21","А43","А45","А48","А92"],"busLines":"9, 15, 21, 43, 45, 48, 92","angle":-43.4}},{"type":"Feature","geometry":{"type":"Point","coordinates":[24.022569,49.837563]},"properties":{"lines":"1, 2","color":"#556B2F","mode":"tram","arr":["Т01","Т02","А09","А15","А21","А43","А45","А48","А92"],"busLines":"9, 15, 21, 43, 45, 48, 92","angle":-41.9,"extra":1,"ei":0}},{"type":"Feature","geometry":{"type":"Point","coordinates":[24.026906,49.8401]},"properties":{"lines":"1, 2","color":"#556B2F","mode":"tram","arr":["Т01","Т02","А09","А15","А21","А43","А45","А48","А92"],"busLines":"9, 15, 21, 43, 45, 48, 92","angle":-39.9,"extra":1,"ei":1}},{"type":"Feature","geometry":{"type":"Point","coordinates":[24.028536,49.840703]},"properties":{"lines":"1, 2","color":"#556B2F","mode":"tram","arr":["Т01","Т02","А09","А21","А45","А48"],"busLines":"9, 21, 45, 48","angle":-16.6}},{"type":"Feature","geometry":{"type":"Point","coordinates":[24.032111,49.841521]},"properties":{"lines":"1, 2","color":"#556B2F","mode":"tram","arr":["Т01","Т02"],"angle":-19.7}},{"type":"Feature","geometry":{"type":"Point","coordinates":[24.014326,49.833512]},"properties":{"lines":"2","color":"#556B2F","mode":"tram","arr":["Т02","А09","А41","А48"],"busLines":"9, 41, 48","angle":-37.5}},{"type":"Feature","geometry":{"type":"Point","coordinates":[24.002241,49.830052]},"properties":{"lines":"2","color":"#556B2F","mode":"tram","arr":["Т02"],"angle":-44.1}},{"type":"Feature","geometry":{"type":"Point","coordinates":[24.010841,49.83176]},"properties":{"lines":"2","color":"#556B2F","mode":"tram","arr":["Т02"],"angle":-38.5,"extra":1,"ei":0}},{"type":"Feature","geometry":{"type":"Point","coordinates":[24.008537,49.830593]},"properties":{"lines":"2","color":"#556B2F","mode":"tram","arr":["Т02"],"angle":-37.9,"extra":1,"ei":1}},{"type":"Feature","geometry":{"type":"Point","coordinates":[24.0064,49.82933]},"properties":{"lines":"2","color":"#556B2F","mode":"tram","arr":["Т02"],"angle":-9.7,"extra":1,"ei":2}},{"type":"Feature","geometry":{"type":"Point","coordinates":[24.004252,49.830547]},"properties":{"lines":"2","color":"#556B2F","mode":"tram","arr":["Т02"],"angle":46.2,"extra":1,"ei":3}},{"type":"Feature","geometry":{"type":"Point","coordinates":[24.000021,49.828661]},"properties":{"lines":"2","color":"#556B2F","mode":"tram","arr":["Т02"],"angle":-44.7,"extra":1,"ei":4}},{"type":"Feature","geometry":{"type":"Point","coordinates":[23.997921,49.827344]},"properties":{"lines":"2","color":"#556B2F","mode":"tram","arr":["Т02"],"angle":-43.7,"extra":1,"ei":5}},{"type":"Feature","geometry":{"type":"Point","coordinates":[23.995813,49.826032]},"properties":{"lines":"2","color":"#556B2F","mode":"tram","arr":["Т02"],"angle":-44.4,"extra":1,"ei":6}},{"type":"Feature","geometry":{"type":"Point","coordinates":[23.99371,49.824717]},"properties":{"lines":"2","color":"#556B2F","mode":"tram","arr":["Т02"],"angle":-44,"extra":1,"ei":7}},{"type":"Feature","geometry":{"type":"Point","coordinates":[24.060033,49.837335]},"properties":{"lines":"2","color":"#556B2F","mode":"tram","arr":["Т02","А05","А15","А18","А29","А39","А39а","А47","А61","А92"],"busLines":"5, 15, 18, 29, 39, 39а, 47, 61, 92","angle":17.8,"side":-1}},{"type":"Feature","geometry":{"type":"Point","coordinates":[24.056378,49.838121]},"properties":{"lines":"2","color":"#556B2F","mode":"tram","arr":["Т02","А05","А15","А18","А29","А39","А39а","А47","А61","А92"],"busLines":"5, 15, 18, 29, 39, 39а, 47, 61, 92","angle":19.4,"extra":1,"ei":0,"side":-1}},{"type":"Feature","geometry":{"type":"Point","coordinates":[24.061938,49.836931]},"properties":{"lines":"2","color":"#556B2F","mode":"tram","arr":["Т02","А05","А15","А18","А29","А39","А39а","А47","А61","А92"],"busLines":"5, 15, 18, 29, 39, 39а, 47, 61, 92","angle":18.6,"extra":1,"ei":1,"side":-1}},{"type":"Feature","geometry":{"type":"Point","coordinates":[24.064746,49.836394]},"properties":{"lines":"2","color":"#556B2F","mode":"tram","arr":["Т02","А05","А15","А18","А29","А39","А39а","А47","А61","А92"],"busLines":"5, 15, 18, 29, 39, 39а, 47, 61, 92","angle":14.3,"extra":1,"ei":2,"side":-1}},{"type":"Feature","geometry":{"type":"Point","coordinates":[24.066641,49.83609]},"properties":{"lines":"2","color":"#556B2F","mode":"tram","arr":["Т02","А05","А15","А18","А29","А39","А47","А61","А92"],"busLines":"5, 15, 18, 29, 39, 47, 61, 92","angle":11.1,"side":-1}},{"type":"Feature","geometry":{"type":"Point","coordinates":[24.068202,49.835663]},"properties":{"lines":"2","color":"#556B2F","mode":"tram","arr":["Т02"],"angle":-60.3}},{"type":"Feature","geometry":{"type":"Point","coordinates":[24.03582,49.840808]},"properties":{"lines":"1, 2, 7, 9","color":"#556B2F","mode":"tram","arr":["Т01","Т02","Т07","Т09","А01","А03","А05","А06","А15","А29","А37","А39","А45","А46","А47","А53","А57","А61","А92"],"busLines":"1, 3, 5, 6, 15, 29, 37, 39, 45, 46, 47, 53, 57, 61, 92","angle":58.2}},{"type":"Feature","geometry":{"type":"Point","coordinates":[24.045745,49.840709]},"properties":{"lines":"1, 2, 7","color":"#556B2F","mode":"tram","arr":["Т01","Т02","Т07","А05","А15","А18","А29","А39","А39а","А47","А61","А92","А99"],"busLines":"5, 15, 18, 29, 39, 39а, 47, 61, 92, 99","angle":-8.8}},{"type":"Feature","geometry":{"type":"Point","coordinates":[24.037416,49.839793]},"properties":{"lines":"1, 2, 7","color":"#556B2F","mode":"tram","arr":["Т01","Т02","Т07","А05","А15","А18","А29","А39","А39а","А47","А61","А92","А99"],"busLines":"5, 15, 18, 29, 39, 39а, 47, 61, 92, 99","angle":-2.1,"extra":1,"ei":0}},{"type":"Feature","geometry":{"type":"Point","coordinates":[24.040342,49.839879]},"properties":{"lines":"1, 2, 7","color":"#556B2F","mode":"tram","arr":["Т01","Т02","Т07","А05","А15","А18","А29","А39","А39а","А47","А61","А92","А99"],"busLines":"5, 15, 18, 29, 39, 39а, 47, 61, 92, 99","angle":-4.2,"extra":1,"ei":1}},{"type":"Feature","geometry":{"type":"Point","coordinates":[24.043192,49.840247]},"properties":{"lines":"1, 2, 7","color":"#556B2F","mode":"tram","arr":["Т01","Т02","Т07","А05","А15","А18","А29","А39","А39а","А47","А61","А92","А99"],"busLines":"5, 15, 18, 29, 39, 39а, 47, 61, 92, 99","angle":-19.9,"extra":1,"ei":2}},{"type":"Feature","geometry":{"type":"Point","coordinates":[24.048745,49.840111]},"properties":{"lines":"1, 2, 7","color":"#556B2F","mode":"tram","arr":["Т01","Т02","Т07","А05","А15","А18","А29","А39","А39а","А47","А61","А92","А99"],"busLines":"5, 15, 18, 29, 39, 39а, 47, 61, 92, 99","angle":23.1,"extra":1,"ei":3}},{"type":"Feature","geometry":{"type":"Point","coordinates":[24.051507,49.839482]},"properties":{"lines":"1, 2, 7","color":"#556B2F","mode":"tram","arr":["Т01","Т02","Т07","А05","А15","А18","А29","А39","А39а","А47","А61","А92","А99"],"busLines":"5, 15, 18, 29, 39, 39а, 47, 61, 92, 99","angle":22.3,"extra":1,"ei":4}},{"type":"Feature","geometry":{"type":"Point","coordinates":[24.054183,49.838714]},"properties":{"lines":"1, 2, 7","color":"#556B2F","mode":"tram","arr":["Т01","Т02","Т07","А05","А15","А18","А29","А39","А39а","А47","А61","А92","А99"],"busLines":"5, 15, 18, 29, 39, 39а, 47, 61, 92, 99","angle":22.7,"extra":1,"ei":5}},{"type":"Feature","geometry":{"type":"Point","coordinates":[23.990812,49.851423]},"properties":{"lines":"7","color":"#556B2F","mode":"tram","arr":["Т07","А06","А11","А49","А61","А67"],"busLines":"6, 11, 49, 61, 67","angle":34.3,"mi":1}},{"type":"Feature","geometry":{"type":"Point","coordinates":[23.987207,49.853205]},"properties":{"lines":"7","color":"#556B2F","mode":"tram","arr":["Т07","А06","А11","А49","А61","А67"],"busLines":"6, 11, 49, 61, 67","angle":43.1,"extra":1,"ei":0,"side":-1}},{"type":"Feature","geometry":{"type":"Point","coordinates":[23.994293,49.849865]},"properties":{"lines":"7","color":"#556B2F","mode":"tram","arr":["Т07","А06","А11","А49","А61","А67"],"busLines":"6, 11, 49, 61, 67","angle":34.5,"extra":1,"ei":1,"side":-1}},{"type":"Feature","geometry":{"type":"Point","coordinates":[24.006011,49.846229]},"properties":{"lines":"7","color":"#556B2F","mode":"tram","arr":["Т07","А06","А17","А61","А67"],"busLines":"6, 17, 61, 67","angle":33}},{"type":"Feature","geometry":{"type":"Point","coordinates":[23.997453,49.848771]},"properties":{"lines":"7","color":"#556B2F","mode":"tram","arr":["Т07","А06","А17","А61","А67"],"busLines":"6, 17, 61, 67","angle":23.9,"extra":1,"ei":0,"side":-1}},{"type":"Feature","geometry":{"type":"Point","coordinates":[24.000156,49.848054]},"properties":{"lines":"7","color":"#556B2F","mode":"tram","arr":["Т07","А06","А17","А61","А67"],"busLines":"6, 17, 61, 67","angle":19.5,"extra":1,"ei":1,"side":-1}},{"type":"Feature","geometry":{"type":"Point","coordinates":[24.002744,49.847176]},"properties":{"lines":"7","color":"#556B2F","mode":"tram","arr":["Т07","А06","А17","А61","А67"],"busLines":"6, 17, 61, 67","angle":27.3,"extra":1,"ei":2}},{"type":"Feature","geometry":{"type":"Point","coordinates":[24.007957,49.845498]},"properties":{"lines":"7","color":"#556B2F","mode":"tram","arr":["Т07","А06","А17","А61","А67"],"busLines":"6, 17, 61, 67","angle":28.3,"extra":1,"ei":3}},{"type":"Feature","geometry":{"type":"Point","coordinates":[24.010539,49.844605]},"properties":{"lines":"7","color":"#556B2F","mode":"tram","arr":["Т07","А06","А17","А61","А67"],"busLines":"6, 17, 61, 67","angle":28.2,"extra":1,"ei":4}},{"type":"Feature","geometry":{"type":"Point","coordinates":[24.013109,49.843698]},"properties":{"lines":"7","color":"#556B2F","mode":"tram","arr":["Т07","А06","А17","А61","А67"],"busLines":"6, 17, 61, 67","angle":28.8,"extra":1,"ei":5}},{"type":"Feature","geometry":{"type":"Point","coordinates":[24.029247,49.844721]},"properties":{"lines":"7","color":"#556B2F","mode":"tram","arr":["Т07"],"angle":2.3,"side":-1}},{"type":"Feature","geometry":{"type":"Point","coordinates":[24.006148,49.846206]},"properties":{"lines":"7","color":"#556B2F","mode":"tram","arr":["Т07","А06","А17","А61","А67"],"busLines":"6, 17, 61, 67","angle":32.6,"mi":1}},{"type":"Feature","geometry":{"type":"Point","coordinates":[24.014436,49.843303]},"properties":{"lines":"7","color":"#556B2F","mode":"tram","arr":["Т07","А06","А17","А61","А67"],"busLines":"6, 17, 61, 67","angle":24.3,"extra":1,"ei":0}},{"type":"Feature","geometry":{"type":"Point","coordinates":[24.011841,49.84418]},"properties":{"lines":"7","color":"#556B2F","mode":"tram","arr":["Т07","А06","А17","А61","А67"],"busLines":"6, 17, 61, 67","angle":28.5,"extra":1,"ei":1}},{"type":"Feature","geometry":{"type":"Point","coordinates":[24.009266,49.84508]},"properties":{"lines":"7","color":"#556B2F","mode":"tram","arr":["Т07","А06","А17","А61","А67"],"busLines":"6, 17, 61, 67","angle":28.5,"extra":1,"ei":2}},{"type":"Feature","geometry":{"type":"Point","coordinates":[24.004138,49.846883]},"properties":{"lines":"7","color":"#556B2F","mode":"tram","arr":["Т07","А06","А17","А61","А67"],"busLines":"6, 17, 61, 67","angle":16.4,"extra":1,"ei":3}},{"type":"Feature","geometry":{"type":"Point","coordinates":[24.001493,49.847674]},"properties":{"lines":"7","color":"#556B2F","mode":"tram","arr":["Т07","А06","А17","А61","А67"],"busLines":"6, 17, 61, 67","angle":30.3,"extra":1,"ei":4}},{"type":"Feature","geometry":{"type":"Point","coordinates":[23.998814,49.848417]},"properties":{"lines":"7","color":"#556B2F","mode":"tram","arr":["Т07","А06","А17","А61","А67"],"busLines":"6, 17, 61, 67","angle":24.9,"extra":1,"ei":5}},{"type":"Feature","geometry":{"type":"Point","coordinates":[23.996028,49.849296]},"properties":{"lines":"7","color":"#556B2F","mode":"tram","arr":["Т07","А06","А11","А17","А49","А61","А67"],"busLines":"6, 11, 17, 49, 61, 67","angle":26.8}},{"type":"Feature","geometry":{"type":"Point","coordinates":[23.990952,49.851388]},"properties":{"lines":"7","color":"#556B2F","mode":"tram","arr":["Т07","А06","А11","А49","А61","А67"],"busLines":"6, 11, 49, 61, 67","angle":34.6}},{"type":"Feature","geometry":{"type":"Point","coordinates":[23.994447,49.849865]},"properties":{"lines":"7","color":"#556B2F","mode":"tram","arr":["Т07","А06","А11","А49","А61","А67"],"busLines":"6, 11, 49, 61, 67","angle":32.8,"extra":1,"ei":0}},{"type":"Feature","geometry":{"type":"Point","coordinates":[23.987335,49.853179]},"properties":{"lines":"7","color":"#556B2F","mode":"tram","arr":["Т07","А06","А11","А49","А61","А67"],"busLines":"6, 11, 49, 61, 67","angle":45.9,"extra":1,"ei":1}},{"type":"Feature","geometry":{"type":"Point","coordinates":[24.049996,49.832476]},"properties":{"lines":"1, 7","color":"#556B2F","mode":"tram","arr":["Т01","Т07"],"angle":-54.1}},{"type":"Feature","geometry":{"type":"Point","coordinates":[24.054652,49.837729]},"properties":{"lines":"1, 7","color":"#556B2F","mode":"tram","arr":["Т01","Т07"],"angle":-65.6,"extra":1,"ei":0}},{"type":"Feature","geometry":{"type":"Point","coordinates":[24.053471,49.836001]},"properties":{"lines":"1, 7","color":"#556B2F","mode":"tram","arr":["Т01","Т07"],"angle":-67.3,"extra":1,"ei":1}},{"type":"Feature","geometry":{"type":"Point","coordinates":[24.052354,49.834255]},"properties":{"lines":"1, 7","color":"#556B2F","mode":"tram","arr":["Т01","Т07"],"angle":-68.2,"extra":1,"ei":2}},{"type":"Feature","geometry":{"type":"Point","coordinates":[24.049065,49.831219]},"properties":{"lines":"1, 7","color":"#556B2F","mode":"tram","arr":["Т01","Т07"],"angle":-66.5,"extra":1,"ei":3}},{"type":"Feature","geometry":{"type":"Point","coordinates":[24.050544,49.829894]},"properties":{"lines":"1, 7","color":"#556B2F","mode":"tram","arr":["Т01","Т07"],"angle":33.4,"extra":1,"ei":4}},{"type":"Feature","geometry":{"type":"Point","coordinates":[24.053383,49.829634]},"properties":{"lines":"1, 7","color":"#556B2F","mode":"tram","arr":["Т01","Т07"],"angle":14,"extra":1,"ei":5}},{"type":"Feature","geometry":{"type":"Point","coordinates":[24.056131,49.828996]},"properties":{"lines":"1, 7","color":"#556B2F","mode":"tram","arr":["Т01","Т07"],"angle":24.9,"extra":1,"ei":6}},{"type":"Feature","geometry":{"type":"Point","coordinates":[24.049749,49.832127]},"properties":{"lines":"1, 7","color":"#556B2F","mode":"tram","arr":["Т01","Т07"],"angle":-64.2,"side":-1,"mi":1}},{"type":"Feature","geometry":{"type":"Point","coordinates":[24.055811,49.829864]},"properties":{"lines":"1, 7","color":"#556B2F","mode":"tram","arr":["Т01","Т07"],"angle":16,"extra":1,"ei":0}},{"type":"Feature","geometry":{"type":"Point","coordinates":[24.053161,49.829704]},"properties":{"lines":"1, 7","color":"#556B2F","mode":"tram","arr":["Т01","Т07"],"angle":13.2,"extra":1,"ei":1}},{"type":"Feature","geometry":{"type":"Point","coordinates":[24.05036,49.830017]},"properties":{"lines":"1, 7","color":"#556B2F","mode":"tram","arr":["Т01","Т07"],"angle":34.9,"extra":1,"ei":2}},{"type":"Feature","geometry":{"type":"Point","coordinates":[24.052571,49.834422]},"properties":{"lines":"1, 7","color":"#556B2F","mode":"tram","arr":["Т01","Т07"],"angle":-68,"extra":1,"ei":3,"side":-1}},{"type":"Feature","geometry":{"type":"Point","coordinates":[24.05367,49.836173]},"properties":{"lines":"1, 7","color":"#556B2F","mode":"tram","arr":["Т01","Т07"],"angle":-67.4,"extra":1,"ei":4,"side":-1}},{"type":"Feature","geometry":{"type":"Point","coordinates":[24.054851,49.837901]},"properties":{"lines":"1, 7","color":"#556B2F","mode":"tram","arr":["Т01","Т07"],"angle":-65.4,"extra":1,"ei":5,"side":-1}},{"type":"Feature","geometry":{"type":"Point","coordinates":[24.034923,49.838874]},"properties":{"lines":"3, 8","color":"#FFFFFF","mode":"tram","arr":["Т03","Т08"],"angle":-17.4}},{"type":"Feature","geometry":{"type":"Point","coordinates":[24.033715,49.832359]},"properties":{"lines":"3, 8, 9","color":"#d6212b","mode":"tram","arr":["Т03","Т08","Т09","А43","А53"],"busLines":"43, 53","angle":-78.2}},{"type":"Feature","geometry":{"type":"Point","coordinates":[24.032651,49.830938]},"properties":{"lines":"3, 8, 9","color":"#d6212b","mode":"tram","arr":["Т03","Т08","Т09","А43","А53"],"busLines":"43, 53","angle":-55.8,"extra":1,"ei":0}},{"type":"Feature","geometry":{"type":"Point","coordinates":[24.034337,49.834513]},"properties":{"lines":"3, 8, 9","color":"#d6212b","mode":"tram","arr":["Т03","Т08","Т09","А43","А53"],"busLines":"43, 53","angle":-67,"extra":1,"ei":1}},{"type":"Feature","geometry":{"type":"Point","coordinates":[24.034917,49.835509]},"properties":{"lines":"3, 8, 9","color":"#d6212b","mode":"tram","arr":["Т03","Т08","Т09","А03","А15","А18","А37","А43","А46","А53","А57"],"busLines":"3, 15, 18, 37, 43, 46, 53, 57","angle":89.4}},{"type":"Feature","geometry":{"type":"Point","coordinates":[24.034973,49.837543]},"properties":{"lines":"3, 8, 9","color":"#d6212b","mode":"tram","arr":["Т03","Т08","Т09","А03","А18","А37","А39а","А46","А53","А57","А99"],"busLines":"3, 18, 37, 39а, 46, 53, 57, 99","angle":-81.6}},{"type":"Feature","geometry":{"type":"Point","coordinates":[24.031575,49.829935]},"properties":{"lines":"8","color":"#FFFFFF","mode":"tram","arr":["Т08","А53"],"busLines":"53","angle":-82.9,"side":-1}},{"type":"Feature","geometry":{"type":"Point","coordinates":[24.032852,49.828799]},"properties":{"lines":"4, 8","color":"#d6212b","mode":"tram","arr":["Т04","Т08"],"angle":42.6,"side":-1}},{"type":"Feature","geometry":{"type":"Point","coordinates":[24.033927,49.827392]},"properties":{"lines":"4, 8","color":"#d6212b","mode":"tram","arr":["Т04","Т08","А53"],"busLines":"53","angle":79.7}},{"type":"Feature","geometry":{"type":"Point","coordinates":[24.040763,49.819442]},"properties":{"lines":"4, 8","color":"#d6212b","mode":"tram","arr":["Т04","Т08"],"angle":51.7}},{"type":"Feature","geometry":{"type":"Point","coordinates":[24.034721,49.826118]},"properties":{"lines":"4, 8","color":"#d6212b","mode":"tram","arr":["Т04","Т08"],"angle":49.1,"extra":1,"ei":0}},{"type":"Feature","geometry":{"type":"Point","coordinates":[24.036846,49.824835]},"properties":{"lines":"4, 8","color":"#d6212b","mode":"tram","arr":["Т04","Т08"],"angle":31.3,"extra":1,"ei":1}},{"type":"Feature","geometry":{"type":"Point","coordinates":[24.038267,49.82327]},"properties":{"lines":"4, 8","color":"#d6212b","mode":"tram","arr":["Т04","Т08"],"angle":69.2,"extra":1,"ei":2,"side":-1}},{"type":"Feature","geometry":{"type":"Point","coordinates":[24.039376,49.821522]},"properties":{"lines":"4, 8","color":"#d6212b","mode":"tram","arr":["Т04","Т08"],"angle":67.5,"extra":1,"ei":3}},{"type":"Feature","geometry":{"type":"Point","coordinates":[24.042691,49.818616]},"properties":{"lines":"4, 8","color":"#d6212b","mode":"tram","arr":["Т04","Т08"],"angle":26.7,"extra":1,"ei":4}},{"type":"Feature","geometry":{"type":"Point","coordinates":[24.044646,49.817294]},"properties":{"lines":"4, 8","color":"#d6212b","mode":"tram","arr":["Т04","Т08"],"angle":71.1,"extra":1,"ei":5,"side":-1}},{"type":"Feature","geometry":{"type":"Point","coordinates":[24.045499,49.815487]},"properties":{"lines":"4, 8","color":"#d6212b","mode":"tram","arr":["Т04","Т08"],"angle":73.8,"extra":1,"ei":6,"side":-1}},{"type":"Feature","geometry":{"type":"Point","coordinates":[24.045678,49.813617]},"properties":{"lines":"4, 8","color":"#d6212b","mode":"tram","arr":["Т04","Т08"],"angle":-84.6,"extra":1,"ei":7}},{"type":"Feature","geometry":{"type":"Point","coordinates":[24.0461,49.811149]},"properties":{"lines":"4, 8","color":"#d6212b","mode":"tram","arr":["Т04","Т08","А27"],"busLines":"27","angle":79.8}},{"type":"Feature","geometry":{"type":"Point","coordinates":[24.046729,49.80736]},"properties":{"lines":"4, 8","color":"#d6212b","mode":"tram","arr":["Т04","Т08","А16","А53"],"busLines":"16, 53","angle":-88.2,"mi":1}},{"type":"Feature","geometry":{"type":"Point","coordinates":[24.046533,49.809441]},"properties":{"lines":"4, 8","color":"#d6212b","mode":"tram","arr":["Т04","Т08","А16","А53"],"busLines":"16, 53","angle":80.6,"extra":1,"ei":0,"side":-1}},{"type":"Feature","geometry":{"type":"Point","coordinates":[24.0465,49.805681]},"properties":{"lines":"4, 8","color":"#d6212b","mode":"tram","arr":["Т04","Т08","А16","А53"],"busLines":"16, 53","angle":-84,"extra":1,"ei":1}},{"type":"Feature","geometry":{"type":"Point","coordinates":[24.04639,49.802208]},"properties":{"lines":"4, 8","color":"#d6212b","mode":"tram","arr":["Т04","Т08","А07","А11","А14","А16","А23","А32","А40","А41","А53"],"busLines":"7, 11, 14, 16, 23, 32, 40, 41, 53","angle":84.3,"mi":1}},{"type":"Feature","geometry":{"type":"Point","coordinates":[24.046243,49.803396]},"properties":{"lines":"4, 8","color":"#d6212b","mode":"tram","arr":["Т04","Т08","А07","А11","А14","А16","А23","А32","А40","А41","А53"],"busLines":"7, 11, 14, 16, 23, 32, 40, 41, 53","angle":87.9,"extra":1,"ei":0}},{"type":"Feature","geometry":{"type":"Point","coordinates":[24.047358,49.799842]},"properties":{"lines":"4, 8","color":"#d6212b","mode":"tram","arr":["Т04","Т08","А16","А53"],"busLines":"16, 53","angle":58.7,"mi":2}},{"type":"Feature","geometry":{"type":"Point","coordinates":[24.051731,49.797292]},"properties":{"lines":"4, 8","color":"#d6212b","mode":"tram","arr":["Т04","Т08","А07","А11","А14","А16","А23","А32","А37","А40","А41","А53"],"busLines":"7, 11, 14, 16, 23, 32, 37, 40, 41, 53","angle":38.8,"mi":1}},{"type":"Feature","geometry":{"type":"Point","coordinates":[24.048929,49.798741]},"properties":{"lines":"4, 8","color":"#d6212b","mode":"tram","arr":["Т04","Т08","А07","А11","А14","А16","А23","А32","А37","А40","А41","А53"],"busLines":"7, 11, 14, 16, 23, 32, 37, 40, 41, 53","angle":38,"extra":1,"ei":0}},{"type":"Feature","geometry":{"type":"Point","coordinates":[24.053492,49.796371]},"properties":{"lines":"4, 8","color":"#d6212b","mode":"tram","arr":["Т04","Т08","А07","А11","А14","А16","А23","А32","А37","А40","А41","А53"],"busLines":"7, 11, 14, 16, 23, 32, 37, 40, 41, 53","angle":38.7,"extra":1,"ei":1}},{"type":"Feature","geometry":{"type":"Point","coordinates":[24.057997,49.793759]},"properties":{"lines":"4, 8","color":"#d6212b","mode":"tram","arr":["Т04","Т08"],"angle":64.6}},{"type":"Feature","geometry":{"type":"Point","coordinates":[24.056828,49.794669]},"properties":{"lines":"4, 8","color":"#d6212b","mode":"tram","arr":["Т04","Т08"],"angle":41,"extra":1,"ei":0}},{"type":"Feature","geometry":{"type":"Point","coordinates":[24.0589,49.79035]},"properties":{"lines":"4, 8","color":"#d6212b","mode":"tram","arr":["Т04","Т08","А07","А11","А19","А32","А47","А53","Тр24"],"busLines":"7, 11, 19, 32, 47, 53, 24","angle":88.2}},{"type":"Feature","geometry":{"type":"Point","coordinates":[24.059031,49.787316]},"properties":{"lines":"4, 8","color":"#d6212b","mode":"tram","arr":["Т04","Т08","А07","А11","А14","А19","А32","А46","А47","А53","Тр24"],"busLines":"7, 11, 14, 19, 32, 46, 47, 53, 24","angle":88.3}},{"type":"Feature","geometry":{"type":"Point","coordinates":[24.059128,49.785068]},"properties":{"lines":"4, 8","color":"#d6212b","mode":"tram","arr":["Т04","Т08","А07","А14","А19","А47","Тр24"],"busLines":"7, 14, 19, 47, 24","angle":88.7}},{"type":"Feature","geometry":{"type":"Point","coordinates":[24.059187,49.783566]},"properties":{"lines":"4, 8","color":"#d6212b","mode":"tram","arr":["Т04","Т08","А14","А19","А47"],"busLines":"14, 19, 47","angle":88.5}},{"type":"Feature","geometry":{"type":"Point","coordinates":[24.056813,49.79472]},"properties":{"lines":"4, 8","color":"#d6212b","mode":"tram","arr":["Т04","Т08"],"angle":39.6,"mi":1}},{"type":"Feature","geometry":{"type":"Point","coordinates":[24.052109,49.797138]},"properties":{"lines":"4, 8","color":"#d6212b","mode":"tram","arr":["Т04","Т08","А07","А11","А14","А16","А23","А32","А37","А40","А41","А53"],"busLines":"7, 11, 14, 16, 23, 32, 37, 40, 41, 53","angle":39}},{"type":"Feature","geometry":{"type":"Point","coordinates":[24.054778,49.795761]},"properties":{"lines":"4, 8","color":"#d6212b","mode":"tram","arr":["Т04","Т08","А07","А11","А14","А16","А23","А32","А37","А40","А41","А53"],"busLines":"7, 11, 14, 16, 23, 32, 37, 40, 41, 53","angle":38.6,"extra":1,"ei":0}},{"type":"Feature","geometry":{"type":"Point","coordinates":[24.050214,49.79813]},"properties":{"lines":"4, 8","color":"#d6212b","mode":"tram","arr":["Т04","Т08","А07","А11","А14","А16","А23","А32","А37","А40","А41","А53"],"busLines":"7, 11, 14, 16, 23, 32, 37, 40, 41, 53","angle":39.1,"extra":1,"ei":1}},{"type":"Feature","geometry":{"type":"Point","coordinates":[24.046556,49.801506]},"properties":{"lines":"4, 8","color":"#d6212b","mode":"tram","arr":["Т04","Т08","А07","А11","А14","А16","А23","А32","А40","А41","А53"],"busLines":"7, 11, 14, 16, 23, 32, 40, 41, 53","angle":83.5}},{"type":"Feature","geometry":{"type":"Point","coordinates":[24.047409,49.799856]},"properties":{"lines":"4, 8","color":"#d6212b","mode":"tram","arr":["Т04","Т08","А07","А11","А14","А16","А23","А32","А40","А41","А53"],"busLines":"7, 11, 14, 16, 23, 32, 40, 41, 53","angle":58.4,"extra":1,"ei":0}},{"type":"Feature","geometry":{"type":"Point","coordinates":[24.046282,49.803521]},"properties":{"lines":"4, 8","color":"#d6212b","mode":"tram","arr":["Т04","Т08","А07","А11","А14","А16","А23","А32","А40","А41","А53"],"busLines":"7, 11, 14, 16, 23, 32, 40, 41, 53","angle":89.1,"extra":1,"ei":1}},{"type":"Feature","geometry":{"type":"Point","coordinates":[24.0468,49.807214]},"properties":{"lines":"4, 8","color":"#d6212b","mode":"tram","arr":["Т04","Т08","А16","А53"],"busLines":"16, 53","angle":-87.2,"side":-1}},{"type":"Feature","geometry":{"type":"Point","coordinates":[24.046468,49.805134]},"properties":{"lines":"4, 8","color":"#d6212b","mode":"tram","arr":["Т04","Т08","А16","А53"],"busLines":"16, 53","angle":-83.8,"extra":1,"ei":0}},{"type":"Feature","geometry":{"type":"Point","coordinates":[24.046734,49.808897]},"properties":{"lines":"4, 8","color":"#d6212b","mode":"tram","arr":["Т04","Т08","А16","А53"],"busLines":"16, 53","angle":83.6,"extra":1,"ei":1}},{"type":"Feature","geometry":{"type":"Point","coordinates":[24.046157,49.811228]},"properties":{"lines":"4, 8","color":"#d6212b","mode":"tram","arr":["Т04","Т08","А27"],"busLines":"27","angle":79.7,"mi":1}},{"type":"Feature","geometry":{"type":"Point","coordinates":[24.042675,49.818658]},"properties":{"lines":"4, 8","color":"#d6212b","mode":"tram","arr":["Т04","Т08"],"angle":26.3,"mi":1}},{"type":"Feature","geometry":{"type":"Point","coordinates":[24.045704,49.812934]},"properties":{"lines":"4, 8","color":"#d6212b","mode":"tram","arr":["Т04","Т08"],"angle":86.5,"extra":1,"ei":0}},{"type":"Feature","geometry":{"type":"Point","coordinates":[24.045785,49.814818]},"properties":{"lines":"4, 8","color":"#d6212b","mode":"tram","arr":["Т04","Т08"],"angle":84.4,"extra":1,"ei":1}},{"type":"Feature","geometry":{"type":"Point","coordinates":[24.045023,49.816638]},"properties":{"lines":"4, 8","color":"#d6212b","mode":"tram","arr":["Т04","Т08"],"angle":72.7,"extra":1,"ei":2}},{"type":"Feature","geometry":{"type":"Point","coordinates":[24.03984,49.820888]},"properties":{"lines":"4, 8","color":"#d6212b","mode":"tram","arr":["Т04","Т08"],"angle":67.3,"extra":1,"ei":3}},{"type":"Feature","geometry":{"type":"Point","coordinates":[24.038717,49.822632]},"properties":{"lines":"4, 8","color":"#d6212b","mode":"tram","arr":["Т04","Т08"],"angle":67.9,"extra":1,"ei":4}},{"type":"Feature","geometry":{"type":"Point","coordinates":[24.037692,49.824401]},"properties":{"lines":"4, 8","color":"#d6212b","mode":"tram","arr":["Т04","Т08"],"angle":70.3,"extra":1,"ei":5}},{"type":"Feature","geometry":{"type":"Point","coordinates":[24.024114,49.830132]},"properties":{"lines":"3, 4, 9","color":"#d6212b","mode":"tram","arr":["Т03","Т04","Т09","А43"],"busLines":"43","angle":19.9}},{"type":"Feature","geometry":{"type":"Point","coordinates":[24.029374,49.829742]},"properties":{"lines":"3, 4, 9","color":"#d6212b","mode":"tram","arr":["Т03","Т04","Т09","А43"],"busLines":"43","angle":-10.7,"extra":1,"ei":0}},{"type":"Feature","geometry":{"type":"Point","coordinates":[24.026447,49.829738]},"properties":{"lines":"3, 4, 9","color":"#d6212b","mode":"tram","arr":["Т03","Т04","Т09","А43"],"busLines":"43","angle":3.1,"extra":1,"ei":1}},{"type":"Feature","geometry":{"type":"Point","coordinates":[24.021022,49.831068]},"properties":{"lines":"3, 4, 9","color":"#d6212b","mode":"tram","arr":["Т03","Т04","Т09","А43"],"busLines":"43","angle":34.4,"extra":1,"ei":2}},{"type":"Feature","geometry":{"type":"Point","coordinates":[24.018615,49.832145]},"properties":{"lines":"3, 4, 9","color":"#d6212b","mode":"tram","arr":["Т03","Т04","Т09","А43"],"busLines":"43","angle":34.8,"extra":1,"ei":3}},{"type":"Feature","geometry":{"type":"Point","coordinates":[24.031236,49.830127]},"properties":{"lines":"3, 9","color":"#d6212b","mode":"tram","arr":["Т03","Т09","А43"],"busLines":"43","angle":-16.9}},{"type":"Feature","geometry":{"type":"Point","coordinates":[24.014404,49.829985]},"properties":{"lines":"3","color":"#FFFFFF","mode":"tram","arr":["Т03","А09","А21","А45","А48"],"busLines":"9, 21, 45, 48","angle":-51.2}},{"type":"Feature","geometry":{"type":"Point","coordinates":[24.017107,49.831739]},"properties":{"lines":"3","color":"#FFFFFF","mode":"tram","arr":["Т03","А09","А21","А45","А48"],"busLines":"9, 21, 45, 48","angle":-41.2,"extra":1,"ei":0,"side":-1}},{"type":"Feature","geometry":{"type":"Point","coordinates":[24.013073,49.829018]},"properties":{"lines":"3","color":"#FFFFFF","mode":"tram","arr":["Т03","А09","А21","А45","А48"],"busLines":"9, 21, 45, 48","angle":-49.8,"extra":1,"ei":1}},{"type":"Feature","geometry":{"type":"Point","coordinates":[24.011424,49.827469]},"properties":{"lines":"3","color":"#FFFFFF","mode":"tram","arr":["Т03","А09","А21","А45","А48"],"busLines":"9, 21, 45, 48","angle":-50.2,"extra":1,"ei":2,"side":-1}},{"type":"Feature","geometry":{"type":"Point","coordinates":[24.004311,49.819277]},"properties":{"lines":"3","color":"#FFFFFF","mode":"tram","arr":["Т03","А09","А21","А41","А45","А48"],"busLines":"9, 21, 41, 45, 48","angle":-67.9}},{"type":"Feature","geometry":{"type":"Point","coordinates":[24.010227,49.826561]},"properties":{"lines":"3","color":"#FFFFFF","mode":"tram","arr":["Т03","А09","А21","А41","А45","А48"],"busLines":"9, 21, 41, 45, 48","angle":-49,"extra":1,"ei":0}},{"type":"Feature","geometry":{"type":"Point","coordinates":[24.008402,49.825089]},"properties":{"lines":"3","color":"#FFFFFF","mode":"tram","arr":["Т03","А09","А21","А41","А45","А48"],"busLines":"9, 21, 41, 45, 48","angle":-59.4,"extra":1,"ei":1}},{"type":"Feature","geometry":{"type":"Point","coordinates":[24.007125,49.823391]},"properties":{"lines":"3","color":"#FFFFFF","mode":"tram","arr":["Т03","А09","А21","А41","А45","А48"],"busLines":"9, 21, 41, 45, 48","angle":-66.5,"extra":1,"ei":2}},{"type":"Feature","geometry":{"type":"Point","coordinates":[24.005932,49.821666]},"properties":{"lines":"3","color":"#FFFFFF","mode":"tram","arr":["Т03","А09","А21","А41","А45","А48"],"busLines":"9, 21, 41, 45, 48","angle":-66.1,"extra":1,"ei":3}},{"type":"Feature","geometry":{"type":"Point","coordinates":[24.002443,49.816466]},"properties":{"lines":"3","color":"#FFFFFF","mode":"tram","arr":["Т03","А09","А21","А41","А45","А48"],"busLines":"9, 21, 41, 45, 48","angle":-66.7,"extra":1,"ei":4}},{"type":"Feature","geometry":{"type":"Point","coordinates":[24.001353,49.814714]},"properties":{"lines":"3","color":"#FFFFFF","mode":"tram","arr":["Т03","А09","А21","А41","А45","А48"],"busLines":"9, 21, 41, 45, 48","angle":-71.6,"extra":1,"ei":5}},{"type":"Feature","geometry":{"type":"Point","coordinates":[24.00043,49.812922]},"properties":{"lines":"3","color":"#FFFFFF","mode":"tram","arr":["Т03","А09","А21","А41","А45","А48"],"busLines":"9, 21, 41, 45, 48","angle":-71.6,"extra":1,"ei":6}},{"type":"Feature","geometry":{"type":"Point","coordinates":[23.999809,49.811079]},"properties":{"lines":"3","color":"#FFFFFF","mode":"tram","arr":["Т03","А09","А21","А41","А45","А48"],"busLines":"9, 21, 41, 45, 48","angle":-79.4,"extra":1,"ei":7}},{"type":"Feature","geometry":{"type":"Point","coordinates":[23.999611,49.810371]},"properties":{"lines":"3","color":"#FFFFFF","mode":"tram","arr":["Т03"],"angle":-81.8,"side":-1}},{"type":"Feature","geometry":{"type":"Point","coordinates":[23.999272,49.808647]},"properties":{"lines":"3","color":"#FFFFFF","mode":"tram","arr":["Т03","А41","А45","А51"],"busLines":"41, 45, 51","angle":-80.7}},{"type":"Feature","geometry":{"type":"Point","coordinates":[23.998946,49.807344]},"properties":{"lines":"3","color":"#FFFFFF","mode":"tram","arr":["Т03","А41","А45","А51"],"busLines":"41, 45, 51","angle":-81.3,"extra":1,"ei":0}},{"type":"Feature","geometry":{"type":"Point","coordinates":[23.999337,49.808665]},"properties":{"lines":"3","color":"#FFFFFF","mode":"tram","arr":["Т03","А41","А45","А51"],"busLines":"41, 45, 51","angle":-81.4,"side":-1,"mi":1}},{"type":"Feature","geometry":{"type":"Point","coordinates":[23.999596,49.809969]},"properties":{"lines":"3","color":"#FFFFFF","mode":"tram","arr":["Т03","А41","А45","А51"],"busLines":"41, 45, 51","angle":-82.9,"extra":1,"ei":0,"side":-1}},{"type":"Feature","geometry":{"type":"Point","coordinates":[23.999705,49.810504]},"properties":{"lines":"3","color":"#FFFFFF","mode":"tram","arr":["Т03"],"angle":-81.2,"side":-1,"mi":1}},{"type":"Feature","geometry":{"type":"Point","coordinates":[24.004451,49.819401]},"properties":{"lines":"3","color":"#FFFFFF","mode":"tram","arr":["Т03","А09","А21","А41","А45","А48"],"busLines":"9, 21, 41, 45, 48","angle":-66.9,"side":-1,"mi":1}},{"type":"Feature","geometry":{"type":"Point","coordinates":[24.000058,49.811765]},"properties":{"lines":"3","color":"#FFFFFF","mode":"tram","arr":["Т03","А09","А21","А41","А45","А48"],"busLines":"9, 21, 41, 45, 48","angle":-79.2,"extra":1,"ei":0}},{"type":"Feature","geometry":{"type":"Point","coordinates":[24.000823,49.813585]},"properties":{"lines":"3","color":"#FFFFFF","mode":"tram","arr":["Т03","А09","А21","А41","А45","А48"],"busLines":"9, 21, 41, 45, 48","angle":-71.6,"extra":1,"ei":1}},{"type":"Feature","geometry":{"type":"Point","coordinates":[24.001777,49.81537]},"properties":{"lines":"3","color":"#FFFFFF","mode":"tram","arr":["Т03","А09","А21","А41","А45","А48"],"busLines":"9, 21, 41, 45, 48","angle":-68.3,"extra":1,"ei":2}},{"type":"Feature","geometry":{"type":"Point","coordinates":[24.002922,49.817108]},"properties":{"lines":"3","color":"#FFFFFF","mode":"tram","arr":["Т03","А09","А21","А41","А45","А48"],"busLines":"9, 21, 41, 45, 48","angle":-66.7,"extra":1,"ei":3}},{"type":"Feature","geometry":{"type":"Point","coordinates":[24.00525,49.820575]},"properties":{"lines":"3","color":"#FFFFFF","mode":"tram","arr":["Т03","А09","А21","А41","А45","А48"],"busLines":"9, 21, 41, 45, 48","angle":-66.2,"extra":1,"ei":4,"side":-1}},{"type":"Feature","geometry":{"type":"Point","coordinates":[24.006439,49.822301]},"properties":{"lines":"3","color":"#FFFFFF","mode":"tram","arr":["Т03","А09","А21","А41","А45","А48"],"busLines":"9, 21, 41, 45, 48","angle":-66.1,"extra":1,"ei":5,"side":-1}},{"type":"Feature","geometry":{"type":"Point","coordinates":[24.007626,49.824027]},"properties":{"lines":"3","color":"#FFFFFF","mode":"tram","arr":["Т03","А09","А21","А41","А45","А48"],"busLines":"9, 21, 41, 45, 48","angle":-65.4,"extra":1,"ei":6,"side":-1}},{"type":"Feature","geometry":{"type":"Point","coordinates":[24.009106,49.82565]},"properties":{"lines":"3","color":"#FFFFFF","mode":"tram","arr":["Т03","А09","А21","А41","А45","А48"],"busLines":"9, 21, 41, 45, 48","angle":-50,"extra":1,"ei":7,"side":-1}},{"type":"Feature","geometry":{"type":"Point","coordinates":[24.010995,49.827093]},"properties":{"lines":"3","color":"#FFFFFF","mode":"tram","arr":["Т03","А09","А21","А41","А45","А48"],"busLines":"9, 21, 41, 45, 48","angle":-50,"extra":1,"ei":8,"side":-1}},{"type":"Feature","geometry":{"type":"Point","coordinates":[24.014506,49.830004]},"properties":{"lines":"3","color":"#FFFFFF","mode":"tram","arr":["Т03","А09","А21","А45","А48"],"busLines":"9, 21, 45, 48","angle":-51.9,"side":-1,"mi":1}},{"type":"Feature","geometry":{"type":"Point","coordinates":[24.012207,49.828022]},"properties":{"lines":"3","color":"#FFFFFF","mode":"tram","arr":["Т03","А09","А21","А45","А48"],"busLines":"9, 21, 45, 48","angle":-54.6,"extra":1,"ei":0,"side":-1}},{"type":"Feature","geometry":{"type":"Point","coordinates":[24.015812,49.830971]},"properties":{"lines":"3","color":"#FFFFFF","mode":"tram","arr":["Т03","А09","А21","А45","А48"],"busLines":"9, 21, 45, 48","angle":-41.3,"extra":1,"ei":1,"side":-1}},{"type":"Feature","geometry":{"type":"Point","coordinates":[24.018008,49.832221]},"properties":{"lines":"3","color":"#FFFFFF","mode":"tram","arr":["Т03","А09","А21","А45","А48"],"busLines":"9, 21, 45, 48","angle":-25,"extra":1,"ei":2,"side":-1}},{"type":"Feature","geometry":{"type":"Point","coordinates":[24.009686,49.839258]},"properties":{"lines":"6","color":"#FFFFFF","mode":"tram","arr":["Т06","А07","А15","А20","А25","А29","А31","А34","А41","А51","А52","А84","А92"],"busLines":"7, 15, 20, 25, 29, 31, 34, 41, 51, 52, 84, 92","angle":-30.8,"side":-1}},{"type":"Feature","geometry":{"type":"Point","coordinates":[24.005182,49.837545]},"properties":{"lines":"6","color":"#FFFFFF","mode":"tram","arr":["Т06","А07","А15","А20","А25","А29","А31","А34","А41","А51","А52","А84","А92"],"busLines":"7, 15, 20, 25, 29, 31, 34, 41, 51, 52, 84, 92","angle":-29.5,"extra":1,"ei":0,"side":-1}},{"type":"Feature","geometry":{"type":"Point","coordinates":[24.007726,49.83848]},"properties":{"lines":"6","color":"#FFFFFF","mode":"tram","arr":["Т06","А07","А15","А20","А25","А29","А31","А34","А41","А51","А52","А84","А92"],"busLines":"7, 15, 20, 25, 29, 31, 34, 41, 51, 52, 84, 92","angle":-32.3,"extra":1,"ei":1,"side":-1}},{"type":"Feature","geometry":{"type":"Point","coordinates":[24.012742,49.840433]},"properties":{"lines":"6","color":"#FFFFFF","mode":"tram","arr":["Т06","А07","А15","А20","А25","А29","А31","А34","А41","А51","А52","А84","А92"],"busLines":"7, 15, 20, 25, 29, 31, 34, 41, 51, 52, 84, 92","angle":-31.7,"extra":1,"ei":2,"side":-1}},{"type":"Feature","geometry":{"type":"Point","coordinates":[24.015228,49.841432]},"properties":{"lines":"6","color":"#FFFFFF","mode":"tram","arr":["Т06","А07","А15","А20","А25","А29","А31","А34","А41","А51","А52","А84","А92"],"busLines":"7, 15, 20, 25, 29, 31, 34, 41, 51, 52, 84, 92","angle":-31.9,"extra":1,"ei":3}},{"type":"Feature","geometry":{"type":"Point","coordinates":[24.029661,49.851636]},"properties":{"lines":"6","color":"#FFFFFF","mode":"tram","arr":["Т06","А20","А48","А58","А59","А63"],"busLines":"20, 48, 58, 59, 63","angle":51.7}},{"type":"Feature","geometry":{"type":"Point","coordinates":[24.036301,49.853186]},"properties":{"lines":"6","color":"#FFFFFF","mode":"tram","arr":["Т06","А20","А48","А58","А59","А62","А63"],"busLines":"20, 48, 58, 59, 62, 63","angle":-9.5}},{"type":"Feature","geometry":{"type":"Point","coordinates":[24.033659,49.85249]},"properties":{"lines":"6","color":"#FFFFFF","mode":"tram","arr":["Т06","А20","А48","А58","А59","А62","А63"],"busLines":"20, 48, 58, 59, 62, 63","angle":-30.1,"extra":1,"ei":0}},{"type":"Feature","geometry":{"type":"Point","coordinates":[24.039225,49.853502]},"properties":{"lines":"6","color":"#FFFFFF","mode":"tram","arr":["Т06","А20","А48","А58","А59","А62","А63"],"busLines":"20, 48, 58, 59, 62, 63","angle":-9.5,"extra":1,"ei":1}},{"type":"Feature","geometry":{"type":"Point","coordinates":[24.0434,49.859351]},"properties":{"lines":"6","color":"#FFFFFF","mode":"tram","arr":["Т06","А58","А59"],"busLines":"58, 59","angle":-78.8}},{"type":"Feature","geometry":{"type":"Point","coordinates":[24.040814,49.854745]},"properties":{"lines":"6","color":"#FFFFFF","mode":"tram","arr":["Т06","А58","А59"],"busLines":"58, 59","angle":-70.3,"extra":1,"ei":0}},{"type":"Feature","geometry":{"type":"Point","coordinates":[24.0418,49.856523]},"properties":{"lines":"6","color":"#FFFFFF","mode":"tram","arr":["Т06","А58","А59"],"busLines":"58, 59","angle":-70.4,"extra":1,"ei":1}},{"type":"Feature","geometry":{"type":"Point","coordinates":[24.043929,49.861982]},"properties":{"lines":"6","color":"#FFFFFF","mode":"tram","arr":["Т06","А58","А59"],"busLines":"58, 59","angle":-82.6,"extra":1,"ei":2}},{"type":"Feature","geometry":{"type":"Point","coordinates":[24.044305,49.863855]},"properties":{"lines":"6","color":"#FFFFFF","mode":"tram","arr":["Т06","А58","А59"],"busLines":"58, 59","angle":-82.6,"extra":1,"ei":3}},{"type":"Feature","geometry":{"type":"Point","coordinates":[24.044117,49.866309]},"properties":{"lines":"6","color":"#FFFFFF","mode":"tram","arr":["Т06","А12","А39"],"busLines":"12, 39","angle":82.3}},{"type":"Feature","geometry":{"type":"Point","coordinates":[24.009728,49.839325]},"properties":{"lines":"6","color":"#FFFFFF","mode":"tram","arr":["Т06","А07","А15","А20","А25","А29","А31","А34","А41","А51","А52","А84","А92"],"busLines":"7, 15, 20, 25, 29, 31, 34, 41, 51, 52, 84, 92","angle":-31.2,"mi":1}},{"type":"Feature","geometry":{"type":"Point","coordinates":[24.0145,49.841179]},"properties":{"lines":"6","color":"#FFFFFF","mode":"tram","arr":["Т06","А07","А15","А20","А25","А29","А31","А34","А41","А51","А52","А84","А92"],"busLines":"7, 15, 20, 25, 29, 31, 34, 41, 51, 52, 84, 92","angle":-31.5,"extra":1,"ei":0}},{"type":"Feature","geometry":{"type":"Point","coordinates":[24.011994,49.840201]},"properties":{"lines":"6","color":"#FFFFFF","mode":"tram","arr":["Т06","А07","А15","А20","А25","А29","А31","А34","А41","А51","А52","А84","А92"],"busLines":"7, 15, 20, 25, 29, 31, 34, 41, 51, 52, 84, 92","angle":-30.4,"extra":1,"ei":1}},{"type":"Feature","geometry":{"type":"Point","coordinates":[24.006989,49.838237]},"properties":{"lines":"6","color":"#FFFFFF","mode":"tram","arr":["Т06","А07","А15","А20","А25","А29","А31","А34","А41","А51","А52","А84","А92"],"busLines":"7, 15, 20, 25, 29, 31, 34, 41, 51, 52, 84, 92","angle":-31,"extra":1,"ei":2}},{"type":"Feature","geometry":{"type":"Point","coordinates":[24.004428,49.837323]},"properties":{"lines":"6","color":"#FFFFFF","mode":"tram","arr":["Т06","А07","А15","А20","А25","А29","А31","А34","А41","А51","А52","А84","А92"],"busLines":"7, 15, 20, 25, 29, 31, 34, 41, 51, 52, 84, 92","angle":-26.6,"extra":1,"ei":3}},{"type":"Feature","geometry":{"type":"Point","coordinates":[24.016659,49.842012]},"properties":{"lines":"6, 7","color":"#d6212b","mode":"tram","arr":["Т06","Т07","А06","А07","А17","А20","А25","А29","А31","А34","А41","А51","А52","А61","А67","А84"],"busLines":"6, 7, 17, 20, 25, 29, 31, 34, 41, 51, 52, 61, 67, 84","angle":-32.8}},{"type":"Feature","geometry":{"type":"Point","coordinates":[24.020424,49.842943]},"properties":{"lines":"6, 7","color":"#d6212b","mode":"tram","arr":["Т06","Т07","А06","А07","А15","А17","А20","А25","А29","А31","А34","А41","А51","А52","А61","А67","А84","А92"],"busLines":"6, 7, 15, 17, 20, 25, 29, 31, 34, 41, 51, 52, 61, 67, 84, 92","angle":-10.3,"side":-1,"mi":1}},{"type":"Feature","geometry":{"type":"Point","coordinates":[24.024312,49.844002]},"properties":{"lines":"6, 7","color":"#d6212b","mode":"tram","arr":["Т06","Т07","А06","А07","А15","А17","А20","А25","А29","А31","А34","А41","А51","А52","А61","А84","А92"],"busLines":"6, 7, 15, 17, 20, 25, 29, 31, 34, 41, 51, 52, 61, 84, 92","angle":-39.9,"side":-1}},{"type":"Feature","geometry":{"type":"Point","coordinates":[24.026358,49.844601]},"properties":{"lines":"6, 7","color":"#d6212b","mode":"tram","arr":["Т06","Т07","А06","А07","А15","А17","А20","А25","А29","А31","А41","А51","А52","А61","А84","А92"],"busLines":"6, 7, 15, 17, 20, 25, 29, 31, 41, 51, 52, 61, 84, 92","angle":-19.5,"side":-1,"mi":1}},{"type":"Feature","geometry":{"type":"Point","coordinates":[24.028214,49.844725]},"properties":{"lines":"6, 7","color":"#d6212b","mode":"tram","arr":["Т06","Т07","А01","А03","А05","А06","А15","А29","А37","А39","А46","А47","А53","А57","А61","А92"],"busLines":"1, 3, 5, 6, 15, 29, 37, 39, 46, 47, 53, 57, 61, 92","angle":-0.1,"side":-1}},{"type":"Feature","geometry":{"type":"Point","coordinates":[24.0284,49.844788]},"properties":{"lines":"6, 7","color":"#d6212b","mode":"tram","arr":["Т06","Т07","А01","А03","А05","А06","А15","А29","А37","А39","А46","А47","А53","А57","А61","А92"],"busLines":"1, 3, 5, 6, 15, 29, 37, 39, 46, 47, 53, 57, 61, 92","angle":0.4,"mi":1}},{"type":"Feature","geometry":{"type":"Point","coordinates":[24.027266,49.844782]},"properties":{"lines":"6, 7","color":"#d6212b","mode":"tram","arr":["Т06","Т07","А01","А06","А15","А29","А37","А39","А46","А47","А53","А61","А92"],"busLines":"1, 6, 15, 29, 37, 39, 46, 47, 53, 61, 92","angle":-2.6}},{"type":"Feature","geometry":{"type":"Point","coordinates":[24.02642,49.844669]},"properties":{"lines":"6, 7","color":"#d6212b","mode":"tram","arr":["Т06","Т07","А06","А07","А15","А17","А20","А25","А29","А31","А41","А51","А52","А61","А84","А92"],"busLines":"6, 7, 15, 17, 20, 25, 29, 31, 41, 51, 52, 61, 84, 92","angle":-18.7}},{"type":"Feature","geometry":{"type":"Point","coordinates":[24.024353,49.844092]},"properties":{"lines":"6, 7","color":"#d6212b","mode":"tram","arr":["Т06","Т07","А06","А07","А15","А17","А20","А25","А29","А31","А34","А41","А51","А52","А61","А84","А92"],"busLines":"6, 7, 15, 17, 20, 25, 29, 31, 34, 41, 51, 52, 61, 84, 92","angle":-38.4,"mi":1}},{"type":"Feature","geometry":{"type":"Point","coordinates":[24.01944,49.842906]},"properties":{"lines":"6, 7","color":"#d6212b","mode":"tram","arr":["Т06","Т07","А06","А07","А15","А17","А20","А25","А29","А31","А34","А41","А51","А52","А61","А67","А84","А92"],"busLines":"6, 7, 15, 17, 20, 25, 29, 31, 34, 41, 51, 52, 61, 67, 84, 92","angle":-10.4}},{"type":"Feature","geometry":{"type":"Point","coordinates":[24.02162,49.843141]},"properties":{"lines":"6, 7","color":"#d6212b","mode":"tram","arr":["Т06","Т07","А06","А07","А15","А17","А20","А25","А29","А31","А34","А41","А51","А52","А61","А67","А84","А92"],"busLines":"6, 7, 15, 17, 20, 25, 29, 31, 34, 41, 51, 52, 61, 67, 84, 92","angle":-10.8,"extra":1,"ei":0}},{"type":"Feature","geometry":{"type":"Point","coordinates":[24.015854,49.84301]},"properties":{"lines":"6, 7","color":"#d6212b","mode":"tram","arr":["Т06","Т07","А06","А07","А15","А17","А20","А25","А29","А31","А34","А41","А51","А52","А61","А67","А84","А92"],"busLines":"6, 7, 15, 17, 20, 25, 29, 31, 34, 41, 51, 52, 61, 67, 84, 92","angle":11.7,"extra":1,"ei":1}},{"type":"Feature","geometry":{"type":"Point","coordinates":[24.015505,49.842304]},"properties":{"lines":"6, 7","color":"#d6212b","mode":"tram","arr":["Т06","Т07","А06","А07","А15","А17","А20","А25","А29","А31","А34","А41","А51","А52","А61","А67","А84","А92"],"busLines":"6, 7, 15, 17, 20, 25, 29, 31, 34, 41, 51, 52, 61, 67, 84, 92","angle":87.4,"mi":2}},{"type":"Feature","geometry":{"type":"Point","coordinates":[24.027393,49.848951]},"properties":{"lines":"6, 9","color":"#d6212b","mode":"tram","arr":["Т06","Т09"],"angle":74}},{"type":"Feature","geometry":{"type":"Point","coordinates":[24.029171,49.8457]},"properties":{"lines":"6, 9","color":"#d6212b","mode":"tram","arr":["Т06","Т09"],"angle":86.7,"extra":1,"ei":0}},{"type":"Feature","geometry":{"type":"Point","coordinates":[24.028299,49.847474]},"properties":{"lines":"6, 9","color":"#d6212b","mode":"tram","arr":["Т06","Т09"],"angle":60.3,"extra":1,"ei":1}},{"type":"Feature","geometry":{"type":"Point","coordinates":[24.026872,49.851061]},"properties":{"lines":"6, 9","color":"#d6212b","mode":"tram","arr":["Т06","Т09"],"angle":-75,"extra":1,"ei":2}},{"type":"Feature","geometry":{"type":"Point","coordinates":[24.02786,49.852838]},"properties":{"lines":"6, 9","color":"#d6212b","mode":"tram","arr":["Т06","Т09"],"angle":-68.9,"extra":1,"ei":3}},{"type":"Feature","geometry":{"type":"Point","coordinates":[24.031499,49.844542]},"properties":{"lines":"7, 9","color":"#556B2F","mode":"tram","arr":["Т07","Т09","А01","А03","А06","А15","А29","А37","А39","А46","А47","А53","А57","А61","А92"],"busLines":"1, 3, 6, 15, 29, 37, 39, 46, 47, 53, 57, 61, 92","angle":7.6}},{"type":"Feature","geometry":{"type":"Point","coordinates":[24.033441,49.844252]},"properties":{"lines":"7, 9","color":"#556B2F","mode":"tram","arr":["Т07","Т09","А01","А03","А06","А15","А29","А37","А39","А46","А47","А53","А57","А61","А92"],"busLines":"1, 3, 6, 15, 29, 37, 39, 46, 47, 53, 57, 61, 92","angle":38.5,"extra":1,"ei":0,"side":-1}},{"type":"Feature","geometry":{"type":"Point","coordinates":[24.034819,49.843301]},"properties":{"lines":"7, 9","color":"#556B2F","mode":"tram","arr":["Т07","Т09","А01","А03","А05","А06","А15","А29","А37","А39","А45","А46","А47","А53","А57","А61","А92"],"busLines":"1, 3, 5, 6, 15, 29, 37, 39, 45, 46, 47, 53, 57, 61, 92","angle":77.6}}]}