{"type":"FeatureCollection","features":[{"type":"Feature","properties":{"lines":"1","arr":["А01"],"mode":"bus","angle":3.2,"l0":"1","c0":"#ff5e9b"},"geometry":{"type":"Point","coordinates":[24.090421,49.904355]}},{"type":"Feature","properties":{"lines":"1, 80","arr":["А01","А80"],"mode":"bus","angle":49.5,"l0":"1, ","c0":"#ff5e9b","l1":"80","c1":"#52ac3c"},"geometry":{"type":"Point","coordinates":[24.090886,49.897018]}},{"type":"Feature","properties":{"lines":"1, 80","arr":["А01","А80"],"mode":"bus","angle":83.1,"extra":1,"ei":0,"l0":"1, ","c0":"#ff5e9b","l1":"80","c1":"#52ac3c"},"geometry":{"type":"Point","coordinates":[24.087885,49.903518]}},{"type":"Feature","properties":{"lines":"1, 80","arr":["А01","А80"],"mode":"bus","angle":81.7,"extra":1,"ei":1,"l0":"1, ","c0":"#ff5e9b","l1":"80","c1":"#52ac3c"},"geometry":{"type":"Point","coordinates":[24.088276,49.901647]}},{"type":"Feature","properties":{"lines":"1, 80","arr":["А01","А80"],"mode":"bus","angle":74.1,"extra":1,"ei":2,"l0":"1, ","c0":"#ff5e9b","l1":"80","c1":"#52ac3c"},"geometry":{"type":"Point","coordinates":[24.088722,49.899782]}},{"type":"Feature","properties":{"lines":"1, 80","arr":["А01","А80"],"mode":"bus","angle":63.9,"extra":1,"ei":3,"l0":"1, ","c0":"#ff5e9b","l1":"80","c1":"#52ac3c"},"geometry":{"type":"Point","coordinates":[24.089904,49.898056]}},{"type":"Feature","properties":{"lines":"1, 80","arr":["А01","А80"],"mode":"bus","angle":-78.1,"extra":1,"ei":4,"l0":"1, ","c0":"#ff5e9b","l1":"80","c1":"#52ac3c"},"geometry":{"type":"Point","coordinates":[24.091374,49.894691]}},{"type":"Feature","properties":{"lines":"1, 80","arr":["А01","А80"],"mode":"bus","angle":-78.5,"extra":1,"ei":5,"l0":"1, ","c0":"#ff5e9b","l1":"80","c1":"#52ac3c"},"geometry":{"type":"Point","coordinates":[24.090775,49.892843]}},{"type":"Feature","properties":{"lines":"1, 80","arr":["А01","А80"],"mode":"bus","angle":-78.8,"extra":1,"ei":6,"l0":"1, ","c0":"#ff5e9b","l1":"80","c1":"#52ac3c"},"geometry":{"type":"Point","coordinates":[24.090188,49.890993]}},{"type":"Feature","properties":{"lines":"1, 60, 80","arr":["А01","А60","А80"],"mode":"bus","angle":-25.1,"l0":"1, ","c0":"#ff5e9b","l1":"60, ","c1":"#03636c","l2":"80","c2":"#52ac3c"},"geometry":{"type":"Point","coordinates":[24.088198,49.889074]}},{"type":"Feature","properties":{"lines":"1, 60, 80","arr":["А01","А60","А80"],"mode":"bus","angle":-61.8,"l0":"1, ","c0":"#ff5e9b","l1":"60, ","c1":"#03636c","l2":"80","c2":"#52ac3c"},"geometry":{"type":"Point","coordinates":[24.075702,49.884143]}},{"type":"Feature","properties":{"lines":"1, 60, 80","arr":["А01","А60","А80"],"mode":"bus","angle":-25.1,"extra":1,"ei":0,"l0":"1, ","c0":"#ff5e9b","l1":"60, ","c1":"#03636c","l2":"80","c2":"#52ac3c"},"geometry":{"type":"Point","coordinates":[24.085361,49.888214]}},{"type":"Feature","properties":{"lines":"1, 60, 80","arr":["А01","А60","А80"],"mode":"bus","angle":-25.1,"extra":1,"ei":1,"l0":"1, ","c0":"#ff5e9b","l1":"60, ","c1":"#03636c","l2":"80","c2":"#52ac3c"},"geometry":{"type":"Point","coordinates":[24.082708,49.887412]}},{"type":"Feature","properties":{"lines":"1, 60, 80","arr":["А01","А60","А80"],"mode":"bus","angle":-24.7,"extra":1,"ei":2,"l0":"1, ","c0":"#ff5e9b","l1":"60, ","c1":"#03636c","l2":"80","c2":"#52ac3c"},"geometry":{"type":"Point","coordinates":[24.080056,49.88661]}},{"type":"Feature","properties":{"lines":"1, 60, 80","arr":["А01","А60","А80"],"mode":"bus","angle":-42.5,"extra":1,"ei":3,"l0":"1, ","c0":"#ff5e9b","l1":"60, ","c1":"#03636c","l2":"80","c2":"#52ac3c"},"geometry":{"type":"Point","coordinates":[24.077595,49.885614]}},{"type":"Feature","properties":{"lines":"1, 60, 80","arr":["А01","А60","А80"],"mode":"bus","angle":-59.1,"extra":1,"ei":4,"l0":"1, ","c0":"#ff5e9b","l1":"60, ","c1":"#03636c","l2":"80","c2":"#52ac3c"},"geometry":{"type":"Point","coordinates":[24.074353,49.882509]}},{"type":"Feature","properties":{"lines":"1, 60, 80","arr":["А01","А60","А80"],"mode":"bus","angle":-30.1,"extra":1,"ei":5,"l0":"1, ","c0":"#ff5e9b","l1":"60, ","c1":"#03636c","l2":"80","c2":"#52ac3c"},"geometry":{"type":"Point","coordinates":[24.072113,49.881342]}},{"type":"Feature","properties":{"lines":"1, 60, 80","arr":["А01","А60","А80"],"mode":"bus","angle":-30.4,"extra":1,"ei":6,"l0":"1, ","c0":"#ff5e9b","l1":"60, ","c1":"#03636c","l2":"80","c2":"#52ac3c"},"geometry":{"type":"Point","coordinates":[24.069579,49.880395]}},{"type":"Feature","properties":{"lines":"1, 60, 80","arr":["А01","А60","А80"],"mode":"bus","angle":-39.6,"extra":1,"ei":7,"l0":"1, ","c0":"#ff5e9b","l1":"60, ","c1":"#03636c","l2":"80","c2":"#52ac3c"},"geometry":{"type":"Point","coordinates":[24.067123,49.87937]}},{"type":"Feature","properties":{"lines":"1, 60, 80","arr":["А01","А60","А80"],"mode":"bus","angle":-48.5,"l0":"1, ","c0":"#ff5e9b","l1":"60, ","c1":"#03636c","l2":"80","c2":"#52ac3c"},"geometry":{"type":"Point","coordinates":[24.065017,49.877979]}},{"type":"Feature","properties":{"lines":"1, 60, 62, 80","arr":["А01","А60","А62","А80"],"mode":"bus","angle":-51.9,"l0":"1, ","c0":"#ff5e9b","l1":"60, ","c1":"#03636c","l2":"62, ","c2":"#b0045c","l3":"80","c3":"#52ac3c"},"geometry":{"type":"Point","coordinates":[24.063854,49.877113]}},{"type":"Feature","properties":{"lines":"1, 9, 60, 62, 80","arr":["А01","А09","А60","А62","А80"],"mode":"bus","angle":-53.2,"side":-1,"l0":"1, ","c0":"#ff5e9b","l1":"9, ","c1":"#119efc","l2":"60, ","c2":"#03636c","l3":"62, ","c3":"#b0045c","l4":"80","c4":"#52ac3c"},"geometry":{"type":"Point","coordinates":[24.063148,49.876511]}},{"type":"Feature","properties":{"lines":"1, 9, 56, 58, 59, 60, 62, 63, 80","arr":["А01","А09","А56","А58","А59","А60","А62","А63","А80"],"mode":"bus","angle":-61.8,"l0":"1, ","c0":"#ff5e9b","l1":"9, ","c1":"#119efc","l2":"56, ","c2":"#4d4aba","l3":"58, ","c3":"#c17aef","l4":"59, ","c4":"#8e4604","l5":"60, ","c5":"#03636c","l6":"62, ","c6":"#b0045c","l7":"63, ","c7":"#b59607","l8":"80","c8":"#52ac3c"},"geometry":{"type":"Point","coordinates":[24.061935,49.875267]}},{"type":"Feature","properties":{"lines":"1, 9, 31, 48, 53, 56, 58, 59, 60, 62, 63, 80","arr":["А01","А09","А31","А48","А53","А56","А58","А59","А60","А62","А63","А80"],"mode":"bus","angle":-56.8,"l0":"1, ","c0":"#ff5e9b","l1":"9, ","c1":"#119efc","l2":"31, ","c2":"#11a2e3","l3":"48, ","c3":"#05617d","l4":"53, ","c4":"#126804","l5":"56, ","c5":"#4d4aba","l6":"58, ","c6":"#c17aef","l7":"59, ","c7":"#8e4604","l8":"60, ","c8":"#03636c","l9":"62, ","c9":"#b0045c","l10":"63, ","c10":"#b59607","l11":"80","c11":"#52ac3c"},"geometry":{"type":"Point","coordinates":[24.060607,49.87375]}},{"type":"Feature","properties":{"lines":"1, 9, 31, 41, 48, 51, 53, 56, 58, 59, 60, 62, 63, 80","arr":["А01","А09","А31","А41","А48","А51","А53","А56","А58","А59","А60","А62","А63","А80"],"mode":"bus","angle":-61.6,"l0":"1, ","c0":"#ff5e9b","l1":"9, ","c1":"#119efc","l2":"31, ","c2":"#11a2e3","l3":"41, ","c3":"#e16cd6","l4":"48, ","c4":"#05617d","l5":"51, ","c5":"#1cab97","l6":"53, ","c6":"#126804","l7":"56, ","c7":"#4d4aba","l8":"58, ","c8":"#c17aef","l9":"59, ","c9":"#8e4604","l10":"60, ","c10":"#03636c","l11":"62, ","c11":"#b0045c","l12":"63, ","c12":"#b59607","l13":"80","c13":"#52ac3c"},"geometry":{"type":"Point","coordinates":[24.0586,49.871463]}},{"type":"Feature","properties":{"lines":"1, 9, 12, 19, 39, 48, 53, 58, 59, 60, 62, 63, 80","arr":["А01","А09","А12","А19","А39","А48","А53","А58","А59","А60","А62","А63","А80"],"mode":"bus","angle":-61.7,"l0":"1, ","c0":"#ff5e9b","l1":"9, ","c1":"#119efc","l2":"12, ","c2":"#b59607","l3":"19, ","c3":"#ff5e9b","l4":"39, ","c4":"#19a9a8","l5":"48, ","c5":"#05617d","l6":"53, ","c6":"#126804","l7":"58, ","c7":"#c17aef","l8":"59, ","c8":"#8e4604","l9":"60, ","c9":"#03636c","l10":"62, ","c10":"#b0045c","l11":"63, ","c11":"#b59607","l12":"80","c12":"#52ac3c"},"geometry":{"type":"Point","coordinates":[24.056998,49.869589]}},{"type":"Feature","properties":{"lines":"1, 9, 19, 39, 48, 53, 58, 59, 60, 62, 63, 80","arr":["А01","А09","А19","А39","А48","А53","А58","А59","А60","А62","А63","А80"],"mode":"bus","angle":-61.2,"l0":"1, ","c0":"#ff5e9b","l1":"9, ","c1":"#119efc","l2":"19, ","c2":"#ff5e9b","l3":"39, ","c3":"#19a9a8","l4":"48, ","c4":"#05617d","l5":"53, ","c5":"#126804","l6":"58, ","c6":"#c17aef","l7":"59, ","c7":"#8e4604","l8":"60, ","c8":"#03636c","l9":"62, ","c9":"#b0045c","l10":"63, ","c10":"#b59607","l11":"80","c11":"#52ac3c"},"geometry":{"type":"Point","coordinates":[24.056502,49.868996]}},{"type":"Feature","properties":{"lines":"1, 9, 19, 39, 48, 53, 58, 59, 60, 62, 63, 80","arr":["А01","А09","А19","А39","А48","А53","А58","А59","А60","А62","А63","А80"],"mode":"bus","angle":87,"mi":1,"l0":"1, ","c0":"#ff5e9b","l1":"9, ","c1":"#119efc","l2":"19, ","c2":"#ff5e9b","l3":"39, ","c3":"#19a9a8","l4":"48, ","c4":"#05617d","l5":"53, ","c5":"#126804","l6":"58, ","c6":"#c17aef","l7":"59, ","c7":"#8e4604","l8":"60, ","c8":"#03636c","l9":"62, ","c9":"#b0045c","l10":"63, ","c10":"#b59607","l11":"80","c11":"#52ac3c"},"geometry":{"type":"Point","coordinates":[24.053557,49.865357]}},{"type":"Feature","properties":{"lines":"1, 9, 19, 34, 39, 48, 53, 58, 59, 60, 62, 63, 80","arr":["А01","А09","А19","А34","А39","А48","А53","А58","А59","А60","А62","А63","А80"],"mode":"bus","angle":-61.1,"l0":"1, ","c0":"#ff5e9b","l1":"9, ","c1":"#119efc","l2":"19, ","c2":"#ff5e9b","l3":"34, ","c3":"#ab0377","l4":"39, ","c4":"#19a9a8","l5":"48, ","c5":"#05617d","l6":"53, ","c6":"#126804","l7":"58, ","c7":"#c17aef","l8":"59, ","c8":"#8e4604","l9":"60, ","c9":"#03636c","l10":"62, ","c10":"#b0045c","l11":"63, ","c11":"#b59607","l12":"80","c12":"#52ac3c"},"geometry":{"type":"Point","coordinates":[24.054907,49.867129]}},{"type":"Feature","properties":{"lines":"1, 9, 25, 34, 39, 53, 58, 59, 60, 80","arr":["А01","А09","А25","А34","А39","А53","А58","А59","А60","А80"],"mode":"bus","angle":1.6,"l0":"1, ","c0":"#ff5e9b","l1":"9, ","c1":"#119efc","l2":"25, ","c2":"#4d4aba","l3":"34, ","c3":"#ab0377","l4":"39, ","c4":"#19a9a8","l5":"53, ","c5":"#126804","l6":"58, ","c6":"#c17aef","l7":"59, ","c7":"#8e4604","l8":"60, ","c8":"#03636c","l9":"80","c9":"#52ac3c"},"geometry":{"type":"Point","coordinates":[24.051822,49.86502]}},{"type":"Feature","properties":{"lines":"1, 9, 12, 25, 34, 39, 53, 58, 59, 60, 80","arr":["А01","А09","А12","А25","А34","А39","А53","А58","А59","А60","А80"],"mode":"bus","angle":6.2,"l0":"1, ","c0":"#ff5e9b","l1":"9, ","c1":"#119efc","l2":"12, ","c2":"#b59607","l3":"25, ","c3":"#4d4aba","l4":"34, ","c4":"#ab0377","l5":"39, ","c5":"#19a9a8","l6":"53, ","c6":"#126804","l7":"58, ","c7":"#c17aef","l8":"59, ","c8":"#8e4604","l9":"60, ","c9":"#03636c","l10":"80","c10":"#52ac3c"},"geometry":{"type":"Point","coordinates":[24.047595,49.865347]}},{"type":"Feature","properties":{"lines":"1, 9, 25, 34, 53, 60, 80","arr":["А01","А09","А25","А34","А53","А60","А80"],"mode":"bus","angle":-22.9,"l0":"1, ","c0":"#ff5e9b","l1":"9, ","c1":"#119efc","l2":"25, ","c2":"#4d4aba","l3":"34, ","c3":"#ab0377","l4":"53, ","c4":"#126804","l5":"60, ","c5":"#03636c","l6":"80","c6":"#52ac3c"},"geometry":{"type":"Point","coordinates":[24.034562,49.86399]}},{"type":"Feature","properties":{"lines":"1, 9, 25, 34, 53, 60, 80","arr":["А01","А09","А25","А34","А53","А60","А80"],"mode":"bus","angle":-9.4,"extra":1,"ei":0,"l0":"1, ","c0":"#ff5e9b","l1":"9, ","c1":"#119efc","l2":"25, ","c2":"#4d4aba","l3":"34, ","c3":"#ab0377","l4":"53, ","c4":"#126804","l5":"60, ","c5":"#03636c","l6":"80","c6":"#52ac3c"},"geometry":{"type":"Point","coordinates":[24.042922,49.865119]}},{"type":"Feature","properties":{"lines":"1, 9, 25, 34, 53, 60, 80","arr":["А01","А09","А25","А34","А53","А60","А80"],"mode":"bus","angle":-11.2,"extra":1,"ei":1,"l0":"1, ","c0":"#ff5e9b","l1":"9, ","c1":"#119efc","l2":"25, ","c2":"#4d4aba","l3":"34, ","c3":"#ab0377","l4":"53, ","c4":"#126804","l5":"60, ","c5":"#03636c","l6":"80","c6":"#52ac3c"},"geometry":{"type":"Point","coordinates":[24.040033,49.864807]}},{"type":"Feature","properties":{"lines":"1, 9, 25, 34, 53, 60, 80","arr":["А01","А09","А25","А34","А53","А60","А80"],"mode":"bus","angle":-11.8,"extra":1,"ei":2,"l0":"1, ","c0":"#ff5e9b","l1":"9, ","c1":"#119efc","l2":"25, ","c2":"#4d4aba","l3":"34, ","c3":"#ab0377","l4":"53, ","c4":"#126804","l5":"60, ","c5":"#03636c","l6":"80","c6":"#52ac3c"},"geometry":{"type":"Point","coordinates":[24.037164,49.864424]}},{"type":"Feature","properties":{"lines":"1, 9, 25, 34, 53, 60, 80","arr":["А01","А09","А25","А34","А53","А60","А80"],"mode":"bus","angle":-28.3,"extra":1,"ei":3,"l0":"1, ","c0":"#ff5e9b","l1":"9, ","c1":"#119efc","l2":"25, ","c2":"#4d4aba","l3":"34, ","c3":"#ab0377","l4":"53, ","c4":"#126804","l5":"60, ","c5":"#03636c","l6":"80","c6":"#52ac3c"},"geometry":{"type":"Point","coordinates":[24.031755,49.863045]}},{"type":"Feature","properties":{"lines":"1, 9, 25, 34, 53, 60, 80","arr":["А01","А09","А25","А34","А53","А60","А80"],"mode":"bus","angle":-39.8,"extra":1,"ei":4,"l0":"1, ","c0":"#ff5e9b","l1":"9, ","c1":"#119efc","l2":"25, ","c2":"#4d4aba","l3":"34, ","c3":"#ab0377","l4":"53, ","c4":"#126804","l5":"60, ","c5":"#03636c","l6":"80","c6":"#52ac3c"},"geometry":{"type":"Point","coordinates":[24.029215,49.862111]}},{"type":"Feature","properties":{"lines":"1, 9, 25, 34, 53, 60, 80","arr":["А01","А09","А25","А34","А53","А60","А80"],"mode":"bus","angle":-54.9,"extra":1,"ei":5,"l0":"1, ","c0":"#ff5e9b","l1":"9, ","c1":"#119efc","l2":"25, ","c2":"#4d4aba","l3":"34, ","c3":"#ab0377","l4":"53, ","c4":"#126804","l5":"60, ","c5":"#03636c","l6":"80","c6":"#52ac3c"},"geometry":{"type":"Point","coordinates":[24.027478,49.860598]}},{"type":"Feature","properties":{"lines":"1, 9, 25, 34, 39, 53, 60, 80","arr":["А01","А09","А25","А34","А39","А53","А60","А80"],"mode":"bus","angle":-49.2,"l0":"1, ","c0":"#ff5e9b","l1":"9, ","c1":"#119efc","l2":"25, ","c2":"#4d4aba","l3":"34, ","c3":"#ab0377","l4":"39, ","c4":"#19a9a8","l5":"53, ","c5":"#126804","l6":"60, ","c6":"#03636c","l7":"80","c7":"#52ac3c"},"geometry":{"type":"Point","coordinates":[24.024479,49.858356]}},{"type":"Feature","properties":{"lines":"1, 9, 25, 34, 39, 53, 60, 80","arr":["А01","А09","А25","А34","А39","А53","А60","А80"],"mode":"bus","angle":-47.5,"extra":1,"ei":0,"l0":"1, ","c0":"#ff5e9b","l1":"9, ","c1":"#119efc","l2":"25, ","c2":"#4d4aba","l3":"34, ","c3":"#ab0377","l4":"39, ","c4":"#19a9a8","l5":"53, ","c5":"#126804","l6":"60, ","c6":"#03636c","l7":"80","c7":"#52ac3c"},"geometry":{"type":"Point","coordinates":[24.025897,49.859391]}},{"type":"Feature","properties":{"lines":"1, 9, 25, 39, 53, 60, 80","arr":["А01","А09","А25","А39","А53","А60","А80"],"mode":"bus","angle":-19.4,"l0":"1, ","c0":"#ff5e9b","l1":"9, ","c1":"#119efc","l2":"25, ","c2":"#4d4aba","l3":"39, ","c3":"#19a9a8","l4":"53, ","c4":"#126804","l5":"60, ","c5":"#03636c","l6":"80","c6":"#52ac3c"},"geometry":{"type":"Point","coordinates":[24.022063,49.85706]}},{"type":"Feature","properties":{"lines":"1, 7, 8а, 9, 17, 21, 22, 25, 31, 34, 37, 39, 41, 46, 47, 51, 52, 53, 55, 56, 60, 80, 84","arr":["А01","А07","А08а","А09","А17","А21","А22","А25","А31","А34","А37","А39","А41","А46","А47","А51","А52","А53","А55","А56","А60","А80","А84"],"mode":"bus","angle":74.1,"side":-1,"l0":"1, ","c0":"#ff5e9b","l1":"7, ","c1":"#a72d06","l2":"8а, ","c2":"#126804","l3":"9, ","c3":"#119efc","l4":"17, ","c4":"#e47e2b","l5":"21, ","c5":"#a72d06","l6":"22, ","c6":"#ff627e","l7":"25, ","c7":"#4d4aba","l8":"31, ","c8":"#11a2e3","l9":"34, ","c9":"#ab0377","l10":"37, ","c10":"#ab0377","l11":"39, ","c11":"#19a9a8","l12":"41, ","c12":"#e16cd6","l13":"46, ","c13":"#02af5a","l14":"47, ","c14":"#4d4aba","l15":"51, ","c15":"#1cab97","l16":"52, ","c16":"#ff5e9b","l17":"53, ","c17":"#126804","l18":"55, ","c18":"#6b5806","l19":"56, ","c19":"#4d4aba","l20":"60, ","c20":"#03636c","l21":"80, ","c21":"#52ac3c","l22":"84","c22":"#066559"},"geometry":{"type":"Point","coordinates":[24.02316,49.853533]}},{"type":"Feature","properties":{"lines":"1, 7, 8а, 9, 17, 21, 22, 25, 31, 34, 37, 39, 41, 46, 47, 51, 52, 53, 55, 56, 60, 80, 84","arr":["А01","А07","А08а","А09","А17","А21","А22","А25","А31","А34","А37","А39","А41","А46","А47","А51","А52","А53","А55","А56","А60","А80","А84"],"mode":"bus","angle":71.7,"side":-1,"extra":1,"ei":0,"l0":"1, ","c0":"#ff5e9b","l1":"7, ","c1":"#a72d06","l2":"8а, ","c2":"#126804","l3":"9, ","c3":"#119efc","l4":"17, ","c4":"#e47e2b","l5":"21, ","c5":"#a72d06","l6":"22, ","c6":"#ff627e","l7":"25, ","c7":"#4d4aba","l8":"31, ","c8":"#11a2e3","l9":"34, ","c9":"#ab0377","l10":"37, ","c10":"#ab0377","l11":"39, ","c11":"#19a9a8","l12":"41, ","c12":"#e16cd6","l13":"46, ","c13":"#02af5a","l14":"47, ","c14":"#4d4aba","l15":"51, ","c15":"#1cab97","l16":"52, ","c16":"#ff5e9b","l17":"53, ","c17":"#126804","l18":"55, ","c18":"#6b5806","l19":"56, ","c19":"#4d4aba","l20":"60, ","c20":"#03636c","l21":"80, ","c21":"#52ac3c","l22":"84","c22":"#066559"},"geometry":{"type":"Point","coordinates":[24.022094,49.855656]}},{"type":"Feature","properties":{"lines":"1, 7, 8а, 9, 17, 21, 22, 25, 31, 34, 37, 39, 41, 46, 47, 51, 52, 53, 55, 56, 60, 80, 84","arr":["А01","А07","А08а","А09","А17","А21","А22","А25","А31","А34","А37","А39","А41","А46","А47","А51","А52","А53","А55","А56","А60","А80","А84"],"mode":"bus","angle":74.5,"side":-1,"extra":1,"ei":1,"l0":"1, ","c0":"#ff5e9b","l1":"7, ","c1":"#a72d06","l2":"8а, ","c2":"#126804","l3":"9, ","c3":"#119efc","l4":"17, ","c4":"#e47e2b","l5":"21, ","c5":"#a72d06","l6":"22, ","c6":"#ff627e","l7":"25, ","c7":"#4d4aba","l8":"31, ","c8":"#11a2e3","l9":"34, ","c9":"#ab0377","l10":"37, ","c10":"#ab0377","l11":"39, ","c11":"#19a9a8","l12":"41, ","c12":"#e16cd6","l13":"46, ","c13":"#02af5a","l14":"47, ","c14":"#4d4aba","l15":"51, ","c15":"#1cab97","l16":"52, ","c16":"#ff5e9b","l17":"53, ","c17":"#126804","l18":"55, ","c18":"#6b5806","l19":"56, ","c19":"#4d4aba","l20":"60, ","c20":"#03636c","l21":"80, ","c21":"#52ac3c","l22":"84","c22":"#066559"},"geometry":{"type":"Point","coordinates":[24.023799,49.852043]}},{"type":"Feature","properties":{"lines":"1, 7, 8а, 9, 17, 20, 21, 22, 25, 31, 37, 39, 46, 47, 48, 51, 52, 53, 55, 60, 80, 84","arr":["А01","А07","А08а","А09","А17","А20","А21","А22","А25","А31","А37","А39","А46","А47","А48","А51","А52","А53","А55","А60","А80","А84"],"mode":"bus","angle":-89.5,"l0":"1, ","c0":"#ff5e9b","l1":"7, ","c1":"#a72d06","l2":"8а, ","c2":"#126804","l3":"9, ","c3":"#119efc","l4":"17, ","c4":"#e47e2b","l5":"20, ","c5":"#2d8c1b","l6":"21, ","c6":"#a72d06","l7":"22, ","c7":"#ff627e","l8":"25, ","c8":"#4d4aba","l9":"31, ","c9":"#11a2e3","l10":"37, ","c10":"#ab0377","l11":"39, ","c11":"#19a9a8","l12":"46, ","c12":"#02af5a","l13":"47, ","c13":"#4d4aba","l14":"48, ","c14":"#05617d","l15":"51, ","c15":"#1cab97","l16":"52, ","c16":"#ff5e9b","l17":"53, ","c17":"#126804","l18":"55, ","c18":"#6b5806","l19":"60, ","c19":"#03636c","l20":"80, ","c20":"#52ac3c","l21":"84","c21":"#066559"},"geometry":{"type":"Point","coordinates":[24.024477,49.850176]}},{"type":"Feature","properties":{"lines":"1, 7, 8а, 9, 17, 20, 21, 25, 31, 34, 37, 39, 41, 46, 47, 48, 51, 52, 53, 55, 60, 80, 84","arr":["А01","А07","А08а","А09","А17","А20","А21","А25","А31","А34","А37","А39","А41","А46","А47","А48","А51","А52","А53","А55","А60","А80","А84"],"mode":"bus","angle":-86.1,"l0":"1, ","c0":"#ff5e9b","l1":"7, ","c1":"#a72d06","l2":"8а, ","c2":"#126804","l3":"9, ","c3":"#119efc","l4":"17, ","c4":"#e47e2b","l5":"20, ","c5":"#2d8c1b","l6":"21, ","c6":"#a72d06","l7":"25, ","c7":"#4d4aba","l8":"31, ","c8":"#11a2e3","l9":"34, ","c9":"#ab0377","l10":"37, ","c10":"#ab0377","l11":"39, ","c11":"#19a9a8","l12":"41, ","c12":"#e16cd6","l13":"46, ","c13":"#02af5a","l14":"47, ","c14":"#4d4aba","l15":"48, ","c15":"#05617d","l16":"51, ","c16":"#1cab97","l17":"52, ","c17":"#ff5e9b","l18":"53, ","c18":"#126804","l19":"55, ","c19":"#6b5806","l20":"60, ","c20":"#03636c","l21":"80, ","c21":"#52ac3c","l22":"84","c22":"#066559"},"geometry":{"type":"Point","coordinates":[24.025627,49.848143]}},{"type":"Feature","properties":{"lines":"1, 7, 9, 17, 20, 21, 25, 31, 34, 37, 39, 41, 46, 47, 48, 51, 52, 53, 55, 60, 80, 84","arr":["А01","А07","А09","А17","А20","А21","А25","А31","А34","А37","А39","А41","А46","А47","А48","А51","А52","А53","А55","А60","А80","А84"],"mode":"bus","angle":-86.5,"l0":"1, ","c0":"#ff5e9b","l1":"7, ","c1":"#a72d06","l2":"9, ","c2":"#119efc","l3":"17, ","c3":"#e47e2b","l4":"20, ","c4":"#2d8c1b","l5":"21, ","c5":"#a72d06","l6":"25, ","c6":"#4d4aba","l7":"31, ","c7":"#11a2e3","l8":"34, ","c8":"#ab0377","l9":"37, ","c9":"#ab0377","l10":"39, ","c10":"#19a9a8","l11":"41, ","c11":"#e16cd6","l12":"46, ","c12":"#02af5a","l13":"47, ","c13":"#4d4aba","l14":"48, ","c14":"#05617d","l15":"51, ","c15":"#1cab97","l16":"52, ","c16":"#ff5e9b","l17":"53, ","c17":"#126804","l18":"55, ","c18":"#6b5806","l19":"60, ","c19":"#03636c","l20":"80, ","c20":"#52ac3c","l21":"84","c21":"#066559"},"geometry":{"type":"Point","coordinates":[24.02532,49.845991]}},{"type":"Feature","properties":{"lines":"1, 3, 5, 7, 9, 17, 20, 21, 25, 31, 34, 37, 39, 41, 46, 47, 48, 51, 52, 53, 57, 84","arr":["А01","А03","А05","А07","А09","А17","А20","А21","А25","А31","А34","А37","А39","А41","А46","А47","А48","А51","А52","А53","А57","А84"],"mode":"bus","angle":79.1,"l0":"1, ","c0":"#ff5e9b","l1":"3, ","c1":"#03636c","l2":"5, ","c2":"#c17aef","l3":"7, ","c3":"#a72d06","l4":"9, ","c4":"#119efc","l5":"17, ","c5":"#e47e2b","l6":"20, ","c6":"#2d8c1b","l7":"21, ","c7":"#a72d06","l8":"25, ","c8":"#4d4aba","l9":"31, ","c9":"#11a2e3","l10":"34, ","c10":"#ab0377","l11":"37, ","c11":"#ab0377","l12":"39, ","c12":"#19a9a8","l13":"41, ","c13":"#e16cd6","l14":"46, ","c14":"#02af5a","l15":"47, ","c15":"#4d4aba","l16":"48, ","c16":"#05617d","l17":"51, ","c17":"#1cab97","l18":"52, ","c18":"#ff5e9b","l19":"53, ","c19":"#126804","l20":"57, ","c20":"#b59607","l21":"84","c21":"#066559"},"geometry":{"type":"Point","coordinates":[24.025418,49.844891]}},{"type":"Feature","properties":{"lines":"1, 3, 5, 6, 9, 21, 46, 47, 48, 53, 57","arr":["А01","А03","А05","А06","А09","А21","А46","А47","А48","А53","А57"],"mode":"bus","angle":70,"l0":"1, ","c0":"#ff5e9b","l1":"3, ","c1":"#03636c","l2":"5, ","c2":"#c17aef","l3":"6, ","c3":"#b0045c","l4":"9, ","c4":"#119efc","l5":"21, ","c5":"#a72d06","l6":"46, ","c6":"#02af5a","l7":"47, ","c7":"#4d4aba","l8":"48, ","c8":"#05617d","l9":"53, ","c9":"#126804","l10":"57","c10":"#b59607"},"geometry":{"type":"Point","coordinates":[24.026683,49.842468]}},{"type":"Feature","properties":{"lines":"1, 3, 5, 6, 15, 43, 45, 46, 47, 53, 57, 92","arr":["А01","А03","А05","А06","А15","А43","А45","А46","А47","А53","А57","А92"],"mode":"bus","angle":62.3,"l0":"1, ","c0":"#ff5e9b","l1":"3, ","c1":"#03636c","l2":"5, ","c2":"#c17aef","l3":"6, ","c3":"#b0045c","l4":"15, ","c4":"#fe6761","l5":"43, ","c5":"#0357b2","l6":"45, ","c6":"#5a5d02","l7":"46, ","c7":"#02af5a","l8":"47, ","c8":"#4d4aba","l9":"53, ","c9":"#126804","l10":"57, ","c10":"#b59607","l11":"92","c11":"#52ac3c"},"geometry":{"type":"Point","coordinates":[24.028057,49.84031]}},{"type":"Feature","properties":{"lines":"3, 5, 15, 43, 45, 46, 47, 53, 57, 92","arr":["А03","А05","А15","А43","А45","А46","А47","А53","А57","А92"],"mode":"bus","angle":47.3,"mi":1,"l0":"3, ","c0":"#03636c","l1":"5, ","c1":"#c17aef","l2":"15, ","c2":"#fe6761","l3":"43, ","c3":"#0357b2","l4":"45, ","c4":"#5a5d02","l5":"46, ","c5":"#02af5a","l6":"47, ","c6":"#4d4aba","l7":"53, ","c7":"#126804","l8":"57, ","c8":"#b59607","l9":"92","c9":"#52ac3c"},"geometry":{"type":"Point","coordinates":[24.028582,49.839729]}},{"type":"Feature","properties":{"lines":"1, 5, 6, 39а, 45, 47, 92, 99","arr":["А01","А05","А06","А39а","А45","А47","А92","А99"],"mode":"bus","angle":21.6,"l0":"1, ","c0":"#ff5e9b","l1":"5, ","c1":"#c17aef","l2":"6, ","c2":"#b0045c","l3":"39а, ","c3":"#8e4604","l4":"45, ","c4":"#5a5d02","l5":"47, ","c5":"#4d4aba","l6":"92, ","c6":"#52ac3c","l7":"99","c7":"#119efc"},"geometry":{"type":"Point","coordinates":[24.034193,49.839099]}},{"type":"Feature","properties":{"lines":"1, 7, 9, 20, 21, 25, 31, 37, 39, 41, 46, 47, 48, 52, 53, 84","arr":["А01","А07","А09","А20","А21","А25","А31","А37","А39","А41","А46","А47","А48","А52","А53","А84"],"mode":"bus","angle":24.6,"l0":"1, ","c0":"#ff5e9b","l1":"7, ","c1":"#a72d06","l2":"9, ","c2":"#119efc","l3":"20, ","c3":"#2d8c1b","l4":"21, ","c4":"#a72d06","l5":"25, ","c5":"#4d4aba","l6":"31, ","c6":"#11a2e3","l7":"37, ","c7":"#ab0377","l8":"39, ","c8":"#19a9a8","l9":"41, ","c9":"#e16cd6","l10":"46, ","c10":"#02af5a","l11":"47, ","c11":"#4d4aba","l12":"48, ","c12":"#05617d","l13":"52, ","c13":"#ff5e9b","l14":"53, ","c14":"#126804","l15":"84","c15":"#066559"},"geometry":{"type":"Point","coordinates":[24.026184,49.845452]}},{"type":"Feature","properties":{"lines":"1, 7, 9, 20, 21, 25, 31, 37, 39, 41, 46, 47, 48, 52, 53, 55, 60, 80, 84","arr":["А01","А07","А09","А20","А21","А25","А31","А37","А39","А41","А46","А47","А48","А52","А53","А55","А60","А80","А84"],"mode":"bus","angle":-85.9,"side":-1,"l0":"1, ","c0":"#ff5e9b","l1":"7, ","c1":"#a72d06","l2":"9, ","c2":"#119efc","l3":"20, ","c3":"#2d8c1b","l4":"21, ","c4":"#a72d06","l5":"25, ","c5":"#4d4aba","l6":"31, ","c6":"#11a2e3","l7":"37, ","c7":"#ab0377","l8":"39, ","c8":"#19a9a8","l9":"41, ","c9":"#e16cd6","l10":"46, ","c10":"#02af5a","l11":"47, ","c11":"#4d4aba","l12":"48, ","c12":"#05617d","l13":"52, ","c13":"#ff5e9b","l14":"53, ","c14":"#126804","l15":"55, ","c15":"#6b5806","l16":"60, ","c16":"#03636c","l17":"80, ","c17":"#52ac3c","l18":"84","c18":"#066559"},"geometry":{"type":"Point","coordinates":[24.025493,49.846095]}},{"type":"Feature","properties":{"lines":"1, 7, 9, 17, 20, 21, 22, 25, 31, 34, 37, 39, 41, 46, 47, 48, 51, 52, 53, 55, 60, 80, 84","arr":["А01","А07","А09","А17","А20","А21","А22","А25","А31","А34","А37","А39","А41","А46","А47","А48","А51","А52","А53","А55","А60","А80","А84"],"mode":"bus","angle":-86.6,"side":-1,"l0":"1, ","c0":"#ff5e9b","l1":"7, ","c1":"#a72d06","l2":"9, ","c2":"#119efc","l3":"17, ","c3":"#e47e2b","l4":"20, ","c4":"#2d8c1b","l5":"21, ","c5":"#a72d06","l6":"22, ","c6":"#ff627e","l7":"25, ","c7":"#4d4aba","l8":"31, ","c8":"#11a2e3","l9":"34, ","c9":"#ab0377","l10":"37, ","c10":"#ab0377","l11":"39, ","c11":"#19a9a8","l12":"41, ","c12":"#e16cd6","l13":"46, ","c13":"#02af5a","l14":"47, ","c14":"#4d4aba","l15":"48, ","c15":"#05617d","l16":"51, ","c16":"#1cab97","l17":"52, ","c17":"#ff5e9b","l18":"53, ","c18":"#126804","l19":"55, ","c19":"#6b5806","l20":"60, ","c20":"#03636c","l21":"80, ","c21":"#52ac3c","l22":"84","c22":"#066559"},"geometry":{"type":"Point","coordinates":[24.025793,49.848229]}},{"type":"Feature","properties":{"lines":"1, 7, 8а, 9, 17, 21, 22, 25, 31, 34, 39, 41, 46, 47, 51, 52, 53, 55, 56, 60, 80, 84","arr":["А01","А07","А08а","А09","А17","А21","А22","А25","А31","А34","А39","А41","А46","А47","А51","А52","А53","А55","А56","А60","А80","А84"],"mode":"bus","angle":73.6,"l0":"1, ","c0":"#ff5e9b","l1":"7, ","c1":"#a72d06","l2":"8а, ","c2":"#126804","l3":"9, ","c3":"#119efc","l4":"17, ","c4":"#e47e2b","l5":"21, ","c5":"#a72d06","l6":"22, ","c6":"#ff627e","l7":"25, ","c7":"#4d4aba","l8":"31, ","c8":"#11a2e3","l9":"34, ","c9":"#ab0377","l10":"39, ","c10":"#19a9a8","l11":"41, ","c11":"#e16cd6","l12":"46, ","c12":"#02af5a","l13":"47, ","c13":"#4d4aba","l14":"51, ","c14":"#1cab97","l15":"52, ","c15":"#ff5e9b","l16":"53, ","c16":"#126804","l17":"55, ","c17":"#6b5806","l18":"56, ","c18":"#4d4aba","l19":"60, ","c19":"#03636c","l20":"80, ","c20":"#52ac3c","l21":"84","c21":"#066559"},"geometry":{"type":"Point","coordinates":[24.024476,49.850848]}},{"type":"Feature","properties":{"lines":"1, 9, 25, 53, 60, 80","arr":["А01","А09","А25","А53","А60","А80"],"mode":"bus","angle":24,"side":-1,"l0":"1, ","c0":"#ff5e9b","l1":"9, ","c1":"#119efc","l2":"25, ","c2":"#4d4aba","l3":"53, ","c3":"#126804","l4":"60, ","c4":"#03636c","l5":"80","c5":"#52ac3c"},"geometry":{"type":"Point","coordinates":[24.052374,49.864935]}},{"type":"Feature","properties":{"lines":"3, 10, 25, 40","arr":["А03","А10","А25","А40"],"mode":"bus","angle":-4.6,"side":-1,"mi":1,"l0":"3, ","c0":"#03636c","l1":"10, ","c1":"#52ac3c","l2":"25, ","c2":"#4d4aba","l3":"40","c3":"#7c5001"},"geometry":{"type":"Point","coordinates":[24.013563,49.774169]}},{"type":"Feature","properties":{"lines":"3, 10, 25, 40","arr":["А03","А10","А25","А40"],"mode":"bus","angle":-2.1,"l0":"3, ","c0":"#03636c","l1":"10, ","c1":"#52ac3c","l2":"25, ","c2":"#4d4aba","l3":"40","c3":"#7c5001"},"geometry":{"type":"Point","coordinates":[24.013225,49.774236]}},{"type":"Feature","properties":{"lines":"3, 10, 25, 40","arr":["А03","А10","А25","А40"],"mode":"bus","angle":88.8,"mi":2,"l0":"3, ","c0":"#03636c","l1":"10, ","c1":"#52ac3c","l2":"25, ","c2":"#4d4aba","l3":"40","c3":"#7c5001"},"geometry":{"type":"Point","coordinates":[24.014041,49.781042]}},{"type":"Feature","properties":{"lines":"3, 10, 25, 40","arr":["А03","А10","А25","А40"],"mode":"bus","angle":88.9,"extra":1,"ei":0,"l0":"3, ","c0":"#03636c","l1":"10, ","c1":"#52ac3c","l2":"25, ","c2":"#4d4aba","l3":"40","c3":"#7c5001"},"geometry":{"type":"Point","coordinates":[24.014215,49.775161]}},{"type":"Feature","properties":{"lines":"3, 10, 25, 40","arr":["А03","А10","А25","А40"],"mode":"bus","angle":88.9,"extra":1,"ei":1,"l0":"3, ","c0":"#03636c","l1":"10, ","c1":"#52ac3c","l2":"25, ","c2":"#4d4aba","l3":"40","c3":"#7c5001"},"geometry":{"type":"Point","coordinates":[24.014179,49.777049]}},{"type":"Feature","properties":{"lines":"3, 10, 25, 40","arr":["А03","А10","А25","А40"],"mode":"bus","angle":88.8,"extra":1,"ei":2,"l0":"3, ","c0":"#03636c","l1":"10, ","c1":"#52ac3c","l2":"25, ","c2":"#4d4aba","l3":"40","c3":"#7c5001"},"geometry":{"type":"Point","coordinates":[24.014109,49.778937]}},{"type":"Feature","properties":{"lines":"3, 10, 25, 40","arr":["А03","А10","А25","А40"],"mode":"bus","angle":-86.7,"side":-1,"extra":1,"ei":3,"l0":"3, ","c0":"#03636c","l1":"10, ","c1":"#52ac3c","l2":"25, ","c2":"#4d4aba","l3":"40","c3":"#7c5001"},"geometry":{"type":"Point","coordinates":[24.014095,49.782713]}},{"type":"Feature","properties":{"lines":"3, 10, 25, 40","arr":["А03","А10","А25","А40"],"mode":"bus","angle":-84.1,"side":-1,"extra":1,"ei":4,"l0":"3, ","c0":"#03636c","l1":"10, ","c1":"#52ac3c","l2":"25, ","c2":"#4d4aba","l3":"40","c3":"#7c5001"},"geometry":{"type":"Point","coordinates":[24.014328,49.784595]}},{"type":"Feature","properties":{"lines":"3, 10, 25, 40","arr":["А03","А10","А25","А40"],"mode":"bus","angle":-82.1,"side":-1,"extra":1,"ei":5,"l0":"3, ","c0":"#03636c","l1":"10, ","c1":"#52ac3c","l2":"25, ","c2":"#4d4aba","l3":"40","c3":"#7c5001"},"geometry":{"type":"Point","coordinates":[24.014687,49.78647]}},{"type":"Feature","properties":{"lines":"3, 10, 25, 40, 22, 23","arr":["А03","А10","А25","А40","Тр22","Тр23","Тр25"],"mode":"bus","angle":7.7,"side":-1,"l0":"3, ","c0":"#03636c","l1":"10, ","c1":"#52ac3c","l2":"25, ","c2":"#4d4aba","l3":"40, ","c3":"#7c5001","l4":"22, ","c4":"#ff627e","l5":"23, ","c5":"#992492","l6":"25","c6":"#c17aef"},"geometry":{"type":"Point","coordinates":[24.015717,49.78777]}},{"type":"Feature","properties":{"lines":"3, 10, 25, 40, 23","arr":["А03","А10","А25","А40","Тр23","Тр25"],"mode":"bus","angle":8,"l0":"3, ","c0":"#03636c","l1":"10, ","c1":"#52ac3c","l2":"25, ","c2":"#4d4aba","l3":"40, ","c3":"#7c5001","l4":"23, ","c4":"#992492","l5":"25","c5":"#c17aef"},"geometry":{"type":"Point","coordinates":[24.017152,49.787643]}},{"type":"Feature","properties":{"lines":"3, 10, 25, 40, 22, 23","arr":["А03","А10","А25","А40","Тр22","Тр23","Тр25"],"mode":"bus","angle":25.7,"side":-1,"mi":1,"l0":"3, ","c0":"#03636c","l1":"10, ","c1":"#52ac3c","l2":"25, ","c2":"#4d4aba","l3":"40, ","c3":"#7c5001","l4":"22, ","c4":"#ff627e","l5":"23, ","c5":"#992492","l6":"25","c6":"#c17aef"},"geometry":{"type":"Point","coordinates":[24.016702,49.787484]}},{"type":"Feature","properties":{"lines":"3, 9, 10, 25, 40, 22","arr":["А03","А09","А10","А25","А40","Тр22"],"mode":"bus","angle":8.8,"l0":"3, ","c0":"#03636c","l1":"9, ","c1":"#119efc","l2":"10, ","c2":"#52ac3c","l3":"25, ","c3":"#4d4aba","l4":"40, ","c4":"#7c5001","l5":"22","c5":"#ff627e"},"geometry":{"type":"Point","coordinates":[24.01755,49.787863]}},{"type":"Feature","properties":{"lines":"3, 9, 10, 25, 22","arr":["А03","А09","А10","А25","Тр22"],"mode":"bus","angle":8,"l0":"3, ","c0":"#03636c","l1":"9, ","c1":"#119efc","l2":"10, ","c2":"#52ac3c","l3":"25, ","c3":"#4d4aba","l4":"22","c4":"#ff627e"},"geometry":{"type":"Point","coordinates":[24.016111,49.787997]}},{"type":"Feature","properties":{"lines":"3, 9, 10, 25, 40, 22, 23","arr":["А03","А09","А10","А25","А40","Тр22","Тр23","Тр25"],"mode":"bus","angle":-81.8,"l0":"3, ","c0":"#03636c","l1":"9, ","c1":"#119efc","l2":"10, ","c2":"#52ac3c","l3":"25, ","c3":"#4d4aba","l4":"40, ","c4":"#7c5001","l5":"22, ","c5":"#ff627e","l6":"23, ","c6":"#992492","l7":"25","c7":"#c17aef"},"geometry":{"type":"Point","coordinates":[24.016212,49.794578]}},{"type":"Feature","properties":{"lines":"3, 9, 10, 25, 40, 22, 23","arr":["А03","А09","А10","А25","А40","Тр22","Тр23","Тр25"],"mode":"bus","angle":-82,"side":-1,"mi":1,"l0":"3, ","c0":"#03636c","l1":"9, ","c1":"#119efc","l2":"10, ","c2":"#52ac3c","l3":"25, ","c3":"#4d4aba","l4":"40, ","c4":"#7c5001","l5":"22, ","c5":"#ff627e","l6":"23, ","c6":"#992492","l7":"25","c7":"#c17aef"},"geometry":{"type":"Point","coordinates":[24.015702,49.791162]}},{"type":"Feature","properties":{"lines":"3, 9, 10, 25, 40, 22, 23","arr":["А03","А09","А10","А25","А40","Тр22","Тр23","Тр25"],"mode":"bus","angle":-82,"side":-1,"extra":1,"ei":0,"l0":"3, ","c0":"#03636c","l1":"9, ","c1":"#119efc","l2":"10, ","c2":"#52ac3c","l3":"25, ","c3":"#4d4aba","l4":"40, ","c4":"#7c5001","l5":"22, ","c5":"#ff627e","l6":"23, ","c6":"#992492","l7":"25","c7":"#c17aef"},"geometry":{"type":"Point","coordinates":[24.015236,49.789035]}},{"type":"Feature","properties":{"lines":"3, 9, 10, 25, 40, 22, 23","arr":["А03","А09","А10","А25","А40","Тр22","Тр23","Тр25"],"mode":"bus","angle":-81.7,"side":-1,"extra":1,"ei":1,"l0":"3, ","c0":"#03636c","l1":"9, ","c1":"#119efc","l2":"10, ","c2":"#52ac3c","l3":"25, ","c3":"#4d4aba","l4":"40, ","c4":"#7c5001","l5":"22, ","c5":"#ff627e","l6":"23, ","c6":"#992492","l7":"25","c7":"#c17aef"},"geometry":{"type":"Point","coordinates":[24.016057,49.792775]}},{"type":"Feature","properties":{"lines":"3, 9, 10, 25, 40, 22, 23","arr":["А03","А09","А10","А25","А40","Тр22","Тр23","Тр25"],"mode":"bus","angle":-82.1,"extra":1,"ei":0,"l0":"3, ","c0":"#03636c","l1":"9, ","c1":"#119efc","l2":"10, ","c2":"#52ac3c","l3":"25, ","c3":"#4d4aba","l4":"40, ","c4":"#7c5001","l5":"22, ","c5":"#ff627e","l6":"23, ","c6":"#992492","l7":"25","c7":"#c17aef"},"geometry":{"type":"Point","coordinates":[24.016706,49.796835]}},{"type":"Feature","properties":{"lines":"3, 9, 10, 25, 40, 57, 22, 23","arr":["А03","А09","А10","А25","А40","А57","Тр22","Тр23","Тр25"],"mode":"bus","angle":-81.5,"l0":"3, ","c0":"#03636c","l1":"9, ","c1":"#119efc","l2":"10, ","c2":"#52ac3c","l3":"25, ","c3":"#4d4aba","l4":"40, ","c4":"#7c5001","l5":"57, ","c5":"#b59607","l6":"22, ","c6":"#ff627e","l7":"23, ","c7":"#992492","l8":"25","c8":"#c17aef"},"geometry":{"type":"Point","coordinates":[24.017696,49.800166]}},{"type":"Feature","properties":{"lines":"3, 9, 10, 25, 40, 57, 22, 23","arr":["А03","А09","А10","А25","А40","А57","Тр22","Тр23","Тр25"],"mode":"bus","angle":-82,"side":-1,"extra":1,"ei":0,"l0":"3, ","c0":"#03636c","l1":"9, ","c1":"#119efc","l2":"10, ","c2":"#52ac3c","l3":"25, ","c3":"#4d4aba","l4":"40, ","c4":"#7c5001","l5":"57, ","c5":"#b59607","l6":"22, ","c6":"#ff627e","l7":"23, ","c7":"#992492","l8":"25","c8":"#c17aef"},"geometry":{"type":"Point","coordinates":[24.016578,49.795158]}},{"type":"Feature","properties":{"lines":"3, 9, 10, 25, 40, 57, 22, 23","arr":["А03","А09","А10","А25","А40","А57","Тр22","Тр23","Тр25"],"mode":"bus","angle":-82,"side":-1,"extra":1,"ei":1,"l0":"3, ","c0":"#03636c","l1":"9, ","c1":"#119efc","l2":"10, ","c2":"#52ac3c","l3":"25, ","c3":"#4d4aba","l4":"40, ","c4":"#7c5001","l5":"57, ","c5":"#b59607","l6":"22, ","c6":"#ff627e","l7":"23, ","c7":"#992492","l8":"25","c8":"#c17aef"},"geometry":{"type":"Point","coordinates":[24.016984,49.797029]}},{"type":"Feature","properties":{"lines":"3, 9, 10, 25, 40, 57, 22, 23","arr":["А03","А09","А10","А25","А40","А57","Тр22","Тр23","Тр25"],"mode":"bus","angle":-81.5,"extra":1,"ei":2,"l0":"3, ","c0":"#03636c","l1":"9, ","c1":"#119efc","l2":"10, ","c2":"#52ac3c","l3":"25, ","c3":"#4d4aba","l4":"40, ","c4":"#7c5001","l5":"57, ","c5":"#b59607","l6":"22, ","c6":"#ff627e","l7":"23, ","c7":"#992492","l8":"25","c8":"#c17aef"},"geometry":{"type":"Point","coordinates":[24.017402,49.798898]}},{"type":"Feature","properties":{"lines":"3, 9, 11, 27, 57, 23, 25, 38","arr":["А03","А09","А11","А27","А57","Тр23","Тр25","Тр38"],"mode":"bus","angle":-82,"l0":"3, ","c0":"#03636c","l1":"9, ","c1":"#119efc","l2":"11, ","c2":"#79a620","l3":"27, ","c3":"#11a2e3","l4":"57, ","c4":"#b59607","l5":"23, ","c5":"#992492","l6":"25, ","c6":"#c17aef","l7":"38","c7":"#076734"},"geometry":{"type":"Point","coordinates":[24.018381,49.803631]}},{"type":"Feature","properties":{"lines":"3, 9, 11, 27, 57, 25","arr":["А03","А09","А11","А27","А57","Тр25"],"mode":"bus","angle":-86.4,"l0":"3, ","c0":"#03636c","l1":"9, ","c1":"#119efc","l2":"11, ","c2":"#79a620","l3":"27, ","c3":"#11a2e3","l4":"57, ","c4":"#b59607","l5":"25","c5":"#c17aef"},"geometry":{"type":"Point","coordinates":[24.018994,49.806746]}},{"type":"Feature","properties":{"lines":"3, 16, 18, 27, 57, 25","arr":["А03","А16","А18","А27","А57","Тр25"],"mode":"bus","angle":-86.7,"l0":"3, ","c0":"#03636c","l1":"16, ","c1":"#f57145","l2":"18, ","c2":"#b20b42","l3":"27, ","c3":"#11a2e3","l4":"57, ","c4":"#b59607","l5":"25","c5":"#c17aef"},"geometry":{"type":"Point","coordinates":[24.019467,49.811429]}},{"type":"Feature","properties":{"lines":"3, 16, 18, 27, 57, 25","arr":["А03","А16","А18","А27","А57","Тр25"],"mode":"bus","angle":-86.3,"extra":1,"ei":0,"l0":"3, ","c0":"#03636c","l1":"16, ","c1":"#f57145","l2":"18, ","c2":"#b20b42","l3":"27, ","c3":"#11a2e3","l4":"57, ","c4":"#b59607","l5":"25","c5":"#c17aef"},"geometry":{"type":"Point","coordinates":[24.019229,49.8091]}},{"type":"Feature","properties":{"lines":"3, 16, 18, 27, 57, 25","arr":["А03","А16","А18","А27","А57","Тр25"],"mode":"bus","angle":-86.3,"extra":1,"ei":1,"l0":"3, ","c0":"#03636c","l1":"16, ","c1":"#f57145","l2":"18, ","c2":"#b20b42","l3":"27, ","c3":"#11a2e3","l4":"57, ","c4":"#b59607","l5":"25","c5":"#c17aef"},"geometry":{"type":"Point","coordinates":[24.019593,49.81287]}},{"type":"Feature","properties":{"lines":"3, 18, 57, 25","arr":["А03","А18","А57","Тр25"],"mode":"bus","angle":-86.5,"l0":"3, ","c0":"#03636c","l1":"18, ","c1":"#b20b42","l2":"57, ","c2":"#b59607","l3":"25","c3":"#c17aef"},"geometry":{"type":"Point","coordinates":[24.020811,49.824534]}},{"type":"Feature","properties":{"lines":"3, 18, 57, 25","arr":["А03","А18","А57","Тр25"],"mode":"bus","angle":-86.3,"extra":1,"ei":0,"l0":"3, ","c0":"#03636c","l1":"18, ","c1":"#b20b42","l2":"57, ","c2":"#b59607","l3":"25","c3":"#c17aef"},"geometry":{"type":"Point","coordinates":[24.019884,49.815643]}},{"type":"Feature","properties":{"lines":"3, 18, 57, 25","arr":["А03","А18","А57","Тр25"],"mode":"bus","angle":-86.2,"extra":1,"ei":1,"l0":"3, ","c0":"#03636c","l1":"18, ","c1":"#b20b42","l2":"57, ","c2":"#b59607","l3":"25","c3":"#c17aef"},"geometry":{"type":"Point","coordinates":[24.020073,49.817528]}},{"type":"Feature","properties":{"lines":"3, 18, 57, 25","arr":["А03","А18","А57","Тр25"],"mode":"bus","angle":-83.8,"extra":1,"ei":2,"l0":"3, ","c0":"#03636c","l1":"18, ","c1":"#b20b42","l2":"57, ","c2":"#b59607","l3":"25","c3":"#c17aef"},"geometry":{"type":"Point","coordinates":[24.020273,49.819412]}},{"type":"Feature","properties":{"lines":"3, 18, 57, 25","arr":["А03","А18","А57","Тр25"],"mode":"bus","angle":-86.8,"extra":1,"ei":3,"l0":"3, ","c0":"#03636c","l1":"18, ","c1":"#b20b42","l2":"57, ","c2":"#b59607","l3":"25","c3":"#c17aef"},"geometry":{"type":"Point","coordinates":[24.020484,49.821295]}},{"type":"Feature","properties":{"lines":"3, 18, 57, 25","arr":["А03","А18","А57","Тр25"],"mode":"bus","angle":-86.2,"extra":1,"ei":4,"l0":"3, ","c0":"#03636c","l1":"18, ","c1":"#b20b42","l2":"57, ","c2":"#b59607","l3":"25","c3":"#c17aef"},"geometry":{"type":"Point","coordinates":[24.020664,49.82318]}},{"type":"Feature","properties":{"lines":"3, 18, 57, 25","arr":["А03","А18","А57","Тр25"],"mode":"bus","angle":17.8,"extra":1,"ei":5,"l0":"3, ","c0":"#03636c","l1":"18, ","c1":"#b20b42","l2":"57, ","c2":"#b59607","l3":"25","c3":"#c17aef"},"geometry":{"type":"Point","coordinates":[24.023685,49.825044]}},{"type":"Feature","properties":{"lines":"3, 18, 57, 25","arr":["А03","А18","А57","Тр25"],"mode":"bus","angle":-20,"extra":1,"ei":6,"l0":"3, ","c0":"#03636c","l1":"18, ","c1":"#b20b42","l2":"57, ","c2":"#b59607","l3":"25","c3":"#c17aef"},"geometry":{"type":"Point","coordinates":[24.026152,49.825696]}},{"type":"Feature","properties":{"lines":"3, 18, 57, 25","arr":["А03","А18","А57","Тр25"],"mode":"bus","angle":-49.7,"extra":1,"ei":7,"l0":"3, ","c0":"#03636c","l1":"18, ","c1":"#b20b42","l2":"57, ","c2":"#b59607","l3":"25","c3":"#c17aef"},"geometry":{"type":"Point","coordinates":[24.028309,49.826914]}},{"type":"Feature","properties":{"lines":"3, 18, 57, 25","arr":["А03","А18","А57","Тр25"],"mode":"bus","angle":-52.6,"extra":1,"ei":8,"l0":"3, ","c0":"#03636c","l1":"18, ","c1":"#b20b42","l2":"57, ","c2":"#b59607","l3":"25","c3":"#c17aef"},"geometry":{"type":"Point","coordinates":[24.030782,49.827736]}},{"type":"Feature","properties":{"lines":"3, 18, 57, 25","arr":["А03","А18","А57","Тр25"],"mode":"bus","angle":-62.2,"l0":"3, ","c0":"#03636c","l1":"18, ","c1":"#b20b42","l2":"57, ","c2":"#b59607","l3":"25","c3":"#c17aef"},"geometry":{"type":"Point","coordinates":[24.03416,49.831148]}},{"type":"Feature","properties":{"lines":"3, 18, 57, 25","arr":["А03","А18","А57","Тр25"],"mode":"bus","angle":-41.9,"extra":1,"ei":0,"l0":"3, ","c0":"#03636c","l1":"18, ","c1":"#b20b42","l2":"57, ","c2":"#b59607","l3":"25","c3":"#c17aef"},"geometry":{"type":"Point","coordinates":[24.032926,49.830045]}},{"type":"Feature","properties":{"lines":"3, 18, 57","arr":["А03","А18","А57"],"mode":"bus","angle":-80,"side":-1,"l0":"3, ","c0":"#03636c","l1":"18, ","c1":"#b20b42","l2":"57","c2":"#b59607"},"geometry":{"type":"Point","coordinates":[24.035425,49.833785]}},{"type":"Feature","properties":{"lines":"3, 15, 18, 37, 43, 46, 57","arr":["А03","А15","А18","А37","А43","А46","А57"],"mode":"bus","angle":55.5,"l0":"3, ","c0":"#03636c","l1":"15, ","c1":"#fe6761","l2":"18, ","c2":"#b20b42","l3":"37, ","c3":"#ab0377","l4":"43, ","c4":"#0357b2","l5":"46, ","c5":"#02af5a","l6":"57","c6":"#b59607"},"geometry":{"type":"Point","coordinates":[24.035027,49.834507]}},{"type":"Feature","properties":{"lines":"3, 5, 37, 39, 57","arr":["А03","А05","А37","А39","А57"],"mode":"bus","angle":-43.3,"side":-1,"l0":"3, ","c0":"#03636c","l1":"5, ","c1":"#c17aef","l2":"37, ","c2":"#ab0377","l3":"39, ","c3":"#19a9a8","l4":"57","c4":"#b59607"},"geometry":{"type":"Point","coordinates":[24.025439,49.845481]}},{"type":"Feature","properties":{"lines":"3, 5, 15, 43, 45, 46, 47, 53, 57, 92","arr":["А03","А05","А15","А43","А45","А46","А47","А53","А57","А92"],"mode":"bus","angle":25.7,"l0":"3, ","c0":"#03636c","l1":"5, ","c1":"#c17aef","l2":"15, ","c2":"#fe6761","l3":"43, ","c3":"#0357b2","l4":"45, ","c4":"#5a5d02","l5":"46, ","c5":"#02af5a","l6":"47, ","c6":"#4d4aba","l7":"53, ","c7":"#126804","l8":"57, ","c8":"#b59607","l9":"92","c9":"#52ac3c"},"geometry":{"type":"Point","coordinates":[24.029886,49.83925]}},{"type":"Feature","properties":{"lines":"3, 5, 15, 43, 45, 46, 47, 53, 57, 92","arr":["А03","А05","А15","А43","А45","А46","А47","А53","А57","А92"],"mode":"bus","angle":-13.3,"mi":2,"l0":"3, ","c0":"#03636c","l1":"5, ","c1":"#c17aef","l2":"15, ","c2":"#fe6761","l3":"43, ","c3":"#0357b2","l4":"45, ","c4":"#5a5d02","l5":"46, ","c5":"#02af5a","l6":"47, ","c6":"#4d4aba","l7":"53, ","c7":"#126804","l8":"57, ","c8":"#b59607","l9":"92","c9":"#52ac3c"},"geometry":{"type":"Point","coordinates":[24.031388,49.839195]}},{"type":"Feature","properties":{"lines":"3, 15, 43, 46, 53, 57","arr":["А03","А15","А43","А46","А53","А57"],"mode":"bus","angle":66.5,"l0":"3, ","c0":"#03636c","l1":"15, ","c1":"#fe6761","l2":"43, ","c2":"#0357b2","l3":"46, ","c3":"#02af5a","l4":"53, ","c4":"#126804","l5":"57","c5":"#b59607"},"geometry":{"type":"Point","coordinates":[24.032826,49.838114]}},{"type":"Feature","properties":{"lines":"3, 15, 39а, 43, 46, 53, 57","arr":["А03","А15","А39а","А43","А46","А53","А57"],"mode":"bus","angle":36,"l0":"3, ","c0":"#03636c","l1":"15, ","c1":"#fe6761","l2":"39а, ","c2":"#8e4604","l3":"43, ","c3":"#0357b2","l4":"46, ","c4":"#02af5a","l5":"53, ","c5":"#126804","l6":"57","c6":"#b59607"},"geometry":{"type":"Point","coordinates":[24.034071,49.836636]}},{"type":"Feature","properties":{"lines":"3, 18, 57, 25, 31","arr":["А03","А18","А57","Тр25","Тр31"],"mode":"bus","angle":-76.9,"l0":"3, ","c0":"#03636c","l1":"18, ","c1":"#b20b42","l2":"57, ","c2":"#b59607","l3":"25, ","c3":"#c17aef","l4":"31","c4":"#126804"},"geometry":{"type":"Point","coordinates":[24.035363,49.833978]}},{"type":"Feature","properties":{"lines":"3, 10, 25, 40, 22, 23","arr":["А03","А10","А25","А40","Тр22","Тр23","Тр25"],"mode":"bus","angle":-82,"mi":2,"l0":"3, ","c0":"#03636c","l1":"10, ","c1":"#52ac3c","l2":"25, ","c2":"#4d4aba","l3":"40, ","c3":"#7c5001","l4":"22, ","c4":"#ff627e","l5":"23, ","c5":"#992492","l6":"25","c6":"#c17aef"},"geometry":{"type":"Point","coordinates":[24.015127,49.78962]}},{"type":"Feature","properties":{"lines":"5, 45, 47, 92","arr":["А05","А45","А47","А92"],"mode":"bus","angle":-1.6,"l0":"5, ","c0":"#c17aef","l1":"45, ","c1":"#5a5d02","l2":"47, ","c2":"#4d4aba","l3":"92","c3":"#52ac3c"},"geometry":{"type":"Point","coordinates":[24.032441,49.839312]}},{"type":"Feature","properties":{"lines":"5, 18, 29, 39, 61","arr":["А05","А18","А29","А39","А61"],"mode":"bus","angle":7,"l0":"5, ","c0":"#c17aef","l1":"18, ","c1":"#b20b42","l2":"29, ","c2":"#b59607","l3":"39, ","c3":"#19a9a8","l4":"61","c4":"#126804"},"geometry":{"type":"Point","coordinates":[24.068352,49.836031]}},{"type":"Feature","properties":{"lines":"5, 18, 19, 23, 27, 29, 39, 40, 61","arr":["А05","А18","А19","А23","А27","А29","А39","А40","А61"],"mode":"bus","angle":2.7,"l0":"5, ","c0":"#c17aef","l1":"18, ","c1":"#b20b42","l2":"19, ","c2":"#ff5e9b","l3":"23, ","c3":"#03636c","l4":"27, ","c4":"#11a2e3","l5":"29, ","c5":"#b59607","l6":"39, ","c6":"#19a9a8","l7":"40, ","c7":"#7c5001","l8":"61","c8":"#126804"},"geometry":{"type":"Point","coordinates":[24.069542,49.835962]}},{"type":"Feature","properties":{"lines":"5, 18, 19, 23, 29, 40, 61","arr":["А05","А18","А19","А23","А29","А40","А61"],"mode":"bus","angle":3.6,"l0":"5, ","c0":"#c17aef","l1":"18, ","c1":"#b20b42","l2":"19, ","c2":"#ff5e9b","l3":"23, ","c3":"#03636c","l4":"29, ","c4":"#b59607","l5":"40, ","c5":"#7c5001","l6":"61","c6":"#126804"},"geometry":{"type":"Point","coordinates":[24.072504,49.835859]}},{"type":"Feature","properties":{"lines":"5, 18, 19, 23, 27, 29, 40, 61","arr":["А05","А18","А19","А23","А27","А29","А40","А61"],"mode":"bus","angle":3.4,"l0":"5, ","c0":"#c17aef","l1":"18, ","c1":"#b20b42","l2":"19, ","c2":"#ff5e9b","l3":"23, ","c3":"#03636c","l4":"27, ","c4":"#11a2e3","l5":"29, ","c5":"#b59607","l6":"40, ","c6":"#7c5001","l7":"61","c7":"#126804"},"geometry":{"type":"Point","coordinates":[24.070662,49.835936]}},{"type":"Feature","properties":{"lines":"5, 18, 19, 29, 40, 61","arr":["А05","А18","А19","А29","А40","А61"],"mode":"bus","angle":3.8,"l0":"5, ","c0":"#c17aef","l1":"18, ","c1":"#b20b42","l2":"19, ","c2":"#ff5e9b","l3":"29, ","c3":"#b59607","l4":"40, ","c4":"#7c5001","l5":"61","c5":"#126804"},"geometry":{"type":"Point","coordinates":[24.074587,49.835771]}},{"type":"Feature","properties":{"lines":"5, 40","arr":["А05","А40"],"mode":"bus","angle":17.1,"l0":"5, ","c0":"#c17aef","l1":"40","c1":"#7c5001"},"geometry":{"type":"Point","coordinates":[24.086193,49.834464]}},{"type":"Feature","properties":{"lines":"5, 40","arr":["А05","А40"],"mode":"bus","angle":3.3,"extra":1,"ei":0,"l0":"5, ","c0":"#c17aef","l1":"40","c1":"#7c5001"},"geometry":{"type":"Point","coordinates":[24.076647,49.835686]}},{"type":"Feature","properties":{"lines":"5, 40","arr":["А05","А40"],"mode":"bus","angle":3.2,"extra":1,"ei":1,"l0":"5, ","c0":"#c17aef","l1":"40","c1":"#7c5001"},"geometry":{"type":"Point","coordinates":[24.079572,49.83558]}},{"type":"Feature","properties":{"lines":"5, 40","arr":["А05","А40"],"mode":"bus","angle":16.6,"extra":1,"ei":2,"l0":"5, ","c0":"#c17aef","l1":"40","c1":"#7c5001"},"geometry":{"type":"Point","coordinates":[24.082426,49.835197]}},{"type":"Feature","properties":{"lines":"5, 40","arr":["А05","А40"],"mode":"bus","angle":23.4,"extra":1,"ei":3,"l0":"5, ","c0":"#c17aef","l1":"40","c1":"#7c5001"},"geometry":{"type":"Point","coordinates":[24.088023,49.834085]}},{"type":"Feature","properties":{"lines":"5, 40","arr":["А05","А40"],"mode":"bus","angle":48,"extra":1,"ei":4,"l0":"5, ","c0":"#c17aef","l1":"40","c1":"#7c5001"},"geometry":{"type":"Point","coordinates":[24.090396,49.833029]}},{"type":"Feature","properties":{"lines":"5, 40","arr":["А05","А40"],"mode":"bus","angle":33.7,"extra":1,"ei":5,"l0":"5, ","c0":"#c17aef","l1":"40","c1":"#7c5001"},"geometry":{"type":"Point","coordinates":[24.092678,49.831861]}},{"type":"Feature","properties":{"lines":"5, 40","arr":["А05","А40"],"mode":"bus","angle":36.6,"extra":1,"ei":6,"l0":"5, ","c0":"#c17aef","l1":"40","c1":"#7c5001"},"geometry":{"type":"Point","coordinates":[24.095085,49.830785]}},{"type":"Feature","properties":{"lines":"5, 40","arr":["А05","А40"],"mode":"bus","angle":37.6,"l0":"5, ","c0":"#c17aef","l1":"40","c1":"#7c5001"},"geometry":{"type":"Point","coordinates":[24.111083,49.821529]}},{"type":"Feature","properties":{"lines":"5, 40","arr":["А05","А40"],"mode":"bus","angle":40.8,"extra":1,"ei":0,"l0":"5, ","c0":"#c17aef","l1":"40","c1":"#7c5001"},"geometry":{"type":"Point","coordinates":[24.096668,49.829987]}},{"type":"Feature","properties":{"lines":"5, 40","arr":["А05","А40"],"mode":"bus","angle":41.5,"extra":1,"ei":1,"l0":"5, ","c0":"#c17aef","l1":"40","c1":"#7c5001"},"geometry":{"type":"Point","coordinates":[24.098865,49.828737]}},{"type":"Feature","properties":{"lines":"5, 40","arr":["А05","А40"],"mode":"bus","angle":46.7,"extra":1,"ei":2,"l0":"5, ","c0":"#c17aef","l1":"40","c1":"#7c5001"},"geometry":{"type":"Point","coordinates":[24.100992,49.827439]}},{"type":"Feature","properties":{"lines":"5, 40","arr":["А05","А40"],"mode":"bus","angle":52.8,"extra":1,"ei":3,"l0":"5, ","c0":"#c17aef","l1":"40","c1":"#7c5001"},"geometry":{"type":"Point","coordinates":[24.102712,49.825916]}},{"type":"Feature","properties":{"lines":"5, 40","arr":["А05","А40"],"mode":"bus","angle":35.2,"extra":1,"ei":4,"l0":"5, ","c0":"#c17aef","l1":"40","c1":"#7c5001"},"geometry":{"type":"Point","coordinates":[24.10464,49.824509]}},{"type":"Feature","properties":{"lines":"5, 40","arr":["А05","А40"],"mode":"bus","angle":35,"extra":1,"ei":5,"l0":"5, ","c0":"#c17aef","l1":"40","c1":"#7c5001"},"geometry":{"type":"Point","coordinates":[24.107041,49.823427]}},{"type":"Feature","properties":{"lines":"5, 40","arr":["А05","А40"],"mode":"bus","angle":36.4,"extra":1,"ei":6,"l0":"5, ","c0":"#c17aef","l1":"40","c1":"#7c5001"},"geometry":{"type":"Point","coordinates":[24.109438,49.82234]}},{"type":"Feature","properties":{"lines":"5, 40","arr":["А05","А40"],"mode":"bus","angle":52.4,"extra":1,"ei":7,"l0":"5, ","c0":"#c17aef","l1":"40","c1":"#7c5001"},"geometry":{"type":"Point","coordinates":[24.113662,49.819762]}},{"type":"Feature","properties":{"lines":"5, 40","arr":["А05","А40"],"mode":"bus","angle":50.4,"extra":1,"ei":8,"l0":"5, ","c0":"#c17aef","l1":"40","c1":"#7c5001"},"geometry":{"type":"Point","coordinates":[24.115463,49.818273]}},{"type":"Feature","properties":{"lines":"5, 40","arr":["А05","А40"],"mode":"bus","angle":43.4,"extra":1,"ei":9,"l0":"5, ","c0":"#c17aef","l1":"40","c1":"#7c5001"},"geometry":{"type":"Point","coordinates":[24.117836,49.817204]}},{"type":"Feature","properties":{"lines":"5, 40","arr":["А05","А40"],"mode":"bus","angle":14.9,"extra":1,"ei":10,"l0":"5, ","c0":"#c17aef","l1":"40","c1":"#7c5001"},"geometry":{"type":"Point","coordinates":[24.120191,49.816145]}},{"type":"Feature","properties":{"lines":"5, 40","arr":["А05","А40"],"mode":"bus","angle":7.7,"extra":1,"ei":11,"l0":"5, ","c0":"#c17aef","l1":"40","c1":"#7c5001"},"geometry":{"type":"Point","coordinates":[24.123047,49.815726]}},{"type":"Feature","properties":{"lines":"5, 40","arr":["А05","А40"],"mode":"bus","angle":-15.2,"extra":1,"ei":12,"l0":"5, ","c0":"#c17aef","l1":"40","c1":"#7c5001"},"geometry":{"type":"Point","coordinates":[24.125944,49.815856]}},{"type":"Feature","properties":{"lines":"5, 40","arr":["А05","А40"],"mode":"bus","angle":4.6,"l0":"5, ","c0":"#c17aef","l1":"40","c1":"#7c5001"},"geometry":{"type":"Point","coordinates":[24.135699,49.816843]}},{"type":"Feature","properties":{"lines":"5, 40","arr":["А05","А40"],"mode":"bus","angle":-31.6,"extra":1,"ei":0,"l0":"5, ","c0":"#c17aef","l1":"40","c1":"#7c5001"},"geometry":{"type":"Point","coordinates":[24.130014,49.816295]}},{"type":"Feature","properties":{"lines":"5, 40","arr":["А05","А40"],"mode":"bus","angle":-47.9,"extra":1,"ei":1,"l0":"5, ","c0":"#c17aef","l1":"40","c1":"#7c5001"},"geometry":{"type":"Point","coordinates":[24.130691,49.818039]}},{"type":"Feature","properties":{"lines":"5, 40","arr":["А05","А40"],"mode":"bus","angle":33.5,"extra":1,"ei":2,"l0":"5, ","c0":"#c17aef","l1":"40","c1":"#7c5001"},"geometry":{"type":"Point","coordinates":[24.133227,49.817447]}},{"type":"Feature","properties":{"lines":"5, 40","arr":["А05","А40"],"mode":"bus","angle":-5.8,"extra":1,"ei":3,"l0":"5, ","c0":"#c17aef","l1":"40","c1":"#7c5001"},"geometry":{"type":"Point","coordinates":[24.138842,49.816989]}},{"type":"Feature","properties":{"lines":"5, 40","arr":["А05","А40"],"mode":"bus","angle":-6.4,"extra":1,"ei":4,"l0":"5, ","c0":"#c17aef","l1":"40","c1":"#7c5001"},"geometry":{"type":"Point","coordinates":[24.141753,49.8172]}},{"type":"Feature","properties":{"lines":"5, 40","arr":["А05","А40"],"mode":"bus","angle":-5.8,"extra":1,"ei":5,"l0":"5, ","c0":"#c17aef","l1":"40","c1":"#7c5001"},"geometry":{"type":"Point","coordinates":[24.144667,49.8174]}},{"type":"Feature","properties":{"lines":"5","arr":["А05"],"mode":"bus","angle":25.3,"mi":2,"l0":"5","c0":"#c17aef"},"geometry":{"type":"Point","coordinates":[24.136367,49.815382]}},{"type":"Feature","properties":{"lines":"5","arr":["А05"],"mode":"bus","angle":52.9,"l0":"5","c0":"#c17aef"},"geometry":{"type":"Point","coordinates":[24.137226,49.812755]}},{"type":"Feature","properties":{"lines":"5","arr":["А05"],"mode":"bus","angle":-79,"mi":1,"l0":"5","c0":"#c17aef"},"geometry":{"type":"Point","coordinates":[24.138951,49.810617]}},{"type":"Feature","properties":{"lines":"5","arr":["А05"],"mode":"bus","angle":-78.4,"extra":1,"ei":0,"l0":"5","c0":"#c17aef"},"geometry":{"type":"Point","coordinates":[24.13615,49.803277]}},{"type":"Feature","properties":{"lines":"5","arr":["А05"],"mode":"bus","angle":-80.7,"extra":1,"ei":1,"l0":"5","c0":"#c17aef"},"geometry":{"type":"Point","coordinates":[24.137014,49.805054]}},{"type":"Feature","properties":{"lines":"5","arr":["А05"],"mode":"bus","angle":80.4,"extra":1,"ei":2,"l0":"5","c0":"#c17aef"},"geometry":{"type":"Point","coordinates":[24.13711,49.806925]}},{"type":"Feature","properties":{"lines":"5","arr":["А05"],"mode":"bus","angle":-38.4,"extra":1,"ei":3,"l0":"5","c0":"#c17aef"},"geometry":{"type":"Point","coordinates":[24.137537,49.808596]}},{"type":"Feature","properties":{"lines":"5","arr":["А05"],"mode":"bus","angle":-72.1,"extra":1,"ei":4,"l0":"5","c0":"#c17aef"},"geometry":{"type":"Point","coordinates":[24.139517,49.811997]}},{"type":"Feature","properties":{"lines":"5","arr":["А05"],"mode":"bus","angle":-86.7,"extra":1,"ei":5,"l0":"5","c0":"#c17aef"},"geometry":{"type":"Point","coordinates":[24.140418,49.813788]}},{"type":"Feature","properties":{"lines":"5","arr":["А05"],"mode":"bus","angle":-47.9,"extra":1,"ei":6,"l0":"5","c0":"#c17aef"},"geometry":{"type":"Point","coordinates":[24.140882,49.815595]}},{"type":"Feature","properties":{"lines":"5","arr":["А05"],"mode":"bus","angle":-34.8,"extra":1,"ei":7,"l0":"5","c0":"#c17aef"},"geometry":{"type":"Point","coordinates":[24.143,49.816899]}},{"type":"Feature","properties":{"lines":"5","arr":["А05"],"mode":"bus","angle":39.1,"l0":"5","c0":"#c17aef"},"geometry":{"type":"Point","coordinates":[24.125516,49.804257]}},{"type":"Feature","properties":{"lines":"5","arr":["А05"],"mode":"bus","angle":0.2,"extra":1,"ei":0,"l0":"5","c0":"#c17aef"},"geometry":{"type":"Point","coordinates":[24.134608,49.802343]}},{"type":"Feature","properties":{"lines":"5","arr":["А05"],"mode":"bus","angle":2.1,"extra":1,"ei":1,"l0":"5","c0":"#c17aef"},"geometry":{"type":"Point","coordinates":[24.13168,49.80233]}},{"type":"Feature","properties":{"lines":"5","arr":["А05"],"mode":"bus","angle":33.8,"extra":1,"ei":2,"l0":"5","c0":"#c17aef"},"geometry":{"type":"Point","coordinates":[24.128953,49.802906]}},{"type":"Feature","properties":{"lines":"5","arr":["А05"],"mode":"bus","angle":34.9,"extra":1,"ei":3,"l0":"5","c0":"#c17aef"},"geometry":{"type":"Point","coordinates":[24.121332,49.80561]}},{"type":"Feature","properties":{"lines":"5","arr":["А05"],"mode":"bus","angle":60.2,"extra":1,"ei":4,"l0":"5","c0":"#c17aef"},"geometry":{"type":"Point","coordinates":[24.119333,49.806979]}},{"type":"Feature","properties":{"lines":"5","arr":["А05"],"mode":"bus","angle":-50.3,"extra":1,"ei":5,"l0":"5","c0":"#c17aef"},"geometry":{"type":"Point","coordinates":[24.11963,49.808681]}},{"type":"Feature","properties":{"lines":"5, 29, 37, 39, 61","arr":["А05","А29","А37","А39","А61"],"mode":"bus","angle":7.2,"mi":2,"l0":"5, ","c0":"#c17aef","l1":"29, ","c1":"#b59607","l2":"37, ","c2":"#ab0377","l3":"39, ","c3":"#19a9a8","l4":"61","c4":"#126804"},"geometry":{"type":"Point","coordinates":[24.03243,49.84417]}},{"type":"Feature","properties":{"lines":"5, 29, 37, 39, 61","arr":["А05","А29","А37","А39","А61"],"mode":"bus","angle":5.8,"l0":"5, ","c0":"#c17aef","l1":"29, ","c1":"#b59607","l2":"37, ","c2":"#ab0377","l3":"39, ","c3":"#19a9a8","l4":"61","c4":"#126804"},"geometry":{"type":"Point","coordinates":[24.030297,49.844332]}},{"type":"Feature","properties":{"lines":"5, 29, 37, 39, 61","arr":["А05","А29","А37","А39","А61"],"mode":"bus","angle":61.6,"side":-1,"mi":1,"l0":"5, ","c0":"#c17aef","l1":"29, ","c1":"#b59607","l2":"37, ","c2":"#ab0377","l3":"39, ","c3":"#19a9a8","l4":"61","c4":"#126804"},"geometry":{"type":"Point","coordinates":[24.029513,49.844613]}},{"type":"Feature","properties":{"lines":"6, 12","arr":["А06","А12"],"mode":"bus","angle":-87.6,"l0":"6, ","c0":"#b0045c","l1":"12","c1":"#b59607"},"geometry":{"type":"Point","coordinates":[23.938081,49.875713]}},{"type":"Feature","properties":{"lines":"6, 12, 49","arr":["А06","А12","А49"],"mode":"bus","angle":-80.7,"side":-1,"l0":"6, ","c0":"#b0045c","l1":"12, ","c1":"#b59607","l2":"49","c2":"#7c5001"},"geometry":{"type":"Point","coordinates":[23.938302,49.875472]}},{"type":"Feature","properties":{"lines":"6, 11, 12, 47, 49","arr":["А06","А11","А12","А47","А49"],"mode":"bus","angle":4.7,"mi":1,"l0":"6, ","c0":"#b0045c","l1":"11, ","c1":"#79a620","l2":"12, ","c2":"#b59607","l3":"47, ","c3":"#4d4aba","l4":"49","c4":"#7c5001"},"geometry":{"type":"Point","coordinates":[23.93205,49.875254]}},{"type":"Feature","properties":{"lines":"6, 11, 12, 47, 49","arr":["А06","А11","А12","А47","А49"],"mode":"bus","angle":-82.5,"extra":1,"ei":0,"l0":"6, ","c0":"#b0045c","l1":"11, ","c1":"#79a620","l2":"12, ","c2":"#b59607","l3":"47, ","c3":"#4d4aba","l4":"49","c4":"#7c5001"},"geometry":{"type":"Point","coordinates":[23.92864,49.873984]}},{"type":"Feature","properties":{"lines":"6, 11, 12, 47, 49","arr":["А06","А11","А12","А47","А49"],"mode":"bus","angle":4.5,"extra":1,"ei":1,"l0":"6, ","c0":"#b0045c","l1":"11, ","c1":"#79a620","l2":"12, ","c2":"#b59607","l3":"47, ","c3":"#4d4aba","l4":"49","c4":"#7c5001"},"geometry":{"type":"Point","coordinates":[23.92992,49.875388]}},{"type":"Feature","properties":{"lines":"6, 11, 12, 47, 49","arr":["А06","А11","А12","А47","А49"],"mode":"bus","angle":7.6,"extra":1,"ei":2,"l0":"6, ","c0":"#b0045c","l1":"11, ","c1":"#79a620","l2":"12, ","c2":"#b59607","l3":"47, ","c3":"#4d4aba","l4":"49","c4":"#7c5001"},"geometry":{"type":"Point","coordinates":[23.935575,49.874611]}},{"type":"Feature","properties":{"lines":"6, 11, 12, 47, 49, 61","arr":["А06","А11","А12","А47","А49","А61"],"mode":"bus","angle":23.6,"l0":"6, ","c0":"#b0045c","l1":"11, ","c1":"#79a620","l2":"12, ","c2":"#b59607","l3":"47, ","c3":"#4d4aba","l4":"49, ","c4":"#7c5001","l5":"61","c5":"#126804"},"geometry":{"type":"Point","coordinates":[23.95102,49.868433]}},{"type":"Feature","properties":{"lines":"6, 11, 12, 47, 49, 61","arr":["А06","А11","А12","А47","А49","А61"],"mode":"bus","angle":4.6,"extra":1,"ei":0,"l0":"6, ","c0":"#b0045c","l1":"11, ","c1":"#79a620","l2":"12, ","c2":"#b59607","l3":"47, ","c3":"#4d4aba","l4":"49, ","c4":"#7c5001","l5":"61","c5":"#126804"},"geometry":{"type":"Point","coordinates":[23.930521,49.872701]}},{"type":"Feature","properties":{"lines":"6, 11, 12, 47, 49, 61","arr":["А06","А11","А12","А47","А49","А61"],"mode":"bus","angle":4.9,"extra":1,"ei":1,"l0":"6, ","c0":"#b0045c","l1":"11, ","c1":"#79a620","l2":"12, ","c2":"#b59607","l3":"47, ","c3":"#4d4aba","l4":"49, ","c4":"#7c5001","l5":"61","c5":"#126804"},"geometry":{"type":"Point","coordinates":[23.933441,49.872543]}},{"type":"Feature","properties":{"lines":"6, 11, 12, 47, 49, 61","arr":["А06","А11","А12","А47","А49","А61"],"mode":"bus","angle":6.1,"extra":1,"ei":2,"l0":"6, ","c0":"#b0045c","l1":"11, ","c1":"#79a620","l2":"12, ","c2":"#b59607","l3":"47, ","c3":"#4d4aba","l4":"49, ","c4":"#7c5001","l5":"61","c5":"#126804"},"geometry":{"type":"Point","coordinates":[23.936359,49.872371]}},{"type":"Feature","properties":{"lines":"6, 11, 12, 47, 49, 61","arr":["А06","А11","А12","А47","А49","А61"],"mode":"bus","angle":15.1,"extra":1,"ei":3,"l0":"6, ","c0":"#b0045c","l1":"11, ","c1":"#79a620","l2":"12, ","c2":"#b59607","l3":"47, ","c3":"#4d4aba","l4":"49, ","c4":"#7c5001","l5":"61","c5":"#126804"},"geometry":{"type":"Point","coordinates":[23.939227,49.872005]}},{"type":"Feature","properties":{"lines":"6, 11, 12, 47, 49, 61","arr":["А06","А11","А12","А47","А49","А61"],"mode":"bus","angle":14.8,"extra":1,"ei":4,"l0":"6, ","c0":"#b0045c","l1":"11, ","c1":"#79a620","l2":"12, ","c2":"#b59607","l3":"47, ","c3":"#4d4aba","l4":"49, ","c4":"#7c5001","l5":"61","c5":"#126804"},"geometry":{"type":"Point","coordinates":[23.942058,49.87152]}},{"type":"Feature","properties":{"lines":"6, 11, 12, 47, 49, 61","arr":["А06","А11","А12","А47","А49","А61"],"mode":"bus","angle":30,"extra":1,"ei":5,"l0":"6, ","c0":"#b0045c","l1":"11, ","c1":"#79a620","l2":"12, ","c2":"#b59607","l3":"47, ","c3":"#4d4aba","l4":"49, ","c4":"#7c5001","l5":"61","c5":"#126804"},"geometry":{"type":"Point","coordinates":[23.944817,49.870908]}},{"type":"Feature","properties":{"lines":"6, 11, 12, 47, 49, 61","arr":["А06","А11","А12","А47","А49","А61"],"mode":"bus","angle":35.2,"extra":1,"ei":6,"l0":"6, ","c0":"#b0045c","l1":"11, ","c1":"#79a620","l2":"12, ","c2":"#b59607","l3":"47, ","c3":"#4d4aba","l4":"49, ","c4":"#7c5001","l5":"61","c5":"#126804"},"geometry":{"type":"Point","coordinates":[23.947276,49.869883]}},{"type":"Feature","properties":{"lines":"6, 11, 12, 47, 49, 61","arr":["А06","А11","А12","А47","А49","А61"],"mode":"bus","angle":32,"extra":1,"ei":7,"l0":"6, ","c0":"#b0045c","l1":"11, ","c1":"#79a620","l2":"12, ","c2":"#b59607","l3":"47, ","c3":"#4d4aba","l4":"49, ","c4":"#7c5001","l5":"61","c5":"#126804"},"geometry":{"type":"Point","coordinates":[23.955023,49.86725]}},{"type":"Feature","properties":{"lines":"6, 11, 12, 47, 49, 61","arr":["А06","А11","А12","А47","А49","А61"],"mode":"bus","angle":43.8,"extra":1,"ei":8,"l0":"6, ","c0":"#b0045c","l1":"11, ","c1":"#79a620","l2":"12, ","c2":"#b59607","l3":"47, ","c3":"#4d4aba","l4":"49, ","c4":"#7c5001","l5":"61","c5":"#126804"},"geometry":{"type":"Point","coordinates":[23.957193,49.865989]}},{"type":"Feature","properties":{"lines":"6, 11, 12, 47, 49, 61","arr":["А06","А11","А12","А47","А49","А61"],"mode":"bus","angle":39.8,"extra":1,"ei":9,"l0":"6, ","c0":"#b0045c","l1":"11, ","c1":"#79a620","l2":"12, ","c2":"#b59607","l3":"47, ","c3":"#4d4aba","l4":"49, ","c4":"#7c5001","l5":"61","c5":"#126804"},"geometry":{"type":"Point","coordinates":[23.959339,49.864704]}},{"type":"Feature","properties":{"lines":"6, 11, 12, 47, 49, 61","arr":["А06","А11","А12","А47","А49","А61"],"mode":"bus","angle":33,"extra":1,"ei":10,"l0":"6, ","c0":"#b0045c","l1":"11, ","c1":"#79a620","l2":"12, ","c2":"#b59607","l3":"47, ","c3":"#4d4aba","l4":"49, ","c4":"#7c5001","l5":"61","c5":"#126804"},"geometry":{"type":"Point","coordinates":[23.961743,49.863627]}},{"type":"Feature","properties":{"lines":"6, 11, 12, 47, 49, 61","arr":["А06","А11","А12","А47","А49","А61"],"mode":"bus","angle":32.3,"extra":1,"ei":11,"l0":"6, ","c0":"#b0045c","l1":"11, ","c1":"#79a620","l2":"12, ","c2":"#b59607","l3":"47, ","c3":"#4d4aba","l4":"49, ","c4":"#7c5001","l5":"61","c5":"#126804"},"geometry":{"type":"Point","coordinates":[23.964215,49.862613]}},{"type":"Feature","properties":{"lines":"6, 11, 12, 47, 49, 61","arr":["А06","А11","А12","А47","А49","А61"],"mode":"bus","angle":32.8,"extra":1,"ei":12,"l0":"6, ","c0":"#b0045c","l1":"11, ","c1":"#79a620","l2":"12, ","c2":"#b59607","l3":"47, ","c3":"#4d4aba","l4":"49, ","c4":"#7c5001","l5":"61","c5":"#126804"},"geometry":{"type":"Point","coordinates":[23.966687,49.8616]}},{"type":"Feature","properties":{"lines":"6, 11, 12, 47, 49, 61","arr":["А06","А11","А12","А47","А49","А61"],"mode":"bus","angle":32.3,"extra":1,"ei":13,"l0":"6, ","c0":"#b0045c","l1":"11, ","c1":"#79a620","l2":"12, ","c2":"#b59607","l3":"47, ","c3":"#4d4aba","l4":"49, ","c4":"#7c5001","l5":"61","c5":"#126804"},"geometry":{"type":"Point","coordinates":[23.969144,49.860572]}},{"type":"Feature","properties":{"lines":"6, 11, 12, 47, 49, 61, 67","arr":["А06","А11","А12","А47","А49","А61","А67"],"mode":"bus","angle":33.8,"l0":"6, ","c0":"#b0045c","l1":"11, ","c1":"#79a620","l2":"12, ","c2":"#b59607","l3":"47, ","c3":"#4d4aba","l4":"49, ","c4":"#7c5001","l5":"61, ","c5":"#126804","l6":"67","c6":"#05617d"},"geometry":{"type":"Point","coordinates":[23.978576,49.856673]}},{"type":"Feature","properties":{"lines":"6, 11, 12, 47, 49, 61, 67","arr":["А06","А11","А12","А47","А49","А61","А67"],"mode":"bus","angle":32.6,"extra":1,"ei":0,"l0":"6, ","c0":"#b0045c","l1":"11, ","c1":"#79a620","l2":"12, ","c2":"#b59607","l3":"47, ","c3":"#4d4aba","l4":"49, ","c4":"#7c5001","l5":"61, ","c5":"#126804","l6":"67","c6":"#05617d"},"geometry":{"type":"Point","coordinates":[23.971595,49.859567]}},{"type":"Feature","properties":{"lines":"6, 11, 12, 47, 49, 61, 67","arr":["А06","А11","А12","А47","А49","А61","А67"],"mode":"bus","angle":32.7,"extra":1,"ei":1,"l0":"6, ","c0":"#b0045c","l1":"11, ","c1":"#79a620","l2":"12, ","c2":"#b59607","l3":"47, ","c3":"#4d4aba","l4":"49, ","c4":"#7c5001","l5":"61, ","c5":"#126804","l6":"67","c6":"#05617d"},"geometry":{"type":"Point","coordinates":[23.97406,49.858547]}},{"type":"Feature","properties":{"lines":"6, 11, 12, 47, 49, 61, 67","arr":["А06","А11","А12","А47","А49","А61","А67"],"mode":"bus","angle":32.7,"extra":1,"ei":2,"l0":"6, ","c0":"#b0045c","l1":"11, ","c1":"#79a620","l2":"12, ","c2":"#b59607","l3":"47, ","c3":"#4d4aba","l4":"49, ","c4":"#7c5001","l5":"61, ","c5":"#126804","l6":"67","c6":"#05617d"},"geometry":{"type":"Point","coordinates":[23.976526,49.857527]}},{"type":"Feature","properties":{"lines":"6, 11, 12, 47, 49, 61, 67","arr":["А06","А11","А12","А47","А49","А61","А67"],"mode":"bus","angle":32.8,"extra":1,"ei":3,"l0":"6, ","c0":"#b0045c","l1":"11, ","c1":"#79a620","l2":"12, ","c2":"#b59607","l3":"47, ","c3":"#4d4aba","l4":"49, ","c4":"#7c5001","l5":"61, ","c5":"#126804","l6":"67","c6":"#05617d"},"geometry":{"type":"Point","coordinates":[23.981417,49.855447]}},{"type":"Feature","properties":{"lines":"6, 11, 12, 47, 49, 61, 67","arr":["А06","А11","А12","А47","А49","А61","А67"],"mode":"bus","angle":33.2,"extra":1,"ei":4,"l0":"6, ","c0":"#b0045c","l1":"11, ","c1":"#79a620","l2":"12, ","c2":"#b59607","l3":"47, ","c3":"#4d4aba","l4":"49, ","c4":"#7c5001","l5":"61, ","c5":"#126804","l6":"67","c6":"#05617d"},"geometry":{"type":"Point","coordinates":[23.983869,49.854414]}},{"type":"Feature","properties":{"lines":"6, 11, 12, 47, 49, 61, 67","arr":["А06","А11","А12","А47","А49","А61","А67"],"mode":"bus","angle":12.1,"side":-1,"extra":1,"ei":5,"l0":"6, ","c0":"#b0045c","l1":"11, ","c1":"#79a620","l2":"12, ","c2":"#b59607","l3":"47, ","c3":"#4d4aba","l4":"49, ","c4":"#7c5001","l5":"61, ","c5":"#126804","l6":"67","c6":"#05617d"},"geometry":{"type":"Point","coordinates":[23.986398,49.853474]}},{"type":"Feature","properties":{"lines":"6, 11, 12, 47, 49","arr":["А06","А11","А12","А47","А49"],"mode":"bus","angle":35.5,"l0":"6, ","c0":"#b0045c","l1":"11, ","c1":"#79a620","l2":"12, ","c2":"#b59607","l3":"47, ","c3":"#4d4aba","l4":"49","c4":"#7c5001"},"geometry":{"type":"Point","coordinates":[23.928746,49.872889]}},{"type":"Feature","properties":{"lines":"7, 12, 19, 31, 34, 39, 41, 51, 56","arr":["А07","А12","А19","А31","А34","А39","А41","А51","А56"],"mode":"bus","angle":34.1,"l0":"7, ","c0":"#a72d06","l1":"12, ","c1":"#b59607","l2":"19, ","c2":"#ff5e9b","l3":"31, ","c3":"#11a2e3","l4":"34, ","c4":"#ab0377","l5":"39, ","c5":"#19a9a8","l6":"41, ","c6":"#e16cd6","l7":"51, ","c7":"#1cab97","l8":"56","c8":"#4d4aba"},"geometry":{"type":"Point","coordinates":[24.052588,49.871854]}},{"type":"Feature","properties":{"lines":"7, 12, 19, 31, 34, 39, 41, 51, 56","arr":["А07","А12","А19","А31","А34","А39","А41","А51","А56"],"mode":"bus","angle":33.9,"extra":1,"ei":0,"l0":"7, ","c0":"#a72d06","l1":"12, ","c1":"#b59607","l2":"19, ","c2":"#ff5e9b","l3":"31, ","c3":"#11a2e3","l4":"34, ","c4":"#ab0377","l5":"39, ","c5":"#19a9a8","l6":"41, ","c6":"#e16cd6","l7":"51, ","c7":"#1cab97","l8":"56","c8":"#4d4aba"},"geometry":{"type":"Point","coordinates":[24.054256,49.871119]}},{"type":"Feature","properties":{"lines":"7, 12, 19, 31, 34, 41, 51, 56","arr":["А07","А12","А19","А31","А34","А41","А51","А56"],"mode":"bus","angle":-8.7,"l0":"7, ","c0":"#a72d06","l1":"12, ","c1":"#b59607","l2":"19, ","c2":"#ff5e9b","l3":"31, ","c3":"#11a2e3","l4":"34, ","c4":"#ab0377","l5":"41, ","c5":"#e16cd6","l6":"51, ","c6":"#1cab97","l7":"56","c7":"#4d4aba"},"geometry":{"type":"Point","coordinates":[24.045903,49.872792]}},{"type":"Feature","properties":{"lines":"7, 12, 19, 31, 34, 41, 51, 56","arr":["А07","А12","А19","А31","А34","А41","А51","А56"],"mode":"bus","angle":-14.5,"extra":1,"ei":0,"l0":"7, ","c0":"#a72d06","l1":"12, ","c1":"#b59607","l2":"19, ","c2":"#ff5e9b","l3":"31, ","c3":"#11a2e3","l4":"34, ","c4":"#ab0377","l5":"41, ","c5":"#e16cd6","l6":"51, ","c6":"#1cab97","l7":"56","c7":"#4d4aba"},"geometry":{"type":"Point","coordinates":[24.043624,49.872499]}},{"type":"Feature","properties":{"lines":"7, 12, 19, 31, 34, 41, 51, 56","arr":["А07","А12","А19","А31","А34","А41","А51","А56"],"mode":"bus","angle":4,"extra":1,"ei":1,"l0":"7, ","c0":"#a72d06","l1":"12, ","c1":"#b59607","l2":"19, ","c2":"#ff5e9b","l3":"31, ","c3":"#11a2e3","l4":"34, ","c4":"#ab0377","l5":"41, ","c5":"#e16cd6","l6":"51, ","c6":"#1cab97","l7":"56","c7":"#4d4aba"},"geometry":{"type":"Point","coordinates":[24.049399,49.873088]}},{"type":"Feature","properties":{"lines":"7, 12, 17, 31, 34, 41, 46, 51, 55, 56, 84","arr":["А07","А12","А17","А31","А34","А41","А46","А51","А55","А56","А84"],"mode":"bus","angle":-14.7,"mi":2,"l0":"7, ","c0":"#a72d06","l1":"12, ","c1":"#b59607","l2":"17, ","c2":"#e47e2b","l3":"31, ","c3":"#11a2e3","l4":"34, ","c4":"#ab0377","l5":"41, ","c5":"#e16cd6","l6":"46, ","c6":"#02af5a","l7":"51, ","c7":"#1cab97","l8":"55, ","c8":"#6b5806","l9":"56, ","c9":"#4d4aba","l10":"84","c10":"#066559"},"geometry":{"type":"Point","coordinates":[24.032566,49.870673]}},{"type":"Feature","properties":{"lines":"7, 12, 17, 31, 34, 41, 46, 51, 55, 56, 84","arr":["А07","А12","А17","А31","А34","А41","А46","А51","А55","А56","А84"],"mode":"bus","angle":-14.2,"extra":1,"ei":0,"l0":"7, ","c0":"#a72d06","l1":"12, ","c1":"#b59607","l2":"17, ","c2":"#e47e2b","l3":"31, ","c3":"#11a2e3","l4":"34, ","c4":"#ab0377","l5":"41, ","c5":"#e16cd6","l6":"46, ","c6":"#02af5a","l7":"51, ","c7":"#1cab97","l8":"55, ","c8":"#6b5806","l9":"56, ","c9":"#4d4aba","l10":"84","c10":"#066559"},"geometry":{"type":"Point","coordinates":[24.040788,49.872025]}},{"type":"Feature","properties":{"lines":"7, 12, 17, 31, 34, 41, 46, 51, 55, 56, 84","arr":["А07","А12","А17","А31","А34","А41","А46","А51","А55","А56","А84"],"mode":"bus","angle":-14.4,"extra":1,"ei":1,"l0":"7, ","c0":"#a72d06","l1":"12, ","c1":"#b59607","l2":"17, ","c2":"#e47e2b","l3":"31, ","c3":"#11a2e3","l4":"34, ","c4":"#ab0377","l5":"41, ","c5":"#e16cd6","l6":"46, ","c6":"#02af5a","l7":"51, ","c7":"#1cab97","l8":"55, ","c8":"#6b5806","l9":"56, ","c9":"#4d4aba","l10":"84","c10":"#066559"},"geometry":{"type":"Point","coordinates":[24.03795,49.871558]}},{"type":"Feature","properties":{"lines":"7, 12, 17, 31, 34, 41, 46, 51, 55, 56, 84","arr":["А07","А12","А17","А31","А34","А41","А46","А51","А55","А56","А84"],"mode":"bus","angle":-14.2,"extra":1,"ei":2,"l0":"7, ","c0":"#a72d06","l1":"12, ","c1":"#b59607","l2":"17, ","c2":"#e47e2b","l3":"31, ","c3":"#11a2e3","l4":"34, ","c4":"#ab0377","l5":"41, ","c5":"#e16cd6","l6":"46, ","c6":"#02af5a","l7":"51, ","c7":"#1cab97","l8":"55, ","c8":"#6b5806","l9":"56, ","c9":"#4d4aba","l10":"84","c10":"#066559"},"geometry":{"type":"Point","coordinates":[24.035112,49.871089]}},{"type":"Feature","properties":{"lines":"7, 12, 17, 31, 34, 41, 46, 51, 55, 56, 84","arr":["А07","А12","А17","А31","А34","А41","А46","А51","А55","А56","А84"],"mode":"bus","angle":-14.4,"extra":1,"ei":3,"l0":"7, ","c0":"#a72d06","l1":"12, ","c1":"#b59607","l2":"17, ","c2":"#e47e2b","l3":"31, ","c3":"#11a2e3","l4":"34, ","c4":"#ab0377","l5":"41, ","c5":"#e16cd6","l6":"46, ","c6":"#02af5a","l7":"51, ","c7":"#1cab97","l8":"55, ","c8":"#6b5806","l9":"56, ","c9":"#4d4aba","l10":"84","c10":"#066559"},"geometry":{"type":"Point","coordinates":[24.029433,49.870157]}},{"type":"Feature","properties":{"lines":"7, 12, 17, 31, 34, 41, 46, 51, 55, 56, 84","arr":["А07","А12","А17","А31","А34","А41","А46","А51","А55","А56","А84"],"mode":"bus","angle":-14.2,"extra":1,"ei":4,"l0":"7, ","c0":"#a72d06","l1":"12, ","c1":"#b59607","l2":"17, ","c2":"#e47e2b","l3":"31, ","c3":"#11a2e3","l4":"34, ","c4":"#ab0377","l5":"41, ","c5":"#e16cd6","l6":"46, ","c6":"#02af5a","l7":"51, ","c7":"#1cab97","l8":"55, ","c8":"#6b5806","l9":"56, ","c9":"#4d4aba","l10":"84","c10":"#066559"},"geometry":{"type":"Point","coordinates":[24.026594,49.869691]}},{"type":"Feature","properties":{"lines":"7, 12, 17, 31, 34, 41, 46, 51, 55, 56, 84","arr":["А07","А12","А17","А31","А34","А41","А46","А51","А55","А56","А84"],"mode":"bus","angle":-9.5,"extra":1,"ei":5,"l0":"7, ","c0":"#a72d06","l1":"12, ","c1":"#b59607","l2":"17, ","c2":"#e47e2b","l3":"31, ","c3":"#11a2e3","l4":"34, ","c4":"#ab0377","l5":"41, ","c5":"#e16cd6","l6":"46, ","c6":"#02af5a","l7":"51, ","c7":"#1cab97","l8":"55, ","c8":"#6b5806","l9":"56, ","c9":"#4d4aba","l10":"84","c10":"#066559"},"geometry":{"type":"Point","coordinates":[24.023755,49.869224]}},{"type":"Feature","properties":{"lines":"7, 12, 17, 31, 34, 41, 46, 51, 55, 56, 84","arr":["А07","А12","А17","А31","А34","А41","А46","А51","А55","А56","А84"],"mode":"bus","angle":34.1,"l0":"7, ","c0":"#a72d06","l1":"12, ","c1":"#b59607","l2":"17, ","c2":"#e47e2b","l3":"31, ","c3":"#11a2e3","l4":"34, ","c4":"#ab0377","l5":"41, ","c5":"#e16cd6","l6":"46, ","c6":"#02af5a","l7":"51, ","c7":"#1cab97","l8":"55, ","c8":"#6b5806","l9":"56, ","c9":"#4d4aba","l10":"84","c10":"#066559"},"geometry":{"type":"Point","coordinates":[24.021181,49.870028]}},{"type":"Feature","properties":{"lines":"7, 12, 17, 31, 34, 41, 46, 51, 55, 56, 84","arr":["А07","А12","А17","А31","А34","А41","А46","А51","А55","А56","А84"],"mode":"bus","angle":-14.7,"side":-1,"mi":1,"l0":"7, ","c0":"#a72d06","l1":"12, ","c1":"#b59607","l2":"17, ","c2":"#e47e2b","l3":"31, ","c3":"#11a2e3","l4":"34, ","c4":"#ab0377","l5":"41, ","c5":"#e16cd6","l6":"46, ","c6":"#02af5a","l7":"51, ","c7":"#1cab97","l8":"55, ","c8":"#6b5806","l9":"56, ","c9":"#4d4aba","l10":"84","c10":"#066559"},"geometry":{"type":"Point","coordinates":[24.019122,49.870812]}},{"type":"Feature","properties":{"lines":"7, 8а, 12, 17, 22, 31, 34, 41, 46, 51, 55, 56, 84","arr":["А07","А08а","А12","А17","А22","А31","А34","А41","А46","А51","А55","А56","А84"],"mode":"bus","angle":-73.9,"l0":"7, ","c0":"#a72d06","l1":"8а, ","c1":"#126804","l2":"12, ","c2":"#b59607","l3":"17, ","c3":"#e47e2b","l4":"22, ","c4":"#ff627e","l5":"31, ","c5":"#11a2e3","l6":"34, ","c6":"#ab0377","l7":"41, ","c7":"#e16cd6","l8":"46, ","c8":"#02af5a","l9":"51, ","c9":"#1cab97","l10":"55, ","c10":"#6b5806","l11":"56, ","c11":"#4d4aba","l12":"84","c12":"#066559"},"geometry":{"type":"Point","coordinates":[24.018247,49.869363]}},{"type":"Feature","properties":{"lines":"7, 8а, 12, 17, 22, 31, 41, 46, 51, 55, 56, 84","arr":["А07","А08а","А12","А17","А22","А31","А41","А46","А51","А55","А56","А84"],"mode":"bus","angle":-44.6,"l0":"7, ","c0":"#a72d06","l1":"8а, ","c1":"#126804","l2":"12, ","c2":"#b59607","l3":"17, ","c3":"#e47e2b","l4":"22, ","c4":"#ff627e","l5":"31, ","c5":"#11a2e3","l6":"41, ","c6":"#e16cd6","l7":"46, ","c7":"#02af5a","l8":"51, ","c8":"#1cab97","l9":"55, ","c9":"#6b5806","l10":"56, ","c10":"#4d4aba","l11":"84","c11":"#066559"},"geometry":{"type":"Point","coordinates":[24.016646,49.867916]}},{"type":"Feature","properties":{"lines":"7, 8а, 12, 17, 21, 31, 37, 41, 46, 47, 55, 56, 84","arr":["А07","А08а","А12","А17","А21","А31","А37","А41","А46","А47","А55","А56","А84"],"mode":"bus","angle":72.3,"l0":"7, ","c0":"#a72d06","l1":"8а, ","c1":"#126804","l2":"12, ","c2":"#b59607","l3":"17, ","c3":"#e47e2b","l4":"21, ","c4":"#a72d06","l5":"31, ","c5":"#11a2e3","l6":"37, ","c6":"#ab0377","l7":"41, ","c7":"#e16cd6","l8":"46, ","c8":"#02af5a","l9":"47, ","c9":"#4d4aba","l10":"55, ","c10":"#6b5806","l11":"56, ","c11":"#4d4aba","l12":"84","c12":"#066559"},"geometry":{"type":"Point","coordinates":[24.016087,49.866809]}},{"type":"Feature","properties":{"lines":"7, 8а, 17, 21, 22, 31, 34, 37, 41, 46, 47, 51, 52, 55, 56, 84","arr":["А07","А08а","А17","А21","А22","А31","А34","А37","А41","А46","А47","А51","А52","А55","А56","А84"],"mode":"bus","angle":71,"side":-1,"l0":"7, ","c0":"#a72d06","l1":"8а, ","c1":"#126804","l2":"17, ","c2":"#e47e2b","l3":"21, ","c3":"#a72d06","l4":"22, ","c4":"#ff627e","l5":"31, ","c5":"#11a2e3","l6":"34, ","c6":"#ab0377","l7":"37, ","c7":"#ab0377","l8":"41, ","c8":"#e16cd6","l9":"46, ","c9":"#02af5a","l10":"47, ","c10":"#4d4aba","l11":"51, ","c11":"#1cab97","l12":"52, ","c12":"#ff5e9b","l13":"55, ","c13":"#6b5806","l14":"56, ","c14":"#4d4aba","l15":"84","c15":"#066559"},"geometry":{"type":"Point","coordinates":[24.018829,49.861652]}},{"type":"Feature","properties":{"lines":"7, 8а, 17, 21, 22, 31, 34, 37, 41, 46, 47, 51, 52, 55, 56, 84","arr":["А07","А08а","А17","А21","А22","А31","А34","А37","А41","А46","А47","А51","А52","А55","А56","А84"],"mode":"bus","angle":71.6,"side":-1,"extra":1,"ei":0,"l0":"7, ","c0":"#a72d06","l1":"8а, ","c1":"#126804","l2":"17, ","c2":"#e47e2b","l3":"21, ","c3":"#a72d06","l4":"22, ","c4":"#ff627e","l5":"31, ","c5":"#11a2e3","l6":"34, ","c6":"#ab0377","l7":"37, ","c7":"#ab0377","l8":"41, ","c8":"#e16cd6","l9":"46, ","c9":"#02af5a","l10":"47, ","c10":"#4d4aba","l11":"51, ","c11":"#1cab97","l12":"52, ","c12":"#ff5e9b","l13":"55, ","c13":"#6b5806","l14":"56, ","c14":"#4d4aba","l15":"84","c15":"#066559"},"geometry":{"type":"Point","coordinates":[24.016748,49.865543]}},{"type":"Feature","properties":{"lines":"7, 8а, 17, 21, 22, 31, 34, 37, 41, 46, 47, 51, 52, 55, 56, 84","arr":["А07","А08а","А17","А21","А22","А31","А34","А37","А41","А46","А47","А51","А52","А55","А56","А84"],"mode":"bus","angle":70.8,"side":-1,"extra":1,"ei":1,"l0":"7, ","c0":"#a72d06","l1":"8а, ","c1":"#126804","l2":"17, ","c2":"#e47e2b","l3":"21, ","c3":"#a72d06","l4":"22, ","c4":"#ff627e","l5":"31, ","c5":"#11a2e3","l6":"34, ","c6":"#ab0377","l7":"37, ","c7":"#ab0377","l8":"41, ","c8":"#e16cd6","l9":"46, ","c9":"#02af5a","l10":"47, ","c10":"#4d4aba","l11":"51, ","c11":"#1cab97","l12":"52, ","c12":"#ff5e9b","l13":"55, ","c13":"#6b5806","l14":"56, ","c14":"#4d4aba","l15":"84","c15":"#066559"},"geometry":{"type":"Point","coordinates":[24.017705,49.863758]}},{"type":"Feature","properties":{"lines":"7, 8а, 17, 21, 22, 31, 34, 37, 41, 46, 47, 51, 52, 55, 56, 84","arr":["А07","А08а","А17","А21","А22","А31","А34","А37","А41","А46","А47","А51","А52","А55","А56","А84"],"mode":"bus","angle":70,"side":-1,"extra":1,"ei":2,"l0":"7, ","c0":"#a72d06","l1":"8а, ","c1":"#126804","l2":"17, ","c2":"#e47e2b","l3":"21, ","c3":"#a72d06","l4":"22, ","c4":"#ff627e","l5":"31, ","c5":"#11a2e3","l6":"34, ","c6":"#ab0377","l7":"37, ","c7":"#ab0377","l8":"41, ","c8":"#e16cd6","l9":"46, ","c9":"#02af5a","l10":"47, ","c10":"#4d4aba","l11":"51, ","c11":"#1cab97","l12":"52, ","c12":"#ff5e9b","l13":"55, ","c13":"#6b5806","l14":"56, ","c14":"#4d4aba","l15":"84","c15":"#066559"},"geometry":{"type":"Point","coordinates":[24.019612,49.860187]}},{"type":"Feature","properties":{"lines":"7, 8а, 17, 21, 22, 31, 34, 37, 41, 46, 47, 51, 52, 55, 56, 84","arr":["А07","А08а","А17","А21","А22","А31","А34","А37","А41","А46","А47","А51","А52","А55","А56","А84"],"mode":"bus","angle":71.2,"side":-1,"extra":1,"ei":3,"l0":"7, ","c0":"#a72d06","l1":"8а, ","c1":"#126804","l2":"17, ","c2":"#e47e2b","l3":"21, ","c3":"#a72d06","l4":"22, ","c4":"#ff627e","l5":"31, ","c5":"#11a2e3","l6":"34, ","c6":"#ab0377","l7":"37, ","c7":"#ab0377","l8":"41, ","c8":"#e16cd6","l9":"46, ","c9":"#02af5a","l10":"47, ","c10":"#4d4aba","l11":"51, ","c11":"#1cab97","l12":"52, ","c12":"#ff5e9b","l13":"55, ","c13":"#6b5806","l14":"56, ","c14":"#4d4aba","l15":"84","c15":"#066559"},"geometry":{"type":"Point","coordinates":[24.020559,49.8584]}},{"type":"Feature","properties":{"lines":"7, 20, 25, 34, 51, 84, 22, 27, 30, 32, 38","arr":["А07","А20","А25","А34","А51","А84","Тр22","Тр27","Тр30","Тр32","Тр38"],"mode":"bus","angle":-9.6,"l0":"7, ","c0":"#a72d06","l1":"20, ","c1":"#2d8c1b","l2":"25, ","c2":"#4d4aba","l3":"34, ","c3":"#ab0377","l4":"51, ","c4":"#1cab97","l5":"84, ","c5":"#066559","l6":"22, ","c6":"#ff627e","l7":"27, ","c7":"#7b3aa8","l8":"30, ","c8":"#6b5806","l9":"32, ","c9":"#11a2e3","l10":"38","c10":"#076734"},"geometry":{"type":"Point","coordinates":[24.0034,49.837583]}},{"type":"Feature","properties":{"lines":"7, 10, 15, 20, 25, 33, 34, 43, 51, 52, 84, 92, 22, 27, 30, 32, 38","arr":["А07","А10","А15","А20","А25","А33","А34","А43","А51","А52","А84","А92","Тр22","Тр27","Тр30","Тр32","Тр38"],"mode":"bus","angle":-24.8,"l0":"7, ","c0":"#a72d06","l1":"10, ","c1":"#52ac3c","l2":"15, ","c2":"#fe6761","l3":"20, ","c3":"#2d8c1b","l4":"25, ","c4":"#4d4aba","l5":"33, ","c5":"#ab0377","l6":"34, ","c6":"#ab0377","l7":"43, ","c7":"#0357b2","l8":"51, ","c8":"#1cab97","l9":"52, ","c9":"#ff5e9b","l10":"84, ","c10":"#066559","l11":"92, ","c11":"#52ac3c","l12":"22, ","c12":"#ff627e","l13":"27, ","c13":"#7b3aa8","l14":"30, ","c14":"#6b5806","l15":"32, ","c15":"#11a2e3","l16":"38","c16":"#076734"},"geometry":{"type":"Point","coordinates":[24.00149,49.836732]}},{"type":"Feature","properties":{"lines":"7, 10, 15, 16, 20, 25, 32, 33, 34, 43, 49, 51, 52, 84, 92, 22, 27, 30, 38","arr":["А07","А10","А15","А16","А20","А25","А32","А33","А34","А43","А49","А51","А52","А84","А92","Тр22","Тр27","Тр30","Тр32","Тр38"],"mode":"bus","angle":2,"l0":"7, ","c0":"#a72d06","l1":"10, ","c1":"#52ac3c","l2":"15, ","c2":"#fe6761","l3":"16, ","c3":"#f57145","l4":"20, ","c4":"#2d8c1b","l5":"25, ","c5":"#4d4aba","l6":"32, ","c6":"#9789ff","l7":"33, ","c7":"#ab0377","l8":"34, ","c8":"#ab0377","l9":"43, ","c9":"#0357b2","l10":"49, ","c10":"#7c5001","l11":"51, ","c11":"#1cab97","l12":"52, ","c12":"#ff5e9b","l13":"84, ","c13":"#066559","l14":"92, ","c14":"#52ac3c","l15":"22, ","c15":"#ff627e","l16":"27, ","c16":"#7b3aa8","l17":"30, ","c17":"#6b5806","l18":"32, ","c18":"#11a2e3","l19":"38","c19":"#076734"},"geometry":{"type":"Point","coordinates":[23.992049,49.835544]}},{"type":"Feature","properties":{"lines":"7, 10, 15, 16, 20, 25, 32, 33, 34, 43, 49, 51, 52, 84, 92, 22, 27, 30, 38","arr":["А07","А10","А15","А16","А20","А25","А32","А33","А34","А43","А49","А51","А52","А84","А92","Тр22","Тр27","Тр30","Тр32","Тр38"],"mode":"bus","angle":-14.6,"mi":1,"l0":"7, ","c0":"#a72d06","l1":"10, ","c1":"#52ac3c","l2":"15, ","c2":"#fe6761","l3":"16, ","c3":"#f57145","l4":"20, ","c4":"#2d8c1b","l5":"25, ","c5":"#4d4aba","l6":"32, ","c6":"#9789ff","l7":"33, ","c7":"#ab0377","l8":"34, ","c8":"#ab0377","l9":"43, ","c9":"#0357b2","l10":"49, ","c10":"#7c5001","l11":"51, ","c11":"#1cab97","l12":"52, ","c12":"#ff5e9b","l13":"84, ","c13":"#066559","l14":"92, ","c14":"#52ac3c","l15":"22, ","c15":"#ff627e","l16":"27, ","c16":"#7b3aa8","l17":"30, ","c17":"#6b5806","l18":"32, ","c18":"#11a2e3","l19":"38","c19":"#076734"},"geometry":{"type":"Point","coordinates":[24.000185,49.836502]}},{"type":"Feature","properties":{"lines":"7, 10, 16, 20, 25, 32, 33, 34, 43, 49, 51, 52, 84, 92, 22, 27, 30, 38","arr":["А07","А10","А16","А20","А25","А32","А33","А34","А43","А49","А51","А52","А84","А92","Тр22","Тр27","Тр30","Тр32","Тр38"],"mode":"bus","angle":-15.2,"l0":"7, ","c0":"#a72d06","l1":"10, ","c1":"#52ac3c","l2":"16, ","c2":"#f57145","l3":"20, ","c3":"#2d8c1b","l4":"25, ","c4":"#4d4aba","l5":"32, ","c5":"#9789ff","l6":"33, ","c6":"#ab0377","l7":"34, ","c7":"#ab0377","l8":"43, ","c8":"#0357b2","l9":"49, ","c9":"#7c5001","l10":"51, ","c10":"#1cab97","l11":"52, ","c11":"#ff5e9b","l12":"84, ","c12":"#066559","l13":"92, ","c13":"#52ac3c","l14":"22, ","c14":"#ff627e","l15":"27, ","c15":"#7b3aa8","l16":"30, ","c16":"#6b5806","l17":"32, ","c17":"#11a2e3","l18":"38","c18":"#076734"},"geometry":{"type":"Point","coordinates":[23.998736,49.836257]}},{"type":"Feature","properties":{"lines":"7, 10, 16, 20, 25, 32, 33, 34, 43, 49, 52, 84, 92, 22, 27, 30, 38","arr":["А07","А10","А16","А20","А25","А32","А33","А34","А43","А49","А52","А84","А92","Тр22","Тр27","Тр30","Тр32","Тр38"],"mode":"bus","angle":-15.4,"l0":"7, ","c0":"#a72d06","l1":"10, ","c1":"#52ac3c","l2":"16, ","c2":"#f57145","l3":"20, ","c3":"#2d8c1b","l4":"25, ","c4":"#4d4aba","l5":"32, ","c5":"#9789ff","l6":"33, ","c6":"#ab0377","l7":"34, ","c7":"#ab0377","l8":"43, ","c8":"#0357b2","l9":"49, ","c9":"#7c5001","l10":"52, ","c10":"#ff5e9b","l11":"84, ","c11":"#066559","l12":"92, ","c12":"#52ac3c","l13":"22, ","c13":"#ff627e","l14":"27, ","c14":"#7b3aa8","l15":"30, ","c15":"#6b5806","l16":"32, ","c16":"#11a2e3","l17":"38","c17":"#076734"},"geometry":{"type":"Point","coordinates":[23.996924,49.835936]}},{"type":"Feature","properties":{"lines":"7, 10, 15, 16, 20, 25, 32, 33, 34, 43, 49, 52, 84, 92, 22, 27, 30, 38","arr":["А07","А10","А15","А16","А20","А25","А32","А33","А34","А43","А49","А52","А84","А92","Тр22","Тр27","Тр30","Тр32","Тр38"],"mode":"bus","angle":-15.4,"l0":"7, ","c0":"#a72d06","l1":"10, ","c1":"#52ac3c","l2":"15, ","c2":"#fe6761","l3":"16, ","c3":"#f57145","l4":"20, ","c4":"#2d8c1b","l5":"25, ","c5":"#4d4aba","l6":"32, ","c6":"#9789ff","l7":"33, ","c7":"#ab0377","l8":"34, ","c8":"#ab0377","l9":"43, ","c9":"#0357b2","l10":"49, ","c10":"#7c5001","l11":"52, ","c11":"#ff5e9b","l12":"84, ","c12":"#066559","l13":"92, ","c13":"#52ac3c","l14":"22, ","c14":"#ff627e","l15":"27, ","c15":"#7b3aa8","l16":"30, ","c16":"#6b5806","l17":"32, ","c17":"#11a2e3","l18":"38","c18":"#076734"},"geometry":{"type":"Point","coordinates":[23.995091,49.83561]}},{"type":"Feature","properties":{"lines":"7, 10, 25, 33, 51, 22, 30, 38","arr":["А07","А10","А25","А33","А51","Тр22","Тр30","Тр38"],"mode":"bus","angle":-89.4,"l0":"7, ","c0":"#a72d06","l1":"10, ","c1":"#52ac3c","l2":"25, ","c2":"#4d4aba","l3":"33, ","c3":"#ab0377","l4":"51, ","c4":"#1cab97","l5":"22, ","c5":"#ff627e","l6":"30, ","c6":"#6b5806","l7":"38","c7":"#076734"},"geometry":{"type":"Point","coordinates":[23.990786,49.831741]}},{"type":"Feature","properties":{"lines":"7, 10, 25, 33, 51, 22, 30, 38","arr":["А07","А10","А25","А33","А51","Тр22","Тр30","Тр38"],"mode":"bus","angle":-88.6,"side":-1,"extra":1,"ei":0,"l0":"7, ","c0":"#a72d06","l1":"10, ","c1":"#52ac3c","l2":"25, ","c2":"#4d4aba","l3":"33, ","c3":"#ab0377","l4":"51, ","c4":"#1cab97","l5":"22, ","c5":"#ff627e","l6":"30, ","c6":"#6b5806","l7":"38","c7":"#076734"},"geometry":{"type":"Point","coordinates":[23.990782,49.833731]}},{"type":"Feature","properties":{"lines":"7, 10, 25, 33, 51, 22, 30, 38","arr":["А07","А10","А25","А33","А51","Тр22","Тр30","Тр38"],"mode":"bus","angle":-81.9,"extra":1,"ei":1,"l0":"7, ","c0":"#a72d06","l1":"10, ","c1":"#52ac3c","l2":"25, ","c2":"#4d4aba","l3":"33, ","c3":"#ab0377","l4":"51, ","c4":"#1cab97","l5":"22, ","c5":"#ff627e","l6":"30, ","c6":"#6b5806","l7":"38","c7":"#076734"},"geometry":{"type":"Point","coordinates":[23.990438,49.82997]}},{"type":"Feature","properties":{"lines":"7, 10, 25, 22, 38","arr":["А07","А10","А25","Тр22","Тр38"],"mode":"bus","angle":-85.9,"l0":"7, ","c0":"#a72d06","l1":"10, ","c1":"#52ac3c","l2":"25, ","c2":"#4d4aba","l3":"22, ","c3":"#ff627e","l4":"38","c4":"#076734"},"geometry":{"type":"Point","coordinates":[23.989996,49.827116]}},{"type":"Feature","properties":{"lines":"7, 10, 22, 38","arr":["А07","А10","Тр22","Тр38"],"mode":"bus","angle":-77.1,"l0":"7, ","c0":"#a72d06","l1":"10, ","c1":"#52ac3c","l2":"22, ","c2":"#ff627e","l3":"38","c3":"#076734"},"geometry":{"type":"Point","coordinates":[23.988228,49.820114]}},{"type":"Feature","properties":{"lines":"7, 10, 22, 38","arr":["А07","А10","Тр22","Тр38"],"mode":"bus","angle":-80,"extra":1,"ei":0,"l0":"7, ","c0":"#a72d06","l1":"10, ","c1":"#52ac3c","l2":"22, ","c2":"#ff627e","l3":"38","c3":"#076734"},"geometry":{"type":"Point","coordinates":[23.989531,49.824468]}},{"type":"Feature","properties":{"lines":"7, 10, 22, 38","arr":["А07","А10","Тр22","Тр38"],"mode":"bus","angle":-79.5,"extra":1,"ei":1,"l0":"7, ","c0":"#a72d06","l1":"10, ","c1":"#52ac3c","l2":"22, ","c2":"#ff627e","l3":"38","c3":"#076734"},"geometry":{"type":"Point","coordinates":[23.989011,49.822609]}},{"type":"Feature","properties":{"lines":"7, 10, 22, 38","arr":["А07","А10","Тр22","Тр38"],"mode":"bus","angle":-73.3,"extra":1,"ei":2,"l0":"7, ","c0":"#a72d06","l1":"10, ","c1":"#52ac3c","l2":"22, ","c2":"#ff627e","l3":"38","c3":"#076734"},"geometry":{"type":"Point","coordinates":[23.987788,49.818916]}},{"type":"Feature","properties":{"lines":"7, 10, 22, 38","arr":["А07","А10","Тр22","Тр38"],"mode":"bus","angle":-70.1,"extra":1,"ei":3,"l0":"7, ","c0":"#a72d06","l1":"10, ","c1":"#52ac3c","l2":"22, ","c2":"#ff627e","l3":"38","c3":"#076734"},"geometry":{"type":"Point","coordinates":[23.98682,49.817134]}},{"type":"Feature","properties":{"lines":"7, 10, 22, 38","arr":["А07","А10","Тр22","Тр38"],"mode":"bus","angle":-70.1,"extra":1,"ei":4,"l0":"7, ","c0":"#a72d06","l1":"10, ","c1":"#52ac3c","l2":"22, ","c2":"#ff627e","l3":"38","c3":"#076734"},"geometry":{"type":"Point","coordinates":[23.985833,49.815356]}},{"type":"Feature","properties":{"lines":"7, 10, 33, 22, 38","arr":["А07","А10","А33","Тр22","Тр38"],"mode":"bus","angle":-70.6,"l0":"7, ","c0":"#a72d06","l1":"10, ","c1":"#52ac3c","l2":"33, ","c2":"#ab0377","l3":"22, ","c3":"#ff627e","l4":"38","c4":"#076734"},"geometry":{"type":"Point","coordinates":[23.984887,49.813684]}},{"type":"Feature","properties":{"lines":"7, 10, 11, 14, 16, 18, 21, 23, 33, 48, 51, 38","arr":["А07","А10","А11","А14","А16","А18","А21","А23","А33","А48","А51","Тр38"],"mode":"bus","angle":36.9,"l0":"7, ","c0":"#a72d06","l1":"10, ","c1":"#52ac3c","l2":"11, ","c2":"#79a620","l3":"14, ","c3":"#cf8a11","l4":"16, ","c4":"#f57145","l5":"18, ","c5":"#b20b42","l6":"21, ","c6":"#a72d06","l7":"23, ","c7":"#03636c","l8":"33, ","c8":"#ab0377","l9":"48, ","c9":"#05617d","l10":"51, ","c10":"#1cab97","l11":"38","c11":"#076734"},"geometry":{"type":"Point","coordinates":[23.984823,49.812057]}},{"type":"Feature","properties":{"lines":"7, 10, 11, 14, 16, 18, 21, 23, 33, 48, 51, 38","arr":["А07","А10","А11","А14","А16","А18","А21","А23","А33","А48","А51","Тр23","Тр38"],"mode":"bus","angle":-19,"side":-1,"l0":"7, ","c0":"#a72d06","l1":"10, ","c1":"#52ac3c","l2":"11, ","c2":"#79a620","l3":"14, ","c3":"#cf8a11","l4":"16, ","c4":"#f57145","l5":"18, ","c5":"#b20b42","l6":"21, ","c6":"#a72d06","l7":"23, ","c7":"#03636c","l8":"33, ","c8":"#ab0377","l9":"48, ","c9":"#05617d","l10":"51, ","c10":"#1cab97","l11":"23, ","c11":"#992492","l12":"38","c12":"#076734"},"geometry":{"type":"Point","coordinates":[23.984764,49.81183]}},{"type":"Feature","properties":{"lines":"7, 10, 11, 14, 18, 21, 23, 25, 27, 32, 33, 51, 22","arr":["А07","А10","А11","А14","А18","А21","А23","А25","А27","А32","А33","А51","Тр22","Тр23"],"mode":"bus","angle":-0.6,"l0":"7, ","c0":"#a72d06","l1":"10, ","c1":"#52ac3c","l2":"11, ","c2":"#79a620","l3":"14, ","c3":"#cf8a11","l4":"18, ","c4":"#b20b42","l5":"21, ","c5":"#a72d06","l6":"23, ","c6":"#03636c","l7":"25, ","c7":"#4d4aba","l8":"27, ","c8":"#11a2e3","l9":"32, ","c9":"#9789ff","l10":"33, ","c10":"#ab0377","l11":"51, ","c11":"#1cab97","l12":"22, ","c12":"#ff627e","l13":"23","c13":"#992492"},"geometry":{"type":"Point","coordinates":[23.983601,49.811281]}},{"type":"Feature","properties":{"lines":"7, 10, 14, 23, 25, 27, 32, 33, 22","arr":["А07","А10","А14","А23","А25","А27","А32","А33","Тр22"],"mode":"bus","angle":-75.9,"l0":"7, ","c0":"#a72d06","l1":"10, ","c1":"#52ac3c","l2":"14, ","c2":"#cf8a11","l3":"23, ","c3":"#03636c","l4":"25, ","c4":"#4d4aba","l5":"27, ","c5":"#11a2e3","l6":"32, ","c6":"#9789ff","l7":"33, ","c7":"#ab0377","l8":"22","c8":"#ff627e"},"geometry":{"type":"Point","coordinates":[23.982314,49.808797]}},{"type":"Feature","properties":{"lines":"7, 10, 14, 23, 25, 27, 32, 33, 22","arr":["А07","А10","А14","А23","А25","А27","А32","А33","Тр22"],"mode":"bus","angle":-70.3,"extra":1,"ei":0,"l0":"7, ","c0":"#a72d06","l1":"10, ","c1":"#52ac3c","l2":"14, ","c2":"#cf8a11","l3":"23, ","c3":"#03636c","l4":"25, ","c4":"#4d4aba","l5":"27, ","c5":"#11a2e3","l6":"32, ","c6":"#9789ff","l7":"33, ","c7":"#ab0377","l8":"22","c8":"#ff627e"},"geometry":{"type":"Point","coordinates":[23.983075,49.81037]}},{"type":"Feature","properties":{"lines":"7, 10, 14, 23, 25, 27, 32, 33, 22","arr":["А07","А10","А14","А23","А25","А27","А32","А33","Тр22"],"mode":"bus","angle":-81.9,"extra":1,"ei":1,"l0":"7, ","c0":"#a72d06","l1":"10, ","c1":"#52ac3c","l2":"14, ","c2":"#cf8a11","l3":"23, ","c3":"#03636c","l4":"25, ","c4":"#4d4aba","l5":"27, ","c5":"#11a2e3","l6":"32, ","c6":"#9789ff","l7":"33, ","c7":"#ab0377","l8":"22","c8":"#ff627e"},"geometry":{"type":"Point","coordinates":[23.981643,49.806717]}},{"type":"Feature","properties":{"lines":"7, 10, 14, 23, 25, 27, 32, 33, 45, 51, 22","arr":["А07","А10","А14","А23","А25","А27","А32","А33","А45","А51","Тр22"],"mode":"bus","angle":9,"mi":3,"l0":"7, ","c0":"#a72d06","l1":"10, ","c1":"#52ac3c","l2":"14, ","c2":"#cf8a11","l3":"23, ","c3":"#03636c","l4":"25, ","c4":"#4d4aba","l5":"27, ","c5":"#11a2e3","l6":"32, ","c6":"#9789ff","l7":"33, ","c7":"#ab0377","l8":"45, ","c8":"#5a5d02","l9":"51, ","c9":"#1cab97","l10":"22","c10":"#ff627e"},"geometry":{"type":"Point","coordinates":[23.991095,49.804737]}},{"type":"Feature","properties":{"lines":"7, 10, 14, 23, 25, 27, 32, 33, 45, 51, 22","arr":["А07","А10","А14","А23","А25","А27","А32","А33","А45","А51","Тр22"],"mode":"bus","angle":9.1,"side":-1,"mi":2,"l0":"7, ","c0":"#a72d06","l1":"10, ","c1":"#52ac3c","l2":"14, ","c2":"#cf8a11","l3":"23, ","c3":"#03636c","l4":"25, ","c4":"#4d4aba","l5":"27, ","c5":"#11a2e3","l6":"32, ","c6":"#9789ff","l7":"33, ","c7":"#ab0377","l8":"45, ","c8":"#5a5d02","l9":"51, ","c9":"#1cab97","l10":"22","c10":"#ff627e"},"geometry":{"type":"Point","coordinates":[23.984163,49.805261]}},{"type":"Feature","properties":{"lines":"7, 10, 14, 23, 25, 27, 32, 33, 45, 51, 22","arr":["А07","А10","А14","А23","А25","А27","А32","А33","А45","А51","Тр22"],"mode":"bus","angle":9.1,"extra":1,"ei":0,"l0":"7, ","c0":"#a72d06","l1":"10, ","c1":"#52ac3c","l2":"14, ","c2":"#cf8a11","l3":"23, ","c3":"#03636c","l4":"25, ","c4":"#4d4aba","l5":"27, ","c5":"#11a2e3","l6":"32, ","c6":"#9789ff","l7":"33, ","c7":"#ab0377","l8":"45, ","c8":"#5a5d02","l9":"51, ","c9":"#1cab97","l10":"22","c10":"#ff627e"},"geometry":{"type":"Point","coordinates":[23.986116,49.80506]}},{"type":"Feature","properties":{"lines":"7, 10, 14, 23, 25, 27, 32, 33, 45, 51, 22","arr":["А07","А10","А14","А23","А25","А27","А32","А33","А45","А51","Тр22"],"mode":"bus","angle":8.8,"side":-1,"extra":1,"ei":0,"l0":"7, ","c0":"#a72d06","l1":"10, ","c1":"#52ac3c","l2":"14, ","c2":"#cf8a11","l3":"23, ","c3":"#03636c","l4":"25, ","c4":"#4d4aba","l5":"27, ","c5":"#11a2e3","l6":"32, ","c6":"#9789ff","l7":"33, ","c7":"#ab0377","l8":"45, ","c8":"#5a5d02","l9":"51, ","c9":"#1cab97","l10":"22","c10":"#ff627e"},"geometry":{"type":"Point","coordinates":[23.9952,49.804163]}},{"type":"Feature","properties":{"lines":"7, 10, 14, 23, 25, 27, 32, 33, 45, 51, 22","arr":["А07","А10","А14","А23","А25","А27","А32","А33","А45","А51","Тр22"],"mode":"bus","angle":9,"extra":1,"ei":0,"l0":"7, ","c0":"#a72d06","l1":"10, ","c1":"#52ac3c","l2":"14, ","c2":"#cf8a11","l3":"23, ","c3":"#03636c","l4":"25, ","c4":"#4d4aba","l5":"27, ","c5":"#11a2e3","l6":"32, ","c6":"#9789ff","l7":"33, ","c7":"#ab0377","l8":"45, ","c8":"#5a5d02","l9":"51, ","c9":"#1cab97","l10":"22","c10":"#ff627e"},"geometry":{"type":"Point","coordinates":[23.988368,49.805015]}},{"type":"Feature","properties":{"lines":"7, 10, 14, 23, 25, 27, 32, 33, 45, 51, 22","arr":["А07","А10","А14","А23","А25","А27","А32","А33","А45","А51","Тр22"],"mode":"bus","angle":9.3,"side":-1,"l0":"7, ","c0":"#a72d06","l1":"10, ","c1":"#52ac3c","l2":"14, ","c2":"#cf8a11","l3":"23, ","c3":"#03636c","l4":"25, ","c4":"#4d4aba","l5":"27, ","c5":"#11a2e3","l6":"32, ","c6":"#9789ff","l7":"33, ","c7":"#ab0377","l8":"45, ","c8":"#5a5d02","l9":"51, ","c9":"#1cab97","l10":"22","c10":"#ff627e"},"geometry":{"type":"Point","coordinates":[23.987472,49.804836]}},{"type":"Feature","properties":{"lines":"7, 10, 14, 23, 25, 27, 32, 33, 45, 51, 22","arr":["А07","А10","А14","А23","А25","А27","А32","А33","А45","А51","Тр22"],"mode":"bus","angle":9,"mi":1,"l0":"7, ","c0":"#a72d06","l1":"10, ","c1":"#52ac3c","l2":"14, ","c2":"#cf8a11","l3":"23, ","c3":"#03636c","l4":"25, ","c4":"#4d4aba","l5":"27, ","c5":"#11a2e3","l6":"32, ","c6":"#9789ff","l7":"33, ","c7":"#ab0377","l8":"45, ","c8":"#5a5d02","l9":"51, ","c9":"#1cab97","l10":"22","c10":"#ff627e"},"geometry":{"type":"Point","coordinates":[23.986041,49.805393]}},{"type":"Feature","properties":{"lines":"7, 10, 14, 23, 25, 27, 32, 45, 51, 22","arr":["А07","А10","А14","А23","А25","А27","А32","А45","А51","Тр22"],"mode":"bus","angle":10.8,"side":-1,"mi":1,"l0":"7, ","c0":"#a72d06","l1":"10, ","c1":"#52ac3c","l2":"14, ","c2":"#cf8a11","l3":"23, ","c3":"#03636c","l4":"25, ","c4":"#4d4aba","l5":"27, ","c5":"#11a2e3","l6":"32, ","c6":"#9789ff","l7":"45, ","c7":"#5a5d02","l8":"51, ","c8":"#1cab97","l9":"22","c9":"#ff627e"},"geometry":{"type":"Point","coordinates":[23.988883,49.804682]}},{"type":"Feature","properties":{"lines":"7, 10, 14, 23, 25, 27, 32, 45, 51, 22","arr":["А07","А10","А14","А23","А25","А27","А32","А45","А51","Тр22"],"mode":"bus","angle":9.1,"side":-1,"l0":"7, ","c0":"#a72d06","l1":"10, ","c1":"#52ac3c","l2":"14, ","c2":"#cf8a11","l3":"23, ","c3":"#03636c","l4":"25, ","c4":"#4d4aba","l5":"27, ","c5":"#11a2e3","l6":"32, ","c6":"#9789ff","l7":"45, ","c7":"#5a5d02","l8":"51, ","c8":"#1cab97","l9":"22","c9":"#ff627e"},"geometry":{"type":"Point","coordinates":[23.993334,49.80421]}},{"type":"Feature","properties":{"lines":"7, 23, 25, 45","arr":["А07","А23","А25","А45"],"mode":"bus","angle":9.2,"side":-1,"l0":"7, ","c0":"#a72d06","l1":"23, ","c1":"#03636c","l2":"25, ","c2":"#4d4aba","l3":"45","c3":"#5a5d02"},"geometry":{"type":"Point","coordinates":[23.991086,49.804444]}},{"type":"Feature","properties":{"lines":"7, 10, 14, 23, 25, 27, 32, 33, 41, 45, 51, 22","arr":["А07","А10","А14","А23","А25","А27","А32","А33","А41","А45","А51","Тр22"],"mode":"bus","angle":9.3,"side":-1,"l0":"7, ","c0":"#a72d06","l1":"10, ","c1":"#52ac3c","l2":"14, ","c2":"#cf8a11","l3":"23, ","c3":"#03636c","l4":"25, ","c4":"#4d4aba","l5":"27, ","c5":"#11a2e3","l6":"32, ","c6":"#9789ff","l7":"33, ","c7":"#ab0377","l8":"41, ","c8":"#e16cd6","l9":"45, ","c9":"#5a5d02","l10":"51, ","c10":"#1cab97","l11":"22","c11":"#ff627e"},"geometry":{"type":"Point","coordinates":[23.997792,49.803883]}},{"type":"Feature","properties":{"lines":"7, 10, 14, 23, 25, 27, 32, 33, 41, 45, 51, 22","arr":["А07","А10","А14","А23","А25","А27","А32","А33","А41","А45","А51","Тр22"],"mode":"bus","angle":8.8,"side":-1,"extra":1,"ei":0,"l0":"7, ","c0":"#a72d06","l1":"10, ","c1":"#52ac3c","l2":"14, ","c2":"#cf8a11","l3":"23, ","c3":"#03636c","l4":"25, ","c4":"#4d4aba","l5":"27, ","c5":"#11a2e3","l6":"32, ","c6":"#9789ff","l7":"33, ","c7":"#ab0377","l8":"41, ","c8":"#e16cd6","l9":"45, ","c9":"#5a5d02","l10":"51, ","c10":"#1cab97","l11":"22","c11":"#ff627e"},"geometry":{"type":"Point","coordinates":[23.999909,49.803669]}},{"type":"Feature","properties":{"lines":"7, 10, 14, 23, 25, 27, 32, 33, 41, 45, 22","arr":["А07","А10","А14","А23","А25","А27","А32","А33","А41","А45","Тр22"],"mode":"bus","angle":8.2,"l0":"7, ","c0":"#a72d06","l1":"10, ","c1":"#52ac3c","l2":"14, ","c2":"#cf8a11","l3":"23, ","c3":"#03636c","l4":"25, ","c4":"#4d4aba","l5":"27, ","c5":"#11a2e3","l6":"32, ","c6":"#9789ff","l7":"33, ","c7":"#ab0377","l8":"41, ","c8":"#e16cd6","l9":"45, ","c9":"#5a5d02","l10":"22","c10":"#ff627e"},"geometry":{"type":"Point","coordinates":[23.999644,49.803878]}},{"type":"Feature","properties":{"lines":"7, 10, 14, 23, 25, 27, 32, 41, 22","arr":["А07","А10","А14","А23","А25","А27","А32","А41","Тр22"],"mode":"bus","angle":9.1,"l0":"7, ","c0":"#a72d06","l1":"10, ","c1":"#52ac3c","l2":"14, ","c2":"#cf8a11","l3":"23, ","c3":"#03636c","l4":"25, ","c4":"#4d4aba","l5":"27, ","c5":"#11a2e3","l6":"32, ","c6":"#9789ff","l7":"41, ","c7":"#e16cd6","l8":"22","c8":"#ff627e"},"geometry":{"type":"Point","coordinates":[24.009116,49.802899]}},{"type":"Feature","properties":{"lines":"7, 10, 14, 23, 25, 27, 32, 41, 22","arr":["А07","А10","А14","А23","А25","А27","А32","А41","Тр22"],"mode":"bus","angle":9.3,"side":-1,"extra":1,"ei":0,"l0":"7, ","c0":"#a72d06","l1":"10, ","c1":"#52ac3c","l2":"14, ","c2":"#cf8a11","l3":"23, ","c3":"#03636c","l4":"25, ","c4":"#4d4aba","l5":"27, ","c5":"#11a2e3","l6":"32, ","c6":"#9789ff","l7":"41, ","c7":"#e16cd6","l8":"22","c8":"#ff627e"},"geometry":{"type":"Point","coordinates":[24.001619,49.803491]}},{"type":"Feature","properties":{"lines":"7, 10, 14, 23, 25, 27, 32, 41, 22","arr":["А07","А10","А14","А23","А25","А27","А32","А41","Тр22"],"mode":"bus","angle":8.8,"side":-1,"extra":1,"ei":1,"l0":"7, ","c0":"#a72d06","l1":"10, ","c1":"#52ac3c","l2":"14, ","c2":"#cf8a11","l3":"23, ","c3":"#03636c","l4":"25, ","c4":"#4d4aba","l5":"27, ","c5":"#11a2e3","l6":"32, ","c6":"#9789ff","l7":"41, ","c7":"#e16cd6","l8":"22","c8":"#ff627e"},"geometry":{"type":"Point","coordinates":[24.004514,49.803199]}},{"type":"Feature","properties":{"lines":"7, 10, 14, 23, 25, 27, 32, 41, 22","arr":["А07","А10","А14","А23","А25","А27","А32","А41","Тр22"],"mode":"bus","angle":8.8,"side":-1,"extra":1,"ei":2,"l0":"7, ","c0":"#a72d06","l1":"10, ","c1":"#52ac3c","l2":"14, ","c2":"#cf8a11","l3":"23, ","c3":"#03636c","l4":"25, ","c4":"#4d4aba","l5":"27, ","c5":"#11a2e3","l6":"32, ","c6":"#9789ff","l7":"41, ","c7":"#e16cd6","l8":"22","c8":"#ff627e"},"geometry":{"type":"Point","coordinates":[24.013197,49.802322]}},{"type":"Feature","properties":{"lines":"7, 10, 14, 23, 25, 27, 32, 41, 22","arr":["А07","А10","А14","А23","А25","А27","А32","А41","Тр22"],"mode":"bus","angle":8.7,"extra":1,"ei":0,"l0":"7, ","c0":"#a72d06","l1":"10, ","c1":"#52ac3c","l2":"14, ","c2":"#cf8a11","l3":"23, ","c3":"#03636c","l4":"25, ","c4":"#4d4aba","l5":"27, ","c5":"#11a2e3","l6":"32, ","c6":"#9789ff","l7":"41, ","c7":"#e16cd6","l8":"22","c8":"#ff627e"},"geometry":{"type":"Point","coordinates":[24.01655,49.802064]}},{"type":"Feature","properties":{"lines":"7, 11, 14, 23, 32, 40, 41, 38","arr":["А07","А11","А14","А23","А32","А40","А41","Тр38"],"mode":"bus","angle":7.5,"l0":"7, ","c0":"#a72d06","l1":"11, ","c1":"#79a620","l2":"14, ","c2":"#cf8a11","l3":"23, ","c3":"#03636c","l4":"32, ","c4":"#9789ff","l5":"40, ","c5":"#7c5001","l6":"41, ","c6":"#e16cd6","l7":"38","c7":"#076734"},"geometry":{"type":"Point","coordinates":[24.022967,49.80138]}},{"type":"Feature","properties":{"lines":"7, 11, 14, 23, 32, 40, 41, 38","arr":["А07","А11","А14","А23","А32","А40","А41","Тр38"],"mode":"bus","angle":10.3,"mi":1,"l0":"7, ","c0":"#a72d06","l1":"11, ","c1":"#79a620","l2":"14, ","c2":"#cf8a11","l3":"23, ","c3":"#03636c","l4":"32, ","c4":"#9789ff","l5":"40, ","c5":"#7c5001","l6":"41, ","c6":"#e16cd6","l7":"38","c7":"#076734"},"geometry":{"type":"Point","coordinates":[24.020103,49.801687]}},{"type":"Feature","properties":{"lines":"7, 11, 14, 23, 32, 40, 41, 38","arr":["А07","А11","А14","А23","А32","А40","А41","Тр38"],"mode":"bus","angle":-19.9,"extra":1,"ei":0,"l0":"7, ","c0":"#a72d06","l1":"11, ","c1":"#79a620","l2":"14, ","c2":"#cf8a11","l3":"23, ","c3":"#03636c","l4":"32, ","c4":"#9789ff","l5":"40, ","c5":"#7c5001","l6":"41, ","c6":"#e16cd6","l7":"38","c7":"#076734"},"geometry":{"type":"Point","coordinates":[24.041121,49.800646]}},{"type":"Feature","properties":{"lines":"7, 11, 14, 23, 32, 40, 41, 38","arr":["А07","А11","А14","А23","А32","А40","А41","Тр38"],"mode":"bus","angle":-10.7,"extra":1,"ei":1,"l0":"7, ","c0":"#a72d06","l1":"11, ","c1":"#79a620","l2":"14, ","c2":"#cf8a11","l3":"23, ","c3":"#03636c","l4":"32, ","c4":"#9789ff","l5":"40, ","c5":"#7c5001","l6":"41, ","c6":"#e16cd6","l7":"38","c7":"#076734"},"geometry":{"type":"Point","coordinates":[24.038319,49.800104]}},{"type":"Feature","properties":{"lines":"7, 11, 14, 23, 32, 40, 41, 38","arr":["А07","А11","А14","А23","А32","А40","А41","Тр38"],"mode":"bus","angle":0.1,"extra":1,"ei":2,"l0":"7, ","c0":"#a72d06","l1":"11, ","c1":"#79a620","l2":"14, ","c2":"#cf8a11","l3":"23, ","c3":"#03636c","l4":"32, ","c4":"#9789ff","l5":"40, ","c5":"#7c5001","l6":"41, ","c6":"#e16cd6","l7":"38","c7":"#076734"},"geometry":{"type":"Point","coordinates":[24.03541,49.799913]}},{"type":"Feature","properties":{"lines":"7, 11, 14, 23, 32, 40, 41, 38","arr":["А07","А11","А14","А23","А32","А40","А41","Тр38"],"mode":"bus","angle":9.8,"extra":1,"ei":3,"l0":"7, ","c0":"#a72d06","l1":"11, ","c1":"#79a620","l2":"14, ","c2":"#cf8a11","l3":"23, ","c3":"#03636c","l4":"32, ","c4":"#9789ff","l5":"40, ","c5":"#7c5001","l6":"41, ","c6":"#e16cd6","l7":"38","c7":"#076734"},"geometry":{"type":"Point","coordinates":[24.0325,49.800108]}},{"type":"Feature","properties":{"lines":"7, 11, 14, 23, 32, 40, 41, 38","arr":["А07","А11","А14","А23","А32","А40","А41","Тр38"],"mode":"bus","angle":10.6,"extra":1,"ei":4,"l0":"7, ","c0":"#a72d06","l1":"11, ","c1":"#79a620","l2":"14, ","c2":"#cf8a11","l3":"23, ","c3":"#03636c","l4":"32, ","c4":"#9789ff","l5":"40, ","c5":"#7c5001","l6":"41, ","c6":"#e16cd6","l7":"38","c7":"#076734"},"geometry":{"type":"Point","coordinates":[24.029617,49.800441]}},{"type":"Feature","properties":{"lines":"7, 11, 14, 23, 32, 40, 41, 38","arr":["А07","А11","А14","А23","А32","А40","А41","Тр38"],"mode":"bus","angle":10.6,"extra":1,"ei":5,"l0":"7, ","c0":"#a72d06","l1":"11, ","c1":"#79a620","l2":"14, ","c2":"#cf8a11","l3":"23, ","c3":"#03636c","l4":"32, ","c4":"#9789ff","l5":"40, ","c5":"#7c5001","l6":"41, ","c6":"#e16cd6","l7":"38","c7":"#076734"},"geometry":{"type":"Point","coordinates":[24.026737,49.800789]}},{"type":"Feature","properties":{"lines":"7, 11, 14, 23, 32, 40, 41, 38","arr":["А07","А11","А14","А23","А32","А40","А41","Тр38"],"mode":"bus","angle":-20.9,"extra":1,"ei":6,"l0":"7, ","c0":"#a72d06","l1":"11, ","c1":"#79a620","l2":"14, ","c2":"#cf8a11","l3":"23, ","c3":"#03636c","l4":"32, ","c4":"#9789ff","l5":"40, ","c5":"#7c5001","l6":"41, ","c6":"#e16cd6","l7":"38","c7":"#076734"},"geometry":{"type":"Point","coordinates":[24.043449,49.801418]}},{"type":"Feature","properties":{"lines":"7, 11, 14, 23, 32, 40, 41","arr":["А07","А11","А14","А23","А32","А40","А41"],"mode":"bus","angle":38.4,"mi":3,"l0":"7, ","c0":"#a72d06","l1":"11, ","c1":"#79a620","l2":"14, ","c2":"#cf8a11","l3":"23, ","c3":"#03636c","l4":"32, ","c4":"#9789ff","l5":"40, ","c5":"#7c5001","l6":"41","c6":"#e16cd6"},"geometry":{"type":"Point","coordinates":[24.044892,49.800302]}},{"type":"Feature","properties":{"lines":"7, 11, 14, 23, 32, 40, 41","arr":["А07","А11","А14","А23","А32","А40","А41"],"mode":"bus","angle":-61.6,"l0":"7, ","c0":"#a72d06","l1":"11, ","c1":"#79a620","l2":"14, ","c2":"#cf8a11","l3":"23, ","c3":"#03636c","l4":"32, ","c4":"#9789ff","l5":"40, ","c5":"#7c5001","l6":"41","c6":"#e16cd6"},"geometry":{"type":"Point","coordinates":[24.045446,49.802747]}},{"type":"Feature","properties":{"lines":"7, 11, 14, 23, 32, 37, 40, 41","arr":["А07","А11","А14","А23","А32","А37","А40","А41"],"mode":"bus","angle":31.7,"side":-1,"l0":"7, ","c0":"#a72d06","l1":"11, ","c1":"#79a620","l2":"14, ","c2":"#cf8a11","l3":"23, ","c3":"#03636c","l4":"32, ","c4":"#9789ff","l5":"37, ","c5":"#ab0377","l6":"40, ","c6":"#7c5001","l7":"41","c7":"#e16cd6"},"geometry":{"type":"Point","coordinates":[24.047496,49.799371]}},{"type":"Feature","properties":{"lines":"7, 11, 14, 16, 23, 32, 37, 40, 41, 53","arr":["А07","А11","А14","А16","А23","А32","А37","А40","А41","А53"],"mode":"bus","angle":37.1,"l0":"7, ","c0":"#a72d06","l1":"11, ","c1":"#79a620","l2":"14, ","c2":"#cf8a11","l3":"16, ","c3":"#f57145","l4":"23, ","c4":"#03636c","l5":"32, ","c5":"#9789ff","l6":"37, ","c6":"#ab0377","l7":"40, ","c7":"#7c5001","l8":"41, ","c8":"#e16cd6","l9":"53","c9":"#126804"},"geometry":{"type":"Point","coordinates":[24.055188,49.795671]}},{"type":"Feature","properties":{"lines":"7, 11, 14, 16, 23, 32, 37, 40, 41, 53","arr":["А07","А11","А14","А16","А23","А32","А37","А40","А41","А53"],"mode":"bus","angle":39.3,"extra":1,"ei":0,"l0":"7, ","c0":"#a72d06","l1":"11, ","c1":"#79a620","l2":"14, ","c2":"#cf8a11","l3":"16, ","c3":"#f57145","l4":"23, ","c4":"#03636c","l5":"32, ","c5":"#9789ff","l6":"37, ","c6":"#ab0377","l7":"40, ","c7":"#7c5001","l8":"41, ","c8":"#e16cd6","l9":"53","c9":"#126804"},"geometry":{"type":"Point","coordinates":[24.053512,49.796545]}},{"type":"Feature","properties":{"lines":"7, 11, 14, 16, 23, 32, 40, 41, 53","arr":["А07","А11","А14","А16","А23","А32","А40","А41","А53"],"mode":"bus","angle":40.1,"side":-1,"l0":"7, ","c0":"#a72d06","l1":"11, ","c1":"#79a620","l2":"14, ","c2":"#cf8a11","l3":"16, ","c3":"#f57145","l4":"23, ","c4":"#03636c","l5":"32, ","c5":"#9789ff","l6":"40, ","c6":"#7c5001","l7":"41, ","c7":"#e16cd6","l8":"53","c8":"#126804"},"geometry":{"type":"Point","coordinates":[24.054886,49.795477]}},{"type":"Feature","properties":{"lines":"7, 11, 14, 16, 19, 23, 32, 40, 41, 47, 53, 24","arr":["А07","А11","А14","А16","А19","А23","А32","А40","А41","А47","А53","Тр24"],"mode":"bus","angle":62.3,"side":-1,"l0":"7, ","c0":"#a72d06","l1":"11, ","c1":"#79a620","l2":"14, ","c2":"#cf8a11","l3":"16, ","c3":"#f57145","l4":"19, ","c4":"#ff5e9b","l5":"23, ","c5":"#03636c","l6":"32, ","c6":"#9789ff","l7":"40, ","c7":"#7c5001","l8":"41, ","c8":"#e16cd6","l9":"47, ","c9":"#4d4aba","l10":"53, ","c10":"#126804","l11":"24","c11":"#19a9a8"},"geometry":{"type":"Point","coordinates":[24.057669,49.793587]}},{"type":"Feature","properties":{"lines":"7, 11, 19, 32, 47, 53, 24","arr":["А07","А11","А19","А32","А47","А53","Тр24"],"mode":"bus","angle":87.5,"side":-1,"l0":"7, ","c0":"#a72d06","l1":"11, ","c1":"#79a620","l2":"19, ","c2":"#ff5e9b","l3":"32, ","c3":"#9789ff","l4":"47, ","c4":"#4d4aba","l5":"53, ","c5":"#126804","l6":"24","c6":"#19a9a8"},"geometry":{"type":"Point","coordinates":[24.058692,49.790849]}},{"type":"Feature","properties":{"lines":"7, 11, 19, 32, 47, 53, 24","arr":["А07","А11","А19","А32","А47","А53","Тр24"],"mode":"bus","angle":88.7,"side":-1,"extra":1,"ei":0,"l0":"7, ","c0":"#a72d06","l1":"11, ","c1":"#79a620","l2":"19, ","c2":"#ff5e9b","l3":"32, ","c3":"#9789ff","l4":"47, ","c4":"#4d4aba","l5":"53, ","c5":"#126804","l6":"24","c6":"#19a9a8"},"geometry":{"type":"Point","coordinates":[24.058737,49.78964]}},{"type":"Feature","properties":{"lines":"7","arr":["А07"],"mode":"bus","angle":82.5,"l0":"7","c0":"#a72d06"},"geometry":{"type":"Point","coordinates":[24.05192,49.784962]}},{"type":"Feature","properties":{"lines":"7","arr":["А07"],"mode":"bus","angle":-29.1,"mi":1,"l0":"7","c0":"#a72d06"},"geometry":{"type":"Point","coordinates":[24.055254,49.78472]}},{"type":"Feature","properties":{"lines":"7","arr":["А07"],"mode":"bus","angle":-1.4,"extra":1,"ei":0,"l0":"7","c0":"#a72d06"},"geometry":{"type":"Point","coordinates":[24.057467,49.784902]}},{"type":"Feature","properties":{"lines":"7","arr":["А07"],"mode":"bus","angle":-33.4,"extra":1,"ei":1,"l0":"7","c0":"#a72d06"},"geometry":{"type":"Point","coordinates":[24.052349,49.783347]}},{"type":"Feature","properties":{"lines":"7, 11, 14, 16, 19, 23, 32, 37, 40, 41, 53, 24","arr":["А07","А11","А14","А16","А19","А23","А32","А37","А40","А41","А53","Тр24"],"mode":"bus","angle":73.4,"l0":"7, ","c0":"#a72d06","l1":"11, ","c1":"#79a620","l2":"14, ","c2":"#cf8a11","l3":"16, ","c3":"#f57145","l4":"19, ","c4":"#ff5e9b","l5":"23, ","c5":"#03636c","l6":"32, ","c6":"#9789ff","l7":"37, ","c7":"#ab0377","l8":"40, ","c8":"#7c5001","l9":"41, ","c9":"#e16cd6","l10":"53, ","c10":"#126804","l11":"24","c11":"#19a9a8"},"geometry":{"type":"Point","coordinates":[24.058766,49.793098]}},{"type":"Feature","properties":{"lines":"7, 11, 14, 32, 53","arr":["А07","А11","А14","А32","А53"],"mode":"bus","angle":65.9,"side":-1,"l0":"7, ","c0":"#a72d06","l1":"11, ","c1":"#79a620","l2":"14, ","c2":"#cf8a11","l3":"32, ","c3":"#9789ff","l4":"53","c4":"#126804"},"geometry":{"type":"Point","coordinates":[24.058325,49.793871]}},{"type":"Feature","properties":{"lines":"7, 11, 14, 16, 19, 23, 32, 37, 40, 41, 47, 53, 24","arr":["А07","А11","А14","А16","А19","А23","А32","А37","А40","А41","А47","А53","Тр24"],"mode":"bus","angle":46.6,"l0":"7, ","c0":"#a72d06","l1":"11, ","c1":"#79a620","l2":"14, ","c2":"#cf8a11","l3":"16, ","c3":"#f57145","l4":"19, ","c4":"#ff5e9b","l5":"23, ","c5":"#03636c","l6":"32, ","c6":"#9789ff","l7":"37, ","c7":"#ab0377","l8":"40, ","c8":"#7c5001","l9":"41, ","c9":"#e16cd6","l10":"47, ","c10":"#4d4aba","l11":"53, ","c11":"#126804","l12":"24","c12":"#19a9a8"},"geometry":{"type":"Point","coordinates":[24.057642,49.794507]}},{"type":"Feature","properties":{"lines":"7, 11, 14, 23, 32, 40, 41","arr":["А07","А11","А14","А23","А32","А40","А41"],"mode":"bus","angle":-81.7,"side":-1,"mi":1,"l0":"7, ","c0":"#a72d06","l1":"11, ","c1":"#79a620","l2":"14, ","c2":"#cf8a11","l3":"23, ","c3":"#03636c","l4":"32, ","c4":"#9789ff","l5":"40, ","c5":"#7c5001","l6":"41","c6":"#e16cd6"},"geometry":{"type":"Point","coordinates":[24.046946,49.805156]}},{"type":"Feature","properties":{"lines":"7, 11, 14, 23, 32, 40, 41","arr":["А07","А11","А14","А23","А32","А40","А41"],"mode":"bus","angle":-81.4,"mi":2,"l0":"7, ","c0":"#a72d06","l1":"11, ","c1":"#79a620","l2":"14, ","c2":"#cf8a11","l3":"23, ","c3":"#03636c","l4":"32, ","c4":"#9789ff","l5":"40, ","c5":"#7c5001","l6":"41","c6":"#e16cd6"},"geometry":{"type":"Point","coordinates":[24.045614,49.805327]}},{"type":"Feature","properties":{"lines":"11, 14","arr":["А11","А14"],"mode":"bus","angle":-50,"l0":"11, ","c0":"#79a620","l1":"14","c1":"#cf8a11"},"geometry":{"type":"Point","coordinates":[24.044088,49.801752]}},{"type":"Feature","properties":{"lines":"38","arr":["Тр38"],"mode":"bus","angle":-20.1,"side":-1,"l0":"38","c0":"#076734"},"geometry":{"type":"Point","coordinates":[24.043714,49.801249]}},{"type":"Feature","properties":{"lines":"7, 10, 14, 23, 25, 27, 32, 33, 51, 22","arr":["А07","А10","А14","А23","А25","А27","А32","А33","А51","Тр22"],"mode":"bus","angle":9.5,"mi":1,"l0":"7, ","c0":"#a72d06","l1":"10, ","c1":"#52ac3c","l2":"14, ","c2":"#cf8a11","l3":"23, ","c3":"#03636c","l4":"25, ","c4":"#4d4aba","l5":"27, ","c5":"#11a2e3","l6":"32, ","c6":"#9789ff","l7":"33, ","c7":"#ab0377","l8":"51, ","c8":"#1cab97","l9":"22","c9":"#ff627e"},"geometry":{"type":"Point","coordinates":[23.983345,49.805534]}},{"type":"Feature","properties":{"lines":"7, 10, 14, 23, 25, 27, 32, 33, 51, 22","arr":["А07","А10","А14","А23","А25","А27","А32","А33","А51","Тр22"],"mode":"bus","angle":9.1,"mi":2,"l0":"7, ","c0":"#a72d06","l1":"10, ","c1":"#52ac3c","l2":"14, ","c2":"#cf8a11","l3":"23, ","c3":"#03636c","l4":"25, ","c4":"#4d4aba","l5":"27, ","c5":"#11a2e3","l6":"32, ","c6":"#9789ff","l7":"33, ","c7":"#ab0377","l8":"51, ","c8":"#1cab97","l9":"22","c9":"#ff627e"},"geometry":{"type":"Point","coordinates":[23.998121,49.804037]}},{"type":"Feature","properties":{"lines":"7, 10, 14, 23, 25, 27, 32, 33, 51, 22","arr":["А07","А10","А14","А23","А25","А27","А32","А33","А51","Тр22"],"mode":"bus","angle":1.6,"l0":"7, ","c0":"#a72d06","l1":"10, ","c1":"#52ac3c","l2":"14, ","c2":"#cf8a11","l3":"23, ","c3":"#03636c","l4":"25, ","c4":"#4d4aba","l5":"27, ","c5":"#11a2e3","l6":"32, ","c6":"#9789ff","l7":"33, ","c7":"#ab0377","l8":"51, ","c8":"#1cab97","l9":"22","c9":"#ff627e"},"geometry":{"type":"Point","coordinates":[23.985166,49.805475]}},{"type":"Feature","properties":{"lines":"7, 10, 15, 16, 20, 25, 32, 34, 43, 49, 51, 52, 84, 27, 38","arr":["А07","А10","А15","А16","А20","А25","А32","А34","А43","А49","А51","А52","А84","Тр27","Тр32","Тр38"],"mode":"bus","angle":-16.1,"side":-1,"l0":"7, ","c0":"#a72d06","l1":"10, ","c1":"#52ac3c","l2":"15, ","c2":"#fe6761","l3":"16, ","c3":"#f57145","l4":"20, ","c4":"#2d8c1b","l5":"25, ","c5":"#4d4aba","l6":"32, ","c6":"#9789ff","l7":"34, ","c7":"#ab0377","l8":"43, ","c8":"#0357b2","l9":"49, ","c9":"#7c5001","l10":"51, ","c10":"#1cab97","l11":"52, ","c11":"#ff5e9b","l12":"84, ","c12":"#066559","l13":"27, ","c13":"#7b3aa8","l14":"32, ","c14":"#11a2e3","l15":"38","c15":"#076734"},"geometry":{"type":"Point","coordinates":[23.996377,49.835644]}},{"type":"Feature","properties":{"lines":"7, 10, 15, 16, 20, 25, 32, 34, 43, 49, 51, 52, 84, 27, 38","arr":["А07","А10","А15","А16","А20","А25","А32","А34","А43","А49","А51","А52","А84","Тр27","Тр32","Тр38"],"mode":"bus","angle":-15.6,"extra":1,"ei":0,"l0":"7, ","c0":"#a72d06","l1":"10, ","c1":"#52ac3c","l2":"15, ","c2":"#fe6761","l3":"16, ","c3":"#f57145","l4":"20, ","c4":"#2d8c1b","l5":"25, ","c5":"#4d4aba","l6":"32, ","c6":"#9789ff","l7":"34, ","c7":"#ab0377","l8":"43, ","c8":"#0357b2","l9":"49, ","c9":"#7c5001","l10":"51, ","c10":"#1cab97","l11":"52, ","c11":"#ff5e9b","l12":"84, ","c12":"#066559","l13":"27, ","c13":"#7b3aa8","l14":"32, ","c14":"#11a2e3","l15":"38","c15":"#076734"},"geometry":{"type":"Point","coordinates":[23.992164,49.834897]}},{"type":"Feature","properties":{"lines":"7, 10, 15, 16, 20, 25, 32, 34, 43, 49, 51, 52, 84, 27, 38","arr":["А07","А10","А15","А16","А20","А25","А32","А34","А43","А49","А51","А52","А84","Тр27","Тр32","Тр38"],"mode":"bus","angle":-15,"side":-1,"extra":1,"ei":1,"l0":"7, ","c0":"#a72d06","l1":"10, ","c1":"#52ac3c","l2":"15, ","c2":"#fe6761","l3":"16, ","c3":"#f57145","l4":"20, ","c4":"#2d8c1b","l5":"25, ","c5":"#4d4aba","l6":"32, ","c6":"#9789ff","l7":"34, ","c7":"#ab0377","l8":"43, ","c8":"#0357b2","l9":"49, ","c9":"#7c5001","l10":"51, ","c10":"#1cab97","l11":"52, ","c11":"#ff5e9b","l12":"84, ","c12":"#066559","l13":"27, ","c13":"#7b3aa8","l14":"32, ","c14":"#11a2e3","l15":"38","c15":"#076734"},"geometry":{"type":"Point","coordinates":[24.000636,49.836402]}},{"type":"Feature","properties":{"lines":"7, 8а, 17, 21, 22, 31, 37, 41, 46, 47, 51, 55, 56, 84","arr":["А07","А08а","А17","А21","А22","А31","А37","А41","А46","А47","А51","А55","А56","А84"],"mode":"bus","angle":70.8,"l0":"7, ","c0":"#a72d06","l1":"8а, ","c1":"#126804","l2":"17, ","c2":"#e47e2b","l3":"21, ","c3":"#a72d06","l4":"22, ","c4":"#ff627e","l5":"31, ","c5":"#11a2e3","l6":"37, ","c6":"#ab0377","l7":"41, ","c7":"#e16cd6","l8":"46, ","c8":"#02af5a","l9":"47, ","c9":"#4d4aba","l10":"51, ","c10":"#1cab97","l11":"55, ","c11":"#6b5806","l12":"56, ","c12":"#4d4aba","l13":"84","c13":"#066559"},"geometry":{"type":"Point","coordinates":[24.019009,49.861797]}},{"type":"Feature","properties":{"lines":"7, 8а, 17, 21, 22, 31, 37, 41, 46, 47, 51, 55, 56, 84","arr":["А07","А08а","А17","А21","А22","А31","А37","А41","А46","А47","А51","А55","А56","А84"],"mode":"bus","angle":70.9,"extra":1,"ei":0,"l0":"7, ","c0":"#a72d06","l1":"8а, ","c1":"#126804","l2":"17, ","c2":"#e47e2b","l3":"21, ","c3":"#a72d06","l4":"22, ","c4":"#ff627e","l5":"31, ","c5":"#11a2e3","l6":"37, ","c6":"#ab0377","l7":"41, ","c7":"#e16cd6","l8":"46, ","c8":"#02af5a","l9":"47, ","c9":"#4d4aba","l10":"51, ","c10":"#1cab97","l11":"55, ","c11":"#6b5806","l12":"56, ","c12":"#4d4aba","l13":"84","c13":"#066559"},"geometry":{"type":"Point","coordinates":[24.021114,49.857838]}},{"type":"Feature","properties":{"lines":"7, 8а, 17, 21, 22, 31, 37, 41, 46, 47, 51, 55, 56, 84","arr":["А07","А08а","А17","А21","А22","А31","А37","А41","А46","А47","А51","А55","А56","А84"],"mode":"bus","angle":71.6,"extra":1,"ei":1,"l0":"7, ","c0":"#a72d06","l1":"8а, ","c1":"#126804","l2":"17, ","c2":"#e47e2b","l3":"21, ","c3":"#a72d06","l4":"22, ","c4":"#ff627e","l5":"31, ","c5":"#11a2e3","l6":"37, ","c6":"#ab0377","l7":"41, ","c7":"#e16cd6","l8":"46, ","c8":"#02af5a","l9":"47, ","c9":"#4d4aba","l10":"51, ","c10":"#1cab97","l11":"55, ","c11":"#6b5806","l12":"56, ","c12":"#4d4aba","l13":"84","c13":"#066559"},"geometry":{"type":"Point","coordinates":[24.020177,49.859627]}},{"type":"Feature","properties":{"lines":"7, 8а, 17, 21, 22, 31, 37, 41, 46, 47, 51, 55, 56, 84","arr":["А07","А08а","А17","А21","А22","А31","А37","А41","А46","А47","А51","А55","А56","А84"],"mode":"bus","angle":71.1,"extra":1,"ei":2,"l0":"7, ","c0":"#a72d06","l1":"8а, ","c1":"#126804","l2":"17, ","c2":"#e47e2b","l3":"21, ","c3":"#a72d06","l4":"22, ","c4":"#ff627e","l5":"31, ","c5":"#11a2e3","l6":"37, ","c6":"#ab0377","l7":"41, ","c7":"#e16cd6","l8":"46, ","c8":"#02af5a","l9":"47, ","c9":"#4d4aba","l10":"51, ","c10":"#1cab97","l11":"55, ","c11":"#6b5806","l12":"56, ","c12":"#4d4aba","l13":"84","c13":"#066559"},"geometry":{"type":"Point","coordinates":[24.018257,49.863196]}},{"type":"Feature","properties":{"lines":"7, 8а, 17, 21, 22, 31, 37, 41, 46, 47, 51, 55, 56, 84","arr":["А07","А08а","А17","А21","А22","А31","А37","А41","А46","А47","А51","А55","А56","А84"],"mode":"bus","angle":71.4,"extra":1,"ei":3,"l0":"7, ","c0":"#a72d06","l1":"8а, ","c1":"#126804","l2":"17, ","c2":"#e47e2b","l3":"21, ","c3":"#a72d06","l4":"22, ","c4":"#ff627e","l5":"31, ","c5":"#11a2e3","l6":"37, ","c6":"#ab0377","l7":"41, ","c7":"#e16cd6","l8":"46, ","c8":"#02af5a","l9":"47, ","c9":"#4d4aba","l10":"51, ","c10":"#1cab97","l11":"55, ","c11":"#6b5806","l12":"56, ","c12":"#4d4aba","l13":"84","c13":"#066559"},"geometry":{"type":"Point","coordinates":[24.017323,49.864986]}},{"type":"Feature","properties":{"lines":"7, 8а, 12, 17, 21, 22, 31, 34, 37, 41, 46, 47, 51, 55, 56, 84","arr":["А07","А08а","А12","А17","А21","А22","А31","А34","А37","А41","А46","А47","А51","А55","А56","А84"],"mode":"bus","angle":-89.5,"l0":"7, ","c0":"#a72d06","l1":"8а, ","c1":"#126804","l2":"12, ","c2":"#b59607","l3":"17, ","c3":"#e47e2b","l4":"21, ","c4":"#a72d06","l5":"22, ","c5":"#ff627e","l6":"31, ","c6":"#11a2e3","l7":"34, ","c7":"#ab0377","l8":"37, ","c8":"#ab0377","l9":"41, ","c9":"#e16cd6","l10":"46, ","c10":"#02af5a","l11":"47, ","c11":"#4d4aba","l12":"51, ","c12":"#1cab97","l13":"55, ","c13":"#6b5806","l14":"56, ","c14":"#4d4aba","l15":"84","c15":"#066559"},"geometry":{"type":"Point","coordinates":[24.016543,49.867067]}},{"type":"Feature","properties":{"lines":"7, 8а, 12, 17, 22, 31, 34, 41, 46, 51, 55, 56, 84","arr":["А07","А08а","А12","А17","А22","А31","А34","А41","А46","А51","А55","А56","А84"],"mode":"bus","angle":-66.5,"side":-1,"mi":1,"l0":"7, ","c0":"#a72d06","l1":"8а, ","c1":"#126804","l2":"12, ","c2":"#b59607","l3":"17, ","c3":"#e47e2b","l4":"22, ","c4":"#ff627e","l5":"31, ","c5":"#11a2e3","l6":"34, ","c6":"#ab0377","l7":"41, ","c7":"#e16cd6","l8":"46, ","c8":"#02af5a","l9":"51, ","c9":"#1cab97","l10":"55, ","c10":"#6b5806","l11":"56, ","c11":"#4d4aba","l12":"84","c12":"#066559"},"geometry":{"type":"Point","coordinates":[24.016808,49.867836]}},{"type":"Feature","properties":{"lines":"8а, 22","arr":["А08а","А22"],"mode":"bus","angle":81.5,"side":-1,"l0":"8а, ","c0":"#126804","l1":"22","c1":"#ff627e"},"geometry":{"type":"Point","coordinates":[24.018857,49.870923]}},{"type":"Feature","properties":{"lines":"8а, 22","arr":["А08а","А22"],"mode":"bus","angle":25.8,"l0":"8а, ","c0":"#126804","l1":"22","c1":"#ff627e"},"geometry":{"type":"Point","coordinates":[23.984042,49.88801]}},{"type":"Feature","properties":{"lines":"8а, 22","arr":["А08а","А22"],"mode":"bus","angle":67,"extra":1,"ei":0,"l0":"8а, ","c0":"#126804","l1":"22","c1":"#ff627e"},"geometry":{"type":"Point","coordinates":[24.001075,49.88036]}},{"type":"Feature","properties":{"lines":"8а, 22","arr":["А08а","А22"],"mode":"bus","angle":49.9,"extra":1,"ei":1,"l0":"8а, ","c0":"#126804","l1":"22","c1":"#ff627e"},"geometry":{"type":"Point","coordinates":[23.99971,49.882021]}},{"type":"Feature","properties":{"lines":"8а, 22","arr":["А08а","А22"],"mode":"bus","angle":35.5,"extra":1,"ei":2,"l0":"8а, ","c0":"#126804","l1":"22","c1":"#ff627e"},"geometry":{"type":"Point","coordinates":[23.997516,49.883262]}},{"type":"Feature","properties":{"lines":"8а, 22","arr":["А08а","А22"],"mode":"bus","angle":32.3,"extra":1,"ei":3,"l0":"8а, ","c0":"#126804","l1":"22","c1":"#ff627e"},"geometry":{"type":"Point","coordinates":[23.99509,49.88432]}},{"type":"Feature","properties":{"lines":"8а, 22","arr":["А08а","А22"],"mode":"bus","angle":31,"extra":1,"ei":4,"l0":"8а, ","c0":"#126804","l1":"22","c1":"#ff627e"},"geometry":{"type":"Point","coordinates":[23.992588,49.885303]}},{"type":"Feature","properties":{"lines":"8а, 22","arr":["А08а","А22"],"mode":"bus","angle":30.1,"extra":1,"ei":5,"l0":"8а, ","c0":"#126804","l1":"22","c1":"#ff627e"},"geometry":{"type":"Point","coordinates":[23.990058,49.886255]}},{"type":"Feature","properties":{"lines":"8а, 22","arr":["А08а","А22"],"mode":"bus","angle":22.6,"extra":1,"ei":6,"l0":"8а, ","c0":"#126804","l1":"22","c1":"#ff627e"},"geometry":{"type":"Point","coordinates":[23.987443,49.8871]}},{"type":"Feature","properties":{"lines":"8а, 22","arr":["А08а","А22"],"mode":"bus","angle":42.8,"extra":1,"ei":7,"l0":"8а, ","c0":"#126804","l1":"22","c1":"#ff627e"},"geometry":{"type":"Point","coordinates":[23.982209,49.888761]}},{"type":"Feature","properties":{"lines":"8а, 22","arr":["А08а","А22"],"mode":"bus","angle":57,"extra":1,"ei":8,"l0":"8а, ","c0":"#126804","l1":"22","c1":"#ff627e"},"geometry":{"type":"Point","coordinates":[23.980487,49.890283]}},{"type":"Feature","properties":{"lines":"8а, 22","arr":["А08а","А22"],"mode":"bus","angle":43.1,"extra":1,"ei":9,"l0":"8а, ","c0":"#126804","l1":"22","c1":"#ff627e"},"geometry":{"type":"Point","coordinates":[23.978598,49.891719]}},{"type":"Feature","properties":{"lines":"8а, 22","arr":["А08а","А22"],"mode":"bus","angle":30.4,"extra":1,"ei":10,"l0":"8а, ","c0":"#126804","l1":"22","c1":"#ff627e"},"geometry":{"type":"Point","coordinates":[23.976252,49.892838]}},{"type":"Feature","properties":{"lines":"8а, 22","arr":["А08а","А22"],"mode":"bus","angle":30.5,"extra":1,"ei":11,"l0":"8а, ","c0":"#126804","l1":"22","c1":"#ff627e"},"geometry":{"type":"Point","coordinates":[23.973727,49.893796]}},{"type":"Feature","properties":{"lines":"8а, 22","arr":["А08а","А22"],"mode":"bus","angle":30.7,"extra":1,"ei":12,"l0":"8а, ","c0":"#126804","l1":"22","c1":"#ff627e"},"geometry":{"type":"Point","coordinates":[23.971206,49.894758]}},{"type":"Feature","properties":{"lines":"8а, 22","arr":["А08а","А22"],"mode":"bus","angle":27.1,"extra":1,"ei":13,"l0":"8а, ","c0":"#126804","l1":"22","c1":"#ff627e"},"geometry":{"type":"Point","coordinates":[23.968635,49.895662]}},{"type":"Feature","properties":{"lines":"8а, 22","arr":["А08а","А22"],"mode":"bus","angle":31.1,"extra":1,"ei":14,"l0":"8а, ","c0":"#126804","l1":"22","c1":"#ff627e"},"geometry":{"type":"Point","coordinates":[23.966049,49.896548]}},{"type":"Feature","properties":{"lines":"8а, 22","arr":["А08а","А22"],"mode":"bus","angle":25.2,"mi":1,"l0":"8а, ","c0":"#126804","l1":"22","c1":"#ff627e"},"geometry":{"type":"Point","coordinates":[24.010314,49.875358]}},{"type":"Feature","properties":{"lines":"8а, 22","arr":["А08а","А22"],"mode":"bus","angle":57.9,"extra":1,"ei":0,"l0":"8а, ","c0":"#126804","l1":"22","c1":"#ff627e"},"geometry":{"type":"Point","coordinates":[24.017659,49.871749]}},{"type":"Feature","properties":{"lines":"8а, 22","arr":["А08а","А22"],"mode":"bus","angle":33.5,"extra":1,"ei":1,"l0":"8а, ","c0":"#126804","l1":"22","c1":"#ff627e"},"geometry":{"type":"Point","coordinates":[24.016058,49.873318]}},{"type":"Feature","properties":{"lines":"8а, 22","arr":["А08а","А22"],"mode":"bus","angle":29.1,"extra":1,"ei":2,"l0":"8а, ","c0":"#126804","l1":"22","c1":"#ff627e"},"geometry":{"type":"Point","coordinates":[24.013336,49.873995]}},{"type":"Feature","properties":{"lines":"8а, 22","arr":["А08а","А22"],"mode":"bus","angle":26.3,"extra":1,"ei":3,"l0":"8а, ","c0":"#126804","l1":"22","c1":"#ff627e"},"geometry":{"type":"Point","coordinates":[24.008389,49.875958]}},{"type":"Feature","properties":{"lines":"8а, 22","arr":["А08а","А22"],"mode":"bus","angle":25.9,"extra":1,"ei":4,"l0":"8а, ","c0":"#126804","l1":"22","c1":"#ff627e"},"geometry":{"type":"Point","coordinates":[24.005743,49.876769]}},{"type":"Feature","properties":{"lines":"8а, 22","arr":["А08а","А22"],"mode":"bus","angle":46.5,"extra":1,"ei":5,"l0":"8а, ","c0":"#126804","l1":"22","c1":"#ff627e"},"geometry":{"type":"Point","coordinates":[24.003452,49.877915]}},{"type":"Feature","properties":{"lines":"8а, 22","arr":["А08а","А22"],"mode":"bus","angle":62.3,"extra":1,"ei":6,"l0":"8а, ","c0":"#126804","l1":"22","c1":"#ff627e"},"geometry":{"type":"Point","coordinates":[24.001718,49.879428]}},{"type":"Feature","properties":{"lines":"8а, 22","arr":["А08а","А22"],"mode":"bus","angle":40.1,"l0":"8а, ","c0":"#126804","l1":"22","c1":"#ff627e"},"geometry":{"type":"Point","coordinates":[23.96334,49.897766]}},{"type":"Feature","properties":{"lines":"8а","arr":["А08а"],"mode":"bus","angle":76.4,"l0":"8а","c0":"#126804"},"geometry":{"type":"Point","coordinates":[23.959894,49.901685]}},{"type":"Feature","properties":{"lines":"8а","arr":["А08а"],"mode":"bus","angle":65.2,"extra":1,"ei":0,"l0":"8а","c0":"#126804"},"geometry":{"type":"Point","coordinates":[23.960551,49.900223]}},{"type":"Feature","properties":{"lines":"8а","arr":["А08а"],"mode":"bus","angle":-79.7,"extra":1,"ei":1,"l0":"8а","c0":"#126804"},"geometry":{"type":"Point","coordinates":[23.960144,49.90391]}},{"type":"Feature","properties":{"lines":"8а, 22","arr":["А08а","А22"],"mode":"bus","angle":11,"l0":"8а, ","c0":"#126804","l1":"22","c1":"#ff627e"},"geometry":{"type":"Point","coordinates":[23.949952,49.906922]}},{"type":"Feature","properties":{"lines":"8а, 22","arr":["А08а","А22"],"mode":"bus","angle":34.9,"extra":1,"ei":0,"l0":"8а, ","c0":"#126804","l1":"22","c1":"#ff627e"},"geometry":{"type":"Point","coordinates":[23.959332,49.905141]}},{"type":"Feature","properties":{"lines":"8а, 22","arr":["А08а","А22"],"mode":"bus","angle":21.7,"extra":1,"ei":1,"l0":"8а, ","c0":"#126804","l1":"22","c1":"#ff627e"},"geometry":{"type":"Point","coordinates":[23.95663,49.905864]}},{"type":"Feature","properties":{"lines":"8а, 22","arr":["А08а","А22"],"mode":"bus","angle":9.8,"extra":1,"ei":2,"l0":"8а, ","c0":"#126804","l1":"22","c1":"#ff627e"},"geometry":{"type":"Point","coordinates":[23.953865,49.906474]}},{"type":"Feature","properties":{"lines":"8а, 22","arr":["А08а","А22"],"mode":"bus","angle":-10,"extra":1,"ei":3,"l0":"8а, ","c0":"#126804","l1":"22","c1":"#ff627e"},"geometry":{"type":"Point","coordinates":[23.948087,49.907044]}},{"type":"Feature","properties":{"lines":"8а, 22","arr":["А08а","А22"],"mode":"bus","angle":-30.6,"extra":1,"ei":4,"l0":"8а, ","c0":"#126804","l1":"22","c1":"#ff627e"},"geometry":{"type":"Point","coordinates":[23.945525,49.906145]}},{"type":"Feature","properties":{"lines":"8а, 22","arr":["А08а","А22"],"mode":"bus","angle":-31.1,"extra":1,"ei":5,"l0":"8а, ","c0":"#126804","l1":"22","c1":"#ff627e"},"geometry":{"type":"Point","coordinates":[23.943007,49.90518]}},{"type":"Feature","properties":{"lines":"8а, 22","arr":["А08а","А22"],"mode":"bus","angle":-32.8,"extra":1,"ei":6,"l0":"8а, ","c0":"#126804","l1":"22","c1":"#ff627e"},"geometry":{"type":"Point","coordinates":[23.940507,49.904196]}},{"type":"Feature","properties":{"lines":"8а, 22, 67","arr":["А08а","А22","А67"],"mode":"bus","angle":49.6,"l0":"8а, ","c0":"#126804","l1":"22, ","c1":"#ff627e","l2":"67","c2":"#05617d"},"geometry":{"type":"Point","coordinates":[23.940825,49.903056]}},{"type":"Feature","properties":{"lines":"8а","arr":["А08а"],"mode":"bus","angle":18.7,"l0":"8а","c0":"#126804"},"geometry":{"type":"Point","coordinates":[23.933478,49.901471]}},{"type":"Feature","properties":{"lines":"8а","arr":["А08а"],"mode":"bus","angle":50.2,"extra":1,"ei":0,"l0":"8а","c0":"#126804"},"geometry":{"type":"Point","coordinates":[23.928513,49.904453]}},{"type":"Feature","properties":{"lines":"8а","arr":["А08а"],"mode":"bus","angle":46.6,"extra":1,"ei":1,"l0":"8а","c0":"#126804"},"geometry":{"type":"Point","coordinates":[23.930421,49.90302]}},{"type":"Feature","properties":{"lines":"8а","arr":["А08а"],"mode":"bus","angle":-0.2,"extra":1,"ei":2,"l0":"8а","c0":"#126804"},"geometry":{"type":"Point","coordinates":[23.935354,49.901198]}},{"type":"Feature","properties":{"lines":"8а","arr":["А08а"],"mode":"bus","angle":-29.3,"extra":1,"ei":3,"l0":"8а","c0":"#126804"},"geometry":{"type":"Point","coordinates":[23.938108,49.90173]}},{"type":"Feature","properties":{"lines":"8а","arr":["А08а"],"mode":"bus","angle":-7.9,"extra":1,"ei":4,"l0":"8а","c0":"#126804"},"geometry":{"type":"Point","coordinates":[23.94097,49.90195]}},{"type":"Feature","properties":{"lines":"8а","arr":["А08а"],"mode":"bus","angle":-43.5,"mi":1,"l0":"8а","c0":"#126804"},"geometry":{"type":"Point","coordinates":[23.927008,49.904898]}},{"type":"Feature","properties":{"lines":"8а, 22","arr":["А08а","А22"],"mode":"bus","angle":-86.5,"l0":"8а, ","c0":"#126804","l1":"22","c1":"#ff627e"},"geometry":{"type":"Point","coordinates":[24.024422,49.849402]}},{"type":"Feature","properties":{"lines":"9","arr":["А09"],"mode":"bus","angle":5.7,"l0":"9","c0":"#119efc"},"geometry":{"type":"Point","coordinates":[24.022366,49.787327]}},{"type":"Feature","properties":{"lines":"9","arr":["А09"],"mode":"bus","angle":8.2,"side":-1,"extra":1,"ei":0,"l0":"9","c0":"#119efc"},"geometry":{"type":"Point","coordinates":[24.019292,49.787445]}},{"type":"Feature","properties":{"lines":"9","arr":["А09"],"mode":"bus","angle":23.4,"side":-1,"extra":1,"ei":1,"l0":"9","c0":"#119efc"},"geometry":{"type":"Point","coordinates":[24.025006,49.786666]}},{"type":"Feature","properties":{"lines":"9","arr":["А09"],"mode":"bus","angle":2.1,"mi":1,"l0":"9","c0":"#119efc"},"geometry":{"type":"Point","coordinates":[24.083223,49.878379]}},{"type":"Feature","properties":{"lines":"9, 11, 23, 38","arr":["А09","А11","Тр23","Тр38"],"mode":"bus","angle":9.5,"mi":1,"l0":"9, ","c0":"#119efc","l1":"11, ","c1":"#79a620","l2":"23, ","c2":"#992492","l3":"38","c3":"#076734"},"geometry":{"type":"Point","coordinates":[24.012996,49.805971]}},{"type":"Feature","properties":{"lines":"9, 11, 23, 38","arr":["А09","А11","Тр23","Тр38"],"mode":"bus","angle":9.5,"extra":1,"ei":0,"l0":"9, ","c0":"#119efc","l1":"11, ","c1":"#79a620","l2":"23, ","c2":"#992492","l3":"38","c3":"#076734"},"geometry":{"type":"Point","coordinates":[24.017326,49.805504]}},{"type":"Feature","properties":{"lines":"9, 11, 23, 38","arr":["А09","А11","Тр23","Тр38"],"mode":"bus","angle":9.6,"extra":1,"ei":1,"l0":"9, ","c0":"#119efc","l1":"11, ","c1":"#79a620","l2":"23, ","c2":"#992492","l3":"38","c3":"#076734"},"geometry":{"type":"Point","coordinates":[24.008658,49.806441]}},{"type":"Feature","properties":{"lines":"9, 11, 23, 38","arr":["А09","А11","Тр23","Тр38"],"mode":"bus","angle":-81,"l0":"9, ","c0":"#119efc","l1":"11, ","c1":"#79a620","l2":"23, ","c2":"#992492","l3":"38","c3":"#076734"},"geometry":{"type":"Point","coordinates":[24.007624,49.808198]}},{"type":"Feature","properties":{"lines":"9, 11, 23, 38","arr":["А09","А11","Тр23","Тр38"],"mode":"bus","angle":-80.4,"extra":1,"ei":0,"l0":"9, ","c0":"#119efc","l1":"11, ","c1":"#79a620","l2":"23, ","c2":"#992492","l3":"38","c3":"#076734"},"geometry":{"type":"Point","coordinates":[24.007927,49.80939]}},{"type":"Feature","properties":{"lines":"9, 11, 16, 18, 23, 38","arr":["А09","А11","А16","А18","Тр23","Тр38"],"mode":"bus","angle":3.8,"l0":"9, ","c0":"#119efc","l1":"11, ","c1":"#79a620","l2":"16, ","c2":"#f57145","l3":"18, ","c3":"#b20b42","l4":"23, ","c4":"#992492","l5":"38","c5":"#076734"},"geometry":{"type":"Point","coordinates":[24.004391,49.810068]}},{"type":"Feature","properties":{"lines":"9, 11, 16, 18, 23, 38","arr":["А09","А11","А16","А18","Тр23","Тр38"],"mode":"bus","angle":5,"extra":1,"ei":0,"l0":"9, ","c0":"#119efc","l1":"11, ","c1":"#79a620","l2":"16, ","c2":"#f57145","l3":"18, ","c3":"#b20b42","l4":"23, ","c4":"#992492","l5":"38","c5":"#076734"},"geometry":{"type":"Point","coordinates":[24.006583,49.809969]}},{"type":"Feature","properties":{"lines":"9, 21, 45, 48","arr":["А09","А21","А45","А48"],"mode":"bus","angle":-51.4,"l0":"9, ","c0":"#119efc","l1":"21, ","c1":"#a72d06","l2":"45, ","c2":"#5a5d02","l3":"48","c3":"#05617d"},"geometry":{"type":"Point","coordinates":[24.01939,49.833921]}},{"type":"Feature","properties":{"lines":"9, 21, 45, 48","arr":["А09","А21","А45","А48"],"mode":"bus","angle":-45.9,"mi":1,"l0":"9, ","c0":"#119efc","l1":"21, ","c1":"#a72d06","l2":"45, ","c2":"#5a5d02","l3":"48","c3":"#05617d"},"geometry":{"type":"Point","coordinates":[24.01833,49.832549]}},{"type":"Feature","properties":{"lines":"9, 21, 43, 45, 48","arr":["А09","А21","А43","А45","А48"],"mode":"bus","angle":-72.7,"l0":"9, ","c0":"#119efc","l1":"21, ","c1":"#a72d06","l2":"43, ","c2":"#0357b2","l3":"45, ","c3":"#5a5d02","l4":"48","c4":"#05617d"},"geometry":{"type":"Point","coordinates":[24.018689,49.832987]}},{"type":"Feature","properties":{"lines":"9, 21, 48","arr":["А09","А21","А48"],"mode":"bus","angle":68.6,"l0":"9, ","c0":"#119efc","l1":"21, ","c1":"#a72d06","l2":"48","c2":"#05617d"},"geometry":{"type":"Point","coordinates":[24.027707,49.84241]}},{"type":"Feature","properties":{"lines":"9","arr":["А09"],"mode":"bus","angle":0.5,"mi":2,"l0":"9","c0":"#119efc"},"geometry":{"type":"Point","coordinates":[24.073661,49.877034]}},{"type":"Feature","properties":{"lines":"9","arr":["А09"],"mode":"bus","angle":-3.8,"extra":1,"ei":0,"l0":"9","c0":"#119efc"},"geometry":{"type":"Point","coordinates":[24.065588,49.876799]}},{"type":"Feature","properties":{"lines":"9","arr":["А09"],"mode":"bus","angle":-4.2,"extra":1,"ei":1,"l0":"9","c0":"#119efc"},"geometry":{"type":"Point","coordinates":[24.068507,49.876959]}},{"type":"Feature","properties":{"lines":"9","arr":["А09"],"mode":"bus","angle":0,"extra":1,"ei":2,"l0":"9","c0":"#119efc"},"geometry":{"type":"Point","coordinates":[24.071434,49.877039]}},{"type":"Feature","properties":{"lines":"9","arr":["А09"],"mode":"bus","angle":-14.8,"extra":1,"ei":3,"l0":"9","c0":"#119efc"},"geometry":{"type":"Point","coordinates":[24.077264,49.877186]}},{"type":"Feature","properties":{"lines":"9","arr":["А09"],"mode":"bus","angle":-15.3,"extra":1,"ei":4,"l0":"9","c0":"#119efc"},"geometry":{"type":"Point","coordinates":[24.080082,49.877704]}},{"type":"Feature","properties":{"lines":"9","arr":["А09"],"mode":"bus","angle":-34,"extra":1,"ei":5,"l0":"9","c0":"#119efc"},"geometry":{"type":"Point","coordinates":[24.082815,49.878348]}},{"type":"Feature","properties":{"lines":"9","arr":["А09"],"mode":"bus","angle":12.1,"l0":"9","c0":"#119efc"},"geometry":{"type":"Point","coordinates":[24.095965,49.875994]}},{"type":"Feature","properties":{"lines":"9","arr":["А09"],"mode":"bus","angle":20.9,"extra":1,"ei":0,"l0":"9","c0":"#119efc"},"geometry":{"type":"Point","coordinates":[24.085012,49.878233]}},{"type":"Feature","properties":{"lines":"9","arr":["А09"],"mode":"bus","angle":25,"extra":1,"ei":1,"l0":"9","c0":"#119efc"},"geometry":{"type":"Point","coordinates":[24.087713,49.877503]}},{"type":"Feature","properties":{"lines":"9","arr":["А09"],"mode":"bus","angle":28.4,"extra":1,"ei":2,"l0":"9","c0":"#119efc"},"geometry":{"type":"Point","coordinates":[24.090283,49.876595]}},{"type":"Feature","properties":{"lines":"9","arr":["А09"],"mode":"bus","angle":-6.2,"extra":1,"ei":3,"l0":"9","c0":"#119efc"},"geometry":{"type":"Point","coordinates":[24.092974,49.876004]}},{"type":"Feature","properties":{"lines":"9","arr":["А09"],"mode":"bus","angle":19.3,"extra":1,"ei":4,"l0":"9","c0":"#119efc"},"geometry":{"type":"Point","coordinates":[24.098627,49.875367]}},{"type":"Feature","properties":{"lines":"9","arr":["А09"],"mode":"bus","angle":6.1,"extra":1,"ei":5,"l0":"9","c0":"#119efc"},"geometry":{"type":"Point","coordinates":[24.101499,49.875078]}},{"type":"Feature","properties":{"lines":"9","arr":["А09"],"mode":"bus","angle":12.4,"extra":1,"ei":6,"l0":"9","c0":"#119efc"},"geometry":{"type":"Point","coordinates":[24.104349,49.874648]}},{"type":"Feature","properties":{"lines":"9","arr":["А09"],"mode":"bus","angle":9.8,"extra":1,"ei":7,"l0":"9","c0":"#119efc"},"geometry":{"type":"Point","coordinates":[24.107215,49.874258]}},{"type":"Feature","properties":{"lines":"9","arr":["А09"],"mode":"bus","angle":-3.1,"l0":"9","c0":"#119efc"},"geometry":{"type":"Point","coordinates":[24.152528,49.874051]}},{"type":"Feature","properties":{"lines":"9","arr":["А09"],"mode":"bus","angle":8.8,"mi":3,"l0":"9","c0":"#119efc"},"geometry":{"type":"Point","coordinates":[24.109407,49.874011]}},{"type":"Feature","properties":{"lines":"9","arr":["А09"],"mode":"bus","angle":-12.1,"extra":1,"ei":0,"l0":"9","c0":"#119efc"},"geometry":{"type":"Point","coordinates":[24.14309,49.873101]}},{"type":"Feature","properties":{"lines":"9","arr":["А09"],"mode":"bus","angle":-11.1,"extra":1,"ei":1,"l0":"9","c0":"#119efc"},"geometry":{"type":"Point","coordinates":[24.145964,49.873466]}},{"type":"Feature","properties":{"lines":"9","arr":["А09"],"mode":"bus","angle":-10.5,"extra":1,"ei":2,"l0":"9","c0":"#119efc"},"geometry":{"type":"Point","coordinates":[24.14884,49.873826]}},{"type":"Feature","properties":{"lines":"9","arr":["А09"],"mode":"bus","angle":-3.1,"extra":1,"ei":3,"l0":"9","c0":"#119efc"},"geometry":{"type":"Point","coordinates":[24.154675,49.874126]}},{"type":"Feature","properties":{"lines":"9","arr":["А09"],"mode":"bus","angle":0,"extra":1,"ei":4,"l0":"9","c0":"#119efc"},"geometry":{"type":"Point","coordinates":[24.157602,49.874214]}},{"type":"Feature","properties":{"lines":"9","arr":["А09"],"mode":"bus","angle":4.7,"extra":1,"ei":5,"l0":"9","c0":"#119efc"},"geometry":{"type":"Point","coordinates":[24.16053,49.874177]}},{"type":"Feature","properties":{"lines":"9","arr":["А09"],"mode":"bus","angle":15,"extra":1,"ei":6,"l0":"9","c0":"#119efc"},"geometry":{"type":"Point","coordinates":[24.16337,49.873728]}},{"type":"Feature","properties":{"lines":"9","arr":["А09"],"mode":"bus","angle":6.9,"l0":"9","c0":"#119efc"},"geometry":{"type":"Point","coordinates":[24.125937,49.873078]}},{"type":"Feature","properties":{"lines":"9","arr":["А09"],"mode":"bus","angle":-6,"extra":1,"ei":0,"l0":"9","c0":"#119efc"},"geometry":{"type":"Point","coordinates":[24.11145,49.87402]}},{"type":"Feature","properties":{"lines":"9","arr":["А09"],"mode":"bus","angle":15.1,"extra":1,"ei":1,"l0":"9","c0":"#119efc"},"geometry":{"type":"Point","coordinates":[24.114294,49.873629]}},{"type":"Feature","properties":{"lines":"9","arr":["А09"],"mode":"bus","angle":8.3,"extra":1,"ei":2,"l0":"9","c0":"#119efc"},"geometry":{"type":"Point","coordinates":[24.117197,49.873535]}},{"type":"Feature","properties":{"lines":"9","arr":["А09"],"mode":"bus","angle":1.9,"extra":1,"ei":3,"l0":"9","c0":"#119efc"},"geometry":{"type":"Point","coordinates":[24.120104,49.87333]}},{"type":"Feature","properties":{"lines":"9","arr":["А09"],"mode":"bus","angle":2.7,"extra":1,"ei":4,"l0":"9","c0":"#119efc"},"geometry":{"type":"Point","coordinates":[24.123031,49.873248]}},{"type":"Feature","properties":{"lines":"9","arr":["А09"],"mode":"bus","angle":11.4,"extra":1,"ei":5,"l0":"9","c0":"#119efc"},"geometry":{"type":"Point","coordinates":[24.128842,49.872796]}},{"type":"Feature","properties":{"lines":"9","arr":["А09"],"mode":"bus","angle":18.7,"extra":1,"ei":6,"l0":"9","c0":"#119efc"},"geometry":{"type":"Point","coordinates":[24.131666,49.872299]}},{"type":"Feature","properties":{"lines":"9","arr":["А09"],"mode":"bus","angle":-11.7,"extra":1,"ei":7,"l0":"9","c0":"#119efc"},"geometry":{"type":"Point","coordinates":[24.134491,49.871988]}},{"type":"Feature","properties":{"lines":"9","arr":["А09"],"mode":"bus","angle":-11,"extra":1,"ei":8,"l0":"9","c0":"#119efc"},"geometry":{"type":"Point","coordinates":[24.137363,49.872364]}},{"type":"Feature","properties":{"lines":"9","arr":["А09"],"mode":"bus","angle":-10.7,"extra":1,"ei":9,"l0":"9","c0":"#119efc"},"geometry":{"type":"Point","coordinates":[24.140238,49.872725]}},{"type":"Feature","properties":{"lines":"9, 41, 48","arr":["А09","А41","А48"],"mode":"bus","angle":53.1,"l0":"9, ","c0":"#119efc","l1":"41, ","c1":"#e16cd6","l2":"48","c2":"#05617d"},"geometry":{"type":"Point","coordinates":[24.009324,49.828702]}},{"type":"Feature","properties":{"lines":"9, 11, 16, 18","arr":["А09","А11","А16","А18"],"mode":"bus","angle":15.3,"l0":"9, ","c0":"#119efc","l1":"11, ","c1":"#79a620","l2":"16, ","c2":"#f57145","l3":"18","c3":"#b20b42"},"geometry":{"type":"Point","coordinates":[24.013487,49.808692]}},{"type":"Feature","properties":{"lines":"9, 11, 16, 18","arr":["А09","А11","А16","А18"],"mode":"bus","angle":18.3,"extra":1,"ei":0,"l0":"9, ","c0":"#119efc","l1":"11, ","c1":"#79a620","l2":"16, ","c2":"#f57145","l3":"18","c3":"#b20b42"},"geometry":{"type":"Point","coordinates":[24.009412,49.809505]}},{"type":"Feature","properties":{"lines":"9, 11, 16, 18","arr":["А09","А11","А16","А18"],"mode":"bus","angle":4.5,"extra":1,"ei":1,"l0":"9, ","c0":"#119efc","l1":"11, ","c1":"#79a620","l2":"16, ","c2":"#f57145","l3":"18","c3":"#b20b42"},"geometry":{"type":"Point","coordinates":[24.01793,49.808207]}},{"type":"Feature","properties":{"lines":"10, 16, 29, 31","arr":["А10","А16","А29","А31"],"mode":"bus","angle":53.9,"side":-1,"l0":"10, ","c0":"#52ac3c","l1":"16, ","c1":"#f57145","l2":"29, ","c2":"#b59607","l3":"31","c3":"#11a2e3"},"geometry":{"type":"Point","coordinates":[23.995954,49.84004]}},{"type":"Feature","properties":{"lines":"32, 49","arr":["А32","А49"],"mode":"bus","angle":34.8,"l0":"32, ","c0":"#9789ff","l1":"49","c1":"#7c5001"},"geometry":{"type":"Point","coordinates":[23.995481,49.8394]}},{"type":"Feature","properties":{"lines":"10, 14, 27, 32, 51, 22","arr":["А10","А14","А27","А32","А51","Тр22"],"mode":"bus","angle":8.6,"l0":"10, ","c0":"#52ac3c","l1":"14, ","c1":"#cf8a11","l2":"27, ","c2":"#11a2e3","l3":"32, ","c3":"#9789ff","l4":"51, ","c4":"#1cab97","l5":"22","c5":"#ff627e"},"geometry":{"type":"Point","coordinates":[23.991502,49.804526]}},{"type":"Feature","properties":{"lines":"10, 14, 27, 32, 51, 22","arr":["А10","А14","А27","А32","А51","Тр22"],"mode":"bus","angle":8.5,"extra":1,"ei":0,"l0":"10, ","c0":"#52ac3c","l1":"14, ","c1":"#cf8a11","l2":"27, ","c2":"#11a2e3","l3":"32, ","c3":"#9789ff","l4":"51, ","c4":"#1cab97","l5":"22","c5":"#ff627e"},"geometry":{"type":"Point","coordinates":[23.993596,49.804322]}},{"type":"Feature","properties":{"lines":"11, 16, 21, 48, 23, 38","arr":["А11","А16","А21","А48","Тр23","Тр38"],"mode":"bus","angle":-15.4,"l0":"11, ","c0":"#79a620","l1":"16, ","c1":"#f57145","l2":"21, ","c2":"#a72d06","l3":"48, ","c3":"#05617d","l4":"23, ","c4":"#992492","l5":"38","c5":"#076734"},"geometry":{"type":"Point","coordinates":[23.999062,49.810594]}},{"type":"Feature","properties":{"lines":"11, 16, 18, 21, 48, 51, 23, 38","arr":["А11","А16","А18","А21","А48","А51","Тр23","Тр38"],"mode":"bus","angle":8.9,"l0":"11, ","c0":"#79a620","l1":"16, ","c1":"#f57145","l2":"18, ","c2":"#b20b42","l3":"21, ","c3":"#a72d06","l4":"48, ","c4":"#05617d","l5":"51, ","c5":"#1cab97","l6":"23, ","c6":"#992492","l7":"38","c7":"#076734"},"geometry":{"type":"Point","coordinates":[23.99229,49.811192]}},{"type":"Feature","properties":{"lines":"11, 16, 18, 21, 48, 51, 23, 38","arr":["А11","А16","А18","А21","А48","А51","Тр23","Тр38"],"mode":"bus","angle":8.9,"extra":1,"ei":0,"l0":"11, ","c0":"#79a620","l1":"16, ","c1":"#f57145","l2":"18, ","c2":"#b20b42","l3":"21, ","c3":"#a72d06","l4":"48, ","c4":"#05617d","l5":"51, ","c5":"#1cab97","l6":"23, ","c6":"#992492","l7":"38","c7":"#076734"},"geometry":{"type":"Point","coordinates":[23.986611,49.811764]}},{"type":"Feature","properties":{"lines":"11, 16, 18, 21, 48, 51, 23, 38","arr":["А11","А16","А18","А21","А48","А51","Тр23","Тр38"],"mode":"bus","angle":8.9,"extra":1,"ei":1,"l0":"11, ","c0":"#79a620","l1":"16, ","c1":"#f57145","l2":"18, ","c2":"#b20b42","l3":"21, ","c3":"#a72d06","l4":"48, ","c4":"#05617d","l5":"51, ","c5":"#1cab97","l6":"23, ","c6":"#992492","l7":"38","c7":"#076734"},"geometry":{"type":"Point","coordinates":[23.989506,49.811473]}},{"type":"Feature","properties":{"lines":"11, 16, 18, 21, 48, 51, 23, 38","arr":["А11","А16","А18","А21","А48","А51","Тр23","Тр38"],"mode":"bus","angle":8.9,"extra":1,"ei":2,"l0":"11, ","c0":"#79a620","l1":"16, ","c1":"#f57145","l2":"18, ","c2":"#b20b42","l3":"21, ","c3":"#a72d06","l4":"48, ","c4":"#05617d","l5":"51, ","c5":"#1cab97","l6":"23, ","c6":"#992492","l7":"38","c7":"#076734"},"geometry":{"type":"Point","coordinates":[23.995296,49.810889]}},{"type":"Feature","properties":{"lines":"11, 16, 18, 21, 48, 51, 23, 38","arr":["А11","А16","А18","А21","А48","А51","Тр23","Тр38"],"mode":"bus","angle":8.9,"extra":1,"ei":3,"l0":"11, ","c0":"#79a620","l1":"16, ","c1":"#f57145","l2":"18, ","c2":"#b20b42","l3":"21, ","c3":"#a72d06","l4":"48, ","c4":"#05617d","l5":"51, ","c5":"#1cab97","l6":"23, ","c6":"#992492","l7":"38","c7":"#076734"},"geometry":{"type":"Point","coordinates":[23.99819,49.810597]}},{"type":"Feature","properties":{"lines":"11, 14, 16, 18, 21, 23, 25, 27, 32, 33, 48, 51","arr":["А11","А14","А16","А18","А21","А23","А25","А27","А32","А33","А48","А51","Тр23"],"mode":"bus","angle":25,"side":-1,"l0":"11, ","c0":"#79a620","l1":"14, ","c1":"#cf8a11","l2":"16, ","c2":"#f57145","l3":"18, ","c3":"#b20b42","l4":"21, ","c4":"#a72d06","l5":"23, ","c5":"#03636c","l6":"25, ","c6":"#4d4aba","l7":"27, ","c7":"#11a2e3","l8":"32, ","c8":"#9789ff","l9":"33, ","c9":"#ab0377","l10":"48, ","c10":"#05617d","l11":"51, ","c11":"#1cab97","l12":"23","c12":"#992492"},"geometry":{"type":"Point","coordinates":[23.983066,49.812056]}},{"type":"Feature","properties":{"lines":"11, 14, 16, 18, 21, 23, 25, 27, 32, 48, 51","arr":["А11","А14","А16","А18","А21","А23","А25","А27","А32","А48","А51","Тр23"],"mode":"bus","angle":40.5,"l0":"11, ","c0":"#79a620","l1":"14, ","c1":"#cf8a11","l2":"16, ","c2":"#f57145","l3":"18, ","c3":"#b20b42","l4":"21, ","c4":"#a72d06","l5":"23, ","c5":"#03636c","l6":"25, ","c6":"#4d4aba","l7":"27, ","c7":"#11a2e3","l8":"32, ","c8":"#9789ff","l9":"48, ","c9":"#05617d","l10":"51, ","c10":"#1cab97","l11":"23","c11":"#992492"},"geometry":{"type":"Point","coordinates":[23.976364,49.813808]}},{"type":"Feature","properties":{"lines":"11, 14, 16, 18, 21, 23, 25, 27, 32, 48, 51","arr":["А11","А14","А16","А18","А21","А23","А25","А27","А32","А48","А51","Тр23"],"mode":"bus","angle":13.4,"extra":1,"ei":0,"l0":"11, ","c0":"#79a620","l1":"14, ","c1":"#cf8a11","l2":"16, ","c2":"#f57145","l3":"18, ","c3":"#b20b42","l4":"21, ","c4":"#a72d06","l5":"23, ","c5":"#03636c","l6":"25, ","c6":"#4d4aba","l7":"27, ","c7":"#11a2e3","l8":"32, ","c8":"#9789ff","l9":"48, ","c9":"#05617d","l10":"51, ","c10":"#1cab97","l11":"23","c11":"#992492"},"geometry":{"type":"Point","coordinates":[23.981228,49.812323]}},{"type":"Feature","properties":{"lines":"11, 14, 16, 18, 21, 23, 25, 27, 32, 48, 51","arr":["А11","А14","А16","А18","А21","А23","А25","А27","А32","А48","А51","Тр23"],"mode":"bus","angle":25.6,"extra":1,"ei":1,"l0":"11, ","c0":"#79a620","l1":"14, ","c1":"#cf8a11","l2":"16, ","c2":"#f57145","l3":"18, ","c3":"#b20b42","l4":"21, ","c4":"#a72d06","l5":"23, ","c5":"#03636c","l6":"25, ","c6":"#4d4aba","l7":"27, ","c7":"#11a2e3","l8":"32, ","c8":"#9789ff","l9":"48, ","c9":"#05617d","l10":"51, ","c10":"#1cab97","l11":"23","c11":"#992492"},"geometry":{"type":"Point","coordinates":[23.978456,49.812914]}},{"type":"Feature","properties":{"lines":"11, 14, 16, 18, 21, 23, 25, 27, 32, 48, 51","arr":["А11","А14","А16","А18","А21","А23","А25","А27","А32","А48","А51","Тр23"],"mode":"bus","angle":45.4,"extra":1,"ei":2,"l0":"11, ","c0":"#79a620","l1":"14, ","c1":"#cf8a11","l2":"16, ","c2":"#f57145","l3":"18, ","c3":"#b20b42","l4":"21, ","c4":"#a72d06","l5":"23, ","c5":"#03636c","l6":"25, ","c6":"#4d4aba","l7":"27, ","c7":"#11a2e3","l8":"32, ","c8":"#9789ff","l9":"48, ","c9":"#05617d","l10":"51, ","c10":"#1cab97","l11":"23","c11":"#992492"},"geometry":{"type":"Point","coordinates":[23.973975,49.815313]}},{"type":"Feature","properties":{"lines":"11, 14, 16, 18, 21, 23, 25, 27, 32, 48, 51","arr":["А11","А14","А16","А18","А21","А23","А25","А27","А32","А48","А51","Тр23"],"mode":"bus","angle":61.2,"extra":1,"ei":3,"l0":"11, ","c0":"#79a620","l1":"14, ","c1":"#cf8a11","l2":"16, ","c2":"#f57145","l3":"18, ","c3":"#b20b42","l4":"21, ","c4":"#a72d06","l5":"23, ","c5":"#03636c","l6":"25, ","c6":"#4d4aba","l7":"27, ","c7":"#11a2e3","l8":"32, ","c8":"#9789ff","l9":"48, ","c9":"#05617d","l10":"51, ","c10":"#1cab97","l11":"23","c11":"#992492"},"geometry":{"type":"Point","coordinates":[23.972171,49.816789]}},{"type":"Feature","properties":{"lines":"11, 14, 16, 18, 21, 23, 25, 27, 32, 48","arr":["А11","А14","А16","А18","А21","А23","А25","А27","А32","А48","Тр23"],"mode":"bus","angle":61.7,"l0":"11, ","c0":"#79a620","l1":"14, ","c1":"#cf8a11","l2":"16, ","c2":"#f57145","l3":"18, ","c3":"#b20b42","l4":"21, ","c4":"#a72d06","l5":"23, ","c5":"#03636c","l6":"25, ","c6":"#4d4aba","l7":"27, ","c7":"#11a2e3","l8":"32, ","c8":"#9789ff","l9":"48, ","c9":"#05617d","l10":"23","c10":"#992492"},"geometry":{"type":"Point","coordinates":[23.970403,49.818929]}},{"type":"Feature","properties":{"lines":"11, 14, 18, 21, 23, 27, 32, 48, 92, 30","arr":["А11","А14","А18","А21","А23","А27","А32","А48","А92","Тр23","Тр30"],"mode":"bus","angle":61.3,"l0":"11, ","c0":"#79a620","l1":"14, ","c1":"#cf8a11","l2":"18, ","c2":"#b20b42","l3":"21, ","c3":"#a72d06","l4":"23, ","c4":"#03636c","l5":"27, ","c5":"#11a2e3","l6":"32, ","c6":"#9789ff","l7":"48, ","c7":"#05617d","l8":"92, ","c8":"#52ac3c","l9":"23, ","c9":"#992492","l10":"30","c10":"#6b5806"},"geometry":{"type":"Point","coordinates":[23.968121,49.821646]}},{"type":"Feature","properties":{"lines":"11, 18, 23, 32","arr":["А11","А18","А23","А32"],"mode":"bus","angle":-86.3,"l0":"11, ","c0":"#79a620","l1":"18, ","c1":"#b20b42","l2":"23, ","c2":"#03636c","l3":"32","c3":"#9789ff"},"geometry":{"type":"Point","coordinates":[23.967831,49.82664]}},{"type":"Feature","properties":{"lines":"11, 18, 23, 32","arr":["А11","А18","А23","А32"],"mode":"bus","angle":-86.4,"extra":1,"ei":0,"l0":"11, ","c0":"#79a620","l1":"18, ","c1":"#b20b42","l2":"23, ","c2":"#03636c","l3":"32","c3":"#9789ff"},"geometry":{"type":"Point","coordinates":[23.96751,49.823567]}},{"type":"Feature","properties":{"lines":"11, 18, 23, 32","arr":["А11","А18","А23","А32"],"mode":"bus","angle":-86,"extra":1,"ei":1,"l0":"11, ","c0":"#79a620","l1":"18, ","c1":"#b20b42","l2":"23, ","c2":"#03636c","l3":"32","c3":"#9789ff"},"geometry":{"type":"Point","coordinates":[23.967708,49.825451]}},{"type":"Feature","properties":{"lines":"11, 18, 23, 32","arr":["А11","А18","А23","А32"],"mode":"bus","angle":-86.6,"extra":1,"ei":2,"l0":"11, ","c0":"#79a620","l1":"18, ","c1":"#b20b42","l2":"23, ","c2":"#03636c","l3":"32","c3":"#9789ff"},"geometry":{"type":"Point","coordinates":[23.968092,49.82922]}},{"type":"Feature","properties":{"lines":"11, 18, 23, 32, 52, 84, 27","arr":["А11","А18","А23","А32","А52","А84","Тр27"],"mode":"bus","angle":-15.2,"l0":"11, ","c0":"#79a620","l1":"18, ","c1":"#b20b42","l2":"23, ","c2":"#03636c","l3":"32, ","c3":"#9789ff","l4":"52, ","c4":"#ff5e9b","l5":"84, ","c5":"#066559","l6":"27","c6":"#7b3aa8"},"geometry":{"type":"Point","coordinates":[23.972746,49.831456]}},{"type":"Feature","properties":{"lines":"11, 18, 23, 32, 52, 84, 27","arr":["А11","А18","А23","А32","А52","А84","Тр27"],"mode":"bus","angle":-15.2,"extra":1,"ei":0,"l0":"11, ","c0":"#79a620","l1":"18, ","c1":"#b20b42","l2":"23, ","c2":"#03636c","l3":"32, ","c3":"#9789ff","l4":"52, ","c4":"#ff5e9b","l5":"84, ","c5":"#066559","l6":"27","c6":"#7b3aa8"},"geometry":{"type":"Point","coordinates":[23.969642,49.830903]}},{"type":"Feature","properties":{"lines":"11, 18, 23, 32, 52, 84, 27","arr":["А11","А18","А23","А32","А52","А84","Тр27"],"mode":"bus","angle":-15.6,"extra":1,"ei":1,"l0":"11, ","c0":"#79a620","l1":"18, ","c1":"#b20b42","l2":"23, ","c2":"#03636c","l3":"32, ","c3":"#9789ff","l4":"52, ","c4":"#ff5e9b","l5":"84, ","c5":"#066559","l6":"27","c6":"#7b3aa8"},"geometry":{"type":"Point","coordinates":[23.975294,49.831901]}},{"type":"Feature","properties":{"lines":"11, 18, 23","arr":["А11","А18","А23"],"mode":"bus","angle":-82.1,"l0":"11, ","c0":"#79a620","l1":"18, ","c1":"#b20b42","l2":"23","c2":"#03636c"},"geometry":{"type":"Point","coordinates":[23.977927,49.832959]}},{"type":"Feature","properties":{"lines":"11, 18, 20, 23, 34, 43, 49, 32","arr":["А11","А18","А20","А23","А34","А43","А49","Тр32"],"mode":"bus","angle":-7.8,"mi":1,"l0":"11, ","c0":"#79a620","l1":"18, ","c1":"#b20b42","l2":"20, ","c2":"#2d8c1b","l3":"23, ","c3":"#03636c","l4":"34, ","c4":"#ab0377","l5":"43, ","c5":"#0357b2","l6":"49, ","c6":"#7c5001","l7":"32","c7":"#11a2e3"},"geometry":{"type":"Point","coordinates":[23.979322,49.842607]}},{"type":"Feature","properties":{"lines":"11, 18, 20, 23, 34, 43, 49, 32","arr":["А11","А18","А20","А23","А34","А43","А49","Тр32"],"mode":"bus","angle":72.5,"l0":"11, ","c0":"#79a620","l1":"18, ","c1":"#b20b42","l2":"20, ","c2":"#2d8c1b","l3":"23, ","c3":"#03636c","l4":"34, ","c4":"#ab0377","l5":"43, ","c5":"#0357b2","l6":"49, ","c6":"#7c5001","l7":"32","c7":"#11a2e3"},"geometry":{"type":"Point","coordinates":[23.977359,49.834544]}},{"type":"Feature","properties":{"lines":"11, 18, 20, 23, 34, 43, 49, 32","arr":["А11","А18","А20","А23","А34","А43","А49","Тр32"],"mode":"bus","angle":-85.1,"extra":1,"ei":0,"l0":"11, ","c0":"#79a620","l1":"18, ","c1":"#b20b42","l2":"20, ","c2":"#2d8c1b","l3":"23, ","c3":"#03636c","l4":"34, ","c4":"#ab0377","l5":"43, ","c5":"#0357b2","l6":"49, ","c6":"#7c5001","l7":"32","c7":"#11a2e3"},"geometry":{"type":"Point","coordinates":[23.977054,49.836243]}},{"type":"Feature","properties":{"lines":"11, 18, 20, 23, 34, 43, 49, 32","arr":["А11","А18","А20","А23","А34","А43","А49","Тр32"],"mode":"bus","angle":-87.7,"extra":1,"ei":1,"l0":"11, ","c0":"#79a620","l1":"18, ","c1":"#b20b42","l2":"20, ","c2":"#2d8c1b","l3":"23, ","c3":"#03636c","l4":"34, ","c4":"#ab0377","l5":"43, ","c5":"#0357b2","l6":"49, ","c6":"#7c5001","l7":"32","c7":"#11a2e3"},"geometry":{"type":"Point","coordinates":[23.977218,49.838126]}},{"type":"Feature","properties":{"lines":"11, 18, 20, 23, 34, 43, 49, 32","arr":["А11","А18","А20","А23","А34","А43","А49","Тр32"],"mode":"bus","angle":-69.6,"extra":1,"ei":2,"l0":"11, ","c0":"#79a620","l1":"18, ","c1":"#b20b42","l2":"20, ","c2":"#2d8c1b","l3":"23, ","c3":"#03636c","l4":"34, ","c4":"#ab0377","l5":"43, ","c5":"#0357b2","l6":"49, ","c6":"#7c5001","l7":"32","c7":"#11a2e3"},"geometry":{"type":"Point","coordinates":[23.977982,49.83994]}},{"type":"Feature","properties":{"lines":"11, 49","arr":["А11","А49"],"mode":"bus","angle":-29.5,"l0":"11, ","c0":"#79a620","l1":"49","c1":"#7c5001"},"geometry":{"type":"Point","coordinates":[23.98389,49.844521]}},{"type":"Feature","properties":{"lines":"11, 49","arr":["А11","А49"],"mode":"bus","angle":-36.8,"extra":1,"ei":0,"l0":"11, ","c0":"#79a620","l1":"49","c1":"#7c5001"},"geometry":{"type":"Point","coordinates":[23.980542,49.843162]}},{"type":"Feature","properties":{"lines":"11, 49","arr":["А11","А49"],"mode":"bus","angle":-28.4,"extra":1,"ei":1,"l0":"11, ","c0":"#79a620","l1":"49","c1":"#7c5001"},"geometry":{"type":"Point","coordinates":[23.985552,49.845113]}},{"type":"Feature","properties":{"lines":"11, 49","arr":["А11","А49"],"mode":"bus","angle":-30,"extra":1,"ei":2,"l0":"11, ","c0":"#79a620","l1":"49","c1":"#7c5001"},"geometry":{"type":"Point","coordinates":[23.988113,49.846026]}},{"type":"Feature","properties":{"lines":"11, 17, 49","arr":["А11","А17","А49"],"mode":"bus","angle":-31.7,"l0":"11, ","c0":"#79a620","l1":"17, ","c1":"#e47e2b","l2":"49","c2":"#7c5001"},"geometry":{"type":"Point","coordinates":[23.992434,49.847638]}},{"type":"Feature","properties":{"lines":"11, 17, 49","arr":["А11","А17","А49"],"mode":"bus","angle":-29.9,"extra":1,"ei":0,"l0":"11, ","c0":"#79a620","l1":"17, ","c1":"#e47e2b","l2":"49","c2":"#7c5001"},"geometry":{"type":"Point","coordinates":[23.989897,49.846693]}},{"type":"Feature","properties":{"lines":"11, 17, 49","arr":["А11","А17","А49"],"mode":"bus","angle":-37.7,"extra":1,"ei":1,"l0":"11, ","c0":"#79a620","l1":"17, ","c1":"#e47e2b","l2":"49","c2":"#7c5001"},"geometry":{"type":"Point","coordinates":[23.994828,49.848725]}},{"type":"Feature","properties":{"lines":"11, 14, 16, 21, 23, 25, 27, 32, 48","arr":["А11","А14","А16","А21","А23","А25","А27","А32","А48","Тр23"],"mode":"bus","angle":-20.8,"l0":"11, ","c0":"#79a620","l1":"14, ","c1":"#cf8a11","l2":"16, ","c2":"#f57145","l3":"21, ","c3":"#a72d06","l4":"23, ","c4":"#03636c","l5":"25, ","c5":"#4d4aba","l6":"27, ","c6":"#11a2e3","l7":"32, ","c7":"#9789ff","l8":"48, ","c8":"#05617d","l9":"23","c9":"#992492"},"geometry":{"type":"Point","coordinates":[23.983305,49.81222]}},{"type":"Feature","properties":{"lines":"41, 45, 51","arr":["А41","А45","А51"],"mode":"bus","angle":-81.2,"side":-1,"l0":"41, ","c0":"#e16cd6","l1":"45, ","c1":"#5a5d02","l2":"51","c2":"#1cab97"},"geometry":{"type":"Point","coordinates":[23.99908,49.807042]}},{"type":"Feature","properties":{"lines":"41, 45, 51","arr":["А41","А45","А51"],"mode":"bus","angle":-82.4,"extra":1,"ei":0,"l0":"41, ","c0":"#e16cd6","l1":"45, ","c1":"#5a5d02","l2":"51","c2":"#1cab97"},"geometry":{"type":"Point","coordinates":[23.999256,49.809184]}},{"type":"Feature","properties":{"lines":"41, 45, 51","arr":["А41","А45","А51"],"mode":"bus","angle":-78.3,"extra":1,"ei":1,"l0":"41, ","c0":"#e16cd6","l1":"45, ","c1":"#5a5d02","l2":"51","c2":"#1cab97"},"geometry":{"type":"Point","coordinates":[23.998164,49.805495]}},{"type":"Feature","properties":{"lines":"11, 16, 18, 23, 38","arr":["А11","А16","А18","Тр23","Тр38"],"mode":"bus","angle":-12.9,"side":-1,"l0":"11, ","c0":"#79a620","l1":"16, ","c1":"#f57145","l2":"18, ","c2":"#b20b42","l3":"23, ","c3":"#992492","l4":"38","c4":"#076734"},"geometry":{"type":"Point","coordinates":[24.000415,49.810321]}},{"type":"Feature","properties":{"lines":"12, 47","arr":["А12","А47"],"mode":"bus","angle":-80.5,"mi":3,"l0":"12, ","c0":"#b59607","l1":"47","c1":"#4d4aba"},"geometry":{"type":"Point","coordinates":[23.985249,49.857824]}},{"type":"Feature","properties":{"lines":"12, 47","arr":["А12","А47"],"mode":"bus","angle":62,"extra":1,"ei":0,"l0":"12, ","c0":"#b59607","l1":"47","c1":"#4d4aba"},"geometry":{"type":"Point","coordinates":[23.98621,49.854302]}},{"type":"Feature","properties":{"lines":"12, 47","arr":["А12","А47"],"mode":"bus","angle":83.1,"extra":1,"ei":1,"l0":"12, ","c0":"#b59607","l1":"47","c1":"#4d4aba"},"geometry":{"type":"Point","coordinates":[23.98522,49.856063]}},{"type":"Feature","properties":{"lines":"12, 47","arr":["А12","А47"],"mode":"bus","angle":-46.5,"extra":1,"ei":2,"l0":"12, ","c0":"#b59607","l1":"47","c1":"#4d4aba"},"geometry":{"type":"Point","coordinates":[23.987152,49.859367]}},{"type":"Feature","properties":{"lines":"12, 47","arr":["А12","А47"],"mode":"bus","angle":-50.3,"extra":1,"ei":3,"l0":"12, ","c0":"#b59607","l1":"47","c1":"#4d4aba"},"geometry":{"type":"Point","coordinates":[23.988991,49.860837]}},{"type":"Feature","properties":{"lines":"12, 47","arr":["А12","А47"],"mode":"bus","angle":0.6,"l0":"12, ","c0":"#b59607","l1":"47","c1":"#4d4aba"},"geometry":{"type":"Point","coordinates":[23.995702,49.862286]}},{"type":"Feature","properties":{"lines":"12, 47","arr":["А12","А47"],"mode":"bus","angle":-19.5,"extra":1,"ei":0,"l0":"12, ","c0":"#b59607","l1":"47","c1":"#4d4aba"},"geometry":{"type":"Point","coordinates":[23.991161,49.861631]}},{"type":"Feature","properties":{"lines":"12, 47","arr":["А12","А47"],"mode":"bus","angle":25,"extra":1,"ei":1,"l0":"12, ","c0":"#b59607","l1":"47","c1":"#4d4aba"},"geometry":{"type":"Point","coordinates":[23.999681,49.861717]}},{"type":"Feature","properties":{"lines":"12, 47","arr":["А12","А47"],"mode":"bus","angle":-40.5,"mi":1,"l0":"12, ","c0":"#b59607","l1":"47","c1":"#4d4aba"},"geometry":{"type":"Point","coordinates":[24.004169,49.862822]}},{"type":"Feature","properties":{"lines":"12, 47","arr":["А12","А47"],"mode":"bus","angle":-40,"extra":1,"ei":0,"l0":"12, ","c0":"#b59607","l1":"47","c1":"#4d4aba"},"geometry":{"type":"Point","coordinates":[24.002709,49.862008]}},{"type":"Feature","properties":{"lines":"12, 47, 52","arr":["А12","А47","А52"],"mode":"bus","angle":-20.6,"l0":"12, ","c0":"#b59607","l1":"47, ","c1":"#4d4aba","l2":"52","c2":"#ff5e9b"},"geometry":{"type":"Point","coordinates":[24.008846,49.865046]}},{"type":"Feature","properties":{"lines":"12, 47, 52","arr":["А12","А47","А52"],"mode":"bus","angle":-17.1,"extra":1,"ei":0,"l0":"12, ","c0":"#b59607","l1":"47, ","c1":"#4d4aba","l2":"52","c2":"#ff5e9b"},"geometry":{"type":"Point","coordinates":[24.010705,49.865428]}},{"type":"Feature","properties":{"lines":"12, 47","arr":["А12","А47"],"mode":"bus","angle":-27.3,"mi":2,"l0":"12, ","c0":"#b59607","l1":"47","c1":"#4d4aba"},"geometry":{"type":"Point","coordinates":[24.013452,49.865993]}},{"type":"Feature","properties":{"lines":"12, 47","arr":["А12","А47"],"mode":"bus","angle":-42.9,"extra":1,"ei":0,"l0":"12, ","c0":"#b59607","l1":"47","c1":"#4d4aba"},"geometry":{"type":"Point","coordinates":[24.014971,49.866832]}},{"type":"Feature","properties":{"lines":"12, 21, 37, 47","arr":["А12","А21","А37","А47"],"mode":"bus","angle":-45.8,"l0":"12, ","c0":"#b59607","l1":"21, ","c1":"#a72d06","l2":"37, ","c2":"#ab0377","l3":"47","c3":"#4d4aba"},"geometry":{"type":"Point","coordinates":[24.015668,49.867284]}},{"type":"Feature","properties":{"lines":"12, 21, 37, 47","arr":["А12","А21","А37","А47"],"mode":"bus","angle":15.3,"side":-1,"mi":1,"l0":"12, ","c0":"#b59607","l1":"21, ","c1":"#a72d06","l2":"37, ","c2":"#ab0377","l3":"47","c3":"#4d4aba"},"geometry":{"type":"Point","coordinates":[24.015718,49.867106]}},{"type":"Feature","properties":{"lines":"12, 19, 31, 39, 41, 51, 56","arr":["А12","А19","А31","А39","А41","А51","А56"],"mode":"bus","angle":32.7,"l0":"12, ","c0":"#b59607","l1":"19, ","c1":"#ff5e9b","l2":"31, ","c2":"#11a2e3","l3":"39, ","c3":"#19a9a8","l4":"41, ","c4":"#e16cd6","l5":"51, ","c5":"#1cab97","l6":"56","c6":"#4d4aba"},"geometry":{"type":"Point","coordinates":[24.056355,49.870232]}},{"type":"Feature","properties":{"lines":"12","arr":["А12"],"mode":"bus","angle":78.2,"l0":"12","c0":"#b59607"},"geometry":{"type":"Point","coordinates":[24.043109,49.869537]}},{"type":"Feature","properties":{"lines":"12","arr":["А12"],"mode":"bus","angle":78,"extra":1,"ei":0,"l0":"12","c0":"#b59607"},"geometry":{"type":"Point","coordinates":[24.043714,49.867738]}},{"type":"Feature","properties":{"lines":"12","arr":["А12"],"mode":"bus","angle":77.3,"extra":1,"ei":1,"l0":"12","c0":"#b59607"},"geometry":{"type":"Point","coordinates":[24.042497,49.871432]}},{"type":"Feature","properties":{"lines":"12, 17, 19, 34, 46, 51, 55, 84","arr":["А12","А17","А19","А34","А46","А51","А55","А84"],"mode":"bus","angle":78.1,"l0":"12, ","c0":"#b59607","l1":"17, ","c1":"#e47e2b","l2":"19, ","c2":"#ff5e9b","l3":"34, ","c3":"#ab0377","l4":"46, ","c4":"#02af5a","l5":"51, ","c5":"#1cab97","l6":"55, ","c6":"#6b5806","l7":"84","c7":"#066559"},"geometry":{"type":"Point","coordinates":[24.041502,49.874416]}},{"type":"Feature","properties":{"lines":"12, 17, 19, 34, 46, 51, 55, 84","arr":["А12","А17","А19","А34","А46","А51","А55","А84"],"mode":"bus","angle":78.2,"extra":1,"ei":0,"l0":"12, ","c0":"#b59607","l1":"17, ","c1":"#e47e2b","l2":"19, ","c2":"#ff5e9b","l3":"34, ","c3":"#ab0377","l4":"46, ","c4":"#02af5a","l5":"51, ","c5":"#1cab97","l6":"55, ","c6":"#6b5806","l7":"84","c7":"#066559"},"geometry":{"type":"Point","coordinates":[24.041905,49.873185]}},{"type":"Feature","properties":{"lines":"12, 17, 19, 34, 46, 51, 84","arr":["А12","А17","А19","А34","А46","А51","А84"],"mode":"bus","angle":-12.1,"l0":"12, ","c0":"#b59607","l1":"17, ","c1":"#e47e2b","l2":"19, ","c2":"#ff5e9b","l3":"34, ","c3":"#ab0377","l4":"46, ","c4":"#02af5a","l5":"51, ","c5":"#1cab97","l6":"84","c6":"#066559"},"geometry":{"type":"Point","coordinates":[24.038666,49.87626]}},{"type":"Feature","properties":{"lines":"12, 17, 34, 51, 84","arr":["А12","А17","А34","А51","А84"],"mode":"bus","angle":-68.6,"l0":"12, ","c0":"#b59607","l1":"17, ","c1":"#e47e2b","l2":"34, ","c2":"#ab0377","l3":"51, ","c3":"#1cab97","l4":"84","c4":"#066559"},"geometry":{"type":"Point","coordinates":[24.033061,49.873853]}},{"type":"Feature","properties":{"lines":"12, 17, 34, 51, 84","arr":["А12","А17","А34","А51","А84"],"mode":"bus","angle":-31.7,"extra":1,"ei":0,"l0":"12, ","c0":"#b59607","l1":"17, ","c1":"#e47e2b","l2":"34, ","c2":"#ab0377","l3":"51, ","c3":"#1cab97","l4":"84","c4":"#066559"},"geometry":{"type":"Point","coordinates":[24.035015,49.875649]}},{"type":"Feature","properties":{"lines":"12, 17, 34, 51, 84","arr":["А12","А17","А34","А51","А84"],"mode":"bus","angle":77.7,"extra":1,"ei":1,"l0":"12, ","c0":"#b59607","l1":"17, ","c1":"#e47e2b","l2":"34, ","c2":"#ab0377","l3":"51, ","c3":"#1cab97","l4":"84","c4":"#066559"},"geometry":{"type":"Point","coordinates":[24.032732,49.872352]}},{"type":"Feature","properties":{"lines":"12","arr":["А12"],"mode":"bus","angle":73.9,"l0":"12","c0":"#b59607"},"geometry":{"type":"Point","coordinates":[23.937854,49.876669]}},{"type":"Feature","properties":{"lines":"14, 21, 52, 84, 92","arr":["А14","А21","А52","А84","А92"],"mode":"bus","angle":-17.5,"l0":"14, ","c0":"#cf8a11","l1":"21, ","c1":"#a72d06","l2":"52, ","c2":"#ff5e9b","l3":"84, ","c3":"#066559","l4":"92","c4":"#52ac3c"},"geometry":{"type":"Point","coordinates":[23.931539,49.823935]}},{"type":"Feature","properties":{"lines":"14, 21, 52, 84, 92","arr":["А14","А21","А52","А84","А92"],"mode":"bus","angle":-15.1,"side":-1,"extra":1,"ei":0,"l0":"14, ","c0":"#cf8a11","l1":"21, ","c1":"#a72d06","l2":"52, ","c2":"#ff5e9b","l3":"84, ","c3":"#066559","l4":"92","c4":"#52ac3c"},"geometry":{"type":"Point","coordinates":[23.918165,49.821371]}},{"type":"Feature","properties":{"lines":"14, 21, 52, 84, 92","arr":["А14","А21","А52","А84","А92"],"mode":"bus","angle":-15.8,"side":-1,"extra":1,"ei":1,"l0":"14, ","c0":"#cf8a11","l1":"21, ","c1":"#a72d06","l2":"52, ","c2":"#ff5e9b","l3":"84, ","c3":"#066559","l4":"92","c4":"#52ac3c"},"geometry":{"type":"Point","coordinates":[23.920987,49.821879]}},{"type":"Feature","properties":{"lines":"14, 21, 52, 84, 92","arr":["А14","А21","А52","А84","А92"],"mode":"bus","angle":-15.5,"side":-1,"extra":1,"ei":2,"l0":"14, ","c0":"#cf8a11","l1":"21, ","c1":"#a72d06","l2":"52, ","c2":"#ff5e9b","l3":"84, ","c3":"#066559","l4":"92","c4":"#52ac3c"},"geometry":{"type":"Point","coordinates":[23.923807,49.822391]}},{"type":"Feature","properties":{"lines":"14, 21, 52, 84, 92","arr":["А14","А21","А52","А84","А92"],"mode":"bus","angle":-16.2,"side":-1,"extra":1,"ei":3,"l0":"14, ","c0":"#cf8a11","l1":"21, ","c1":"#a72d06","l2":"52, ","c2":"#ff5e9b","l3":"84, ","c3":"#066559","l4":"92","c4":"#52ac3c"},"geometry":{"type":"Point","coordinates":[23.926621,49.822917]}},{"type":"Feature","properties":{"lines":"14, 21, 52, 84, 92","arr":["А14","А21","А52","А84","А92"],"mode":"bus","angle":-15.2,"side":-1,"extra":1,"ei":4,"l0":"14, ","c0":"#cf8a11","l1":"21, ","c1":"#a72d06","l2":"52, ","c2":"#ff5e9b","l3":"84, ","c3":"#066559","l4":"92","c4":"#52ac3c"},"geometry":{"type":"Point","coordinates":[23.92944,49.823432]}},{"type":"Feature","properties":{"lines":"14, 21, 52, 84, 92","arr":["А14","А21","А52","А84","А92"],"mode":"bus","angle":-16,"extra":1,"ei":0,"l0":"14, ","c0":"#cf8a11","l1":"21, ","c1":"#a72d06","l2":"52, ","c2":"#ff5e9b","l3":"84, ","c3":"#066559","l4":"92","c4":"#52ac3c"},"geometry":{"type":"Point","coordinates":[23.943476,49.82614]}},{"type":"Feature","properties":{"lines":"14, 21, 52, 84, 92","arr":["А14","А21","А52","А84","А92"],"mode":"bus","angle":-16.1,"extra":1,"ei":1,"l0":"14, ","c0":"#cf8a11","l1":"21, ","c1":"#a72d06","l2":"52, ","c2":"#ff5e9b","l3":"84, ","c3":"#066559","l4":"92","c4":"#52ac3c"},"geometry":{"type":"Point","coordinates":[23.940661,49.825616]}},{"type":"Feature","properties":{"lines":"14, 21, 52, 84, 92","arr":["А14","А21","А52","А84","А92"],"mode":"bus","angle":-16.5,"extra":1,"ei":2,"l0":"14, ","c0":"#cf8a11","l1":"21, ","c1":"#a72d06","l2":"52, ","c2":"#ff5e9b","l3":"84, ","c3":"#066559","l4":"92","c4":"#52ac3c"},"geometry":{"type":"Point","coordinates":[23.937851,49.825083]}},{"type":"Feature","properties":{"lines":"14, 21, 52, 84, 92","arr":["А14","А21","А52","А84","А92"],"mode":"bus","angle":-14.1,"extra":1,"ei":3,"l0":"14, ","c0":"#cf8a11","l1":"21, ","c1":"#a72d06","l2":"52, ","c2":"#ff5e9b","l3":"84, ","c3":"#066559","l4":"92","c4":"#52ac3c"},"geometry":{"type":"Point","coordinates":[23.93504,49.82455]}},{"type":"Feature","properties":{"lines":"14, 21, 27, 52, 84, 92","arr":["А14","А21","А27","А52","А84","А92","Тр27"],"mode":"bus","angle":-15.3,"l0":"14, ","c0":"#cf8a11","l1":"21, ","c1":"#a72d06","l2":"27, ","c2":"#11a2e3","l3":"52, ","c3":"#ff5e9b","l4":"84, ","c4":"#066559","l5":"92, ","c5":"#52ac3c","l6":"27","c6":"#7b3aa8"},"geometry":{"type":"Point","coordinates":[23.951203,49.827576]}},{"type":"Feature","properties":{"lines":"14, 21, 27, 52, 84, 92","arr":["А14","А21","А27","А52","А84","А92","Тр27"],"mode":"bus","angle":-16,"mi":1,"l0":"14, ","c0":"#cf8a11","l1":"21, ","c1":"#a72d06","l2":"27, ","c2":"#11a2e3","l3":"52, ","c3":"#ff5e9b","l4":"84, ","c4":"#066559","l5":"92, ","c5":"#52ac3c","l6":"27","c6":"#7b3aa8"},"geometry":{"type":"Point","coordinates":[23.946119,49.826622]}},{"type":"Feature","properties":{"lines":"14, 21, 27, 52, 84, 92","arr":["А14","А21","А27","А52","А84","А92","Тр27"],"mode":"bus","angle":-20,"side":-1,"extra":1,"ei":0,"l0":"14, ","c0":"#cf8a11","l1":"21, ","c1":"#a72d06","l2":"27, ","c2":"#11a2e3","l3":"52, ","c3":"#ff5e9b","l4":"84, ","c4":"#066559","l5":"92, ","c5":"#52ac3c","l6":"27","c6":"#7b3aa8"},"geometry":{"type":"Point","coordinates":[23.949005,49.827113]}},{"type":"Feature","properties":{"lines":"14, 21, 27, 52, 84, 92","arr":["А14","А21","А27","А52","А84","А92","Тр27"],"mode":"bus","angle":-14.9,"extra":1,"ei":0,"l0":"14, ","c0":"#cf8a11","l1":"21, ","c1":"#a72d06","l2":"27, ","c2":"#11a2e3","l3":"52, ","c3":"#ff5e9b","l4":"84, ","c4":"#066559","l5":"92, ","c5":"#52ac3c","l6":"27","c6":"#7b3aa8"},"geometry":{"type":"Point","coordinates":[23.953154,49.827926]}},{"type":"Feature","properties":{"lines":"14","arr":["А14"],"mode":"bus","angle":-16.7,"side":-1,"l0":"14","c0":"#cf8a11"},"geometry":{"type":"Point","coordinates":[23.947623,49.826836]}},{"type":"Feature","properties":{"lines":"14","arr":["А14"],"mode":"bus","angle":38.9,"side":-1,"l0":"14","c0":"#cf8a11"},"geometry":{"type":"Point","coordinates":[24.052271,49.796683]}},{"type":"Feature","properties":{"lines":"14, 21, 27, 92","arr":["А14","А21","А27","А92"],"mode":"bus","angle":82.1,"l0":"14, ","c0":"#cf8a11","l1":"21, ","c1":"#a72d06","l2":"27, ","c2":"#11a2e3","l3":"92","c3":"#52ac3c"},"geometry":{"type":"Point","coordinates":[23.954598,49.827449]}},{"type":"Feature","properties":{"lines":"14, 21, 27, 48, 92, 23, 30","arr":["А14","А21","А27","А48","А92","Тр23","Тр30"],"mode":"bus","angle":74.4,"side":-1,"l0":"14, ","c0":"#cf8a11","l1":"21, ","c1":"#a72d06","l2":"27, ","c2":"#11a2e3","l3":"48, ","c3":"#05617d","l4":"92, ","c4":"#52ac3c","l5":"23, ","c5":"#992492","l6":"30","c6":"#6b5806"},"geometry":{"type":"Point","coordinates":[23.955261,49.825237]}},{"type":"Feature","properties":{"lines":"14, 21, 27, 48, 92, 23, 30","arr":["А14","А21","А27","А48","А92","Тр23","Тр30"],"mode":"bus","angle":8,"mi":1,"l0":"14, ","c0":"#cf8a11","l1":"21, ","c1":"#a72d06","l2":"27, ","c2":"#11a2e3","l3":"48, ","c3":"#05617d","l4":"92, ","c4":"#52ac3c","l5":"23, ","c5":"#992492","l6":"30","c6":"#6b5806"},"geometry":{"type":"Point","coordinates":[23.961686,49.823036]}},{"type":"Feature","properties":{"lines":"14, 21, 27, 48, 92, 23, 30","arr":["А14","А21","А27","А48","А92","Тр23","Тр30"],"mode":"bus","angle":9.1,"extra":1,"ei":0,"l0":"14, ","c0":"#cf8a11","l1":"21, ","c1":"#a72d06","l2":"27, ","c2":"#11a2e3","l3":"48, ","c3":"#05617d","l4":"92, ","c4":"#52ac3c","l5":"23, ","c5":"#992492","l6":"30","c6":"#6b5806"},"geometry":{"type":"Point","coordinates":[23.957421,49.82344]}},{"type":"Feature","properties":{"lines":"14, 21, 27, 48, 92, 23, 30","arr":["А14","А21","А27","А48","А92","Тр23","Тр30"],"mode":"bus","angle":4.8,"extra":1,"ei":1,"l0":"14, ","c0":"#cf8a11","l1":"21, ","c1":"#a72d06","l2":"27, ","c2":"#11a2e3","l3":"48, ","c3":"#05617d","l4":"92, ","c4":"#52ac3c","l5":"23, ","c5":"#992492","l6":"30","c6":"#6b5806"},"geometry":{"type":"Point","coordinates":[23.966126,49.822658]}},{"type":"Feature","properties":{"lines":"14, 37","arr":["А14","А37"],"mode":"bus","angle":39.1,"side":-1,"l0":"14, ","c0":"#cf8a11","l1":"37","c1":"#ab0377"},"geometry":{"type":"Point","coordinates":[24.050085,49.79783]}},{"type":"Feature","properties":{"lines":"14, 16, 19, 23, 37, 40, 41, 47, 24","arr":["А14","А16","А19","А23","А37","А40","А41","А47","Тр24"],"mode":"bus","angle":-16.1,"l0":"14, ","c0":"#cf8a11","l1":"16, ","c1":"#f57145","l2":"19, ","c2":"#ff5e9b","l3":"23, ","c3":"#03636c","l4":"37, ","c4":"#ab0377","l5":"40, ","c5":"#7c5001","l6":"41, ","c6":"#e16cd6","l7":"47, ","c7":"#4d4aba","l8":"24","c8":"#19a9a8"},"geometry":{"type":"Point","coordinates":[24.061452,49.79404]}},{"type":"Feature","properties":{"lines":"14, 46, 47","arr":["А14","А46","А47"],"mode":"bus","angle":49.2,"l0":"14, ","c0":"#cf8a11","l1":"46, ","c1":"#02af5a","l2":"47","c2":"#4d4aba"},"geometry":{"type":"Point","coordinates":[24.066379,49.792011]}},{"type":"Feature","properties":{"lines":"14, 46, 47","arr":["А14","А46","А47"],"mode":"bus","angle":73.7,"extra":1,"ei":0,"l0":"14, ","c0":"#cf8a11","l1":"46, ","c1":"#02af5a","l2":"47","c2":"#4d4aba"},"geometry":{"type":"Point","coordinates":[24.064501,49.79365]}},{"type":"Feature","properties":{"lines":"14, 46, 47","arr":["А14","А46","А47"],"mode":"bus","angle":55.8,"extra":1,"ei":1,"l0":"14, ","c0":"#cf8a11","l1":"46, ","c1":"#02af5a","l2":"47","c2":"#4d4aba"},"geometry":{"type":"Point","coordinates":[24.068007,49.790663]}},{"type":"Feature","properties":{"lines":"14","arr":["А14"],"mode":"bus","angle":67.8,"l0":"14","c0":"#cf8a11"},"geometry":{"type":"Point","coordinates":[24.068574,49.786951]}},{"type":"Feature","properties":{"lines":"14, 46, 47","arr":["А14","А46","А47"],"mode":"bus","angle":11,"mi":1,"l0":"14, ","c0":"#cf8a11","l1":"46, ","c1":"#02af5a","l2":"47","c2":"#4d4aba"},"geometry":{"type":"Point","coordinates":[24.064815,49.787562]}},{"type":"Feature","properties":{"lines":"14, 46, 47","arr":["А14","А46","А47"],"mode":"bus","angle":-1.6,"extra":1,"ei":0,"l0":"14, ","c0":"#cf8a11","l1":"46, ","c1":"#02af5a","l2":"47","c2":"#4d4aba"},"geometry":{"type":"Point","coordinates":[24.060661,49.787982]}},{"type":"Feature","properties":{"lines":"14, 46, 47","arr":["А14","А46","А47"],"mode":"bus","angle":-45,"extra":1,"ei":1,"l0":"14, ","c0":"#cf8a11","l1":"46, ","c1":"#02af5a","l2":"47","c2":"#4d4aba"},"geometry":{"type":"Point","coordinates":[24.068263,49.789153]}},{"type":"Feature","properties":{"lines":"14, 19","arr":["А14","А19"],"mode":"bus","angle":89.7,"mi":2,"l0":"14, ","c0":"#cf8a11","l1":"19","c1":"#ff5e9b"},"geometry":{"type":"Point","coordinates":[24.0619,49.78361]}},{"type":"Feature","properties":{"lines":"14, 19","arr":["А14","А19"],"mode":"bus","angle":0.5,"l0":"14, ","c0":"#cf8a11","l1":"19","c1":"#ff5e9b"},"geometry":{"type":"Point","coordinates":[24.066829,49.783671]}},{"type":"Feature","properties":{"lines":"14, 19","arr":["А14","А19"],"mode":"bus","angle":26.9,"extra":1,"ei":0,"l0":"14, ","c0":"#cf8a11","l1":"19","c1":"#ff5e9b"},"geometry":{"type":"Point","coordinates":[24.068708,49.783421]}},{"type":"Feature","properties":{"lines":"14, 19","arr":["А14","А19"],"mode":"bus","angle":-68.8,"mi":1,"l0":"14, ","c0":"#cf8a11","l1":"19","c1":"#ff5e9b"},"geometry":{"type":"Point","coordinates":[24.069886,49.784213]}},{"type":"Feature","properties":{"lines":"21, 52, 84","arr":["А21","А52","А84"],"mode":"bus","angle":-13.6,"mi":1,"l0":"21, ","c0":"#a72d06","l1":"52, ","c1":"#ff5e9b","l2":"84","c2":"#066559"},"geometry":{"type":"Point","coordinates":[23.915678,49.821074]}},{"type":"Feature","properties":{"lines":"92","arr":["А92"],"mode":"bus","angle":-41.9,"l0":"92","c0":"#52ac3c"},"geometry":{"type":"Point","coordinates":[24.020264,49.836206]}},{"type":"Feature","properties":{"lines":"15, 37, 43, 46, 24, 31","arr":["А15","А37","А43","А46","Тр24","Тр31"],"mode":"bus","angle":19.7,"l0":"15, ","c0":"#fe6761","l1":"37, ","c1":"#ab0377","l2":"43, ","c2":"#0357b2","l3":"46, ","c3":"#02af5a","l4":"24, ","c4":"#19a9a8","l5":"31","c5":"#126804"},"geometry":{"type":"Point","coordinates":[24.044284,49.826119]}},{"type":"Feature","properties":{"lines":"15, 37, 43, 46, 24, 31","arr":["А15","А37","А43","А46","Тр24","Тр31"],"mode":"bus","angle":22.7,"extra":1,"ei":0,"l0":"15, ","c0":"#fe6761","l1":"37, ","c1":"#ab0377","l2":"43, ","c2":"#0357b2","l3":"46, ","c3":"#02af5a","l4":"24, ","c4":"#19a9a8","l5":"31","c5":"#126804"},"geometry":{"type":"Point","coordinates":[24.037317,49.833783]}},{"type":"Feature","properties":{"lines":"15, 37, 43, 46, 24, 31","arr":["А15","А37","А43","А46","Тр24","Тр31"],"mode":"bus","angle":29.1,"extra":1,"ei":1,"l0":"15, ","c0":"#fe6761","l1":"37, ","c1":"#ab0377","l2":"43, ","c2":"#0357b2","l3":"46, ","c3":"#02af5a","l4":"24, ","c4":"#19a9a8","l5":"31","c5":"#126804"},"geometry":{"type":"Point","coordinates":[24.039951,49.832958]}},{"type":"Feature","properties":{"lines":"15, 37, 43, 46, 24, 31","arr":["А15","А37","А43","А46","Тр24","Тр31"],"mode":"bus","angle":50,"extra":1,"ei":2,"l0":"15, ","c0":"#fe6761","l1":"37, ","c1":"#ab0377","l2":"43, ","c2":"#0357b2","l3":"46, ","c3":"#02af5a","l4":"24, ","c4":"#19a9a8","l5":"31","c5":"#126804"},"geometry":{"type":"Point","coordinates":[24.042142,49.831727]}},{"type":"Feature","properties":{"lines":"15, 37, 43, 46, 24, 31","arr":["А15","А37","А43","А46","Тр24","Тр31"],"mode":"bus","angle":55,"extra":1,"ei":3,"l0":"15, ","c0":"#fe6761","l1":"37, ","c1":"#ab0377","l2":"43, ","c2":"#0357b2","l3":"46, ","c3":"#02af5a","l4":"24, ","c4":"#19a9a8","l5":"31","c5":"#126804"},"geometry":{"type":"Point","coordinates":[24.043945,49.83024]}},{"type":"Feature","properties":{"lines":"15, 37, 43, 46, 24, 31","arr":["А15","А37","А43","А46","Тр24","Тр31"],"mode":"bus","angle":66.3,"extra":1,"ei":4,"l0":"15, ","c0":"#fe6761","l1":"37, ","c1":"#ab0377","l2":"43, ","c2":"#0357b2","l3":"46, ","c3":"#02af5a","l4":"24, ","c4":"#19a9a8","l5":"31","c5":"#126804"},"geometry":{"type":"Point","coordinates":[24.044998,49.828535]}},{"type":"Feature","properties":{"lines":"15, 37, 43, 46, 24, 31","arr":["А15","А37","А43","А46","Тр24","Тр31"],"mode":"bus","angle":18.8,"extra":1,"ei":5,"l0":"15, ","c0":"#fe6761","l1":"37, ","c1":"#ab0377","l2":"43, ","c2":"#0357b2","l3":"46, ","c3":"#02af5a","l4":"24, ","c4":"#19a9a8","l5":"31","c5":"#126804"},"geometry":{"type":"Point","coordinates":[24.046659,49.825602]}},{"type":"Feature","properties":{"lines":"15, 37, 43, 46, 24, 31","arr":["А15","А37","А43","А46","Тр24","Тр31"],"mode":"bus","angle":39.3,"extra":1,"ei":6,"l0":"15, ","c0":"#fe6761","l1":"37, ","c1":"#ab0377","l2":"43, ","c2":"#0357b2","l3":"46, ","c3":"#02af5a","l4":"24, ","c4":"#19a9a8","l5":"31","c5":"#126804"},"geometry":{"type":"Point","coordinates":[24.049353,49.824889]}},{"type":"Feature","properties":{"lines":"15, 37, 43, 46, 24, 31","arr":["А15","А37","А43","А46","Тр24","Тр31"],"mode":"bus","angle":33,"extra":1,"ei":7,"l0":"15, ","c0":"#fe6761","l1":"37, ","c1":"#ab0377","l2":"43, ","c2":"#0357b2","l3":"46, ","c3":"#02af5a","l4":"24, ","c4":"#19a9a8","l5":"31","c5":"#126804"},"geometry":{"type":"Point","coordinates":[24.051711,49.823779]}},{"type":"Feature","properties":{"lines":"15, 37, 43, 46, 24, 31","arr":["А15","А37","А43","А46","Тр24","Тр31"],"mode":"bus","angle":46.6,"extra":1,"ei":8,"l0":"15, ","c0":"#fe6761","l1":"37, ","c1":"#ab0377","l2":"43, ","c2":"#0357b2","l3":"46, ","c3":"#02af5a","l4":"24, ","c4":"#19a9a8","l5":"31","c5":"#126804"},"geometry":{"type":"Point","coordinates":[24.054027,49.822629]}},{"type":"Feature","properties":{"lines":"15, 37, 43, 46, 24, 31","arr":["А15","А37","А43","А46","Тр24","Тр31"],"mode":"bus","angle":60,"extra":1,"ei":9,"l0":"15, ","c0":"#fe6761","l1":"37, ","c1":"#ab0377","l2":"43, ","c2":"#0357b2","l3":"46, ","c3":"#02af5a","l4":"24, ","c4":"#19a9a8","l5":"31","c5":"#126804"},"geometry":{"type":"Point","coordinates":[24.055613,49.821046]}},{"type":"Feature","properties":{"lines":"15, 37, 43, 46, 24, 31","arr":["А15","А37","А43","А46","Тр24","Тр31"],"mode":"bus","angle":58.9,"extra":1,"ei":10,"l0":"15, ","c0":"#fe6761","l1":"37, ","c1":"#ab0377","l2":"43, ","c2":"#0357b2","l3":"46, ","c3":"#02af5a","l4":"24, ","c4":"#19a9a8","l5":"31","c5":"#126804"},"geometry":{"type":"Point","coordinates":[24.057102,49.81942]}},{"type":"Feature","properties":{"lines":"15, 37, 46, 24, 31","arr":["А15","А37","А46","Тр24","Тр31"],"mode":"bus","angle":39.9,"l0":"15, ","c0":"#fe6761","l1":"37, ","c1":"#ab0377","l2":"46, ","c2":"#02af5a","l3":"24, ","c3":"#19a9a8","l4":"31","c4":"#126804"},"geometry":{"type":"Point","coordinates":[24.060399,49.817279]}},{"type":"Feature","properties":{"lines":"15, 37, 46, 24, 31","arr":["А15","А37","А46","Тр24","Тр31"],"mode":"bus","angle":86.2,"extra":1,"ei":0,"l0":"15, ","c0":"#fe6761","l1":"37, ","c1":"#ab0377","l2":"46, ","c2":"#02af5a","l3":"24, ","c3":"#19a9a8","l4":"31","c4":"#126804"},"geometry":{"type":"Point","coordinates":[24.061713,49.816361]}},{"type":"Feature","properties":{"lines":"15, 23, 27, 40, 47","arr":["А15","А23","А27","А40","А47"],"mode":"bus","angle":-2.4,"l0":"15, ","c0":"#fe6761","l1":"23, ","c1":"#03636c","l2":"27, ","c2":"#11a2e3","l3":"40, ","c3":"#7c5001","l4":"47","c4":"#4d4aba"},"geometry":{"type":"Point","coordinates":[24.062408,49.815971]}},{"type":"Feature","properties":{"lines":"15, 23, 27, 40, 47, 92","arr":["А15","А23","А27","А40","А47","А92"],"mode":"bus","angle":21.5,"l0":"15, ","c0":"#fe6761","l1":"23, ","c1":"#03636c","l2":"27, ","c2":"#11a2e3","l3":"40, ","c3":"#7c5001","l4":"47, ","c4":"#4d4aba","l5":"92","c5":"#52ac3c"},"geometry":{"type":"Point","coordinates":[24.070735,49.815727]}},{"type":"Feature","properties":{"lines":"15, 23, 27, 40, 47, 92","arr":["А15","А23","А27","А40","А47","А92"],"mode":"bus","angle":-1.5,"extra":1,"ei":0,"l0":"15, ","c0":"#fe6761","l1":"23, ","c1":"#03636c","l2":"27, ","c2":"#11a2e3","l3":"40, ","c3":"#7c5001","l4":"47, ","c4":"#4d4aba","l5":"92","c5":"#52ac3c"},"geometry":{"type":"Point","coordinates":[24.064164,49.815999]}},{"type":"Feature","properties":{"lines":"15, 23, 27, 40, 47, 92","arr":["А15","А23","А27","А40","А47","А92"],"mode":"bus","angle":-5.3,"extra":1,"ei":1,"l0":"15, ","c0":"#fe6761","l1":"23, ","c1":"#03636c","l2":"27, ","c2":"#11a2e3","l3":"40, ","c3":"#7c5001","l4":"47, ","c4":"#4d4aba","l5":"92","c5":"#52ac3c"},"geometry":{"type":"Point","coordinates":[24.067083,49.816154]}},{"type":"Feature","properties":{"lines":"15, 23, 27, 40, 47, 92","arr":["А15","А23","А27","А40","А47","А92"],"mode":"bus","angle":22.3,"extra":1,"ei":2,"l0":"15, ","c0":"#fe6761","l1":"23, ","c1":"#03636c","l2":"27, ","c2":"#11a2e3","l3":"40, ","c3":"#7c5001","l4":"47, ","c4":"#4d4aba","l5":"92","c5":"#52ac3c"},"geometry":{"type":"Point","coordinates":[24.072683,49.815223]}},{"type":"Feature","properties":{"lines":"15, 23, 27, 40, 47, 92","arr":["А15","А23","А27","А40","А47","А92"],"mode":"bus","angle":22.4,"extra":1,"ei":3,"l0":"15, ","c0":"#fe6761","l1":"23, ","c1":"#03636c","l2":"27, ","c2":"#11a2e3","l3":"40, ","c3":"#7c5001","l4":"47, ","c4":"#4d4aba","l5":"92","c5":"#52ac3c"},"geometry":{"type":"Point","coordinates":[24.075391,49.814503]}},{"type":"Feature","properties":{"lines":"15, 23, 27, 40, 47, 92","arr":["А15","А23","А27","А40","А47","А92"],"mode":"bus","angle":-0.4,"extra":1,"ei":4,"l0":"15, ","c0":"#fe6761","l1":"23, ","c1":"#03636c","l2":"27, ","c2":"#11a2e3","l3":"40, ","c3":"#7c5001","l4":"47, ","c4":"#4d4aba","l5":"92","c5":"#52ac3c"},"geometry":{"type":"Point","coordinates":[24.078179,49.813969]}},{"type":"Feature","properties":{"lines":"15, 19, 23, 27, 40, 47, 92","arr":["А15","А19","А23","А27","А40","А47","А92"],"mode":"bus","angle":48,"l0":"15, ","c0":"#fe6761","l1":"19, ","c1":"#ff5e9b","l2":"23, ","c2":"#03636c","l3":"27, ","c3":"#11a2e3","l4":"40, ","c4":"#7c5001","l5":"47, ","c5":"#4d4aba","l6":"92","c6":"#52ac3c"},"geometry":{"type":"Point","coordinates":[24.074179,49.825562]}},{"type":"Feature","properties":{"lines":"15, 19, 23, 27, 40, 47, 92","arr":["А15","А19","А23","А27","А40","А47","А92"],"mode":"bus","angle":75.4,"extra":1,"ei":0,"l0":"15, ","c0":"#fe6761","l1":"19, ","c1":"#ff5e9b","l2":"23, ","c2":"#03636c","l3":"27, ","c3":"#11a2e3","l4":"40, ","c4":"#7c5001","l5":"47, ","c5":"#4d4aba","l6":"92","c6":"#52ac3c"},"geometry":{"type":"Point","coordinates":[24.078013,49.814903]}},{"type":"Feature","properties":{"lines":"15, 19, 23, 27, 40, 47, 92","arr":["А15","А19","А23","А27","А40","А47","А92"],"mode":"bus","angle":75.9,"extra":1,"ei":1,"l0":"15, ","c0":"#fe6761","l1":"19, ","c1":"#ff5e9b","l2":"23, ","c2":"#03636c","l3":"27, ","c3":"#11a2e3","l4":"40, ","c4":"#7c5001","l5":"47, ","c5":"#4d4aba","l6":"92","c6":"#52ac3c"},"geometry":{"type":"Point","coordinates":[24.077294,49.816734]}},{"type":"Feature","properties":{"lines":"15, 19, 23, 27, 40, 47, 92","arr":["А15","А19","А23","А27","А40","А47","А92"],"mode":"bus","angle":76.5,"extra":1,"ei":2,"l0":"15, ","c0":"#fe6761","l1":"19, ","c1":"#ff5e9b","l2":"23, ","c2":"#03636c","l3":"27, ","c3":"#11a2e3","l4":"40, ","c4":"#7c5001","l5":"47, ","c5":"#4d4aba","l6":"92","c6":"#52ac3c"},"geometry":{"type":"Point","coordinates":[24.07659,49.818567]}},{"type":"Feature","properties":{"lines":"15, 19, 23, 27, 40, 47, 92","arr":["А15","А19","А23","А27","А40","А47","А92"],"mode":"bus","angle":76.5,"extra":1,"ei":3,"l0":"15, ","c0":"#fe6761","l1":"19, ","c1":"#ff5e9b","l2":"23, ","c2":"#03636c","l3":"27, ","c3":"#11a2e3","l4":"40, ","c4":"#7c5001","l5":"47, ","c5":"#4d4aba","l6":"92","c6":"#52ac3c"},"geometry":{"type":"Point","coordinates":[24.075906,49.820404]}},{"type":"Feature","properties":{"lines":"15, 19, 23, 27, 40, 47, 92","arr":["А15","А19","А23","А27","А40","А47","А92"],"mode":"bus","angle":76.3,"extra":1,"ei":4,"l0":"15, ","c0":"#fe6761","l1":"19, ","c1":"#ff5e9b","l2":"23, ","c2":"#03636c","l3":"27, ","c3":"#11a2e3","l4":"40, ","c4":"#7c5001","l5":"47, ","c5":"#4d4aba","l6":"92","c6":"#52ac3c"},"geometry":{"type":"Point","coordinates":[24.075199,49.822236]}},{"type":"Feature","properties":{"lines":"15, 19, 23, 27, 40, 47, 92","arr":["А15","А19","А23","А27","А40","А47","А92"],"mode":"bus","angle":87,"extra":1,"ei":5,"l0":"15, ","c0":"#fe6761","l1":"19, ","c1":"#ff5e9b","l2":"23, ","c2":"#03636c","l3":"27, ","c3":"#11a2e3","l4":"40, ","c4":"#7c5001","l5":"47, ","c5":"#4d4aba","l6":"92","c6":"#52ac3c"},"geometry":{"type":"Point","coordinates":[24.075125,49.824099]}},{"type":"Feature","properties":{"lines":"15, 19, 23, 27, 40, 47, 92","arr":["А15","А19","А23","А27","А40","А47","А92"],"mode":"bus","angle":60.1,"extra":1,"ei":6,"l0":"15, ","c0":"#fe6761","l1":"19, ","c1":"#ff5e9b","l2":"23, ","c2":"#03636c","l3":"27, ","c3":"#11a2e3","l4":"40, ","c4":"#7c5001","l5":"47, ","c5":"#4d4aba","l6":"92","c6":"#52ac3c"},"geometry":{"type":"Point","coordinates":[24.071857,49.827082]}},{"type":"Feature","properties":{"lines":"15, 19, 23, 27, 40, 47, 92","arr":["А15","А19","А23","А27","А40","А47","А92"],"mode":"bus","angle":60.8,"extra":1,"ei":7,"l0":"15, ","c0":"#fe6761","l1":"19, ","c1":"#ff5e9b","l2":"23, ","c2":"#03636c","l3":"27, ","c3":"#11a2e3","l4":"40, ","c4":"#7c5001","l5":"47, ","c5":"#4d4aba","l6":"92","c6":"#52ac3c"},"geometry":{"type":"Point","coordinates":[24.070425,49.82873]}},{"type":"Feature","properties":{"lines":"15, 19, 23, 27, 40, 47, 92","arr":["А15","А19","А23","А27","А40","А47","А92"],"mode":"bus","angle":55,"extra":1,"ei":8,"l0":"15, ","c0":"#fe6761","l1":"19, ","c1":"#ff5e9b","l2":"23, ","c2":"#03636c","l3":"27, ","c3":"#11a2e3","l4":"40, ","c4":"#7c5001","l5":"47, ","c5":"#4d4aba","l6":"92","c6":"#52ac3c"},"geometry":{"type":"Point","coordinates":[24.06901,49.830383]}},{"type":"Feature","properties":{"lines":"15, 19, 23, 27, 40, 47, 92","arr":["А15","А19","А23","А27","А40","А47","А92"],"mode":"bus","angle":70.4,"extra":1,"ei":9,"l0":"15, ","c0":"#fe6761","l1":"19, ","c1":"#ff5e9b","l2":"23, ","c2":"#03636c","l3":"27, ","c3":"#11a2e3","l4":"40, ","c4":"#7c5001","l5":"47, ","c5":"#4d4aba","l6":"92","c6":"#52ac3c"},"geometry":{"type":"Point","coordinates":[24.06687,49.831646]}},{"type":"Feature","properties":{"lines":"15, 19, 23, 27, 40, 47, 92","arr":["А15","А19","А23","А27","А40","А47","А92"],"mode":"bus","angle":-80.9,"extra":1,"ei":10,"l0":"15, ","c0":"#fe6761","l1":"19, ","c1":"#ff5e9b","l2":"23, ","c2":"#03636c","l3":"27, ","c3":"#11a2e3","l4":"40, ","c4":"#7c5001","l5":"47, ","c5":"#4d4aba","l6":"92","c6":"#52ac3c"},"geometry":{"type":"Point","coordinates":[24.067743,49.833375]}},{"type":"Feature","properties":{"lines":"15, 19, 23, 27, 40, 47, 92","arr":["А15","А19","А23","А27","А40","А47","А92"],"mode":"bus","angle":-81.4,"extra":1,"ei":11,"l0":"15, ","c0":"#fe6761","l1":"19, ","c1":"#ff5e9b","l2":"23, ","c2":"#03636c","l3":"27, ","c3":"#11a2e3","l4":"40, ","c4":"#7c5001","l5":"47, ","c5":"#4d4aba","l6":"92","c6":"#52ac3c"},"geometry":{"type":"Point","coordinates":[24.068211,49.835239]}},{"type":"Feature","properties":{"lines":"15","arr":["А15"],"mode":"bus","angle":26.9,"l0":"15","c0":"#fe6761"},"geometry":{"type":"Point","coordinates":[24.07823,49.824925]}},{"type":"Feature","properties":{"lines":"15","arr":["А15"],"mode":"bus","angle":25.4,"extra":1,"ei":0,"l0":"15","c0":"#fe6761"},"geometry":{"type":"Point","coordinates":[24.073624,49.826431]}},{"type":"Feature","properties":{"lines":"15","arr":["А15"],"mode":"bus","angle":27.1,"extra":1,"ei":1,"l0":"15","c0":"#fe6761"},"geometry":{"type":"Point","coordinates":[24.076236,49.825575]}},{"type":"Feature","properties":{"lines":"15","arr":["А15"],"mode":"bus","angle":26.9,"extra":1,"ei":2,"l0":"15","c0":"#fe6761"},"geometry":{"type":"Point","coordinates":[24.081464,49.823869]}},{"type":"Feature","properties":{"lines":"15","arr":["А15"],"mode":"bus","angle":26.8,"extra":1,"ei":3,"l0":"15","c0":"#fe6761"},"geometry":{"type":"Point","coordinates":[24.084077,49.823014]}},{"type":"Feature","properties":{"lines":"15, 47, 92","arr":["А15","А47","А92"],"mode":"bus","angle":48.6,"l0":"15, ","c0":"#fe6761","l1":"47, ","c1":"#4d4aba","l2":"92","c2":"#52ac3c"},"geometry":{"type":"Point","coordinates":[24.068219,49.835959]}},{"type":"Feature","properties":{"lines":"16, 19, 47, 24","arr":["А16","А19","А47","Тр24"],"mode":"bus","angle":-44.5,"l0":"16, ","c0":"#f57145","l1":"19, ","c1":"#ff5e9b","l2":"47, ","c2":"#4d4aba","l3":"24","c3":"#19a9a8"},"geometry":{"type":"Point","coordinates":[24.056636,49.79479]}},{"type":"Feature","properties":{"lines":"16, 53","arr":["А16","А53"],"mode":"bus","angle":13.6,"side":-1,"l0":"16, ","c0":"#f57145","l1":"53","c1":"#126804"},"geometry":{"type":"Point","coordinates":[24.046186,49.810233]}},{"type":"Feature","properties":{"lines":"16, 27, 53","arr":["А16","А27","А53"],"mode":"bus","angle":28.3,"mi":1,"l0":"16, ","c0":"#f57145","l1":"27, ","c1":"#11a2e3","l2":"53","c2":"#126804"},"geometry":{"type":"Point","coordinates":[24.041464,49.811837]}},{"type":"Feature","properties":{"lines":"16, 27, 53","arr":["А16","А27","А53"],"mode":"bus","angle":28.4,"extra":1,"ei":0,"l0":"16, ","c0":"#f57145","l1":"27, ","c1":"#11a2e3","l2":"53","c2":"#126804"},"geometry":{"type":"Point","coordinates":[24.044586,49.810762]}},{"type":"Feature","properties":{"lines":"16, 27, 53","arr":["А16","А27","А53"],"mode":"bus","angle":28.7,"extra":1,"ei":1,"l0":"16, ","c0":"#f57145","l1":"27, ","c1":"#11a2e3","l2":"53","c2":"#126804"},"geometry":{"type":"Point","coordinates":[24.039421,49.812546]}},{"type":"Feature","properties":{"lines":"16, 27, 53","arr":["А16","А27","А53"],"mode":"bus","angle":-60.8,"mi":2,"l0":"16, ","c0":"#f57145","l1":"27, ","c1":"#11a2e3","l2":"53","c2":"#126804"},"geometry":{"type":"Point","coordinates":[24.042522,49.812696]}},{"type":"Feature","properties":{"lines":"16, 27, 53","arr":["А16","А27","А53"],"mode":"bus","angle":-3,"l0":"16, ","c0":"#f57145","l1":"27, ","c1":"#11a2e3","l2":"53","c2":"#126804"},"geometry":{"type":"Point","coordinates":[24.040334,49.813631]}},{"type":"Feature","properties":{"lines":"16, 27, 53","arr":["А16","А27","А53"],"mode":"bus","angle":25.7,"mi":3,"l0":"16, ","c0":"#f57145","l1":"27, ","c1":"#11a2e3","l2":"53","c2":"#126804"},"geometry":{"type":"Point","coordinates":[24.031455,49.815252]}},{"type":"Feature","properties":{"lines":"16, 27, 53","arr":["А16","А27","А53"],"mode":"bus","angle":25.9,"extra":1,"ei":0,"l0":"16, ","c0":"#f57145","l1":"27, ","c1":"#11a2e3","l2":"53","c2":"#126804"},"geometry":{"type":"Point","coordinates":[24.027249,49.816554]}},{"type":"Feature","properties":{"lines":"16, 27, 53","arr":["А16","А27","А53"],"mode":"bus","angle":25.8,"extra":1,"ei":1,"l0":"16, ","c0":"#f57145","l1":"27, ","c1":"#11a2e3","l2":"53","c2":"#126804"},"geometry":{"type":"Point","coordinates":[24.03517,49.814099]}},{"type":"Feature","properties":{"lines":"16, 27","arr":["А16","А27"],"mode":"bus","angle":-84.8,"mi":1,"l0":"16, ","c0":"#f57145","l1":"27","c1":"#11a2e3"},"geometry":{"type":"Point","coordinates":[24.025741,49.815706]}},{"type":"Feature","properties":{"lines":"16, 27","arr":["А16","А27"],"mode":"bus","angle":3.2,"l0":"16, ","c0":"#f57145","l1":"27","c1":"#11a2e3"},"geometry":{"type":"Point","coordinates":[24.022678,49.814597]}},{"type":"Feature","properties":{"lines":"16, 25, 92, 30","arr":["А16","А25","А92","Тр30"],"mode":"bus","angle":-31.8,"l0":"16, ","c0":"#f57145","l1":"25, ","c1":"#4d4aba","l2":"92, ","c2":"#52ac3c","l3":"30","c3":"#6b5806"},"geometry":{"type":"Point","coordinates":[23.973241,49.822254]}},{"type":"Feature","properties":{"lines":"16, 25, 92, 30","arr":["А16","А25","А92","Тр30"],"mode":"bus","angle":-28.2,"extra":1,"ei":0,"l0":"16, ","c0":"#f57145","l1":"25, ","c1":"#4d4aba","l2":"92, ","c2":"#52ac3c","l3":"30","c3":"#6b5806"},"geometry":{"type":"Point","coordinates":[23.970216,49.821133]}},{"type":"Feature","properties":{"lines":"16, 25, 92, 30","arr":["А16","А25","А92","Тр30"],"mode":"bus","angle":-36.5,"extra":1,"ei":1,"l0":"16, ","c0":"#f57145","l1":"25, ","c1":"#4d4aba","l2":"92, ","c2":"#52ac3c","l3":"30","c3":"#6b5806"},"geometry":{"type":"Point","coordinates":[23.975188,49.823123]}},{"type":"Feature","properties":{"lines":"16, 25, 33, 51, 92, 30","arr":["А16","А25","А33","А51","А92","Тр30"],"mode":"bus","angle":-41.9,"l0":"16, ","c0":"#f57145","l1":"25, ","c1":"#4d4aba","l2":"33, ","c2":"#ab0377","l3":"51, ","c3":"#1cab97","l4":"92, ","c4":"#52ac3c","l5":"30","c5":"#6b5806"},"geometry":{"type":"Point","coordinates":[23.982308,49.826799]}},{"type":"Feature","properties":{"lines":"16, 25, 33, 51, 92, 30","arr":["А16","А25","А33","А51","А92","Тр30"],"mode":"bus","angle":-40.6,"extra":1,"ei":0,"l0":"16, ","c0":"#f57145","l1":"25, ","c1":"#4d4aba","l2":"33, ","c2":"#ab0377","l3":"51, ","c3":"#1cab97","l4":"92, ","c4":"#52ac3c","l5":"30","c5":"#6b5806"},"geometry":{"type":"Point","coordinates":[23.978402,49.824711]}},{"type":"Feature","properties":{"lines":"16, 25, 33, 51, 92, 30","arr":["А16","А25","А33","А51","А92","Тр30"],"mode":"bus","angle":-39.4,"extra":1,"ei":1,"l0":"16, ","c0":"#f57145","l1":"25, ","c1":"#4d4aba","l2":"33, ","c2":"#ab0377","l3":"51, ","c3":"#1cab97","l4":"92, ","c4":"#52ac3c","l5":"30","c5":"#6b5806"},"geometry":{"type":"Point","coordinates":[23.980638,49.825931]}},{"type":"Feature","properties":{"lines":"16, 25, 33, 51, 92, 30","arr":["А16","А25","А33","А51","А92","Тр30"],"mode":"bus","angle":-34.6,"extra":1,"ei":2,"l0":"16, ","c0":"#f57145","l1":"25, ","c1":"#4d4aba","l2":"33, ","c2":"#ab0377","l3":"51, ","c3":"#1cab97","l4":"92, ","c4":"#52ac3c","l5":"30","c5":"#6b5806"},"geometry":{"type":"Point","coordinates":[23.985328,49.828184]}},{"type":"Feature","properties":{"lines":"16","arr":["А16"],"mode":"bus","angle":55.4,"l0":"16","c0":"#f57145"},"geometry":{"type":"Point","coordinates":[23.979846,49.829519]}},{"type":"Feature","properties":{"lines":"16","arr":["А16"],"mode":"bus","angle":53,"extra":1,"ei":0,"l0":"16","c0":"#f57145"},"geometry":{"type":"Point","coordinates":[23.981853,49.827809]}},{"type":"Feature","properties":{"lines":"16","arr":["А16"],"mode":"bus","angle":69.5,"extra":1,"ei":1,"l0":"16","c0":"#f57145"},"geometry":{"type":"Point","coordinates":[23.978887,49.831024]}},{"type":"Feature","properties":{"lines":"16, 32, 52, 84, 27","arr":["А16","А32","А52","А84","Тр27"],"mode":"bus","angle":-15.3,"l0":"16, ","c0":"#f57145","l1":"32, ","c1":"#9789ff","l2":"52, ","c2":"#ff5e9b","l3":"84, ","c3":"#066559","l4":"27","c4":"#7b3aa8"},"geometry":{"type":"Point","coordinates":[23.980731,49.832867]}},{"type":"Feature","properties":{"lines":"16, 20, 32, 34, 43, 49, 52, 84, 92, 27","arr":["А16","А20","А32","А34","А43","А49","А52","А84","А92","Тр27","Тр32"],"mode":"bus","angle":-14.5,"l0":"16, ","c0":"#f57145","l1":"20, ","c1":"#2d8c1b","l2":"32, ","c2":"#9789ff","l3":"34, ","c3":"#ab0377","l4":"43, ","c4":"#0357b2","l5":"49, ","c5":"#7c5001","l6":"52, ","c6":"#ff5e9b","l7":"84, ","c7":"#066559","l8":"92, ","c8":"#52ac3c","l9":"27, ","c9":"#7b3aa8","l10":"32","c10":"#11a2e3"},"geometry":{"type":"Point","coordinates":[23.987306,49.834052]}},{"type":"Feature","properties":{"lines":"16, 20, 32, 34, 43, 49, 52, 84, 92, 27","arr":["А16","А20","А32","А34","А43","А49","А52","А84","А92","Тр27","Тр32"],"mode":"bus","angle":-15.7,"extra":1,"ei":0,"l0":"16, ","c0":"#f57145","l1":"20, ","c1":"#2d8c1b","l2":"32, ","c2":"#9789ff","l3":"34, ","c3":"#ab0377","l4":"43, ","c4":"#0357b2","l5":"49, ","c5":"#7c5001","l6":"52, ","c6":"#ff5e9b","l7":"84, ","c7":"#066559","l8":"92, ","c8":"#52ac3c","l9":"27, ","c9":"#7b3aa8","l10":"32","c10":"#11a2e3"},"geometry":{"type":"Point","coordinates":[23.985282,49.833687]}},{"type":"Feature","properties":{"lines":"16, 29, 31, 32, 49","arr":["А16","А29","А31","А32","А49"],"mode":"bus","angle":30.6,"side":-1,"l0":"16, ","c0":"#f57145","l1":"29, ","c1":"#b59607","l2":"31, ","c2":"#11a2e3","l3":"32, ","c3":"#9789ff","l4":"49","c4":"#7c5001"},"geometry":{"type":"Point","coordinates":[24.000485,49.837402]}},{"type":"Feature","properties":{"lines":"16, 32, 49","arr":["А16","А32","А49"],"mode":"bus","angle":-62.8,"l0":"16, ","c0":"#f57145","l1":"32, ","c1":"#9789ff","l2":"49","c2":"#7c5001"},"geometry":{"type":"Point","coordinates":[24.001442,49.836816]}},{"type":"Feature","properties":{"lines":"16, 92","arr":["А16","А92"],"mode":"bus","angle":50.4,"l0":"16, ","c0":"#f57145","l1":"92","c1":"#52ac3c"},"geometry":{"type":"Point","coordinates":[23.985097,49.831122]}},{"type":"Feature","properties":{"lines":"16, 92","arr":["А16","А92"],"mode":"bus","angle":73.6,"extra":1,"ei":0,"l0":"16, ","c0":"#f57145","l1":"92","c1":"#52ac3c"},"geometry":{"type":"Point","coordinates":[23.984268,49.832525]}},{"type":"Feature","properties":{"lines":"16, 92","arr":["А16","А92"],"mode":"bus","angle":44.1,"extra":1,"ei":1,"l0":"16, ","c0":"#f57145","l1":"92","c1":"#52ac3c"},"geometry":{"type":"Point","coordinates":[23.987341,49.829391]}},{"type":"Feature","properties":{"lines":"16, 19, 23, 37, 40, 41, 47, 24","arr":["А16","А19","А23","А37","А40","А41","А47","Тр24"],"mode":"bus","angle":35.1,"l0":"16, ","c0":"#f57145","l1":"19, ","c1":"#ff5e9b","l2":"23, ","c2":"#03636c","l3":"37, ","c3":"#ab0377","l4":"40, ","c4":"#7c5001","l5":"41, ","c5":"#e16cd6","l6":"47, ","c6":"#4d4aba","l7":"24","c7":"#19a9a8"},"geometry":{"type":"Point","coordinates":[24.058423,49.793961]}},{"type":"Feature","properties":{"lines":"16, 19, 23, 37, 40, 41, 46, 47, 24","arr":["А16","А19","А23","А37","А40","А41","А46","А47","Тр24"],"mode":"bus","angle":-16.3,"l0":"16, ","c0":"#f57145","l1":"19, ","c1":"#ff5e9b","l2":"23, ","c2":"#03636c","l3":"37, ","c3":"#ab0377","l4":"40, ","c4":"#7c5001","l5":"41, ","c5":"#e16cd6","l6":"46, ","c6":"#02af5a","l7":"47, ","c7":"#4d4aba","l8":"24","c8":"#19a9a8"},"geometry":{"type":"Point","coordinates":[24.064617,49.794657]}},{"type":"Feature","properties":{"lines":"19, 23, 37, 40, 46, 47, 24","arr":["А19","А23","А37","А40","А46","А47","Тр24"],"mode":"bus","angle":-17.1,"l0":"19, ","c0":"#ff5e9b","l1":"23, ","c1":"#03636c","l2":"37, ","c2":"#ab0377","l3":"40, ","c3":"#7c5001","l4":"46, ","c4":"#02af5a","l5":"47, ","c5":"#4d4aba","l6":"24","c6":"#19a9a8"},"geometry":{"type":"Point","coordinates":[24.070781,49.795794]}},{"type":"Feature","properties":{"lines":"19, 23, 37, 40, 46, 47, 24","arr":["А19","А23","А37","А40","А46","А47","Тр24"],"mode":"bus","angle":-16.3,"extra":1,"ei":0,"l0":"19, ","c0":"#ff5e9b","l1":"23, ","c1":"#03636c","l2":"37, ","c2":"#ab0377","l3":"40, ","c3":"#7c5001","l4":"46, ","c4":"#02af5a","l5":"47, ","c5":"#4d4aba","l6":"24","c6":"#19a9a8"},"geometry":{"type":"Point","coordinates":[24.066551,49.795008]}},{"type":"Feature","properties":{"lines":"19, 23, 37, 40, 46, 47, 24","arr":["А19","А23","А37","А40","А46","А47","Тр24"],"mode":"bus","angle":65.2,"extra":1,"ei":1,"l0":"19, ","c0":"#ff5e9b","l1":"23, ","c1":"#03636c","l2":"37, ","c2":"#ab0377","l3":"40, ","c3":"#7c5001","l4":"46, ","c4":"#02af5a","l5":"47, ","c5":"#4d4aba","l6":"24","c6":"#19a9a8"},"geometry":{"type":"Point","coordinates":[24.071454,49.797802]}},{"type":"Feature","properties":{"lines":"17, 19, 84","arr":["А17","А19","А84"],"mode":"bus","angle":-30.3,"mi":2,"l0":"17, ","c0":"#e47e2b","l1":"19, ","c1":"#ff5e9b","l2":"84","c2":"#066559"},"geometry":{"type":"Point","coordinates":[24.042518,49.876912]}},{"type":"Feature","properties":{"lines":"17, 19, 84","arr":["А17","А19","А84"],"mode":"bus","angle":67.2,"l0":"17, ","c0":"#e47e2b","l1":"19, ","c1":"#ff5e9b","l2":"84","c2":"#066559"},"geometry":{"type":"Point","coordinates":[24.037712,49.880105]}},{"type":"Feature","properties":{"lines":"17, 19, 84","arr":["А17","А19","А84"],"mode":"bus","angle":-33.2,"mi":1,"l0":"17, ","c0":"#e47e2b","l1":"19, ","c1":"#ff5e9b","l2":"84","c2":"#066559"},"geometry":{"type":"Point","coordinates":[24.036802,49.880145]}},{"type":"Feature","properties":{"lines":"17, 46, 55, 84","arr":["А17","А46","А55","А84"],"mode":"bus","angle":41.7,"l0":"17, ","c0":"#e47e2b","l1":"46, ","c1":"#02af5a","l2":"55, ","c2":"#6b5806","l3":"84","c3":"#066559"},"geometry":{"type":"Point","coordinates":[24.036358,49.879016]}},{"type":"Feature","properties":{"lines":"17, 19, 46, 84","arr":["А17","А19","А46","А84"],"mode":"bus","angle":-86,"l0":"17, ","c0":"#e47e2b","l1":"19, ","c1":"#ff5e9b","l2":"46, ","c2":"#02af5a","l3":"84","c3":"#066559"},"geometry":{"type":"Point","coordinates":[24.036431,49.877626]}},{"type":"Feature","properties":{"lines":"17","arr":["А17"],"mode":"bus","angle":-11.6,"mi":7,"l0":"17","c0":"#e47e2b"},"geometry":{"type":"Point","coordinates":[23.97988,49.845487]}},{"type":"Feature","properties":{"lines":"17","arr":["А17"],"mode":"bus","angle":-12.9,"extra":1,"ei":0,"l0":"17","c0":"#e47e2b"},"geometry":{"type":"Point","coordinates":[23.987556,49.846634]}},{"type":"Feature","properties":{"lines":"17","arr":["А17"],"mode":"bus","angle":-12.8,"extra":1,"ei":1,"l0":"17","c0":"#e47e2b"},"geometry":{"type":"Point","coordinates":[23.9847,49.846215]}},{"type":"Feature","properties":{"lines":"17","arr":["А17"],"mode":"bus","angle":-13.6,"extra":1,"ei":2,"l0":"17","c0":"#e47e2b"},"geometry":{"type":"Point","coordinates":[23.981847,49.845783]}},{"type":"Feature","properties":{"lines":"17","arr":["А17"],"mode":"bus","angle":-12.6,"extra":1,"ei":3,"l0":"17","c0":"#e47e2b"},"geometry":{"type":"Point","coordinates":[23.976108,49.845032]}},{"type":"Feature","properties":{"lines":"17","arr":["А17"],"mode":"bus","angle":-12.7,"extra":1,"ei":4,"l0":"17","c0":"#e47e2b"},"geometry":{"type":"Point","coordinates":[23.97325,49.844617]}},{"type":"Feature","properties":{"lines":"17","arr":["А17"],"mode":"bus","angle":78.9,"mi":3,"l0":"17","c0":"#e47e2b"},"geometry":{"type":"Point","coordinates":[23.970109,49.846804]}},{"type":"Feature","properties":{"lines":"17","arr":["А17"],"mode":"bus","angle":79.2,"extra":1,"ei":0,"l0":"17","c0":"#e47e2b"},"geometry":{"type":"Point","coordinates":[23.970475,49.845528]}},{"type":"Feature","properties":{"lines":"17","arr":["А17"],"mode":"bus","angle":-10.2,"mi":5,"l0":"17","c0":"#e47e2b"},"geometry":{"type":"Point","coordinates":[23.967513,49.848784]}},{"type":"Feature","properties":{"lines":"17","arr":["А17"],"mode":"bus","angle":79.9,"mi":4,"l0":"17","c0":"#e47e2b"},"geometry":{"type":"Point","coordinates":[23.965853,49.848356]}},{"type":"Feature","properties":{"lines":"17","arr":["А17"],"mode":"bus","angle":-85,"mi":2,"l0":"17","c0":"#e47e2b"},"geometry":{"type":"Point","coordinates":[23.965447,49.847874]}},{"type":"Feature","properties":{"lines":"17, 18, 20, 23, 43, 32","arr":["А17","А18","А20","А23","А43","Тр32"],"mode":"bus","angle":80,"l0":"17, ","c0":"#e47e2b","l1":"18, ","c1":"#b20b42","l2":"20, ","c2":"#2d8c1b","l3":"23, ","c3":"#03636c","l4":"43, ","c4":"#0357b2","l5":"32","c5":"#11a2e3"},"geometry":{"type":"Point","coordinates":[23.96688,49.844852]}},{"type":"Feature","properties":{"lines":"17, 18, 20, 23, 43, 32","arr":["А17","А18","А20","А23","А43","Тр32"],"mode":"bus","angle":79.2,"side":-1,"extra":1,"ei":0,"l0":"17, ","c0":"#e47e2b","l1":"18, ","c1":"#b20b42","l2":"20, ","c2":"#2d8c1b","l3":"23, ","c3":"#03636c","l4":"43, ","c4":"#0357b2","l5":"32","c5":"#11a2e3"},"geometry":{"type":"Point","coordinates":[23.966154,49.846368]}},{"type":"Feature","properties":{"lines":"17, 18, 20, 23, 43, 32","arr":["А17","А18","А20","А23","А43","Тр32"],"mode":"bus","angle":79.1,"side":-1,"extra":1,"ei":1,"l0":"17, ","c0":"#e47e2b","l1":"18, ","c1":"#b20b42","l2":"20, ","c2":"#2d8c1b","l3":"23, ","c3":"#03636c","l4":"43, ","c4":"#0357b2","l5":"32","c5":"#11a2e3"},"geometry":{"type":"Point","coordinates":[23.967233,49.842656]}},{"type":"Feature","properties":{"lines":"17, 18, 20, 23, 34, 43, 32","arr":["А17","А18","А20","А23","А34","А43","Тр32"],"mode":"bus","angle":-4.6,"side":-1,"l0":"17, ","c0":"#e47e2b","l1":"18, ","c1":"#b20b42","l2":"20, ","c2":"#2d8c1b","l3":"23, ","c3":"#03636c","l4":"34, ","c4":"#ab0377","l5":"43, ","c5":"#0357b2","l6":"32","c6":"#11a2e3"},"geometry":{"type":"Point","coordinates":[23.968373,49.841828]}},{"type":"Feature","properties":{"lines":"17","arr":["А17"],"mode":"bus","angle":86.1,"l0":"17","c0":"#e47e2b"},"geometry":{"type":"Point","coordinates":[23.96959,49.839213]}},{"type":"Feature","properties":{"lines":"17","arr":["А17"],"mode":"bus","angle":-79.9,"extra":1,"ei":0,"l0":"17","c0":"#e47e2b"},"geometry":{"type":"Point","coordinates":[23.96966,49.837495]}},{"type":"Feature","properties":{"lines":"17","arr":["А17"],"mode":"bus","angle":83.9,"extra":1,"ei":1,"l0":"17","c0":"#e47e2b"},"geometry":{"type":"Point","coordinates":[23.969282,49.841253]}},{"type":"Feature","properties":{"lines":"17","arr":["А17"],"mode":"bus","angle":-32,"mi":1,"l0":"17","c0":"#e47e2b"},"geometry":{"type":"Point","coordinates":[23.965984,49.836298]}},{"type":"Feature","properties":{"lines":"17","arr":["А17"],"mode":"bus","angle":-2.4,"extra":1,"ei":0,"l0":"17","c0":"#e47e2b"},"geometry":{"type":"Point","coordinates":[23.968002,49.836686]}},{"type":"Feature","properties":{"lines":"17","arr":["А17"],"mode":"bus","angle":-40.1,"mi":6,"l0":"17","c0":"#e47e2b"},"geometry":{"type":"Point","coordinates":[23.955696,49.83169]}},{"type":"Feature","properties":{"lines":"17","arr":["А17"],"mode":"bus","angle":-28,"extra":1,"ei":0,"l0":"17","c0":"#e47e2b"},"geometry":{"type":"Point","coordinates":[23.96183,49.835293]}},{"type":"Feature","properties":{"lines":"17","arr":["А17"],"mode":"bus","angle":-48.2,"extra":1,"ei":1,"l0":"17","c0":"#e47e2b"},"geometry":{"type":"Point","coordinates":[23.959495,49.834174]}},{"type":"Feature","properties":{"lines":"17","arr":["А17"],"mode":"bus","angle":-46.1,"extra":1,"ei":2,"l0":"17","c0":"#e47e2b"},"geometry":{"type":"Point","coordinates":[23.957459,49.832817]}},{"type":"Feature","properties":{"lines":"17","arr":["А17"],"mode":"bus","angle":-27.5,"extra":1,"ei":3,"l0":"17","c0":"#e47e2b"},"geometry":{"type":"Point","coordinates":[23.952753,49.830637]}},{"type":"Feature","properties":{"lines":"17","arr":["А17"],"mode":"bus","angle":-27.3,"extra":1,"ei":4,"l0":"17","c0":"#e47e2b"},"geometry":{"type":"Point","coordinates":[23.950145,49.829777]}},{"type":"Feature","properties":{"lines":"17","arr":["А17"],"mode":"bus","angle":-26.4,"extra":1,"ei":5,"l0":"17","c0":"#e47e2b"},"geometry":{"type":"Point","coordinates":[23.947526,49.82893]}},{"type":"Feature","properties":{"lines":"17","arr":["А17"],"mode":"bus","angle":62.3,"mi":9,"l0":"17","c0":"#e47e2b"},"geometry":{"type":"Point","coordinates":[23.946017,49.829897]}},{"type":"Feature","properties":{"lines":"17","arr":["А17"],"mode":"bus","angle":63.9,"mi":8,"l0":"17","c0":"#e47e2b"},"geometry":{"type":"Point","coordinates":[23.950465,49.830139]}},{"type":"Feature","properties":{"lines":"17, 43","arr":["А17","А43"],"mode":"bus","angle":79.1,"l0":"17, ","c0":"#e47e2b","l1":"43","c1":"#0357b2"},"geometry":{"type":"Point","coordinates":[23.965969,49.847954]}},{"type":"Feature","properties":{"lines":"17, 34, 51, 67","arr":["А17","А34","А51","А67"],"mode":"bus","angle":-57.9,"l0":"17, ","c0":"#e47e2b","l1":"34, ","c1":"#ab0377","l2":"51, ","c2":"#1cab97","l3":"67","c3":"#05617d"},"geometry":{"type":"Point","coordinates":[24.022851,49.844057]}},{"type":"Feature","properties":{"lines":"17, 34, 51","arr":["А17","А34","А51"],"mode":"bus","angle":-87,"mi":1,"l0":"17, ","c0":"#e47e2b","l1":"34, ","c1":"#ab0377","l2":"51","c2":"#1cab97"},"geometry":{"type":"Point","coordinates":[24.024059,49.845519]}},{"type":"Feature","properties":{"lines":"17, 34, 51","arr":["А17","А34","А51"],"mode":"bus","angle":2,"l0":"17, ","c0":"#e47e2b","l1":"34, ","c1":"#ab0377","l2":"51","c2":"#1cab97"},"geometry":{"type":"Point","coordinates":[24.024599,49.846415]}},{"type":"Feature","properties":{"lines":"17, 84","arr":["А17","А84"],"mode":"bus","angle":50.5,"l0":"17, ","c0":"#e47e2b","l1":"84","c1":"#066559"},"geometry":{"type":"Point","coordinates":[24.041589,49.87856]}},{"type":"Feature","properties":{"lines":"18, 20, 23, 34, 43, 32","arr":["А18","А20","А23","А34","А43","Тр32"],"mode":"bus","angle":-4.5,"l0":"18, ","c0":"#b20b42","l1":"20, ","c1":"#2d8c1b","l2":"23, ","c2":"#03636c","l3":"34, ","c3":"#ab0377","l4":"43, ","c4":"#0357b2","l5":"32","c5":"#11a2e3"},"geometry":{"type":"Point","coordinates":[23.974222,49.842295]}},{"type":"Feature","properties":{"lines":"18, 20, 23, 34, 43, 32","arr":["А18","А20","А23","А34","А43","Тр32"],"mode":"bus","angle":-4.9,"side":-1,"extra":1,"ei":0,"l0":"18, ","c0":"#b20b42","l1":"20, ","c1":"#2d8c1b","l2":"23, ","c2":"#03636c","l3":"34, ","c3":"#ab0377","l4":"43, ","c4":"#0357b2","l5":"32","c5":"#11a2e3"},"geometry":{"type":"Point","coordinates":[23.970625,49.84195]}},{"type":"Feature","properties":{"lines":"18, 20, 23, 34, 43, 32","arr":["А18","А20","А23","А34","А43","Тр32"],"mode":"bus","angle":-14.1,"extra":1,"ei":0,"l0":"18, ","c0":"#b20b42","l1":"20, ","c1":"#2d8c1b","l2":"23, ","c2":"#03636c","l3":"34, ","c3":"#ab0377","l4":"43, ","c4":"#0357b2","l5":"32","c5":"#11a2e3"},"geometry":{"type":"Point","coordinates":[23.977919,49.842741]}},{"type":"Feature","properties":{"lines":"18, 19, 29, 61","arr":["А18","А19","А29","А61"],"mode":"bus","angle":-83.4,"l0":"18, ","c0":"#b20b42","l1":"19, ","c1":"#ff5e9b","l2":"29, ","c2":"#b59607","l3":"61","c3":"#126804"},"geometry":{"type":"Point","coordinates":[24.075316,49.836489]}},{"type":"Feature","properties":{"lines":"18, 19, 23, 29, 61","arr":["А18","А19","А23","А29","А61"],"mode":"bus","angle":-4.3,"l0":"18, ","c0":"#b20b42","l1":"19, ","c1":"#ff5e9b","l2":"23, ","c2":"#03636c","l3":"29, ","c3":"#b59607","l4":"61","c4":"#126804"},"geometry":{"type":"Point","coordinates":[24.078074,49.837922]}},{"type":"Feature","properties":{"lines":"18, 19, 23, 29, 61","arr":["А18","А19","А23","А29","А61"],"mode":"bus","angle":-30,"extra":1,"ei":0,"l0":"18, ","c0":"#b20b42","l1":"19, ","c1":"#ff5e9b","l2":"23, ","c2":"#03636c","l3":"29, ","c3":"#b59607","l4":"61","c4":"#126804"},"geometry":{"type":"Point","coordinates":[24.083957,49.839979]}},{"type":"Feature","properties":{"lines":"18, 19, 23, 29, 61","arr":["А18","А19","А23","А29","А61"],"mode":"bus","angle":-33,"extra":1,"ei":1,"l0":"18, ","c0":"#b20b42","l1":"19, ","c1":"#ff5e9b","l2":"23, ","c2":"#03636c","l3":"29, ","c3":"#b59607","l4":"61","c4":"#126804"},"geometry":{"type":"Point","coordinates":[24.081554,49.838903]}},{"type":"Feature","properties":{"lines":"18, 19, 23, 29, 61","arr":["А18","А19","А23","А29","А61"],"mode":"bus","angle":-30.5,"extra":1,"ei":2,"l0":"18, ","c0":"#b20b42","l1":"19, ","c1":"#ff5e9b","l2":"23, ","c2":"#03636c","l3":"29, ","c3":"#b59607","l4":"61","c4":"#126804"},"geometry":{"type":"Point","coordinates":[24.076241,49.837551]}},{"type":"Feature","properties":{"lines":"18, 19, 23, 29, 61","arr":["А18","А19","А23","А29","А61"],"mode":"bus","angle":-13.9,"extra":1,"ei":3,"l0":"18, ","c0":"#b20b42","l1":"19, ","c1":"#ff5e9b","l2":"23, ","c2":"#03636c","l3":"29, ","c3":"#b59607","l4":"61","c4":"#126804"},"geometry":{"type":"Point","coordinates":[24.073527,49.83688]}},{"type":"Feature","properties":{"lines":"18, 19, 23, 29, 61","arr":["А18","А19","А23","А29","А61"],"mode":"bus","angle":-30.4,"extra":1,"ei":4,"l0":"18, ","c0":"#b20b42","l1":"19, ","c1":"#ff5e9b","l2":"23, ","c2":"#03636c","l3":"29, ","c3":"#b59607","l4":"61","c4":"#126804"},"geometry":{"type":"Point","coordinates":[24.070697,49.836393]}},{"type":"Feature","properties":{"lines":"18, 23, 29, 61","arr":["А18","А23","А29","А61"],"mode":"bus","angle":-14.6,"l0":"18, ","c0":"#b20b42","l1":"23, ","c1":"#03636c","l2":"29, ","c2":"#b59607","l3":"61","c3":"#126804"},"geometry":{"type":"Point","coordinates":[24.094462,49.841086]}},{"type":"Feature","properties":{"lines":"18, 23, 29, 61","arr":["А18","А23","А29","А61"],"mode":"bus","angle":2.2,"extra":1,"ei":0,"l0":"18, ","c0":"#b20b42","l1":"23, ","c1":"#03636c","l2":"29, ","c2":"#b59607","l3":"61","c3":"#126804"},"geometry":{"type":"Point","coordinates":[24.086759,49.840245]}},{"type":"Feature","properties":{"lines":"18, 23, 29, 61","arr":["А18","А23","А29","А61"],"mode":"bus","angle":-7,"extra":1,"ei":1,"l0":"18, ","c0":"#b20b42","l1":"23, ","c1":"#03636c","l2":"29, ","c2":"#b59607","l3":"61","c3":"#126804"},"geometry":{"type":"Point","coordinates":[24.089684,49.840187]}},{"type":"Feature","properties":{"lines":"18, 23, 29, 61","arr":["А18","А23","А29","А61"],"mode":"bus","angle":-18.9,"extra":1,"ei":2,"l0":"18, ","c0":"#b20b42","l1":"23, ","c1":"#03636c","l2":"29, ","c2":"#b59607","l3":"61","c3":"#126804"},"geometry":{"type":"Point","coordinates":[24.092478,49.840727]}},{"type":"Feature","properties":{"lines":"18, 23, 29, 61","arr":["А18","А23","А29","А61"],"mode":"bus","angle":-12.3,"extra":1,"ei":3,"l0":"18, ","c0":"#b20b42","l1":"23, ","c1":"#03636c","l2":"29, ","c2":"#b59607","l3":"61","c3":"#126804"},"geometry":{"type":"Point","coordinates":[24.098192,49.841539]}},{"type":"Feature","properties":{"lines":"18, 23, 29, 61","arr":["А18","А23","А29","А61"],"mode":"bus","angle":-13.2,"extra":1,"ei":4,"l0":"18, ","c0":"#b20b42","l1":"23, ","c1":"#03636c","l2":"29, ","c2":"#b59607","l3":"61","c3":"#126804"},"geometry":{"type":"Point","coordinates":[24.101033,49.841999]}},{"type":"Feature","properties":{"lines":"29, 61","arr":["А29","А61"],"mode":"bus","angle":-8.9,"mi":1,"l0":"29, ","c0":"#b59607","l1":"61","c1":"#126804"},"geometry":{"type":"Point","coordinates":[24.103976,49.842338]}},{"type":"Feature","properties":{"lines":"19","arr":["А19"],"mode":"bus","angle":-22.4,"side":-1,"l0":"19","c0":"#ff5e9b"},"geometry":{"type":"Point","coordinates":[24.064061,49.85964]}},{"type":"Feature","properties":{"lines":"19, 23, 37, 40, 46, 47, 24, 31","arr":["А19","А23","А37","А40","А46","А47","Тр24","Тр31"],"mode":"bus","angle":54.6,"l0":"19, ","c0":"#ff5e9b","l1":"23, ","c1":"#03636c","l2":"37, ","c2":"#ab0377","l3":"40, ","c3":"#7c5001","l4":"46, ","c4":"#02af5a","l5":"47, ","c5":"#4d4aba","l6":"24, ","c6":"#19a9a8","l7":"31","c7":"#126804"},"geometry":{"type":"Point","coordinates":[24.065402,49.802106]}},{"type":"Feature","properties":{"lines":"19, 23, 37, 40, 46, 47, 24, 31","arr":["А19","А23","А37","А40","А46","А47","Тр24","Тр31"],"mode":"bus","angle":36,"extra":1,"ei":0,"l0":"19, ","c0":"#ff5e9b","l1":"23, ","c1":"#03636c","l2":"37, ","c2":"#ab0377","l3":"40, ","c3":"#7c5001","l4":"46, ","c4":"#02af5a","l5":"47, ","c5":"#4d4aba","l6":"24, ","c6":"#19a9a8","l7":"31","c7":"#126804"},"geometry":{"type":"Point","coordinates":[24.069642,49.799225]}},{"type":"Feature","properties":{"lines":"19, 23, 37, 40, 46, 47, 24, 31","arr":["А19","А23","А37","А40","А46","А47","Тр24","Тр31"],"mode":"bus","angle":49.5,"extra":1,"ei":1,"l0":"19, ","c0":"#ff5e9b","l1":"23, ","c1":"#03636c","l2":"37, ","c2":"#ab0377","l3":"40, ","c3":"#7c5001","l4":"46, ","c4":"#02af5a","l5":"47, ","c5":"#4d4aba","l6":"24, ","c6":"#19a9a8","l7":"31","c7":"#126804"},"geometry":{"type":"Point","coordinates":[24.067403,49.800434]}},{"type":"Feature","properties":{"lines":"19, 23, 37, 40, 46, 47, 24, 31","arr":["А19","А23","А37","А40","А46","А47","Тр24","Тр31"],"mode":"bus","angle":62.4,"extra":1,"ei":2,"l0":"19, ","c0":"#ff5e9b","l1":"23, ","c1":"#03636c","l2":"37, ","c2":"#ab0377","l3":"40, ","c3":"#7c5001","l4":"46, ","c4":"#02af5a","l5":"47, ","c5":"#4d4aba","l6":"24, ","c6":"#19a9a8","l7":"31","c7":"#126804"},"geometry":{"type":"Point","coordinates":[24.064129,49.803552]}},{"type":"Feature","properties":{"lines":"19, 23, 37, 40, 46, 47, 24, 31","arr":["А19","А23","А37","А40","А46","А47","Тр24","Тр31"],"mode":"bus","angle":61,"extra":1,"ei":3,"l0":"19, ","c0":"#ff5e9b","l1":"23, ","c1":"#03636c","l2":"37, ","c2":"#ab0377","l3":"40, ","c3":"#7c5001","l4":"46, ","c4":"#02af5a","l5":"47, ","c5":"#4d4aba","l6":"24, ","c6":"#19a9a8","l7":"31","c7":"#126804"},"geometry":{"type":"Point","coordinates":[24.062702,49.805201]}},{"type":"Feature","properties":{"lines":"19, 31","arr":["А19","Тр31"],"mode":"bus","angle":76.5,"l0":"19, ","c0":"#ff5e9b","l1":"31","c1":"#126804"},"geometry":{"type":"Point","coordinates":[24.060835,49.806767]}},{"type":"Feature","properties":{"lines":"19","arr":["А19"],"mode":"bus","angle":-3.7,"l0":"19","c0":"#ff5e9b"},"geometry":{"type":"Point","coordinates":[24.075061,49.807174]}},{"type":"Feature","properties":{"lines":"19","arr":["А19"],"mode":"bus","angle":75.5,"extra":1,"ei":0,"l0":"19","c0":"#ff5e9b"},"geometry":{"type":"Point","coordinates":[24.078728,49.813072]}},{"type":"Feature","properties":{"lines":"19","arr":["А19"],"mode":"bus","angle":77.9,"extra":1,"ei":1,"l0":"19","c0":"#ff5e9b"},"geometry":{"type":"Point","coordinates":[24.079424,49.811237]}},{"type":"Feature","properties":{"lines":"19","arr":["А19"],"mode":"bus","angle":-59.3,"extra":1,"ei":2,"l0":"19","c0":"#ff5e9b"},"geometry":{"type":"Point","coordinates":[24.079095,49.809419]}},{"type":"Feature","properties":{"lines":"19","arr":["А19"],"mode":"bus","angle":-46.3,"extra":1,"ei":3,"l0":"19","c0":"#ff5e9b"},"geometry":{"type":"Point","coordinates":[24.07738,49.807891]}},{"type":"Feature","properties":{"lines":"19","arr":["А19"],"mode":"bus","angle":4.5,"extra":1,"ei":4,"l0":"19","c0":"#ff5e9b"},"geometry":{"type":"Point","coordinates":[24.071855,49.807297]}},{"type":"Feature","properties":{"lines":"19","arr":["А19"],"mode":"bus","angle":-3.9,"extra":1,"ei":5,"l0":"19","c0":"#ff5e9b"},"geometry":{"type":"Point","coordinates":[24.068929,49.807359]}},{"type":"Feature","properties":{"lines":"19","arr":["А19"],"mode":"bus","angle":-9.7,"extra":1,"ei":6,"l0":"19","c0":"#ff5e9b"},"geometry":{"type":"Point","coordinates":[24.066026,49.807109]}},{"type":"Feature","properties":{"lines":"19","arr":["А19"],"mode":"bus","angle":-19.4,"extra":1,"ei":7,"l0":"19","c0":"#ff5e9b"},"geometry":{"type":"Point","coordinates":[24.063139,49.806788]}},{"type":"Feature","properties":{"lines":"19, 23, 27, 40","arr":["А19","А23","А27","А40"],"mode":"bus","angle":-49.2,"side":-1,"l0":"19, ","c0":"#ff5e9b","l1":"23, ","c1":"#03636c","l2":"27, ","c2":"#11a2e3","l3":"40","c3":"#7c5001"},"geometry":{"type":"Point","coordinates":[24.06848,49.835846]}},{"type":"Feature","properties":{"lines":"19","arr":["А19"],"mode":"bus","angle":39.1,"l0":"19","c0":"#ff5e9b"},"geometry":{"type":"Point","coordinates":[24.085209,49.843956]}},{"type":"Feature","properties":{"lines":"19","arr":["А19"],"mode":"bus","angle":60.2,"mi":5,"l0":"19","c0":"#ff5e9b"},"geometry":{"type":"Point","coordinates":[24.073098,49.858154]}},{"type":"Feature","properties":{"lines":"19","arr":["А19"],"mode":"bus","angle":-13.6,"mi":3,"l0":"19","c0":"#ff5e9b"},"geometry":{"type":"Point","coordinates":[24.072005,49.859751]}},{"type":"Feature","properties":{"lines":"19","arr":["А19"],"mode":"bus","angle":83.2,"extra":1,"ei":0,"l0":"19","c0":"#ff5e9b"},"geometry":{"type":"Point","coordinates":[24.084861,49.847043]}},{"type":"Feature","properties":{"lines":"19","arr":["А19"],"mode":"bus","angle":-79.9,"extra":1,"ei":1,"l0":"19","c0":"#ff5e9b"},"geometry":{"type":"Point","coordinates":[24.084663,49.84517]}},{"type":"Feature","properties":{"lines":"19","arr":["А19"],"mode":"bus","angle":-82.6,"extra":1,"ei":2,"l0":"19","c0":"#ff5e9b"},"geometry":{"type":"Point","coordinates":[24.086691,49.841888]}},{"type":"Feature","properties":{"lines":"19, 39, 39а","arr":["А19","А39","А39а"],"mode":"bus","angle":19.7,"l0":"19, ","c0":"#ff5e9b","l1":"39, ","c1":"#19a9a8","l2":"39а","c2":"#8e4604"},"geometry":{"type":"Point","coordinates":[24.079161,49.850701]}},{"type":"Feature","properties":{"lines":"19, 39, 39а","arr":["А19","А39","А39а"],"mode":"bus","angle":49.2,"extra":1,"ei":0,"l0":"19, ","c0":"#ff5e9b","l1":"39, ","c1":"#19a9a8","l2":"39а","c2":"#8e4604"},"geometry":{"type":"Point","coordinates":[24.083749,49.848723]}},{"type":"Feature","properties":{"lines":"19, 39, 39а","arr":["А19","А39","А39а"],"mode":"bus","angle":46.4,"extra":1,"ei":1,"l0":"19, ","c0":"#ff5e9b","l1":"39, ","c1":"#19a9a8","l2":"39а","c2":"#8e4604"},"geometry":{"type":"Point","coordinates":[24.081837,49.850153]}},{"type":"Feature","properties":{"lines":"19, 39, 39а","arr":["А19","А39","А39а"],"mode":"bus","angle":89.7,"extra":1,"ei":2,"l0":"19, ","c0":"#ff5e9b","l1":"39, ","c1":"#19a9a8","l2":"39а","c2":"#8e4604"},"geometry":{"type":"Point","coordinates":[24.077398,49.852088]}},{"type":"Feature","properties":{"lines":"19, 39, 39а","arr":["А19","А39","А39а"],"mode":"bus","angle":59,"extra":1,"ei":3,"l0":"19, ","c0":"#ff5e9b","l1":"39, ","c1":"#19a9a8","l2":"39а","c2":"#8e4604"},"geometry":{"type":"Point","coordinates":[24.077053,49.853909]}},{"type":"Feature","properties":{"lines":"19, 39","arr":["А19","А39"],"mode":"bus","angle":59,"l0":"19, ","c0":"#ff5e9b","l1":"39","c1":"#19a9a8"},"geometry":{"type":"Point","coordinates":[24.075406,49.855671]}},{"type":"Feature","properties":{"lines":"19","arr":["А19"],"mode":"bus","angle":-10.1,"mi":2,"l0":"19","c0":"#ff5e9b"},"geometry":{"type":"Point","coordinates":[24.067599,49.860271]}},{"type":"Feature","properties":{"lines":"19","arr":["А19"],"mode":"bus","angle":-10.1,"extra":1,"ei":0,"l0":"19","c0":"#ff5e9b"},"geometry":{"type":"Point","coordinates":[24.065162,49.85999]}},{"type":"Feature","properties":{"lines":"19","arr":["А19"],"mode":"bus","angle":13.7,"extra":1,"ei":1,"l0":"19","c0":"#ff5e9b"},"geometry":{"type":"Point","coordinates":[24.070936,49.860614]}},{"type":"Feature","properties":{"lines":"19, 20","arr":["А19","А20"],"mode":"bus","angle":-10.6,"l0":"19, ","c0":"#ff5e9b","l1":"20","c1":"#2d8c1b"},"geometry":{"type":"Point","coordinates":[24.061777,49.859585]}},{"type":"Feature","properties":{"lines":"19","arr":["А19"],"mode":"bus","angle":-57.8,"mi":1,"l0":"19","c0":"#ff5e9b"},"geometry":{"type":"Point","coordinates":[24.057414,49.857602]}},{"type":"Feature","properties":{"lines":"19","arr":["А19"],"mode":"bus","angle":-48.8,"extra":1,"ei":0,"l0":"19","c0":"#ff5e9b"},"geometry":{"type":"Point","coordinates":[24.058869,49.858773]}},{"type":"Feature","properties":{"lines":"19","arr":["А19"],"mode":"bus","angle":-84.1,"side":-1,"extra":1,"ei":1,"l0":"19","c0":"#ff5e9b"},"geometry":{"type":"Point","coordinates":[24.056718,49.855392]}},{"type":"Feature","properties":{"lines":"19","arr":["А19"],"mode":"bus","angle":7.2,"mi":4,"l0":"19","c0":"#ff5e9b"},"geometry":{"type":"Point","coordinates":[24.051039,49.855817]}},{"type":"Feature","properties":{"lines":"19","arr":["А19"],"mode":"bus","angle":9.9,"extra":1,"ei":0,"l0":"19","c0":"#ff5e9b"},"geometry":{"type":"Point","coordinates":[24.055237,49.855386]}},{"type":"Feature","properties":{"lines":"19","arr":["А19"],"mode":"bus","angle":-40.8,"extra":1,"ei":1,"l0":"19","c0":"#ff5e9b"},"geometry":{"type":"Point","coordinates":[24.046902,49.854946]}},{"type":"Feature","properties":{"lines":"19","arr":["А19"],"mode":"bus","angle":72,"mi":6,"l0":"19","c0":"#ff5e9b"},"geometry":{"type":"Point","coordinates":[24.045651,49.855034]}},{"type":"Feature","properties":{"lines":"19, 20, 25, 48, 58, 59, 62, 63","arr":["А19","А20","А25","А48","А58","А59","А62","А63"],"mode":"bus","angle":-61.2,"l0":"19, ","c0":"#ff5e9b","l1":"20, ","c1":"#2d8c1b","l2":"25, ","c2":"#4d4aba","l3":"48, ","c3":"#05617d","l4":"58, ","c4":"#c17aef","l5":"59, ","c5":"#8e4604","l6":"62, ","c6":"#b0045c","l7":"63","c7":"#b59607"},"geometry":{"type":"Point","coordinates":[24.049125,49.860154]}},{"type":"Feature","properties":{"lines":"19, 20, 25, 48, 58, 59, 62, 63","arr":["А19","А20","А25","А48","А58","А59","А62","А63"],"mode":"bus","angle":-61.6,"extra":1,"ei":0,"l0":"19, ","c0":"#ff5e9b","l1":"20, ","c1":"#2d8c1b","l2":"25, ","c2":"#4d4aba","l3":"48, ","c3":"#05617d","l4":"58, ","c4":"#c17aef","l5":"59, ","c5":"#8e4604","l6":"62, ","c6":"#b0045c","l7":"63","c7":"#b59607"},"geometry":{"type":"Point","coordinates":[24.045908,49.856361]}},{"type":"Feature","properties":{"lines":"19, 20, 25, 48, 58, 59, 62, 63","arr":["А19","А20","А25","А48","А58","А59","А62","А63"],"mode":"bus","angle":-61.7,"extra":1,"ei":1,"l0":"19, ","c0":"#ff5e9b","l1":"20, ","c1":"#2d8c1b","l2":"25, ","c2":"#4d4aba","l3":"48, ","c3":"#05617d","l4":"58, ","c4":"#c17aef","l5":"59, ","c5":"#8e4604","l6":"62, ","c6":"#b0045c","l7":"63","c7":"#b59607"},"geometry":{"type":"Point","coordinates":[24.047315,49.858017]}},{"type":"Feature","properties":{"lines":"19, 20, 25, 48, 58, 59, 62, 63","arr":["А19","А20","А25","А48","А58","А59","А62","А63"],"mode":"bus","angle":-61.7,"extra":1,"ei":2,"l0":"19, ","c0":"#ff5e9b","l1":"20, ","c1":"#2d8c1b","l2":"25, ","c2":"#4d4aba","l3":"48, ","c3":"#05617d","l4":"58, ","c4":"#c17aef","l5":"59, ","c5":"#8e4604","l6":"62, ","c6":"#b0045c","l7":"63","c7":"#b59607"},"geometry":{"type":"Point","coordinates":[24.050129,49.86133]}},{"type":"Feature","properties":{"lines":"19, 20, 25, 48, 58, 59, 62, 63","arr":["А19","А20","А25","А48","А58","А59","А62","А63"],"mode":"bus","angle":-62.6,"extra":1,"ei":3,"l0":"19, ","c0":"#ff5e9b","l1":"20, ","c1":"#2d8c1b","l2":"25, ","c2":"#4d4aba","l3":"48, ","c3":"#05617d","l4":"58, ","c4":"#c17aef","l5":"59, ","c5":"#8e4604","l6":"62, ","c6":"#b0045c","l7":"63","c7":"#b59607"},"geometry":{"type":"Point","coordinates":[24.051526,49.86299]}},{"type":"Feature","properties":{"lines":"19, 20, 25, 48, 58, 59, 62, 63","arr":["А19","А20","А25","А48","А58","А59","А62","А63"],"mode":"bus","angle":-41.3,"side":-1,"extra":1,"ei":4,"l0":"19, ","c0":"#ff5e9b","l1":"20, ","c1":"#2d8c1b","l2":"25, ","c2":"#4d4aba","l3":"48, ","c3":"#05617d","l4":"58, ","c4":"#c17aef","l5":"59, ","c5":"#8e4604","l6":"62, ","c6":"#b0045c","l7":"63","c7":"#b59607"},"geometry":{"type":"Point","coordinates":[24.053071,49.864574]}},{"type":"Feature","properties":{"lines":"20","arr":["А20"],"mode":"bus","angle":-89.6,"mi":3,"l0":"20","c0":"#2d8c1b"},"geometry":{"type":"Point","coordinates":[24.063709,49.85822]}},{"type":"Feature","properties":{"lines":"19, 23, 40, 46, 47, 24, 31","arr":["А19","А23","А40","А46","А47","Тр24","Тр31"],"mode":"bus","angle":-84.5,"side":-1,"l0":"19, ","c0":"#ff5e9b","l1":"23, ","c1":"#03636c","l2":"40, ","c2":"#7c5001","l3":"46, ","c3":"#02af5a","l4":"47, ","c4":"#4d4aba","l5":"24, ","c5":"#19a9a8","l6":"31","c6":"#126804"},"geometry":{"type":"Point","coordinates":[24.062182,49.80617]}},{"type":"Feature","properties":{"lines":"20, 34, 43, 49, 32","arr":["А20","А34","А43","А49","Тр32"],"mode":"bus","angle":3.5,"l0":"20, ","c0":"#2d8c1b","l1":"34, ","c1":"#ab0377","l2":"43, ","c2":"#0357b2","l3":"49, ","c3":"#7c5001","l4":"32","c4":"#11a2e3"},"geometry":{"type":"Point","coordinates":[23.980477,49.83341]}},{"type":"Feature","properties":{"lines":"20, 48, 56, 58, 59, 63","arr":["А20","А48","А56","А58","А59","А63"],"mode":"bus","angle":2.5,"l0":"20, ","c0":"#2d8c1b","l1":"48, ","c1":"#05617d","l2":"56, ","c2":"#4d4aba","l3":"58, ","c3":"#c17aef","l4":"59, ","c4":"#8e4604","l5":"63","c5":"#b59607"},"geometry":{"type":"Point","coordinates":[24.025414,49.850457]}},{"type":"Feature","properties":{"lines":"20, 48, 58, 59, 63","arr":["А20","А48","А58","А59","А63"],"mode":"bus","angle":0.2,"mi":2,"l0":"20, ","c0":"#2d8c1b","l1":"48, ","c1":"#05617d","l2":"58, ","c2":"#c17aef","l3":"59, ","c3":"#8e4604","l4":"63","c4":"#b59607"},"geometry":{"type":"Point","coordinates":[24.026462,49.850422]}},{"type":"Feature","properties":{"lines":"20, 48, 58, 59, 63","arr":["А20","А48","А58","А59","А63"],"mode":"bus","angle":-70,"mi":1,"l0":"20, ","c0":"#2d8c1b","l1":"48, ","c1":"#05617d","l2":"58, ","c2":"#c17aef","l3":"59, ","c3":"#8e4604","l4":"63","c4":"#b59607"},"geometry":{"type":"Point","coordinates":[24.027277,49.851789]}},{"type":"Feature","properties":{"lines":"20, 48, 58, 59, 63","arr":["А20","А48","А58","А59","А63"],"mode":"bus","angle":10.5,"l0":"20, ","c0":"#2d8c1b","l1":"48, ","c1":"#05617d","l2":"58, ","c2":"#c17aef","l3":"59, ","c3":"#8e4604","l4":"63","c4":"#b59607"},"geometry":{"type":"Point","coordinates":[24.027924,49.850821]}},{"type":"Feature","properties":{"lines":"20, 48, 58, 59, 63","arr":["А20","А48","А58","А59","А63"],"mode":"bus","angle":-24.6,"mi":3,"l0":"20, ","c0":"#2d8c1b","l1":"48, ","c1":"#05617d","l2":"58, ","c2":"#c17aef","l3":"59, ","c3":"#8e4604","l4":"63","c4":"#b59607"},"geometry":{"type":"Point","coordinates":[24.03071,49.851554]}},{"type":"Feature","properties":{"lines":"20, 48, 58, 59, 62, 63","arr":["А20","А48","А58","А59","А62","А63"],"mode":"bus","angle":-11.8,"l0":"20, ","c0":"#2d8c1b","l1":"48, ","c1":"#05617d","l2":"58, ","c2":"#c17aef","l3":"59, ","c3":"#8e4604","l4":"62, ","c4":"#b0045c","l5":"63","c5":"#b59607"},"geometry":{"type":"Point","coordinates":[24.040345,49.853619]}},{"type":"Feature","properties":{"lines":"20, 25, 48, 59, 63","arr":["А20","А25","А48","А59","А63"],"mode":"bus","angle":-10.9,"side":-1,"l0":"20, ","c0":"#2d8c1b","l1":"25, ","c1":"#4d4aba","l2":"48, ","c2":"#05617d","l3":"59, ","c3":"#8e4604","l4":"63","c4":"#b59607"},"geometry":{"type":"Point","coordinates":[24.041626,49.853729]}},{"type":"Feature","properties":{"lines":"20, 25, 48, 58, 59, 62, 63","arr":["А20","А25","А48","А58","А59","А62","А63"],"mode":"bus","angle":-60.5,"mi":1,"l0":"20, ","c0":"#2d8c1b","l1":"25, ","c1":"#4d4aba","l2":"48, ","c2":"#05617d","l3":"58, ","c3":"#c17aef","l4":"59, ","c4":"#8e4604","l5":"62, ","c5":"#b0045c","l6":"63","c6":"#b59607"},"geometry":{"type":"Point","coordinates":[24.044558,49.854782]}},{"type":"Feature","properties":{"lines":"20, 25, 48, 58, 59, 62, 63","arr":["А20","А25","А48","А58","А59","А62","А63"],"mode":"bus","angle":-12.8,"l0":"20, ","c0":"#2d8c1b","l1":"25, ","c1":"#4d4aba","l2":"48, ","c2":"#05617d","l3":"58, ","c3":"#c17aef","l4":"59, ","c4":"#8e4604","l5":"62, ","c5":"#b0045c","l6":"63","c6":"#b59607"},"geometry":{"type":"Point","coordinates":[24.042837,49.853878]}},{"type":"Feature","properties":{"lines":"20","arr":["А20"],"mode":"bus","angle":-25.5,"mi":2,"l0":"20","c0":"#2d8c1b"},"geometry":{"type":"Point","coordinates":[24.053182,49.862272]}},{"type":"Feature","properties":{"lines":"20","arr":["А20"],"mode":"bus","angle":-34.1,"extra":1,"ei":0,"l0":"20","c0":"#2d8c1b"},"geometry":{"type":"Point","coordinates":[24.05504,49.862694]}},{"type":"Feature","properties":{"lines":"20","arr":["А20"],"mode":"bus","angle":5.6,"mi":1,"l0":"20","c0":"#2d8c1b"},"geometry":{"type":"Point","coordinates":[24.056101,49.86279]}},{"type":"Feature","properties":{"lines":"20","arr":["А20"],"mode":"bus","angle":7.2,"extra":1,"ei":0,"l0":"20","c0":"#2d8c1b"},"geometry":{"type":"Point","coordinates":[24.059995,49.862486]}},{"type":"Feature","properties":{"lines":"20","arr":["А20"],"mode":"bus","angle":31.1,"extra":1,"ei":1,"l0":"20","c0":"#2d8c1b"},"geometry":{"type":"Point","coordinates":[24.053977,49.864842]}},{"type":"Feature","properties":{"lines":"20","arr":["А20"],"mode":"bus","angle":-69.2,"l0":"20","c0":"#2d8c1b"},"geometry":{"type":"Point","coordinates":[24.060811,49.860858]}},{"type":"Feature","properties":{"lines":"20","arr":["А20"],"mode":"bus","angle":-61.8,"extra":1,"ei":0,"l0":"20","c0":"#2d8c1b"},"geometry":{"type":"Point","coordinates":[24.059974,49.859658]}},{"type":"Feature","properties":{"lines":"20, 48, 58, 62, 63","arr":["А20","А48","А58","А62","А63"],"mode":"bus","angle":-7.7,"l0":"20, ","c0":"#2d8c1b","l1":"48, ","c1":"#05617d","l2":"58, ","c2":"#c17aef","l3":"62, ","c3":"#b0045c","l4":"63","c4":"#b59607"},"geometry":{"type":"Point","coordinates":[24.041516,49.853782]}},{"type":"Feature","properties":{"lines":"21, 52","arr":["А21","А52"],"mode":"bus","angle":63.4,"l0":"21, ","c0":"#a72d06","l1":"52","c1":"#ff5e9b"},"geometry":{"type":"Point","coordinates":[23.906863,49.82885]}},{"type":"Feature","properties":{"lines":"21","arr":["А21"],"mode":"bus","angle":-37.6,"l0":"21","c0":"#a72d06"},"geometry":{"type":"Point","coordinates":[23.906661,49.830926]}},{"type":"Feature","properties":{"lines":"21","arr":["А21"],"mode":"bus","angle":-18.6,"l0":"21","c0":"#a72d06"},"geometry":{"type":"Point","coordinates":[24.009905,49.867763]}},{"type":"Feature","properties":{"lines":"21","arr":["А21"],"mode":"bus","angle":-11.7,"extra":1,"ei":0,"l0":"21","c0":"#a72d06"},"geometry":{"type":"Point","coordinates":[24.007906,49.867419]}},{"type":"Feature","properties":{"lines":"21","arr":["А21"],"mode":"bus","angle":-1.5,"mi":1,"l0":"21","c0":"#a72d06"},"geometry":{"type":"Point","coordinates":[24.006932,49.86722]}},{"type":"Feature","properties":{"lines":"21","arr":["А21"],"mode":"bus","angle":60.3,"mi":1,"l0":"21","c0":"#a72d06"},"geometry":{"type":"Point","coordinates":[23.906467,49.830739]}},{"type":"Feature","properties":{"lines":"21","arr":["А21"],"mode":"bus","angle":-79.2,"mi":2,"l0":"21","c0":"#a72d06"},"geometry":{"type":"Point","coordinates":[23.908229,49.830891]}},{"type":"Feature","properties":{"lines":"21, 52, 84","arr":["А21","А52","А84"],"mode":"bus","angle":63.9,"mi":2,"l0":"21, ","c0":"#a72d06","l1":"52, ","c1":"#ff5e9b","l2":"84","c2":"#066559"},"geometry":{"type":"Point","coordinates":[23.910347,49.824268]}},{"type":"Feature","properties":{"lines":"21, 52, 84","arr":["А21","А52","А84"],"mode":"bus","angle":-12.3,"l0":"21, ","c0":"#a72d06","l1":"52, ","c1":"#ff5e9b","l2":"84","c2":"#066559"},"geometry":{"type":"Point","coordinates":[23.912522,49.821237]}},{"type":"Feature","properties":{"lines":"21, 52, 84","arr":["А21","А52","А84"],"mode":"bus","angle":64.3,"extra":1,"ei":0,"l0":"21, ","c0":"#a72d06","l1":"52, ","c1":"#ff5e9b","l2":"84","c2":"#066559"},"geometry":{"type":"Point","coordinates":[23.908734,49.826414]}},{"type":"Feature","properties":{"lines":"21, 52, 84","arr":["А21","А52","А84"],"mode":"bus","angle":65.6,"extra":1,"ei":1,"l0":"21, ","c0":"#a72d06","l1":"52, ","c1":"#ff5e9b","l2":"84","c2":"#066559"},"geometry":{"type":"Point","coordinates":[23.911251,49.823004]}},{"type":"Feature","properties":{"lines":"21, 27, 52, 84, 92","arr":["А21","А27","А52","А84","А92","Тр27"],"mode":"bus","angle":-11.5,"side":-1,"l0":"21, ","c0":"#a72d06","l1":"27, ","c1":"#11a2e3","l2":"52, ","c2":"#ff5e9b","l3":"84, ","c3":"#066559","l4":"92, ","c4":"#52ac3c","l5":"27","c5":"#7b3aa8"},"geometry":{"type":"Point","coordinates":[23.947036,49.826722]}},{"type":"Feature","properties":{"lines":"21","arr":["А21"],"mode":"bus","angle":65.4,"side":-1,"l0":"21","c0":"#a72d06"},"geometry":{"type":"Point","coordinates":[24.026563,49.844268]}},{"type":"Feature","properties":{"lines":"21, 37","arr":["А21","А37"],"mode":"bus","angle":66.6,"l0":"21, ","c0":"#a72d06","l1":"37","c1":"#ab0377"},"geometry":{"type":"Point","coordinates":[24.014702,49.867835]}},{"type":"Feature","properties":{"lines":"37","arr":["А37"],"mode":"bus","angle":21.5,"l0":"37","c0":"#ab0377"},"geometry":{"type":"Point","coordinates":[24.008466,49.8701]}},{"type":"Feature","properties":{"lines":"37","arr":["А37"],"mode":"bus","angle":22.8,"extra":1,"ei":0,"l0":"37","c0":"#ab0377"},"geometry":{"type":"Point","coordinates":[24.012687,49.868986]}},{"type":"Feature","properties":{"lines":"37","arr":["А37"],"mode":"bus","angle":25.5,"extra":1,"ei":1,"l0":"37","c0":"#ab0377"},"geometry":{"type":"Point","coordinates":[24.004545,49.871078]}},{"type":"Feature","properties":{"lines":"21","arr":["А21"],"mode":"bus","angle":-22.3,"mi":2,"l0":"21","c0":"#a72d06"},"geometry":{"type":"Point","coordinates":[24.01309,49.868336]}},{"type":"Feature","properties":{"lines":"21, 43, 45","arr":["А21","А43","А45"],"mode":"bus","angle":41.8,"l0":"21, ","c0":"#a72d06","l1":"43, ","c1":"#0357b2","l2":"45","c2":"#5a5d02"},"geometry":{"type":"Point","coordinates":[24.017709,49.833913]}},{"type":"Feature","properties":{"lines":"22","arr":["А22"],"mode":"bus","angle":-33.9,"l0":"22","c0":"#ff627e"},"geometry":{"type":"Point","coordinates":[23.957041,49.897526]}},{"type":"Feature","properties":{"lines":"22","arr":["А22"],"mode":"bus","angle":-34.6,"extra":1,"ei":0,"l0":"22","c0":"#ff627e"},"geometry":{"type":"Point","coordinates":[23.960149,49.898898]}},{"type":"Feature","properties":{"lines":"22","arr":["А22"],"mode":"bus","angle":-74,"extra":1,"ei":1,"l0":"22","c0":"#ff627e"},"geometry":{"type":"Point","coordinates":[23.955495,49.896674]}},{"type":"Feature","properties":{"lines":"22","arr":["А22"],"mode":"bus","angle":-77,"extra":1,"ei":2,"l0":"22","c0":"#ff627e"},"geometry":{"type":"Point","coordinates":[23.955171,49.894798]}},{"type":"Feature","properties":{"lines":"22","arr":["А22"],"mode":"bus","angle":1.7,"mi":1,"l0":"22","c0":"#ff627e"},"geometry":{"type":"Point","coordinates":[23.950839,49.894689]}},{"type":"Feature","properties":{"lines":"22","arr":["А22"],"mode":"bus","angle":3.3,"extra":1,"ei":0,"l0":"22","c0":"#ff627e"},"geometry":{"type":"Point","coordinates":[23.948031,49.89478]}},{"type":"Feature","properties":{"lines":"22","arr":["А22"],"mode":"bus","angle":1.3,"extra":1,"ei":1,"l0":"22","c0":"#ff627e"},"geometry":{"type":"Point","coordinates":[23.953885,49.894619]}},{"type":"Feature","properties":{"lines":"22, 67","arr":["А22","А67"],"mode":"bus","angle":71.3,"l0":"22, ","c0":"#ff627e","l1":"67","c1":"#05617d"},"geometry":{"type":"Point","coordinates":[23.943566,49.898361]}},{"type":"Feature","properties":{"lines":"22, 67","arr":["А22","А67"],"mode":"bus","angle":66.7,"extra":1,"ei":0,"l0":"22, ","c0":"#ff627e","l1":"67","c1":"#05617d"},"geometry":{"type":"Point","coordinates":[23.94211,49.901223]}},{"type":"Feature","properties":{"lines":"22, 67","arr":["А22","А67"],"mode":"bus","angle":57,"extra":1,"ei":1,"l0":"22, ","c0":"#ff627e","l1":"67","c1":"#05617d"},"geometry":{"type":"Point","coordinates":[23.945058,49.895898]}},{"type":"Feature","properties":{"lines":"22","arr":["А22"],"mode":"bus","angle":-53.5,"l0":"22","c0":"#ff627e"},"geometry":{"type":"Point","coordinates":[23.966493,49.916124]}},{"type":"Feature","properties":{"lines":"22","arr":["А22"],"mode":"bus","angle":-77.2,"mi":2,"l0":"22","c0":"#ff627e"},"geometry":{"type":"Point","coordinates":[23.964655,49.909091]}},{"type":"Feature","properties":{"lines":"22","arr":["А22"],"mode":"bus","angle":-63.9,"extra":1,"ei":0,"l0":"22","c0":"#ff627e"},"geometry":{"type":"Point","coordinates":[23.960963,49.905237]}},{"type":"Feature","properties":{"lines":"22","arr":["А22"],"mode":"bus","angle":-51.5,"extra":1,"ei":1,"l0":"22","c0":"#ff627e"},"geometry":{"type":"Point","coordinates":[23.9626,49.9068]}},{"type":"Feature","properties":{"lines":"22","arr":["А22"],"mode":"bus","angle":-87.2,"extra":1,"ei":2,"l0":"22","c0":"#ff627e"},"geometry":{"type":"Point","coordinates":[23.964919,49.912025]}},{"type":"Feature","properties":{"lines":"22","arr":["А22"],"mode":"bus","angle":-81.7,"extra":1,"ei":3,"l0":"22","c0":"#ff627e"},"geometry":{"type":"Point","coordinates":[23.965403,49.913886]}},{"type":"Feature","properties":{"lines":"22","arr":["А22"],"mode":"bus","angle":-14.1,"mi":1,"l0":"22","c0":"#ff627e"},"geometry":{"type":"Point","coordinates":[23.975427,49.919415]}},{"type":"Feature","properties":{"lines":"22","arr":["А22"],"mode":"bus","angle":-31.1,"extra":1,"ei":0,"l0":"22","c0":"#ff627e"},"geometry":{"type":"Point","coordinates":[23.969477,49.917918]}},{"type":"Feature","properties":{"lines":"22","arr":["А22"],"mode":"bus","angle":-21.3,"extra":1,"ei":1,"l0":"22","c0":"#ff627e"},"geometry":{"type":"Point","coordinates":[23.971968,49.918893]}},{"type":"Feature","properties":{"lines":"22","arr":["А22"],"mode":"bus","angle":-26.5,"extra":1,"ei":2,"l0":"22","c0":"#ff627e"},"geometry":{"type":"Point","coordinates":[23.977605,49.919853]}},{"type":"Feature","properties":{"lines":"22","arr":["А22"],"mode":"bus","angle":-42.1,"extra":1,"ei":3,"l0":"22","c0":"#ff627e"},"geometry":{"type":"Point","coordinates":[23.979996,49.920939]}},{"type":"Feature","properties":{"lines":"23, 37, 40, 46, 47, 24","arr":["А23","А37","А40","А46","А47","Тр24"],"mode":"bus","angle":54.7,"l0":"23, ","c0":"#03636c","l1":"37, ","c1":"#ab0377","l2":"40, ","c2":"#7c5001","l3":"46, ","c3":"#02af5a","l4":"47, ","c4":"#4d4aba","l5":"24","c5":"#19a9a8"},"geometry":{"type":"Point","coordinates":[24.061876,49.807234]}},{"type":"Feature","properties":{"lines":"23, 37, 40, 46, 47, 24, 31","arr":["А23","А37","А40","А46","А47","Тр24","Тр31"],"mode":"bus","angle":81.1,"l0":"23, ","c0":"#03636c","l1":"37, ","c1":"#ab0377","l2":"40, ","c2":"#7c5001","l3":"46, ","c3":"#02af5a","l4":"47, ","c4":"#4d4aba","l5":"24, ","c5":"#19a9a8","l6":"31","c6":"#126804"},"geometry":{"type":"Point","coordinates":[24.061468,49.808025]}},{"type":"Feature","properties":{"lines":"23, 27, 37, 40, 46, 47, 24, 31","arr":["А23","А27","А37","А40","А46","А47","Тр24","Тр31"],"mode":"bus","angle":76.1,"l0":"23, ","c0":"#03636c","l1":"27, ","c1":"#11a2e3","l2":"37, ","c2":"#ab0377","l3":"40, ","c3":"#7c5001","l4":"46, ","c4":"#02af5a","l5":"47, ","c5":"#4d4aba","l6":"24, ","c6":"#19a9a8","l7":"31","c7":"#126804"},"geometry":{"type":"Point","coordinates":[24.060709,49.812673]}},{"type":"Feature","properties":{"lines":"23, 27, 37, 40, 46, 47, 24, 31","arr":["А23","А27","А37","А40","А46","А47","Тр24","Тр31"],"mode":"bus","angle":87,"extra":1,"ei":0,"l0":"23, ","c0":"#03636c","l1":"27, ","c1":"#11a2e3","l2":"37, ","c2":"#ab0377","l3":"40, ","c3":"#7c5001","l4":"46, ","c4":"#02af5a","l5":"47, ","c5":"#4d4aba","l6":"24, ","c6":"#19a9a8","l7":"31","c7":"#126804"},"geometry":{"type":"Point","coordinates":[24.061122,49.810087]}},{"type":"Feature","properties":{"lines":"23, 27, 37, 40, 46, 47, 24, 31","arr":["А23","А27","А37","А40","А46","А47","Тр24","Тр31"],"mode":"bus","angle":74,"extra":1,"ei":1,"l0":"23, ","c0":"#03636c","l1":"27, ","c1":"#11a2e3","l2":"37, ","c2":"#ab0377","l3":"40, ","c3":"#7c5001","l4":"46, ","c4":"#02af5a","l5":"47, ","c5":"#4d4aba","l6":"24, ","c6":"#19a9a8","l7":"31","c7":"#126804"},"geometry":{"type":"Point","coordinates":[24.060126,49.813783]}},{"type":"Feature","properties":{"lines":"23, 27, 37, 40, 46, 47, 24, 31","arr":["А23","А27","А37","А40","А46","А47","Тр24","Тр31"],"mode":"bus","angle":-47.4,"extra":1,"ei":2,"l0":"23, ","c0":"#03636c","l1":"27, ","c1":"#11a2e3","l2":"37, ","c2":"#ab0377","l3":"40, ","c3":"#7c5001","l4":"46, ","c4":"#02af5a","l5":"47, ","c5":"#4d4aba","l6":"24, ","c6":"#19a9a8","l7":"31","c7":"#126804"},"geometry":{"type":"Point","coordinates":[24.06088,49.815496]}},{"type":"Feature","properties":{"lines":"23","arr":["А23"],"mode":"bus","angle":86.9,"l0":"23","c0":"#03636c"},"geometry":{"type":"Point","coordinates":[24.074002,49.836369]}},{"type":"Feature","properties":{"lines":"25, 33, 51, 92, 30","arr":["А25","А33","А51","А92","Тр30"],"mode":"bus","angle":-30.3,"side":-1,"mi":1,"l0":"25, ","c0":"#4d4aba","l1":"33, ","c1":"#ab0377","l2":"51, ","c2":"#1cab97","l3":"92, ","c3":"#52ac3c","l4":"30","c4":"#6b5806"},"geometry":{"type":"Point","coordinates":[23.982525,49.826842]}},{"type":"Feature","properties":{"lines":"25, 33, 51, 92, 30","arr":["А25","А33","А51","А92","Тр30"],"mode":"bus","angle":23.4,"l0":"25, ","c0":"#4d4aba","l1":"33, ","c1":"#ab0377","l2":"51, ","c2":"#1cab97","l3":"92, ","c3":"#52ac3c","l4":"30","c4":"#6b5806"},"geometry":{"type":"Point","coordinates":[23.985834,49.825978]}},{"type":"Feature","properties":{"lines":"25, 33, 51, 92, 30","arr":["А25","А33","А51","А92","Тр30"],"mode":"bus","angle":28.1,"extra":1,"ei":0,"l0":"25, ","c0":"#4d4aba","l1":"33, ","c1":"#ab0377","l2":"51, ","c2":"#1cab97","l3":"92, ","c3":"#52ac3c","l4":"30","c4":"#6b5806"},"geometry":{"type":"Point","coordinates":[23.98416,49.826462]}},{"type":"Feature","properties":{"lines":"25, 33, 92, 30","arr":["А25","А33","А92","Тр30"],"mode":"bus","angle":-31.9,"l0":"25, ","c0":"#4d4aba","l1":"33, ","c1":"#ab0377","l2":"92, ","c2":"#52ac3c","l3":"30","c3":"#6b5806"},"geometry":{"type":"Point","coordinates":[23.98952,49.825291]}},{"type":"Feature","properties":{"lines":"25","arr":["А25"],"mode":"bus","angle":61.5,"mi":1,"l0":"25","c0":"#4d4aba"},"geometry":{"type":"Point","coordinates":[24.042055,49.852076]}},{"type":"Feature","properties":{"lines":"25","arr":["А25"],"mode":"bus","angle":3.8,"l0":"25","c0":"#4d4aba"},"geometry":{"type":"Point","coordinates":[24.047076,49.850903]}},{"type":"Feature","properties":{"lines":"25","arr":["А25"],"mode":"bus","angle":-6,"extra":1,"ei":0,"l0":"25","c0":"#4d4aba"},"geometry":{"type":"Point","coordinates":[24.045262,49.850932]}},{"type":"Feature","properties":{"lines":"25","arr":["А25"],"mode":"bus","angle":5.4,"mi":2,"l0":"25","c0":"#4d4aba"},"geometry":{"type":"Point","coordinates":[24.053476,49.850297]}},{"type":"Feature","properties":{"lines":"25, 48","arr":["А25","А48"],"mode":"bus","angle":-3.6,"side":-1,"l0":"25, ","c0":"#4d4aba","l1":"48","c1":"#05617d"},"geometry":{"type":"Point","coordinates":[24.043259,49.853903]}},{"type":"Feature","properties":{"lines":"25, 33, 51, 30","arr":["А25","А33","А51","Тр30"],"mode":"bus","angle":14.5,"l0":"25, ","c0":"#4d4aba","l1":"33, ","c1":"#ab0377","l2":"51, ","c2":"#1cab97","l3":"30","c3":"#6b5806"},"geometry":{"type":"Point","coordinates":[23.988888,49.829053]}},{"type":"Feature","properties":{"lines":"27","arr":["А27","Тр27"],"mode":"bus","angle":28.3,"mi":2,"l0":"27, ","c0":"#11a2e3","l1":"27","c1":"#7b3aa8"},"geometry":{"type":"Point","coordinates":[23.944552,49.826492]}},{"type":"Feature","properties":{"lines":"27","arr":["А27","Тр27"],"mode":"bus","angle":-16.8,"l0":"27, ","c0":"#11a2e3","l1":"27","c1":"#7b3aa8"},"geometry":{"type":"Point","coordinates":[23.938467,49.824425]}},{"type":"Feature","properties":{"lines":"27","arr":["А27","Тр27"],"mode":"bus","angle":-62.5,"mi":1,"l0":"27, ","c0":"#11a2e3","l1":"27","c1":"#7b3aa8"},"geometry":{"type":"Point","coordinates":[23.937338,49.823141]}},{"type":"Feature","properties":{"lines":"27","arr":["А27","Тр27"],"mode":"bus","angle":-10.9,"side":-1,"extra":1,"ei":0,"l0":"27, ","c0":"#11a2e3","l1":"27","c1":"#7b3aa8"},"geometry":{"type":"Point","coordinates":[23.942714,49.825749]}},{"type":"Feature","properties":{"lines":"27","arr":["А27","Тр27"],"mode":"bus","angle":-29.8,"extra":1,"ei":1,"l0":"27, ","c0":"#11a2e3","l1":"27","c1":"#7b3aa8"},"geometry":{"type":"Point","coordinates":[23.939958,49.825127]}},{"type":"Feature","properties":{"lines":"27","arr":["А27","Тр27"],"mode":"bus","angle":-32,"extra":1,"ei":2,"l0":"27, ","c0":"#11a2e3","l1":"27","c1":"#7b3aa8"},"geometry":{"type":"Point","coordinates":[23.940991,49.826233]}},{"type":"Feature","properties":{"lines":"27","arr":["А27"],"mode":"bus","angle":10.4,"l0":"27","c0":"#11a2e3"},"geometry":{"type":"Point","coordinates":[24.054547,49.810827]}},{"type":"Feature","properties":{"lines":"27","arr":["А27"],"mode":"bus","angle":10.8,"extra":1,"ei":0,"l0":"27","c0":"#11a2e3"},"geometry":{"type":"Point","coordinates":[24.047509,49.811669]}},{"type":"Feature","properties":{"lines":"27","arr":["А27"],"mode":"bus","angle":10.8,"extra":1,"ei":1,"l0":"27","c0":"#11a2e3"},"geometry":{"type":"Point","coordinates":[24.050389,49.811319]}},{"type":"Feature","properties":{"lines":"27","arr":["А27"],"mode":"bus","angle":79.2,"extra":1,"ei":2,"l0":"27","c0":"#11a2e3"},"geometry":{"type":"Point","coordinates":[24.057445,49.809541]}},{"type":"Feature","properties":{"lines":"27","arr":["А27"],"mode":"bus","angle":-0.4,"extra":1,"ei":3,"l0":"27","c0":"#11a2e3"},"geometry":{"type":"Point","coordinates":[24.06008,49.809133]}},{"type":"Feature","properties":{"lines":"29, 61","arr":["А29","А61"],"mode":"bus","angle":-17.1,"l0":"29, ","c0":"#b59607","l1":"61","c1":"#126804"},"geometry":{"type":"Point","coordinates":[24.111272,49.843805]}},{"type":"Feature","properties":{"lines":"29, 61","arr":["А29","А61"],"mode":"bus","angle":-14.6,"extra":1,"ei":0,"l0":"29, ","c0":"#b59607","l1":"61","c1":"#126804"},"geometry":{"type":"Point","coordinates":[24.105815,49.842577]}},{"type":"Feature","properties":{"lines":"29, 61","arr":["А29","А61"],"mode":"bus","angle":-20.5,"extra":1,"ei":1,"l0":"29, ","c0":"#b59607","l1":"61","c1":"#126804"},"geometry":{"type":"Point","coordinates":[24.108585,49.843191]}},{"type":"Feature","properties":{"lines":"29, 61","arr":["А29","А61"],"mode":"bus","angle":13.1,"extra":1,"ei":2,"l0":"29, ","c0":"#b59607","l1":"61","c1":"#126804"},"geometry":{"type":"Point","coordinates":[24.114233,49.843963]}},{"type":"Feature","properties":{"lines":"29, 61","arr":["А29","А61"],"mode":"bus","angle":13,"extra":1,"ei":3,"l0":"29, ","c0":"#b59607","l1":"61","c1":"#126804"},"geometry":{"type":"Point","coordinates":[24.117084,49.843528]}},{"type":"Feature","properties":{"lines":"29","arr":["А29"],"mode":"bus","angle":67.3,"l0":"29","c0":"#b59607"},"geometry":{"type":"Point","coordinates":[24.119512,49.839333]}},{"type":"Feature","properties":{"lines":"29","arr":["А29"],"mode":"bus","angle":85.7,"extra":1,"ei":0,"l0":"29","c0":"#b59607"},"geometry":{"type":"Point","coordinates":[24.118424,49.842449]}},{"type":"Feature","properties":{"lines":"29","arr":["А29"],"mode":"bus","angle":85.6,"extra":1,"ei":1,"l0":"29","c0":"#b59607"},"geometry":{"type":"Point","coordinates":[24.11895,49.840604]}},{"type":"Feature","properties":{"lines":"29","arr":["А29"],"mode":"bus","angle":-89.2,"extra":1,"ei":2,"l0":"29","c0":"#b59607"},"geometry":{"type":"Point","coordinates":[24.120714,49.83704]}},{"type":"Feature","properties":{"lines":"29","arr":["А29"],"mode":"bus","angle":38.1,"l0":"29","c0":"#b59607"},"geometry":{"type":"Point","coordinates":[24.130157,49.832726]}},{"type":"Feature","properties":{"lines":"29","arr":["А29"],"mode":"bus","angle":13.3,"extra":1,"ei":0,"l0":"29","c0":"#b59607"},"geometry":{"type":"Point","coordinates":[24.12284,49.835239]}},{"type":"Feature","properties":{"lines":"29","arr":["А29"],"mode":"bus","angle":15.2,"extra":1,"ei":1,"l0":"29","c0":"#b59607"},"geometry":{"type":"Point","coordinates":[24.125656,49.834725]}},{"type":"Feature","properties":{"lines":"29","arr":["А29"],"mode":"bus","angle":37.1,"extra":1,"ei":2,"l0":"29","c0":"#b59607"},"geometry":{"type":"Point","coordinates":[24.128118,49.833735]}},{"type":"Feature","properties":{"lines":"29","arr":["А29"],"mode":"bus","angle":52.2,"extra":1,"ei":3,"l0":"29","c0":"#b59607"},"geometry":{"type":"Point","coordinates":[24.132511,49.83126]}},{"type":"Feature","properties":{"lines":"29","arr":["А29"],"mode":"bus","angle":62.5,"extra":1,"ei":4,"l0":"29","c0":"#b59607"},"geometry":{"type":"Point","coordinates":[24.134096,49.829677]}},{"type":"Feature","properties":{"lines":"29","arr":["А29"],"mode":"bus","angle":73.9,"extra":1,"ei":5,"l0":"29","c0":"#b59607"},"geometry":{"type":"Point","coordinates":[24.135083,49.827907]}},{"type":"Feature","properties":{"lines":"29","arr":["А29"],"mode":"bus","angle":77,"l0":"29","c0":"#b59607"},"geometry":{"type":"Point","coordinates":[24.136903,49.823532]}},{"type":"Feature","properties":{"lines":"29","arr":["А29"],"mode":"bus","angle":74.9,"extra":1,"ei":0,"l0":"29","c0":"#b59607"},"geometry":{"type":"Point","coordinates":[24.13576,49.82621]}},{"type":"Feature","properties":{"lines":"29","arr":["А29"],"mode":"bus","angle":88.4,"extra":1,"ei":1,"l0":"29","c0":"#b59607"},"geometry":{"type":"Point","coordinates":[24.137174,49.820652]}},{"type":"Feature","properties":{"lines":"41, 51, 53","arr":["А41","А51","А53"],"mode":"bus","angle":-62.9,"l0":"41, ","c0":"#e16cd6","l1":"51, ","c1":"#1cab97","l2":"53","c2":"#126804"},"geometry":{"type":"Point","coordinates":[24.05974,49.873403]}},{"type":"Feature","properties":{"lines":"31, 41, 48, 51, 53","arr":["А31","А41","А48","А51","А53"],"mode":"bus","angle":-62.6,"l0":"31, ","c0":"#11a2e3","l1":"41, ","c1":"#e16cd6","l2":"48, ","c2":"#05617d","l3":"51, ","c3":"#1cab97","l4":"53","c4":"#126804"},"geometry":{"type":"Point","coordinates":[24.060108,49.873861]}},{"type":"Feature","properties":{"lines":"31, 48","arr":["А31","А48"],"mode":"bus","angle":-38,"l0":"31, ","c0":"#11a2e3","l1":"48","c1":"#05617d"},"geometry":{"type":"Point","coordinates":[24.060645,49.874528]}},{"type":"Feature","properties":{"lines":"32, 52, 84, 27","arr":["А32","А52","А84","Тр27"],"mode":"bus","angle":-13.6,"side":-1,"l0":"32, ","c0":"#9789ff","l1":"52, ","c1":"#ff5e9b","l2":"84, ","c2":"#066559","l3":"27","c3":"#7b3aa8"},"geometry":{"type":"Point","coordinates":[23.977678,49.832323]}},{"type":"Feature","properties":{"lines":"33","arr":["А33"],"mode":"bus","angle":-46.6,"mi":2,"l0":"33","c0":"#ab0377"},"geometry":{"type":"Point","coordinates":[24.024498,49.840545]}},{"type":"Feature","properties":{"lines":"33","arr":["А33"],"mode":"bus","angle":16,"mi":1,"l0":"33","c0":"#ab0377"},"geometry":{"type":"Point","coordinates":[24.024525,49.841742]}},{"type":"Feature","properties":{"lines":"33","arr":["А33"],"mode":"bus","angle":-38.5,"l0":"33","c0":"#ab0377"},"geometry":{"type":"Point","coordinates":[24.022803,49.841579]}},{"type":"Feature","properties":{"lines":"33","arr":["А33"],"mode":"bus","angle":-37.5,"mi":3,"l0":"33","c0":"#ab0377"},"geometry":{"type":"Point","coordinates":[24.021689,49.841045]}},{"type":"Feature","properties":{"lines":"33, 22, 27, 30, 32","arr":["А33","Тр22","Тр27","Тр30","Тр32"],"mode":"bus","angle":-38,"mi":1,"l0":"33, ","c0":"#ab0377","l1":"22, ","c1":"#ff627e","l2":"27, ","c2":"#7b3aa8","l3":"30, ","c3":"#6b5806","l4":"32","c4":"#11a2e3"},"geometry":{"type":"Point","coordinates":[24.017941,49.839106]}},{"type":"Feature","properties":{"lines":"33, 22, 27, 30, 32","arr":["А33","Тр22","Тр27","Тр30","Тр32"],"mode":"bus","angle":-39.8,"extra":1,"ei":0,"l0":"33, ","c0":"#ab0377","l1":"22, ","c1":"#ff627e","l2":"27, ","c2":"#7b3aa8","l3":"30, ","c3":"#6b5806","l4":"32","c4":"#11a2e3"},"geometry":{"type":"Point","coordinates":[24.019898,49.840108]}},{"type":"Feature","properties":{"lines":"33, 22, 27, 30, 32","arr":["А33","Тр22","Тр27","Тр30","Тр32"],"mode":"bus","angle":-38.6,"extra":1,"ei":1,"l0":"33, ","c0":"#ab0377","l1":"22, ","c1":"#ff627e","l2":"27, ","c2":"#7b3aa8","l3":"30, ","c3":"#6b5806","l4":"32","c4":"#11a2e3"},"geometry":{"type":"Point","coordinates":[24.015296,49.83777]}},{"type":"Feature","properties":{"lines":"33, 22, 27, 30, 32","arr":["А33","Тр22","Тр27","Тр30","Тр32"],"mode":"bus","angle":-79.2,"l0":"33, ","c0":"#ab0377","l1":"22, ","c1":"#ff627e","l2":"27, ","c2":"#7b3aa8","l3":"30, ","c3":"#6b5806","l4":"32","c4":"#11a2e3"},"geometry":{"type":"Point","coordinates":[24.014821,49.837221]}},{"type":"Feature","properties":{"lines":"33, 92, 22, 27, 30, 32","arr":["А33","А92","Тр22","Тр27","Тр30","Тр32"],"mode":"bus","angle":29.5,"mi":1,"l0":"33, ","c0":"#ab0377","l1":"92, ","c1":"#52ac3c","l2":"22, ","c2":"#ff627e","l3":"27, ","c3":"#7b3aa8","l4":"30, ","c4":"#6b5806","l5":"32","c5":"#11a2e3"},"geometry":{"type":"Point","coordinates":[24.013492,49.83685]}},{"type":"Feature","properties":{"lines":"33, 32","arr":["А33","Тр32"],"mode":"bus","angle":-30.9,"l0":"33, ","c0":"#ab0377","l1":"32","c1":"#11a2e3"},"geometry":{"type":"Point","coordinates":[24.010196,49.836435]}},{"type":"Feature","properties":{"lines":"33, 32","arr":["А33","Тр32"],"mode":"bus","angle":-29.5,"extra":1,"ei":0,"l0":"33, ","c0":"#ab0377","l1":"32","c1":"#11a2e3"},"geometry":{"type":"Point","coordinates":[24.008543,49.835807]}},{"type":"Feature","properties":{"lines":"33","arr":["А33"],"mode":"bus","angle":-1.7,"l0":"33","c0":"#ab0377"},"geometry":{"type":"Point","coordinates":[24.006636,49.835622]}},{"type":"Feature","properties":{"lines":"33, 51","arr":["А33","А51"],"mode":"bus","angle":67,"l0":"33, ","c0":"#ab0377","l1":"51","c1":"#1cab97"},"geometry":{"type":"Point","coordinates":[23.979964,49.821098]}},{"type":"Feature","properties":{"lines":"33, 51","arr":["А33","А51"],"mode":"bus","angle":56,"mi":1,"l0":"33, ","c0":"#ab0377","l1":"51","c1":"#1cab97"},"geometry":{"type":"Point","coordinates":[23.97806,49.823364]}},{"type":"Feature","properties":{"lines":"33, 51","arr":["А33","А51"],"mode":"bus","angle":66.6,"extra":1,"ei":0,"l0":"33, ","c0":"#ab0377","l1":"51","c1":"#1cab97"},"geometry":{"type":"Point","coordinates":[23.98068,49.820023]}},{"type":"Feature","properties":{"lines":"33","arr":["А33"],"mode":"bus","angle":66.6,"mi":2,"l0":"33","c0":"#ab0377"},"geometry":{"type":"Point","coordinates":[23.981986,49.818056]}},{"type":"Feature","properties":{"lines":"33","arr":["А33"],"mode":"bus","angle":88.3,"mi":6,"l0":"33","c0":"#ab0377"},"geometry":{"type":"Point","coordinates":[23.979119,49.822421]}},{"type":"Feature","properties":{"lines":"33","arr":["А33"],"mode":"bus","angle":23,"l0":"33","c0":"#ab0377"},"geometry":{"type":"Point","coordinates":[23.983671,49.816127]}},{"type":"Feature","properties":{"lines":"33","arr":["А33"],"mode":"bus","angle":-81.2,"mi":5,"l0":"33","c0":"#ab0377"},"geometry":{"type":"Point","coordinates":[23.983105,49.812618]}},{"type":"Feature","properties":{"lines":"33","arr":["А33"],"mode":"bus","angle":-53.3,"mi":1,"l0":"33","c0":"#ab0377"},"geometry":{"type":"Point","coordinates":[23.98489,49.815505]}},{"type":"Feature","properties":{"lines":"33","arr":["А33"],"mode":"bus","angle":22.4,"mi":3,"l0":"33","c0":"#ab0377"},"geometry":{"type":"Point","coordinates":[23.985123,49.815131]}},{"type":"Feature","properties":{"lines":"33","arr":["А33"],"mode":"bus","angle":-80.8,"mi":2,"l0":"33","c0":"#ab0377"},"geometry":{"type":"Point","coordinates":[23.98822,49.803449]}},{"type":"Feature","properties":{"lines":"33","arr":["А33"],"mode":"bus","angle":9.2,"mi":1,"l0":"33","c0":"#ab0377"},"geometry":{"type":"Point","coordinates":[23.99034,49.801038]}},{"type":"Feature","properties":{"lines":"33","arr":["А33"],"mode":"bus","angle":-81,"l0":"33","c0":"#ab0377"},"geometry":{"type":"Point","coordinates":[23.992102,49.802971]}},{"type":"Feature","properties":{"lines":"33","arr":["А33"],"mode":"bus","angle":-69.6,"mi":4,"l0":"33","c0":"#ab0377"},"geometry":{"type":"Point","coordinates":[23.981636,49.814479]}},{"type":"Feature","properties":{"lines":"33, 92, 22, 30","arr":["А33","А92","Тр22","Тр30"],"mode":"bus","angle":-42,"l0":"33, ","c0":"#ab0377","l1":"92, ","c1":"#52ac3c","l2":"22, ","c2":"#ff627e","l3":"30","c3":"#6b5806"},"geometry":{"type":"Point","coordinates":[23.998507,49.830129]}},{"type":"Feature","properties":{"lines":"33, 92, 22, 30","arr":["А33","А92","Тр22","Тр30"],"mode":"bus","angle":-36.1,"extra":1,"ei":0,"l0":"33, ","c0":"#ab0377","l1":"92, ","c1":"#52ac3c","l2":"22, ","c2":"#ff627e","l3":"30","c3":"#6b5806"},"geometry":{"type":"Point","coordinates":[23.991019,49.825902]}},{"type":"Feature","properties":{"lines":"33, 92, 22, 30","arr":["А33","А92","Тр22","Тр30"],"mode":"bus","angle":-41.3,"extra":1,"ei":1,"l0":"33, ","c0":"#ab0377","l1":"92, ","c1":"#52ac3c","l2":"22, ","c2":"#ff627e","l3":"30","c3":"#6b5806"},"geometry":{"type":"Point","coordinates":[23.993234,49.827138]}},{"type":"Feature","properties":{"lines":"33, 92, 22, 30","arr":["А33","А92","Тр22","Тр30"],"mode":"bus","angle":-41.3,"extra":1,"ei":2,"l0":"33, ","c0":"#ab0377","l1":"92, ","c1":"#52ac3c","l2":"22, ","c2":"#ff627e","l3":"30","c3":"#6b5806"},"geometry":{"type":"Point","coordinates":[23.995441,49.82838]}},{"type":"Feature","properties":{"lines":"33, 92, 22, 30","arr":["А33","А92","Тр22","Тр30"],"mode":"bus","angle":-41.1,"extra":1,"ei":3,"l0":"33, ","c0":"#ab0377","l1":"92, ","c1":"#52ac3c","l2":"22, ","c2":"#ff627e","l3":"30","c3":"#6b5806"},"geometry":{"type":"Point","coordinates":[24.002001,49.832149]}},{"type":"Feature","properties":{"lines":"33, 92, 22, 30","arr":["А33","А92","Тр22","Тр30"],"mode":"bus","angle":-44.2,"extra":1,"ei":4,"l0":"33, ","c0":"#ab0377","l1":"92, ","c1":"#52ac3c","l2":"22, ","c2":"#ff627e","l3":"30","c3":"#6b5806"},"geometry":{"type":"Point","coordinates":[24.004172,49.833417]}},{"type":"Feature","properties":{"lines":"33, 92, 22, 30","arr":["А33","А92","Тр22","Тр30"],"mode":"bus","angle":-31.1,"extra":1,"ei":5,"l0":"33, ","c0":"#ab0377","l1":"92, ","c1":"#52ac3c","l2":"22, ","c2":"#ff627e","l3":"30","c3":"#6b5806"},"geometry":{"type":"Point","coordinates":[24.006586,49.834475]}},{"type":"Feature","properties":{"lines":"33, 92, 22, 30","arr":["А33","А92","Тр22","Тр30"],"mode":"bus","angle":-30.4,"side":-1,"l0":"33, ","c0":"#ab0377","l1":"92, ","c1":"#52ac3c","l2":"22, ","c2":"#ff627e","l3":"30","c3":"#6b5806"},"geometry":{"type":"Point","coordinates":[24.009632,49.836116]}},{"type":"Feature","properties":{"lines":"33, 92, 22, 27, 30, 32","arr":["А33","А92","Тр22","Тр27","Тр30","Тр32"],"mode":"bus","angle":40,"l0":"33, ","c0":"#ab0377","l1":"92, ","c1":"#52ac3c","l2":"22, ","c2":"#ff627e","l3":"27, ","c3":"#7b3aa8","l4":"30, ","c4":"#6b5806","l5":"32","c5":"#11a2e3"},"geometry":{"type":"Point","coordinates":[24.015465,49.836653]}},{"type":"Feature","properties":{"lines":"92, 22, 27, 30, 32","arr":["А92","Тр22","Тр27","Тр30","Тр32"],"mode":"bus","angle":37.2,"l0":"92, ","c0":"#52ac3c","l1":"22, ","c1":"#ff627e","l2":"27, ","c2":"#7b3aa8","l3":"30, ","c3":"#6b5806","l4":"32","c4":"#11a2e3"},"geometry":{"type":"Point","coordinates":[24.016585,49.836052]}},{"type":"Feature","properties":{"lines":"34","arr":["А34"],"mode":"bus","angle":-37.1,"mi":2,"l0":"34","c0":"#ab0377"},"geometry":{"type":"Point","coordinates":[23.9445,49.844441]}},{"type":"Feature","properties":{"lines":"34","arr":["А34"],"mode":"bus","angle":28.9,"extra":1,"ei":0,"l0":"34","c0":"#ab0377"},"geometry":{"type":"Point","coordinates":[23.930942,49.845481]}},{"type":"Feature","properties":{"lines":"34","arr":["А34"],"mode":"bus","angle":-3.3,"extra":1,"ei":1,"l0":"34","c0":"#ab0377"},"geometry":{"type":"Point","coordinates":[23.933682,49.845143]}},{"type":"Feature","properties":{"lines":"34","arr":["А34"],"mode":"bus","angle":22.3,"extra":1,"ei":2,"l0":"34","c0":"#ab0377"},"geometry":{"type":"Point","coordinates":[23.936567,49.844918]}},{"type":"Feature","properties":{"lines":"34","arr":["А34"],"mode":"bus","angle":8.6,"extra":1,"ei":3,"l0":"34","c0":"#ab0377"},"geometry":{"type":"Point","coordinates":[23.939303,49.844337]}},{"type":"Feature","properties":{"lines":"34","arr":["А34"],"mode":"bus","angle":3.3,"extra":1,"ei":4,"l0":"34","c0":"#ab0377"},"geometry":{"type":"Point","coordinates":[23.942206,49.844086]}},{"type":"Feature","properties":{"lines":"34","arr":["А34"],"mode":"bus","angle":8.4,"extra":1,"ei":5,"l0":"34","c0":"#ab0377"},"geometry":{"type":"Point","coordinates":[23.947621,49.844448]}},{"type":"Feature","properties":{"lines":"34","arr":["А34"],"mode":"bus","angle":16.5,"extra":1,"ei":6,"l0":"34","c0":"#ab0377"},"geometry":{"type":"Point","coordinates":[23.95046,49.843988]}},{"type":"Feature","properties":{"lines":"34","arr":["А34"],"mode":"bus","angle":-33,"extra":1,"ei":7,"l0":"34","c0":"#ab0377"},"geometry":{"type":"Point","coordinates":[23.952939,49.844506]}},{"type":"Feature","properties":{"lines":"34","arr":["А34"],"mode":"bus","angle":-27.6,"extra":1,"ei":8,"l0":"34","c0":"#ab0377"},"geometry":{"type":"Point","coordinates":[23.955722,49.844675]}},{"type":"Feature","properties":{"lines":"34","arr":["А34"],"mode":"bus","angle":48.1,"extra":1,"ei":9,"l0":"34","c0":"#ab0377"},"geometry":{"type":"Point","coordinates":[23.958246,49.844378]}},{"type":"Feature","properties":{"lines":"34","arr":["А34"],"mode":"bus","angle":-56.3,"l0":"34","c0":"#ab0377"},"geometry":{"type":"Point","coordinates":[23.957828,49.843398]}},{"type":"Feature","properties":{"lines":"34","arr":["А34"],"mode":"bus","angle":4,"mi":1,"l0":"34","c0":"#ab0377"},"geometry":{"type":"Point","coordinates":[23.962452,49.841921]}},{"type":"Feature","properties":{"lines":"34","arr":["А34"],"mode":"bus","angle":6.7,"extra":1,"ei":0,"l0":"34","c0":"#ab0377"},"geometry":{"type":"Point","coordinates":[23.95842,49.842103]}},{"type":"Feature","properties":{"lines":"34","arr":["А34"],"mode":"bus","angle":4,"extra":1,"ei":1,"l0":"34","c0":"#ab0377"},"geometry":{"type":"Point","coordinates":[23.964264,49.841838]}},{"type":"Feature","properties":{"lines":"34","arr":["А34"],"mode":"bus","angle":-6.8,"extra":1,"ei":2,"l0":"34","c0":"#ab0377"},"geometry":{"type":"Point","coordinates":[23.967187,49.841704]}},{"type":"Feature","properties":{"lines":"37","arr":["А37"],"mode":"bus","angle":8,"mi":1,"l0":"37","c0":"#ab0377"},"geometry":{"type":"Point","coordinates":[24.004585,49.870378]}},{"type":"Feature","properties":{"lines":"37, 39","arr":["А37","А39"],"mode":"bus","angle":5.1,"l0":"37, ","c0":"#ab0377","l1":"39","c1":"#19a9a8"},"geometry":{"type":"Point","coordinates":[24.035839,49.842033]}},{"type":"Feature","properties":{"lines":"37, 39, 45","arr":["А37","А39","А45"],"mode":"bus","angle":80.6,"l0":"37, ","c0":"#ab0377","l1":"39, ","c1":"#19a9a8","l2":"45","c2":"#5a5d02"},"geometry":{"type":"Point","coordinates":[24.036627,49.841113]}},{"type":"Feature","properties":{"lines":"37, 31","arr":["А37","Тр31"],"mode":"bus","angle":-83.2,"l0":"37, ","c0":"#ab0377","l1":"31","c1":"#126804"},"geometry":{"type":"Point","coordinates":[24.044694,49.827892]}},{"type":"Feature","properties":{"lines":"37","arr":["А37"],"mode":"bus","angle":-15.2,"l0":"37","c0":"#ab0377"},"geometry":{"type":"Point","coordinates":[24.044202,49.794578]}},{"type":"Feature","properties":{"lines":"37","arr":["А37"],"mode":"bus","angle":-51.5,"extra":1,"ei":0,"l0":"37","c0":"#ab0377"},"geometry":{"type":"Point","coordinates":[24.052155,49.795532]}},{"type":"Feature","properties":{"lines":"37","arr":["А37"],"mode":"bus","angle":2.1,"extra":1,"ei":1,"l0":"37","c0":"#ab0377"},"geometry":{"type":"Point","coordinates":[24.049935,49.79444]}},{"type":"Feature","properties":{"lines":"37","arr":["А37"],"mode":"bus","angle":1.3,"extra":1,"ei":2,"l0":"37","c0":"#ab0377"},"geometry":{"type":"Point","coordinates":[24.047086,49.794795]}},{"type":"Feature","properties":{"lines":"37","arr":["А37"],"mode":"bus","angle":27.1,"extra":1,"ei":3,"l0":"37","c0":"#ab0377"},"geometry":{"type":"Point","coordinates":[24.041367,49.794393]}},{"type":"Feature","properties":{"lines":"37","arr":["А37"],"mode":"bus","angle":64.8,"extra":1,"ei":4,"l0":"37","c0":"#ab0377"},"geometry":{"type":"Point","coordinates":[24.039751,49.795917]}},{"type":"Feature","properties":{"lines":"37","arr":["А37"],"mode":"bus","angle":-85.3,"extra":1,"ei":5,"l0":"37","c0":"#ab0377"},"geometry":{"type":"Point","coordinates":[24.038935,49.797696]}},{"type":"Feature","properties":{"lines":"37","arr":["А37"],"mode":"bus","angle":13.4,"mi":1,"l0":"37","c0":"#ab0377"},"geometry":{"type":"Point","coordinates":[24.043481,49.798021]}},{"type":"Feature","properties":{"lines":"37","arr":["А37"],"mode":"bus","angle":-40.7,"extra":1,"ei":0,"l0":"37","c0":"#ab0377"},"geometry":{"type":"Point","coordinates":[24.04615,49.798845]}},{"type":"Feature","properties":{"lines":"37","arr":["А37"],"mode":"bus","angle":0.2,"extra":1,"ei":1,"l0":"37","c0":"#ab0377"},"geometry":{"type":"Point","coordinates":[24.041054,49.798786]}},{"type":"Feature","properties":{"lines":"39, 39а","arr":["А39","А39а"],"mode":"bus","angle":-32.4,"mi":2,"l0":"39, ","c0":"#19a9a8","l1":"39а","c1":"#8e4604"},"geometry":{"type":"Point","coordinates":[24.074745,49.844602]}},{"type":"Feature","properties":{"lines":"39, 39а","arr":["А39","А39а"],"mode":"bus","angle":-11,"extra":1,"ei":0,"l0":"39, ","c0":"#19a9a8","l1":"39а","c1":"#8e4604"},"geometry":{"type":"Point","coordinates":[24.083197,49.84778]}},{"type":"Feature","properties":{"lines":"39, 39а","arr":["А39","А39а"],"mode":"bus","angle":-24.7,"extra":1,"ei":1,"l0":"39, ","c0":"#19a9a8","l1":"39а","c1":"#8e4604"},"geometry":{"type":"Point","coordinates":[24.080693,49.846904]}},{"type":"Feature","properties":{"lines":"39, 39а","arr":["А39","А39а"],"mode":"bus","angle":-2.2,"extra":1,"ei":2,"l0":"39, ","c0":"#19a9a8","l1":"39а","c1":"#8e4604"},"geometry":{"type":"Point","coordinates":[24.07892,49.845574]}},{"type":"Feature","properties":{"lines":"39, 39а","arr":["А39","А39а"],"mode":"bus","angle":-32.6,"extra":1,"ei":3,"l0":"39, ","c0":"#19a9a8","l1":"39а","c1":"#8e4604"},"geometry":{"type":"Point","coordinates":[24.071222,49.843145]}},{"type":"Feature","properties":{"lines":"39, 39а","arr":["А39","А39а"],"mode":"bus","angle":-47.3,"extra":1,"ei":4,"l0":"39, ","c0":"#19a9a8","l1":"39а","c1":"#8e4604"},"geometry":{"type":"Point","coordinates":[24.068773,49.842112]}},{"type":"Feature","properties":{"lines":"39, 39а","arr":["А39","А39а"],"mode":"bus","angle":-87.2,"extra":1,"ei":5,"l0":"39, ","c0":"#19a9a8","l1":"39а","c1":"#8e4604"},"geometry":{"type":"Point","coordinates":[24.067377,49.84083]}},{"type":"Feature","properties":{"lines":"39, 39а","arr":["А39","А39а"],"mode":"bus","angle":68.8,"l0":"39, ","c0":"#19a9a8","l1":"39а","c1":"#8e4604"},"geometry":{"type":"Point","coordinates":[24.067228,49.838538]}},{"type":"Feature","properties":{"lines":"39","arr":["А39"],"mode":"bus","angle":39.2,"l0":"39","c0":"#19a9a8"},"geometry":{"type":"Point","coordinates":[24.069013,49.836918]}},{"type":"Feature","properties":{"lines":"39","arr":["А39"],"mode":"bus","angle":85.3,"mi":1,"l0":"39","c0":"#19a9a8"},"geometry":{"type":"Point","coordinates":[24.026665,49.861753]}},{"type":"Feature","properties":{"lines":"39","arr":["А39"],"mode":"bus","angle":-7.1,"l0":"39","c0":"#19a9a8"},"geometry":{"type":"Point","coordinates":[24.034554,49.866221]}},{"type":"Feature","properties":{"lines":"39","arr":["А39"],"mode":"bus","angle":-43.7,"extra":1,"ei":0,"l0":"39","c0":"#19a9a8"},"geometry":{"type":"Point","coordinates":[24.027377,49.864056]}},{"type":"Feature","properties":{"lines":"39","arr":["А39"],"mode":"bus","angle":-24.3,"extra":1,"ei":1,"l0":"39","c0":"#19a9a8"},"geometry":{"type":"Point","coordinates":[24.029744,49.86513]}},{"type":"Feature","properties":{"lines":"39","arr":["А39"],"mode":"bus","angle":-23.3,"extra":1,"ei":2,"l0":"39","c0":"#19a9a8"},"geometry":{"type":"Point","coordinates":[24.032463,49.865832]}},{"type":"Feature","properties":{"lines":"39","arr":["А39"],"mode":"bus","angle":-4.9,"extra":1,"ei":3,"l0":"39","c0":"#19a9a8"},"geometry":{"type":"Point","coordinates":[24.038204,49.866445]}},{"type":"Feature","properties":{"lines":"39","arr":["А39"],"mode":"bus","angle":-5.6,"extra":1,"ei":4,"l0":"39","c0":"#19a9a8"},"geometry":{"type":"Point","coordinates":[24.041121,49.866616]}},{"type":"Feature","properties":{"lines":"39","arr":["А39"],"mode":"bus","angle":5.7,"l0":"39","c0":"#19a9a8"},"geometry":{"type":"Point","coordinates":[24.074565,49.855931]}},{"type":"Feature","properties":{"lines":"39, 39а","arr":["А39","А39а"],"mode":"bus","angle":-7.3,"mi":1,"l0":"39, ","c0":"#19a9a8","l1":"39а","c1":"#8e4604"},"geometry":{"type":"Point","coordinates":[24.066092,49.836647]}},{"type":"Feature","properties":{"lines":"39а","arr":["А39а"],"mode":"bus","angle":-28.4,"l0":"39а","c0":"#8e4604"},"geometry":{"type":"Point","coordinates":[24.034283,49.83717]}},{"type":"Feature","properties":{"lines":"40","arr":["А40"],"mode":"bus","angle":-89.1,"l0":"40","c0":"#7c5001"},"geometry":{"type":"Point","coordinates":[24.146047,49.819712]}},{"type":"Feature","properties":{"lines":"40","arr":["А40"],"mode":"bus","angle":87.8,"extra":1,"ei":0,"l0":"40","c0":"#7c5001"},"geometry":{"type":"Point","coordinates":[24.146198,49.818452]}},{"type":"Feature","properties":{"lines":"43","arr":["А43"],"mode":"bus","angle":-18.6,"mi":2,"l0":"43","c0":"#0357b2"},"geometry":{"type":"Point","coordinates":[24.054491,49.817431]}},{"type":"Feature","properties":{"lines":"43","arr":["А43"],"mode":"bus","angle":-17.9,"extra":1,"ei":0,"l0":"43","c0":"#0357b2"},"geometry":{"type":"Point","coordinates":[24.057195,49.818003]}},{"type":"Feature","properties":{"lines":"43","arr":["А43"],"mode":"bus","angle":-18.3,"extra":1,"ei":1,"l0":"43","c0":"#0357b2"},"geometry":{"type":"Point","coordinates":[24.05163,49.81682]}},{"type":"Feature","properties":{"lines":"43","arr":["А43"],"mode":"bus","angle":-74.3,"mi":1,"l0":"43","c0":"#0357b2"},"geometry":{"type":"Point","coordinates":[24.051057,49.814783]}},{"type":"Feature","properties":{"lines":"43","arr":["А43"],"mode":"bus","angle":69.4,"l0":"43","c0":"#0357b2"},"geometry":{"type":"Point","coordinates":[24.050708,49.815918]}},{"type":"Feature","properties":{"lines":"43","arr":["А43"],"mode":"bus","angle":-72.3,"side":-1,"l0":"43","c0":"#0357b2"},"geometry":{"type":"Point","coordinates":[24.018451,49.832498]}},{"type":"Feature","properties":{"lines":"51","arr":["А51"],"mode":"bus","angle":5.1,"l0":"51","c0":"#1cab97"},"geometry":{"type":"Point","coordinates":[23.980701,49.805915]}},{"type":"Feature","properties":{"lines":"45, 51","arr":["А45","А51"],"mode":"bus","angle":8.2,"mi":1,"l0":"45, ","c0":"#5a5d02","l1":"51","c1":"#1cab97"},"geometry":{"type":"Point","coordinates":[23.980168,49.805577]}},{"type":"Feature","properties":{"lines":"45, 51","arr":["А45","А51"],"mode":"bus","angle":-80.7,"l0":"45, ","c0":"#5a5d02","l1":"51","c1":"#1cab97"},"geometry":{"type":"Point","coordinates":[23.979419,49.805846]}},{"type":"Feature","properties":{"lines":"45","arr":["А45"],"mode":"bus","angle":81.8,"l0":"45","c0":"#5a5d02"},"geometry":{"type":"Point","coordinates":[24.035957,49.843538]}},{"type":"Feature","properties":{"lines":"45","arr":["А45"],"mode":"bus","angle":10.4,"mi":1,"l0":"45","c0":"#5a5d02"},"geometry":{"type":"Point","coordinates":[24.038044,49.844883]}},{"type":"Feature","properties":{"lines":"45","arr":["А45"],"mode":"bus","angle":-64.2,"extra":1,"ei":0,"l0":"45","c0":"#5a5d02"},"geometry":{"type":"Point","coordinates":[24.040612,49.845661]}},{"type":"Feature","properties":{"lines":"45","arr":["А45"],"mode":"bus","angle":-16.9,"extra":1,"ei":1,"l0":"45","c0":"#5a5d02"},"geometry":{"type":"Point","coordinates":[24.035322,49.845022]}},{"type":"Feature","properties":{"lines":"45","arr":["А45"],"mode":"bus","angle":-22.7,"mi":2,"l0":"45","c0":"#5a5d02"},"geometry":{"type":"Point","coordinates":[24.042607,49.844708]}},{"type":"Feature","properties":{"lines":"45","arr":["А45"],"mode":"bus","angle":19.8,"mi":3,"l0":"45","c0":"#5a5d02"},"geometry":{"type":"Point","coordinates":[24.04166,49.846418]}},{"type":"Feature","properties":{"lines":"45","arr":["А45"],"mode":"bus","angle":46.3,"mi":4,"l0":"45","c0":"#5a5d02"},"geometry":{"type":"Point","coordinates":[24.030321,49.839545]}},{"type":"Feature","properties":{"lines":"45","arr":["А45"],"mode":"bus","angle":65.8,"mi":5,"l0":"45","c0":"#5a5d02"},"geometry":{"type":"Point","coordinates":[24.029066,49.840197]}},{"type":"Feature","properties":{"lines":"46, 55","arr":["А46","А55"],"mode":"bus","angle":75.4,"l0":"46, ","c0":"#02af5a","l1":"55","c1":"#6b5806"},"geometry":{"type":"Point","coordinates":[24.029963,49.884869]}},{"type":"Feature","properties":{"lines":"46, 55","arr":["А46","А55"],"mode":"bus","angle":41.6,"extra":1,"ei":0,"l0":"46, ","c0":"#02af5a","l1":"55","c1":"#6b5806"},"geometry":{"type":"Point","coordinates":[24.034661,49.879996]}},{"type":"Feature","properties":{"lines":"46, 55","arr":["А46","А55"],"mode":"bus","angle":38.1,"extra":1,"ei":1,"l0":"46, ","c0":"#02af5a","l1":"55","c1":"#6b5806"},"geometry":{"type":"Point","coordinates":[24.032356,49.881157]}},{"type":"Feature","properties":{"lines":"46, 55","arr":["А46","А55"],"mode":"bus","angle":67.7,"extra":1,"ei":2,"l0":"46, ","c0":"#02af5a","l1":"55","c1":"#6b5806"},"geometry":{"type":"Point","coordinates":[24.030875,49.882739]}},{"type":"Feature","properties":{"lines":"46, 55","arr":["А46","А55"],"mode":"bus","angle":22.3,"extra":1,"ei":3,"l0":"46, ","c0":"#02af5a","l1":"55","c1":"#6b5806"},"geometry":{"type":"Point","coordinates":[24.028567,49.886056]}},{"type":"Feature","properties":{"lines":"46, 55","arr":["А46","А55"],"mode":"bus","angle":12,"extra":1,"ei":4,"l0":"46, ","c0":"#02af5a","l1":"55","c1":"#6b5806"},"geometry":{"type":"Point","coordinates":[24.025764,49.886597]}},{"type":"Feature","properties":{"lines":"46, 55","arr":["А46","А55"],"mode":"bus","angle":25.8,"extra":1,"ei":5,"l0":"46, ","c0":"#02af5a","l1":"55","c1":"#6b5806"},"geometry":{"type":"Point","coordinates":[24.022991,49.887187]}},{"type":"Feature","properties":{"lines":"55","arr":["А55"],"mode":"bus","angle":33.7,"mi":2,"l0":"55","c0":"#6b5806"},"geometry":{"type":"Point","coordinates":[24.020505,49.888048]}},{"type":"Feature","properties":{"lines":"55","arr":["А55"],"mode":"bus","angle":-79.9,"l0":"55","c0":"#6b5806"},"geometry":{"type":"Point","coordinates":[24.019674,49.892044]}},{"type":"Feature","properties":{"lines":"55","arr":["А55"],"mode":"bus","angle":87.2,"extra":1,"ei":0,"l0":"55","c0":"#6b5806"},"geometry":{"type":"Point","coordinates":[24.019789,49.894761]}},{"type":"Feature","properties":{"lines":"55","arr":["А55"],"mode":"bus","angle":71.1,"extra":1,"ei":1,"l0":"55","c0":"#6b5806"},"geometry":{"type":"Point","coordinates":[24.02014,49.889187]}},{"type":"Feature","properties":{"lines":"55","arr":["А55"],"mode":"bus","angle":-82.5,"side":-1,"mi":1,"l0":"55","c0":"#6b5806"},"geometry":{"type":"Point","coordinates":[24.020237,49.888307]}},{"type":"Feature","properties":{"lines":"46, 55","arr":["А46","А55"],"mode":"bus","angle":41.7,"l0":"46, ","c0":"#02af5a","l1":"55","c1":"#6b5806"},"geometry":{"type":"Point","coordinates":[24.038698,49.877668]}},{"type":"Feature","properties":{"lines":"47","arr":["А47"],"mode":"bus","angle":38.8,"l0":"47","c0":"#4d4aba"},"geometry":{"type":"Point","coordinates":[24.059739,49.785546]}},{"type":"Feature","properties":{"lines":"51","arr":["А51"],"mode":"bus","angle":-49.8,"side":-1,"mi":1,"l0":"51","c0":"#1cab97"},"geometry":{"type":"Point","coordinates":[23.983216,49.827216]}},{"type":"Feature","properties":{"lines":"51","arr":["А51"],"mode":"bus","angle":-22.4,"l0":"51","c0":"#1cab97"},"geometry":{"type":"Point","coordinates":[23.976433,49.81836]}},{"type":"Feature","properties":{"lines":"51","arr":["А51"],"mode":"bus","angle":-22.1,"extra":1,"ei":0,"l0":"51","c0":"#1cab97"},"geometry":{"type":"Point","coordinates":[23.973232,49.817513]}},{"type":"Feature","properties":{"lines":"51","arr":["А51"],"mode":"bus","angle":-22.3,"extra":1,"ei":1,"l0":"51","c0":"#1cab97"},"geometry":{"type":"Point","coordinates":[23.978653,49.818947]}},{"type":"Feature","properties":{"lines":"51","arr":["А51"],"mode":"bus","angle":-65.8,"l0":"51","c0":"#1cab97"},"geometry":{"type":"Point","coordinates":[23.989768,49.831421]}},{"type":"Feature","properties":{"lines":"51","arr":["А51"],"mode":"bus","angle":-80.5,"extra":1,"ei":0,"l0":"51","c0":"#1cab97"},"geometry":{"type":"Point","coordinates":[23.990417,49.833044]}},{"type":"Feature","properties":{"lines":"51","arr":["А51"],"mode":"bus","angle":-40.5,"extra":1,"ei":1,"l0":"51","c0":"#1cab97"},"geometry":{"type":"Point","coordinates":[23.988285,49.829591]}},{"type":"Feature","properties":{"lines":"52, 84","arr":["А52","А84"],"mode":"bus","angle":36.5,"mi":1,"l0":"52, ","c0":"#ff5e9b","l1":"84","c1":"#066559"},"geometry":{"type":"Point","coordinates":[23.863026,49.841489]}},{"type":"Feature","properties":{"lines":"52, 84","arr":["А52","А84"],"mode":"bus","angle":37.9,"extra":1,"ei":0,"l0":"52, ","c0":"#ff5e9b","l1":"84","c1":"#066559"},"geometry":{"type":"Point","coordinates":[23.861541,49.842215]}},{"type":"Feature","properties":{"lines":"52, 84","arr":["А52","А84"],"mode":"bus","angle":82.8,"mi":3,"l0":"52, ","c0":"#ff5e9b","l1":"84","c1":"#066559"},"geometry":{"type":"Point","coordinates":[23.86075,49.842996]}},{"type":"Feature","properties":{"lines":"52, 84","arr":["А52","А84"],"mode":"bus","angle":-78.5,"mi":4,"l0":"52, ","c0":"#ff5e9b","l1":"84","c1":"#066559"},"geometry":{"type":"Point","coordinates":[23.86032,49.842979]}},{"type":"Feature","properties":{"lines":"52, 84","arr":["А52","А84"],"mode":"bus","angle":-55.6,"l0":"52, ","c0":"#ff5e9b","l1":"84","c1":"#066559"},"geometry":{"type":"Point","coordinates":[23.864762,49.839318]}},{"type":"Feature","properties":{"lines":"52, 84","arr":["А52","А84"],"mode":"bus","angle":4.6,"mi":2,"l0":"52, ","c0":"#ff5e9b","l1":"84","c1":"#066559"},"geometry":{"type":"Point","coordinates":[23.867932,49.838093]}},{"type":"Feature","properties":{"lines":"52, 84","arr":["А52","А84"],"mode":"bus","angle":5,"extra":1,"ei":0,"l0":"52, ","c0":"#ff5e9b","l1":"84","c1":"#066559"},"geometry":{"type":"Point","coordinates":[23.870628,49.837942]}},{"type":"Feature","properties":{"lines":"52, 84","arr":["А52","А84"],"mode":"bus","angle":4.5,"extra":1,"ei":1,"l0":"52, ","c0":"#ff5e9b","l1":"84","c1":"#066559"},"geometry":{"type":"Point","coordinates":[23.864788,49.838251]}},{"type":"Feature","properties":{"lines":"52, 84","arr":["А52","А84"],"mode":"bus","angle":34.3,"mi":5,"l0":"52, ","c0":"#ff5e9b","l1":"84","c1":"#066559"},"geometry":{"type":"Point","coordinates":[23.87505,49.836292]}},{"type":"Feature","properties":{"lines":"52, 84","arr":["А52","А84"],"mode":"bus","angle":37.3,"extra":1,"ei":0,"l0":"52, ","c0":"#ff5e9b","l1":"84","c1":"#066559"},"geometry":{"type":"Point","coordinates":[23.873148,49.83717]}},{"type":"Feature","properties":{"lines":"52, 84","arr":["А52","А84"],"mode":"bus","angle":29.4,"side":-1,"extra":1,"ei":1,"l0":"52, ","c0":"#ff5e9b","l1":"84","c1":"#066559"},"geometry":{"type":"Point","coordinates":[23.877968,49.835024]}},{"type":"Feature","properties":{"lines":"52","arr":["А52"],"mode":"bus","angle":89.5,"mi":5,"l0":"52","c0":"#ff5e9b"},"geometry":{"type":"Point","coordinates":[23.878251,49.836161]}},{"type":"Feature","properties":{"lines":"52","arr":["А52"],"mode":"bus","angle":66.6,"side":-1,"mi":3,"l0":"52","c0":"#ff5e9b"},"geometry":{"type":"Point","coordinates":[23.898731,49.839185]}},{"type":"Feature","properties":{"lines":"52","arr":["А52"],"mode":"bus","angle":7.4,"l0":"52","c0":"#ff5e9b"},"geometry":{"type":"Point","coordinates":[24.014675,49.854836]}},{"type":"Feature","properties":{"lines":"52","arr":["А52"],"mode":"bus","angle":4.7,"mi":2,"l0":"52","c0":"#ff5e9b"},"geometry":{"type":"Point","coordinates":[23.881562,49.837302]}},{"type":"Feature","properties":{"lines":"52","arr":["А52"],"mode":"bus","angle":88.6,"mi":1,"l0":"52","c0":"#ff5e9b"},"geometry":{"type":"Point","coordinates":[23.884776,49.838241]}},{"type":"Feature","properties":{"lines":"52","arr":["А52"],"mode":"bus","angle":4.4,"mi":6,"l0":"52","c0":"#ff5e9b"},"geometry":{"type":"Point","coordinates":[23.876472,49.839696]}},{"type":"Feature","properties":{"lines":"52","arr":["А52"],"mode":"bus","angle":-15.9,"extra":1,"ei":0,"l0":"52","c0":"#ff5e9b"},"geometry":{"type":"Point","coordinates":[23.885735,49.839431]}},{"type":"Feature","properties":{"lines":"52","arr":["А52"],"mode":"bus","angle":4.2,"extra":1,"ei":1,"l0":"52","c0":"#ff5e9b"},"geometry":{"type":"Point","coordinates":[23.882829,49.83936]}},{"type":"Feature","properties":{"lines":"52","arr":["А52"],"mode":"bus","angle":3.5,"extra":1,"ei":2,"l0":"52","c0":"#ff5e9b"},"geometry":{"type":"Point","coordinates":[23.87991,49.83952]}},{"type":"Feature","properties":{"lines":"52","arr":["А52"],"mode":"bus","angle":4.6,"extra":1,"ei":3,"l0":"52","c0":"#ff5e9b"},"geometry":{"type":"Point","coordinates":[23.874068,49.839812]}},{"type":"Feature","properties":{"lines":"52","arr":["А52"],"mode":"bus","angle":4.9,"extra":1,"ei":4,"l0":"52","c0":"#ff5e9b"},"geometry":{"type":"Point","coordinates":[23.87115,49.83998]}},{"type":"Feature","properties":{"lines":"52","arr":["А52"],"mode":"bus","angle":4.3,"extra":1,"ei":5,"l0":"52","c0":"#ff5e9b"},"geometry":{"type":"Point","coordinates":[23.868228,49.840119]}},{"type":"Feature","properties":{"lines":"52","arr":["А52"],"mode":"bus","angle":40.6,"l0":"52","c0":"#ff5e9b"},"geometry":{"type":"Point","coordinates":[23.892704,49.838788]}},{"type":"Feature","properties":{"lines":"52","arr":["А52"],"mode":"bus","angle":-8.7,"extra":1,"ei":0,"l0":"52","c0":"#ff5e9b"},"geometry":{"type":"Point","coordinates":[23.888377,49.8402]}},{"type":"Feature","properties":{"lines":"52","arr":["А52"],"mode":"bus","angle":32,"extra":1,"ei":1,"l0":"52","c0":"#ff5e9b"},"geometry":{"type":"Point","coordinates":[23.890941,49.839535]}},{"type":"Feature","properties":{"lines":"52","arr":["А52"],"mode":"bus","angle":-24,"extra":1,"ei":2,"l0":"52","c0":"#ff5e9b"},"geometry":{"type":"Point","coordinates":[23.896167,49.838404]}},{"type":"Feature","properties":{"lines":"52","arr":["А52"],"mode":"bus","angle":61.7,"mi":4,"l0":"52","c0":"#ff5e9b"},"geometry":{"type":"Point","coordinates":[23.901321,49.836076]}},{"type":"Feature","properties":{"lines":"52","arr":["А52"],"mode":"bus","angle":63,"extra":1,"ei":0,"l0":"52","c0":"#ff5e9b"},"geometry":{"type":"Point","coordinates":[23.903245,49.833769]}},{"type":"Feature","properties":{"lines":"52","arr":["А52"],"mode":"bus","angle":66.6,"extra":1,"ei":1,"l0":"52","c0":"#ff5e9b"},"geometry":{"type":"Point","coordinates":[23.89922,49.838802]}},{"type":"Feature","properties":{"lines":"52","arr":["А52"],"mode":"bus","angle":67.1,"mi":7,"l0":"52","c0":"#ff5e9b"},"geometry":{"type":"Point","coordinates":[23.904812,49.831694]}},{"type":"Feature","properties":{"lines":"52, 84, 27","arr":["А52","А84","Тр27"],"mode":"bus","angle":-15.9,"l0":"52, ","c0":"#ff5e9b","l1":"84, ","c1":"#066559","l2":"27","c2":"#7b3aa8"},"geometry":{"type":"Point","coordinates":[23.961395,49.829422]}},{"type":"Feature","properties":{"lines":"52, 84, 27","arr":["А52","А84","Тр27"],"mode":"bus","angle":-15.5,"extra":1,"ei":0,"l0":"52, ","c0":"#ff5e9b","l1":"84, ","c1":"#066559","l2":"27","c2":"#7b3aa8"},"geometry":{"type":"Point","coordinates":[23.955973,49.82844]}},{"type":"Feature","properties":{"lines":"52, 84, 27","arr":["А52","А84","Тр27"],"mode":"bus","angle":-15.5,"extra":1,"ei":1,"l0":"52, ","c0":"#ff5e9b","l1":"84, ","c1":"#066559","l2":"27","c2":"#7b3aa8"},"geometry":{"type":"Point","coordinates":[23.958795,49.828949]}},{"type":"Feature","properties":{"lines":"52, 84, 27","arr":["А52","А84","Тр27"],"mode":"bus","angle":-15.8,"extra":1,"ei":2,"l0":"52, ","c0":"#ff5e9b","l1":"84, ","c1":"#066559","l2":"27","c2":"#7b3aa8"},"geometry":{"type":"Point","coordinates":[23.964431,49.829981]}},{"type":"Feature","properties":{"lines":"52, 84, 27","arr":["А52","А84","Тр27"],"mode":"bus","angle":-15.3,"extra":1,"ei":3,"l0":"52, ","c0":"#ff5e9b","l1":"84, ","c1":"#066559","l2":"27","c2":"#7b3aa8"},"geometry":{"type":"Point","coordinates":[23.967253,49.83049]}},{"type":"Feature","properties":{"lines":"52","arr":["А52"],"mode":"bus","angle":-22.4,"mi":1,"l0":"52","c0":"#ff5e9b"},"geometry":{"type":"Point","coordinates":[24.018208,49.855784]}},{"type":"Feature","properties":{"lines":"52","arr":["А52"],"mode":"bus","angle":-23.8,"extra":1,"ei":0,"l0":"52","c0":"#ff5e9b"},"geometry":{"type":"Point","coordinates":[24.020064,49.856298]}},{"type":"Feature","properties":{"lines":"52","arr":["А52"],"mode":"bus","angle":43.7,"mi":2,"l0":"52","c0":"#ff5e9b"},"geometry":{"type":"Point","coordinates":[24.009919,49.859298]}},{"type":"Feature","properties":{"lines":"52","arr":["А52"],"mode":"bus","angle":81.2,"extra":1,"ei":0,"l0":"52","c0":"#ff5e9b"},"geometry":{"type":"Point","coordinates":[24.014339,49.855879]}},{"type":"Feature","properties":{"lines":"52","arr":["А52"],"mode":"bus","angle":40.4,"extra":1,"ei":1,"l0":"52","c0":"#ff5e9b"},"geometry":{"type":"Point","coordinates":[24.012326,49.857177]}},{"type":"Feature","properties":{"lines":"52","arr":["А52"],"mode":"bus","angle":71.2,"extra":1,"ei":2,"l0":"52","c0":"#ff5e9b"},"geometry":{"type":"Point","coordinates":[24.007711,49.861865]}},{"type":"Feature","properties":{"lines":"52","arr":["А52"],"mode":"bus","angle":85.5,"extra":1,"ei":3,"l0":"52","c0":"#ff5e9b"},"geometry":{"type":"Point","coordinates":[24.006863,49.863667]}},{"type":"Feature","properties":{"lines":"53","arr":["А53"],"mode":"bus","angle":61.7,"l0":"53","c0":"#126804"},"geometry":{"type":"Point","coordinates":[24.025577,49.81738]}},{"type":"Feature","properties":{"lines":"53","arr":["А53"],"mode":"bus","angle":-65.1,"mi":2,"l0":"53","c0":"#126804"},"geometry":{"type":"Point","coordinates":[24.032775,49.822747]}},{"type":"Feature","properties":{"lines":"53","arr":["А53"],"mode":"bus","angle":-58.7,"extra":1,"ei":0,"l0":"53","c0":"#126804"},"geometry":{"type":"Point","coordinates":[24.02559,49.818665]}},{"type":"Feature","properties":{"lines":"53","arr":["А53"],"mode":"bus","angle":-55.4,"extra":1,"ei":1,"l0":"53","c0":"#126804"},"geometry":{"type":"Point","coordinates":[24.027203,49.820242]}},{"type":"Feature","properties":{"lines":"53","arr":["А53"],"mode":"bus","angle":-29.8,"extra":1,"ei":2,"l0":"53","c0":"#126804"},"geometry":{"type":"Point","coordinates":[24.029046,49.821697]}},{"type":"Feature","properties":{"lines":"53","arr":["А53"],"mode":"bus","angle":88.5,"extra":1,"ei":3,"l0":"53","c0":"#126804"},"geometry":{"type":"Point","coordinates":[24.033393,49.825421]}},{"type":"Feature","properties":{"lines":"53","arr":["А53"],"mode":"bus","angle":-80.7,"extra":1,"ei":4,"l0":"53","c0":"#126804"},"geometry":{"type":"Point","coordinates":[24.033821,49.827285]}},{"type":"Feature","properties":{"lines":"53","arr":["А53"],"mode":"bus","angle":43.1,"extra":1,"ei":5,"l0":"53","c0":"#126804"},"geometry":{"type":"Point","coordinates":[24.032717,49.828903]}},{"type":"Feature","properties":{"lines":"53","arr":["А53"],"mode":"bus","angle":50.3,"side":-1,"mi":1,"l0":"53","c0":"#126804"},"geometry":{"type":"Point","coordinates":[24.024875,49.817746]}},{"type":"Feature","properties":{"lines":"55","arr":["А55"],"mode":"bus","angle":66.3,"mi":3,"l0":"55","c0":"#6b5806"},"geometry":{"type":"Point","coordinates":[24.018297,49.898033]}},{"type":"Feature","properties":{"lines":"55","arr":["А55"],"mode":"bus","angle":68.2,"extra":1,"ei":0,"l0":"55","c0":"#6b5806"},"geometry":{"type":"Point","coordinates":[24.019334,49.896613]}},{"type":"Feature","properties":{"lines":"55","arr":["А55"],"mode":"bus","angle":85.3,"extra":1,"ei":1,"l0":"55","c0":"#6b5806"},"geometry":{"type":"Point","coordinates":[24.018126,49.900205]}},{"type":"Feature","properties":{"lines":"56, 58, 59, 62, 63","arr":["А56","А58","А59","А62","А63"],"mode":"bus","angle":80.4,"l0":"56, ","c0":"#4d4aba","l1":"58, ","c1":"#c17aef","l2":"59, ","c2":"#8e4604","l3":"62, ","c3":"#b0045c","l4":"63","c4":"#b59607"},"geometry":{"type":"Point","coordinates":[24.057161,49.898775]}},{"type":"Feature","properties":{"lines":"56, 58, 59, 62, 63","arr":["А56","А58","А59","А62","А63"],"mode":"bus","angle":68.8,"l0":"56, ","c0":"#4d4aba","l1":"58, ","c1":"#c17aef","l2":"59, ","c2":"#8e4604","l3":"62, ","c3":"#b0045c","l4":"63","c4":"#b59607"},"geometry":{"type":"Point","coordinates":[24.063583,49.87661]}},{"type":"Feature","properties":{"lines":"56, 58, 59, 62, 63","arr":["А56","А58","А59","А62","А63"],"mode":"bus","angle":-8.5,"side":-1,"extra":1,"ei":0,"l0":"56, ","c0":"#4d4aba","l1":"58, ","c1":"#c17aef","l2":"59, ","c2":"#8e4604","l3":"62, ","c3":"#b0045c","l4":"63","c4":"#b59607"},"geometry":{"type":"Point","coordinates":[24.062861,49.874671]}},{"type":"Feature","properties":{"lines":"56, 58, 59, 62, 63","arr":["А56","А58","А59","А62","А63"],"mode":"bus","angle":68.9,"extra":1,"ei":1,"l0":"56, ","c0":"#4d4aba","l1":"58, ","c1":"#c17aef","l2":"59, ","c2":"#8e4604","l3":"62, ","c3":"#b0045c","l4":"63","c4":"#b59607"},"geometry":{"type":"Point","coordinates":[24.062936,49.877736]}},{"type":"Feature","properties":{"lines":"56, 58, 59, 62, 63","arr":["А56","А58","А59","А62","А63"],"mode":"bus","angle":69.5,"extra":1,"ei":2,"l0":"56, ","c0":"#4d4aba","l1":"58, ","c1":"#c17aef","l2":"59, ","c2":"#8e4604","l3":"62, ","c3":"#b0045c","l4":"63","c4":"#b59607"},"geometry":{"type":"Point","coordinates":[24.06191,49.879504]}},{"type":"Feature","properties":{"lines":"56, 58, 59, 62, 63","arr":["А56","А58","А59","А62","А63"],"mode":"bus","angle":-90,"extra":1,"ei":0,"l0":"56, ","c0":"#4d4aba","l1":"58, ","c1":"#c17aef","l2":"59, ","c2":"#8e4604","l3":"62, ","c3":"#b0045c","l4":"63","c4":"#b59607"},"geometry":{"type":"Point","coordinates":[24.059359,49.887077]}},{"type":"Feature","properties":{"lines":"56, 58, 59, 62, 63","arr":["А56","А58","А59","А62","А63"],"mode":"bus","angle":90,"extra":1,"ei":1,"l0":"56, ","c0":"#4d4aba","l1":"58, ","c1":"#c17aef","l2":"59, ","c2":"#8e4604","l3":"62, ","c3":"#b0045c","l4":"63","c4":"#b59607"},"geometry":{"type":"Point","coordinates":[24.059347,49.888966]}},{"type":"Feature","properties":{"lines":"56, 58, 59, 62, 63","arr":["А56","А58","А59","А62","А63"],"mode":"bus","angle":81.1,"extra":1,"ei":2,"l0":"56, ","c0":"#4d4aba","l1":"58, ","c1":"#c17aef","l2":"59, ","c2":"#8e4604","l3":"62, ","c3":"#b0045c","l4":"63","c4":"#b59607"},"geometry":{"type":"Point","coordinates":[24.059175,49.890847]}},{"type":"Feature","properties":{"lines":"56, 58, 59, 62, 63","arr":["А56","А58","А59","А62","А63"],"mode":"bus","angle":80.7,"extra":1,"ei":3,"l0":"56, ","c0":"#4d4aba","l1":"58, ","c1":"#c17aef","l2":"59, ","c2":"#8e4604","l3":"62, ","c3":"#b0045c","l4":"63","c4":"#b59607"},"geometry":{"type":"Point","coordinates":[24.058701,49.892711]}},{"type":"Feature","properties":{"lines":"56, 58, 59, 62, 63","arr":["А56","А58","А59","А62","А63"],"mode":"bus","angle":80.7,"extra":1,"ei":4,"l0":"56, ","c0":"#4d4aba","l1":"58, ","c1":"#c17aef","l2":"59, ","c2":"#8e4604","l3":"62, ","c3":"#b0045c","l4":"63","c4":"#b59607"},"geometry":{"type":"Point","coordinates":[24.058228,49.894575]}},{"type":"Feature","properties":{"lines":"56, 58, 59, 62, 63","arr":["А56","А58","А59","А62","А63"],"mode":"bus","angle":80.7,"extra":1,"ei":5,"l0":"56, ","c0":"#4d4aba","l1":"58, ","c1":"#c17aef","l2":"59, ","c2":"#8e4604","l3":"62, ","c3":"#b0045c","l4":"63","c4":"#b59607"},"geometry":{"type":"Point","coordinates":[24.057754,49.896438]}},{"type":"Feature","properties":{"lines":"56, 58, 59, 62, 63","arr":["А56","А58","А59","А62","А63"],"mode":"bus","angle":79.8,"extra":1,"ei":6,"l0":"56, ","c0":"#4d4aba","l1":"58, ","c1":"#c17aef","l2":"59, ","c2":"#8e4604","l3":"62, ","c3":"#b0045c","l4":"63","c4":"#b59607"},"geometry":{"type":"Point","coordinates":[24.056771,49.900162]}},{"type":"Feature","properties":{"lines":"56, 58, 59, 62, 63","arr":["А56","А58","А59","А62","А63"],"mode":"bus","angle":79.9,"extra":1,"ei":7,"l0":"56, ","c0":"#4d4aba","l1":"58, ","c1":"#c17aef","l2":"59, ","c2":"#8e4604","l3":"62, ","c3":"#b0045c","l4":"63","c4":"#b59607"},"geometry":{"type":"Point","coordinates":[24.05625,49.90202]}},{"type":"Feature","properties":{"lines":"56, 58, 59, 62, 63","arr":["А56","А58","А59","А62","А63"],"mode":"bus","angle":80.6,"extra":1,"ei":8,"l0":"56, ","c0":"#4d4aba","l1":"58, ","c1":"#c17aef","l2":"59, ","c2":"#8e4604","l3":"62, ","c3":"#b0045c","l4":"63","c4":"#b59607"},"geometry":{"type":"Point","coordinates":[24.055766,49.903883]}},{"type":"Feature","properties":{"lines":"56, 58, 59, 62, 63","arr":["А56","А58","А59","А62","А63"],"mode":"bus","angle":80.6,"extra":1,"ei":9,"l0":"56, ","c0":"#4d4aba","l1":"58, ","c1":"#c17aef","l2":"59, ","c2":"#8e4604","l3":"62, ","c3":"#b0045c","l4":"63","c4":"#b59607"},"geometry":{"type":"Point","coordinates":[24.055286,49.905746]}},{"type":"Feature","properties":{"lines":"56, 58, 59, 62, 63","arr":["А56","А58","А59","А62","А63"],"mode":"bus","angle":80.6,"extra":1,"ei":10,"l0":"56, ","c0":"#4d4aba","l1":"58, ","c1":"#c17aef","l2":"59, ","c2":"#8e4604","l3":"62, ","c3":"#b0045c","l4":"63","c4":"#b59607"},"geometry":{"type":"Point","coordinates":[24.054806,49.907609]}},{"type":"Feature","properties":{"lines":"56, 58, 59, 62, 63","arr":["А56","А58","А59","А62","А63"],"mode":"bus","angle":81,"extra":1,"ei":11,"l0":"56, ","c0":"#4d4aba","l1":"58, ","c1":"#c17aef","l2":"59, ","c2":"#8e4604","l3":"62, ","c3":"#b0045c","l4":"63","c4":"#b59607"},"geometry":{"type":"Point","coordinates":[24.054329,49.909472]}},{"type":"Feature","properties":{"lines":"56, 58, 59, 62, 63","arr":["А56","А58","А59","А62","А63"],"mode":"bus","angle":80.5,"side":-1,"extra":1,"ei":12,"l0":"56, ","c0":"#4d4aba","l1":"58, ","c1":"#c17aef","l2":"59, ","c2":"#8e4604","l3":"62, ","c3":"#b0045c","l4":"63","c4":"#b59607"},"geometry":{"type":"Point","coordinates":[24.053866,49.911337]}},{"type":"Feature","properties":{"lines":"56, 58, 59, 62, 63","arr":["А56","А58","А59","А62","А63"],"mode":"bus","angle":69.2,"mi":1,"l0":"56, ","c0":"#4d4aba","l1":"58, ","c1":"#c17aef","l2":"59, ","c2":"#8e4604","l3":"62, ","c3":"#b0045c","l4":"63","c4":"#b59607"},"geometry":{"type":"Point","coordinates":[24.059888,49.882944]}},{"type":"Feature","properties":{"lines":"56, 58, 59, 62, 63","arr":["А56","А58","А59","А62","А63"],"mode":"bus","angle":69.5,"extra":1,"ei":0,"l0":"56, ","c0":"#4d4aba","l1":"58, ","c1":"#c17aef","l2":"59, ","c2":"#8e4604","l3":"62, ","c3":"#b0045c","l4":"63","c4":"#b59607"},"geometry":{"type":"Point","coordinates":[24.061153,49.880791]}},{"type":"Feature","properties":{"lines":"56, 58, 59, 62, 63","arr":["А56","А58","А59","А62","А63"],"mode":"bus","angle":87.2,"extra":1,"ei":1,"l0":"56, ","c0":"#4d4aba","l1":"58, ","c1":"#c17aef","l2":"59, ","c2":"#8e4604","l3":"62, ","c3":"#b0045c","l4":"63","c4":"#b59607"},"geometry":{"type":"Point","coordinates":[24.059316,49.884363]}},{"type":"Feature","properties":{"lines":"56, 80","arr":["А56","А80"],"mode":"bus","angle":8.6,"l0":"56, ","c0":"#4d4aba","l1":"80","c1":"#52ac3c"},"geometry":{"type":"Point","coordinates":[24.061939,49.91083]}},{"type":"Feature","properties":{"lines":"56, 80","arr":["А56","А80"],"mode":"bus","angle":6.9,"extra":1,"ei":0,"l0":"56, ","c0":"#4d4aba","l1":"80","c1":"#52ac3c"},"geometry":{"type":"Point","coordinates":[24.068225,49.9104]}},{"type":"Feature","properties":{"lines":"56, 80","arr":["А56","А80"],"mode":"bus","angle":2.1,"extra":1,"ei":1,"l0":"56, ","c0":"#4d4aba","l1":"80","c1":"#52ac3c"},"geometry":{"type":"Point","coordinates":[24.065336,49.910704]}},{"type":"Feature","properties":{"lines":"56, 80","arr":["А56","А80"],"mode":"bus","angle":7.2,"extra":1,"ei":2,"l0":"56, ","c0":"#4d4aba","l1":"80","c1":"#52ac3c"},"geometry":{"type":"Point","coordinates":[24.059517,49.911029]}},{"type":"Feature","properties":{"lines":"56, 80","arr":["А56","А80"],"mode":"bus","angle":5.6,"extra":1,"ei":3,"l0":"56, ","c0":"#4d4aba","l1":"80","c1":"#52ac3c"},"geometry":{"type":"Point","coordinates":[24.056622,49.911316]}},{"type":"Feature","properties":{"lines":"56, 80","arr":["А56","А80"],"mode":"bus","angle":5.8,"mi":2,"l0":"56, ","c0":"#4d4aba","l1":"80","c1":"#52ac3c"},"geometry":{"type":"Point","coordinates":[24.076609,49.908759]}},{"type":"Feature","properties":{"lines":"56, 80","arr":["А56","А80"],"mode":"bus","angle":8.5,"extra":1,"ei":0,"l0":"56, ","c0":"#4d4aba","l1":"80","c1":"#52ac3c"},"geometry":{"type":"Point","coordinates":[24.082571,49.908214]}},{"type":"Feature","properties":{"lines":"56, 80","arr":["А56","А80"],"mode":"bus","angle":11.8,"extra":1,"ei":1,"l0":"56, ","c0":"#4d4aba","l1":"80","c1":"#52ac3c"},"geometry":{"type":"Point","coordinates":[24.079691,49.908547]}},{"type":"Feature","properties":{"lines":"56, 80","arr":["А56","А80"],"mode":"bus","angle":16.8,"extra":1,"ei":2,"l0":"56, ","c0":"#4d4aba","l1":"80","c1":"#52ac3c"},"geometry":{"type":"Point","coordinates":[24.074306,49.909628]}},{"type":"Feature","properties":{"lines":"56, 80","arr":["А56","А80"],"mode":"bus","angle":12.5,"extra":1,"ei":3,"l0":"56, ","c0":"#4d4aba","l1":"80","c1":"#52ac3c"},"geometry":{"type":"Point","coordinates":[24.071463,49.910083]}},{"type":"Feature","properties":{"lines":"56, 80","arr":["А56","А80"],"mode":"bus","angle":-86.9,"l0":"56, ","c0":"#4d4aba","l1":"80","c1":"#52ac3c"},"geometry":{"type":"Point","coordinates":[24.08382,49.906443]}},{"type":"Feature","properties":{"lines":"56, 80","arr":["А56","А80"],"mode":"bus","angle":-87.1,"side":-1,"extra":1,"ei":0,"l0":"56, ","c0":"#4d4aba","l1":"80","c1":"#52ac3c"},"geometry":{"type":"Point","coordinates":[24.083935,49.907799]}},{"type":"Feature","properties":{"lines":"56, 80","arr":["А56","А80"],"mode":"bus","angle":13.6,"mi":1,"l0":"56, ","c0":"#4d4aba","l1":"80","c1":"#52ac3c"},"geometry":{"type":"Point","coordinates":[24.08533,49.904778]}},{"type":"Feature","properties":{"lines":"56, 62, 63","arr":["А56","А62","А63"],"mode":"bus","angle":-89.9,"l0":"56, ","c0":"#4d4aba","l1":"62, ","c1":"#b0045c","l2":"63","c2":"#b59607"},"geometry":{"type":"Point","coordinates":[24.062967,49.877054]}},{"type":"Feature","properties":{"lines":"57","arr":["А57"],"mode":"bus","angle":12.1,"l0":"57","c0":"#b59607"},"geometry":{"type":"Point","coordinates":[24.018792,49.794112]}},{"type":"Feature","properties":{"lines":"57","arr":["А57"],"mode":"bus","angle":5.8,"extra":1,"ei":0,"l0":"57","c0":"#b59607"},"geometry":{"type":"Point","coordinates":[24.016857,49.794191]}},{"type":"Feature","properties":{"lines":"58, 59, 63","arr":["А58","А59","А63"],"mode":"bus","angle":2.1,"l0":"58, ","c0":"#c17aef","l1":"59, ","c1":"#8e4604","l2":"63","c2":"#b59607"},"geometry":{"type":"Point","coordinates":[24.022887,49.850493]}},{"type":"Feature","properties":{"lines":"58, 59, 63","arr":["А58","А59","А63"],"mode":"bus","angle":88.4,"l0":"58, ","c0":"#c17aef","l1":"59, ","c1":"#8e4604","l2":"63","c2":"#b59607"},"geometry":{"type":"Point","coordinates":[24.053193,49.922336]}},{"type":"Feature","properties":{"lines":"58, 59, 63","arr":["А58","А59","А63"],"mode":"bus","angle":83.6,"extra":1,"ei":0,"l0":"58, ","c0":"#c17aef","l1":"59, ","c1":"#8e4604","l2":"63","c2":"#b59607"},"geometry":{"type":"Point","coordinates":[24.053631,49.912282]}},{"type":"Feature","properties":{"lines":"58, 59, 63","arr":["А58","А59","А63"],"mode":"bus","angle":88.6,"extra":1,"ei":1,"l0":"58, ","c0":"#c17aef","l1":"59, ","c1":"#8e4604","l2":"63","c2":"#b59607"},"geometry":{"type":"Point","coordinates":[24.053487,49.914167]}},{"type":"Feature","properties":{"lines":"58, 59, 63","arr":["А58","А59","А63"],"mode":"bus","angle":88.8,"extra":1,"ei":2,"l0":"58, ","c0":"#c17aef","l1":"59, ","c1":"#8e4604","l2":"63","c2":"#b59607"},"geometry":{"type":"Point","coordinates":[24.053424,49.916055]}},{"type":"Feature","properties":{"lines":"58, 59, 63","arr":["А58","А59","А63"],"mode":"bus","angle":88.8,"extra":1,"ei":3,"l0":"58, ","c0":"#c17aef","l1":"59, ","c1":"#8e4604","l2":"63","c2":"#b59607"},"geometry":{"type":"Point","coordinates":[24.053361,49.917943]}},{"type":"Feature","properties":{"lines":"58, 59, 63","arr":["А58","А59","А63"],"mode":"bus","angle":88.8,"extra":1,"ei":4,"l0":"58, ","c0":"#c17aef","l1":"59, ","c1":"#8e4604","l2":"63","c2":"#b59607"},"geometry":{"type":"Point","coordinates":[24.053299,49.919832]}},{"type":"Feature","properties":{"lines":"58, 59, 63","arr":["А58","А59","А63"],"mode":"bus","angle":88.3,"extra":1,"ei":5,"l0":"58, ","c0":"#c17aef","l1":"59, ","c1":"#8e4604","l2":"63","c2":"#b59607"},"geometry":{"type":"Point","coordinates":[24.053152,49.923607]}},{"type":"Feature","properties":{"lines":"58, 59, 63","arr":["А58","А59","А63"],"mode":"bus","angle":88.3,"extra":1,"ei":6,"l0":"58, ","c0":"#c17aef","l1":"59, ","c1":"#8e4604","l2":"63","c2":"#b59607"},"geometry":{"type":"Point","coordinates":[24.053067,49.925495]}},{"type":"Feature","properties":{"lines":"58, 59, 63","arr":["А58","А59","А63"],"mode":"bus","angle":89.3,"extra":1,"ei":7,"l0":"58, ","c0":"#c17aef","l1":"59, ","c1":"#8e4604","l2":"63","c2":"#b59607"},"geometry":{"type":"Point","coordinates":[24.052998,49.927383]}},{"type":"Feature","properties":{"lines":"58, 59, 63","arr":["А58","А59","А63"],"mode":"bus","angle":76.3,"extra":1,"ei":8,"l0":"58, ","c0":"#c17aef","l1":"59, ","c1":"#8e4604","l2":"63","c2":"#b59607"},"geometry":{"type":"Point","coordinates":[24.052836,49.929265]}},{"type":"Feature","properties":{"lines":"58, 59, 63","arr":["А58","А59","А63"],"mode":"bus","angle":67.6,"extra":1,"ei":9,"l0":"58, ","c0":"#c17aef","l1":"59, ","c1":"#8e4604","l2":"63","c2":"#b59607"},"geometry":{"type":"Point","coordinates":[24.05177,49.931023]}},{"type":"Feature","properties":{"lines":"58, 59, 63","arr":["А58","А59","А63"],"mode":"bus","angle":89.3,"extra":1,"ei":10,"l0":"58, ","c0":"#c17aef","l1":"59, ","c1":"#8e4604","l2":"63","c2":"#b59607"},"geometry":{"type":"Point","coordinates":[24.051222,49.932861]}},{"type":"Feature","properties":{"lines":"58, 59","arr":["А58","А59"],"mode":"bus","angle":-80,"mi":2,"l0":"58, ","c0":"#c17aef","l1":"59","c1":"#8e4604"},"geometry":{"type":"Point","coordinates":[24.053002,49.939966]}},{"type":"Feature","properties":{"lines":"58, 59","arr":["А58","А59"],"mode":"bus","angle":-81.9,"extra":1,"ei":0,"l0":"58, ","c0":"#c17aef","l1":"59","c1":"#8e4604"},"geometry":{"type":"Point","coordinates":[24.051371,49.934089]}},{"type":"Feature","properties":{"lines":"58, 59","arr":["А58","А59"],"mode":"bus","angle":-80.3,"extra":1,"ei":1,"l0":"58, ","c0":"#c17aef","l1":"59","c1":"#8e4604"},"geometry":{"type":"Point","coordinates":[24.051865,49.935951]}},{"type":"Feature","properties":{"lines":"58, 59","arr":["А58","А59"],"mode":"bus","angle":-78.7,"extra":1,"ei":2,"l0":"58, ","c0":"#c17aef","l1":"59","c1":"#8e4604"},"geometry":{"type":"Point","coordinates":[24.052377,49.93781]}},{"type":"Feature","properties":{"lines":"58, 59","arr":["А58","А59"],"mode":"bus","angle":-79.6,"extra":1,"ei":3,"l0":"58, ","c0":"#c17aef","l1":"59","c1":"#8e4604"},"geometry":{"type":"Point","coordinates":[24.053443,49.941524]}},{"type":"Feature","properties":{"lines":"58, 59","arr":["А58","А59"],"mode":"bus","angle":-80.1,"extra":1,"ei":4,"l0":"58, ","c0":"#c17aef","l1":"59","c1":"#8e4604"},"geometry":{"type":"Point","coordinates":[24.053958,49.943383]}},{"type":"Feature","properties":{"lines":"58, 59","arr":["А58","А59"],"mode":"bus","angle":-80.9,"extra":1,"ei":5,"l0":"58, ","c0":"#c17aef","l1":"59","c1":"#8e4604"},"geometry":{"type":"Point","coordinates":[24.054441,49.945246]}},{"type":"Feature","properties":{"lines":"58, 59","arr":["А58","А59"],"mode":"bus","angle":-83.3,"mi":1,"l0":"58, ","c0":"#c17aef","l1":"59","c1":"#8e4604"},"geometry":{"type":"Point","coordinates":[24.054796,49.947103]}},{"type":"Feature","properties":{"lines":"58, 59","arr":["А58","А59"],"mode":"bus","angle":9.3,"l0":"58, ","c0":"#c17aef","l1":"59","c1":"#8e4604"},"geometry":{"type":"Point","coordinates":[24.052774,49.94771]}},{"type":"Feature","properties":{"lines":"58, 59","arr":["А58","А59"],"mode":"bus","angle":17.3,"mi":3,"l0":"58, ","c0":"#c17aef","l1":"59","c1":"#8e4604"},"geometry":{"type":"Point","coordinates":[24.039984,49.949502]}},{"type":"Feature","properties":{"lines":"58, 59","arr":["А58","А59"],"mode":"bus","angle":17.5,"extra":1,"ei":0,"l0":"58, ","c0":"#c17aef","l1":"59","c1":"#8e4604"},"geometry":{"type":"Point","coordinates":[24.03092,49.951341]}},{"type":"Feature","properties":{"lines":"58, 59","arr":["А58","А59"],"mode":"bus","angle":17.5,"extra":1,"ei":1,"l0":"58, ","c0":"#c17aef","l1":"59","c1":"#8e4604"},"geometry":{"type":"Point","coordinates":[24.033714,49.950772]}},{"type":"Feature","properties":{"lines":"58, 59","arr":["А58","А59"],"mode":"bus","angle":17.5,"extra":1,"ei":2,"l0":"58, ","c0":"#c17aef","l1":"59","c1":"#8e4604"},"geometry":{"type":"Point","coordinates":[24.036508,49.950204]}},{"type":"Feature","properties":{"lines":"58, 59","arr":["А58","А59"],"mode":"bus","angle":12.1,"extra":1,"ei":3,"l0":"58, ","c0":"#c17aef","l1":"59","c1":"#8e4604"},"geometry":{"type":"Point","coordinates":[24.042122,49.949128]}},{"type":"Feature","properties":{"lines":"58, 59","arr":["А58","А59"],"mode":"bus","angle":12,"extra":1,"ei":4,"l0":"58, ","c0":"#c17aef","l1":"59","c1":"#8e4604"},"geometry":{"type":"Point","coordinates":[24.044988,49.948734]}},{"type":"Feature","properties":{"lines":"58, 59","arr":["А58","А59"],"mode":"bus","angle":12,"extra":1,"ei":5,"l0":"58, ","c0":"#c17aef","l1":"59","c1":"#8e4604"},"geometry":{"type":"Point","coordinates":[24.047853,49.94834]}},{"type":"Feature","properties":{"lines":"58, 59","arr":["А58","А59"],"mode":"bus","angle":1.7,"l0":"58, ","c0":"#c17aef","l1":"59","c1":"#8e4604"},"geometry":{"type":"Point","coordinates":[24.010179,49.95459]}},{"type":"Feature","properties":{"lines":"58, 59","arr":["А58","А59"],"mode":"bus","angle":17.5,"extra":1,"ei":0,"l0":"58, ","c0":"#c17aef","l1":"59","c1":"#8e4604"},"geometry":{"type":"Point","coordinates":[24.028126,49.951909]}},{"type":"Feature","properties":{"lines":"58, 59","arr":["А58","А59"],"mode":"bus","angle":17.5,"extra":1,"ei":1,"l0":"58, ","c0":"#c17aef","l1":"59","c1":"#8e4604"},"geometry":{"type":"Point","coordinates":[24.025332,49.952478]}},{"type":"Feature","properties":{"lines":"58, 59","arr":["А58","А59"],"mode":"bus","angle":17.5,"extra":1,"ei":2,"l0":"58, ","c0":"#c17aef","l1":"59","c1":"#8e4604"},"geometry":{"type":"Point","coordinates":[24.022539,49.953047]}},{"type":"Feature","properties":{"lines":"58, 59","arr":["А58","А59"],"mode":"bus","angle":17,"extra":1,"ei":3,"l0":"58, ","c0":"#c17aef","l1":"59","c1":"#8e4604"},"geometry":{"type":"Point","coordinates":[24.019737,49.9536]}},{"type":"Feature","properties":{"lines":"58, 59","arr":["А58","А59"],"mode":"bus","angle":15.8,"extra":1,"ei":4,"l0":"58, ","c0":"#c17aef","l1":"59","c1":"#8e4604"},"geometry":{"type":"Point","coordinates":[24.016934,49.95415]}},{"type":"Feature","properties":{"lines":"58, 59","arr":["А58","А59"],"mode":"bus","angle":2.2,"extra":1,"ei":5,"l0":"58, ","c0":"#c17aef","l1":"59","c1":"#8e4604"},"geometry":{"type":"Point","coordinates":[24.014082,49.95455]}},{"type":"Feature","properties":{"lines":"58, 59","arr":["А58","А59"],"mode":"bus","angle":8.1,"extra":1,"ei":6,"l0":"58, ","c0":"#c17aef","l1":"59","c1":"#8e4604"},"geometry":{"type":"Point","coordinates":[24.008249,49.954768]}},{"type":"Feature","properties":{"lines":"58, 59","arr":["А58","А59"],"mode":"bus","angle":15.7,"extra":1,"ei":7,"l0":"58, ","c0":"#c17aef","l1":"59","c1":"#8e4604"},"geometry":{"type":"Point","coordinates":[24.005386,49.955049]}},{"type":"Feature","properties":{"lines":"58, 59","arr":["А58","А59"],"mode":"bus","angle":-16,"extra":1,"ei":8,"l0":"58, ","c0":"#c17aef","l1":"59","c1":"#8e4604"},"geometry":{"type":"Point","coordinates":[24.002521,49.95488]}},{"type":"Feature","properties":{"lines":"58, 59","arr":["А58","А59"],"mode":"bus","angle":-6.3,"extra":1,"ei":9,"l0":"58, ","c0":"#c17aef","l1":"59","c1":"#8e4604"},"geometry":{"type":"Point","coordinates":[23.999637,49.95457]}},{"type":"Feature","properties":{"lines":"58, 59","arr":["А58","А59"],"mode":"bus","angle":-0.9,"extra":1,"ei":10,"l0":"58, ","c0":"#c17aef","l1":"59","c1":"#8e4604"},"geometry":{"type":"Point","coordinates":[23.996721,49.954387]}},{"type":"Feature","properties":{"lines":"58, 59","arr":["А58","А59"],"mode":"bus","angle":14.6,"extra":1,"ei":11,"l0":"58, ","c0":"#c17aef","l1":"59","c1":"#8e4604"},"geometry":{"type":"Point","coordinates":[23.993828,49.954657]}},{"type":"Feature","properties":{"lines":"58, 59","arr":["А58","А59"],"mode":"bus","angle":11.7,"extra":1,"ei":12,"l0":"58, ","c0":"#c17aef","l1":"59","c1":"#8e4604"},"geometry":{"type":"Point","coordinates":[23.990987,49.955116]}},{"type":"Feature","properties":{"lines":"58","arr":["А58"],"mode":"bus","angle":-89,"mi":1,"l0":"58","c0":"#c17aef"},"geometry":{"type":"Point","coordinates":[23.996679,49.953155]}},{"type":"Feature","properties":{"lines":"58","arr":["А58"],"mode":"bus","angle":-14.8,"l0":"58","c0":"#c17aef"},"geometry":{"type":"Point","coordinates":[23.991411,49.950332]}},{"type":"Feature","properties":{"lines":"58","arr":["А58"],"mode":"bus","angle":-34.5,"extra":1,"ei":0,"l0":"58","c0":"#c17aef"},"geometry":{"type":"Point","coordinates":[23.995832,49.951168]}},{"type":"Feature","properties":{"lines":"58","arr":["А58"],"mode":"bus","angle":-84.7,"extra":1,"ei":1,"l0":"58","c0":"#c17aef"},"geometry":{"type":"Point","coordinates":[23.9895,49.948243]}},{"type":"Feature","properties":{"lines":"58","arr":["А58"],"mode":"bus","angle":13.4,"l0":"58","c0":"#c17aef"},"geometry":{"type":"Point","coordinates":[23.978789,49.945969]}},{"type":"Feature","properties":{"lines":"58","arr":["А58"],"mode":"bus","angle":-66,"extra":1,"ei":0,"l0":"58","c0":"#c17aef"},"geometry":{"type":"Point","coordinates":[23.988988,49.946101]}},{"type":"Feature","properties":{"lines":"58","arr":["А58"],"mode":"bus","angle":-8,"extra":1,"ei":1,"l0":"58","c0":"#c17aef"},"geometry":{"type":"Point","coordinates":[23.987008,49.944885]}},{"type":"Feature","properties":{"lines":"58","arr":["А58"],"mode":"bus","angle":23.6,"extra":1,"ei":2,"l0":"58","c0":"#c17aef"},"geometry":{"type":"Point","coordinates":[23.984172,49.945082]}},{"type":"Feature","properties":{"lines":"58","arr":["А58"],"mode":"bus","angle":13.4,"extra":1,"ei":3,"l0":"58","c0":"#c17aef"},"geometry":{"type":"Point","coordinates":[23.981359,49.945587]}},{"type":"Feature","properties":{"lines":"58","arr":["А58"],"mode":"bus","angle":-8.3,"extra":1,"ei":4,"l0":"58","c0":"#c17aef"},"geometry":{"type":"Point","coordinates":[23.975633,49.946266]}},{"type":"Feature","properties":{"lines":"58","arr":["А58"],"mode":"bus","angle":-7.8,"extra":1,"ei":5,"l0":"58","c0":"#c17aef"},"geometry":{"type":"Point","coordinates":[23.972727,49.946031]}},{"type":"Feature","properties":{"lines":"58","arr":["А58"],"mode":"bus","angle":-3.5,"extra":1,"ei":6,"l0":"58","c0":"#c17aef"},"geometry":{"type":"Point","coordinates":[23.969821,49.945794]}},{"type":"Feature","properties":{"lines":"58","arr":["А58"],"mode":"bus","angle":-3.5,"extra":1,"ei":7,"l0":"58","c0":"#c17aef"},"geometry":{"type":"Point","coordinates":[23.966897,49.945681]}},{"type":"Feature","properties":{"lines":"58, 59, 62","arr":["А58","А59","А62"],"mode":"bus","angle":81,"mi":1,"l0":"58, ","c0":"#c17aef","l1":"59, ","c1":"#8e4604","l2":"62","c2":"#b0045c"},"geometry":{"type":"Point","coordinates":[24.062543,49.875262]}},{"type":"Feature","properties":{"lines":"58, 59, 62","arr":["А58","А59","А62"],"mode":"bus","angle":-16,"side":-1,"l0":"58, ","c0":"#c17aef","l1":"59, ","c1":"#8e4604","l2":"62","c2":"#b0045c"},"geometry":{"type":"Point","coordinates":[24.061761,49.874287]}},{"type":"Feature","properties":{"lines":"59","arr":["А59"],"mode":"bus","angle":73.7,"l0":"59","c0":"#8e4604"},"geometry":{"type":"Point","coordinates":[24.009023,49.971357]}},{"type":"Feature","properties":{"lines":"59","arr":["А59"],"mode":"bus","angle":-83.7,"extra":1,"ei":0,"l0":"59","c0":"#8e4604"},"geometry":{"type":"Point","coordinates":[24.008269,49.955726]}},{"type":"Feature","properties":{"lines":"59","arr":["А59"],"mode":"bus","angle":-82.4,"extra":1,"ei":1,"l0":"59","c0":"#8e4604"},"geometry":{"type":"Point","coordinates":[24.008585,49.957602]}},{"type":"Feature","properties":{"lines":"59","arr":["А59"],"mode":"bus","angle":-83.7,"extra":1,"ei":2,"l0":"59","c0":"#8e4604"},"geometry":{"type":"Point","coordinates":[24.008952,49.959476]}},{"type":"Feature","properties":{"lines":"59","arr":["А59"],"mode":"bus","angle":-72.5,"extra":1,"ei":3,"l0":"59","c0":"#8e4604"},"geometry":{"type":"Point","coordinates":[24.009426,49.961334]}},{"type":"Feature","properties":{"lines":"59","arr":["А59"],"mode":"bus","angle":-84.7,"extra":1,"ei":4,"l0":"59","c0":"#8e4604"},"geometry":{"type":"Point","coordinates":[24.00985,49.963197]}},{"type":"Feature","properties":{"lines":"59","arr":["А59"],"mode":"bus","angle":-86.4,"extra":1,"ei":5,"l0":"59","c0":"#8e4604"},"geometry":{"type":"Point","coordinates":[24.010089,49.965079]}},{"type":"Feature","properties":{"lines":"59","arr":["А59"],"mode":"bus","angle":-86.4,"extra":1,"ei":6,"l0":"59","c0":"#8e4604"},"geometry":{"type":"Point","coordinates":[24.010275,49.966963]}},{"type":"Feature","properties":{"lines":"59","arr":["А59"],"mode":"bus","angle":75.8,"extra":1,"ei":7,"l0":"59","c0":"#8e4604"},"geometry":{"type":"Point","coordinates":[24.010012,49.968825]}},{"type":"Feature","properties":{"lines":"59","arr":["А59"],"mode":"bus","angle":63,"extra":1,"ei":8,"l0":"59","c0":"#8e4604"},"geometry":{"type":"Point","coordinates":[24.006968,49.974105]}},{"type":"Feature","properties":{"lines":"59","arr":["А59"],"mode":"bus","angle":-39.1,"extra":1,"ei":9,"l0":"59","c0":"#8e4604"},"geometry":{"type":"Point","coordinates":[24.005177,49.974834]}},{"type":"Feature","properties":{"lines":"59","arr":["А59"],"mode":"bus","angle":36.8,"extra":1,"ei":10,"l0":"59","c0":"#8e4604"},"geometry":{"type":"Point","coordinates":[24.002691,49.974093]}},{"type":"Feature","properties":{"lines":"59","arr":["А59"],"mode":"bus","angle":-31.9,"extra":1,"ei":11,"l0":"59","c0":"#8e4604"},"geometry":{"type":"Point","coordinates":[24.001001,49.97525]}},{"type":"Feature","properties":{"lines":"59","arr":["А59"],"mode":"bus","angle":-18.4,"extra":1,"ei":12,"l0":"59","c0":"#8e4604"},"geometry":{"type":"Point","coordinates":[23.998427,49.974379]}},{"type":"Feature","properties":{"lines":"59","arr":["А59"],"mode":"bus","angle":-12.6,"extra":1,"ei":13,"l0":"59","c0":"#8e4604"},"geometry":{"type":"Point","coordinates":[23.995682,49.973774]}},{"type":"Feature","properties":{"lines":"59","arr":["А59"],"mode":"bus","angle":-3.2,"extra":1,"ei":14,"l0":"59","c0":"#8e4604"},"geometry":{"type":"Point","coordinates":[23.992835,49.973362]}},{"type":"Feature","properties":{"lines":"59","arr":["А59"],"mode":"bus","angle":-7,"extra":1,"ei":15,"l0":"59","c0":"#8e4604"},"geometry":{"type":"Point","coordinates":[23.99004,49.972856]}},{"type":"Feature","properties":{"lines":"59","arr":["А59"],"mode":"bus","angle":-3.2,"l0":"59","c0":"#8e4604"},"geometry":{"type":"Point","coordinates":[23.981881,49.972369]}},{"type":"Feature","properties":{"lines":"59","arr":["А59"],"mode":"bus","angle":-17.7,"extra":1,"ei":0,"l0":"59","c0":"#8e4604"},"geometry":{"type":"Point","coordinates":[23.975941,49.971974]}},{"type":"Feature","properties":{"lines":"59","arr":["А59"],"mode":"bus","angle":-7.4,"extra":1,"ei":1,"l0":"59","c0":"#8e4604"},"geometry":{"type":"Point","coordinates":[23.978833,49.972231]}},{"type":"Feature","properties":{"lines":"59","arr":["А59"],"mode":"bus","angle":-13.8,"extra":1,"ei":2,"l0":"59","c0":"#8e4604"},"geometry":{"type":"Point","coordinates":[23.984656,49.972557]}},{"type":"Feature","properties":{"lines":"59","arr":["А59"],"mode":"bus","angle":-3.2,"extra":1,"ei":3,"l0":"59","c0":"#8e4604"},"geometry":{"type":"Point","coordinates":[23.987545,49.972857]}},{"type":"Feature","properties":{"lines":"60","arr":["А60"],"mode":"bus","angle":0.3,"l0":"60","c0":"#03636c"},"geometry":{"type":"Point","coordinates":[24.127664,49.925593]}},{"type":"Feature","properties":{"lines":"60","arr":["А60"],"mode":"bus","angle":3.2,"extra":1,"ei":0,"l0":"60","c0":"#03636c"},"geometry":{"type":"Point","coordinates":[24.122117,49.926094]}},{"type":"Feature","properties":{"lines":"60","arr":["А60"],"mode":"bus","angle":12.9,"extra":1,"ei":1,"l0":"60","c0":"#03636c"},"geometry":{"type":"Point","coordinates":[24.125032,49.925958]}},{"type":"Feature","properties":{"lines":"60","arr":["А60"],"mode":"bus","angle":46.1,"extra":1,"ei":2,"l0":"60","c0":"#03636c"},"geometry":{"type":"Point","coordinates":[24.130716,49.925562]}},{"type":"Feature","properties":{"lines":"60","arr":["А60"],"mode":"bus","angle":67.6,"extra":1,"ei":3,"l0":"60","c0":"#03636c"},"geometry":{"type":"Point","coordinates":[24.132112,49.923914]}},{"type":"Feature","properties":{"lines":"60","arr":["А60"],"mode":"bus","angle":-6.7,"mi":2,"l0":"60","c0":"#03636c"},"geometry":{"type":"Point","coordinates":[24.141111,49.923012]}},{"type":"Feature","properties":{"lines":"60","arr":["А60"],"mode":"bus","angle":24.3,"extra":1,"ei":0,"l0":"60","c0":"#03636c"},"geometry":{"type":"Point","coordinates":[24.133894,49.922939]}},{"type":"Feature","properties":{"lines":"60","arr":["А60"],"mode":"bus","angle":-7.1,"extra":1,"ei":1,"l0":"60","c0":"#03636c"},"geometry":{"type":"Point","coordinates":[24.136742,49.922673]}},{"type":"Feature","properties":{"lines":"60","arr":["А60"],"mode":"bus","angle":-6.7,"extra":1,"ei":2,"l0":"60","c0":"#03636c"},"geometry":{"type":"Point","coordinates":[24.14547,49.923344]}},{"type":"Feature","properties":{"lines":"60","arr":["А60"],"mode":"bus","angle":-6.7,"extra":1,"ei":3,"l0":"60","c0":"#03636c"},"geometry":{"type":"Point","coordinates":[24.14838,49.923566]}},{"type":"Feature","properties":{"lines":"60","arr":["А60"],"mode":"bus","angle":-87.4,"l0":"60","c0":"#03636c"},"geometry":{"type":"Point","coordinates":[24.154309,49.920652]}},{"type":"Feature","properties":{"lines":"60","arr":["А60"],"mode":"bus","angle":23.8,"extra":1,"ei":0,"l0":"60","c0":"#03636c"},"geometry":{"type":"Point","coordinates":[24.151206,49.923332]}},{"type":"Feature","properties":{"lines":"60","arr":["А60"],"mode":"bus","angle":44.4,"extra":1,"ei":1,"l0":"60","c0":"#03636c"},"geometry":{"type":"Point","coordinates":[24.153823,49.922501]}},{"type":"Feature","properties":{"lines":"60","arr":["А60"],"mode":"bus","angle":-11.3,"extra":1,"ei":2,"l0":"60","c0":"#03636c"},"geometry":{"type":"Point","coordinates":[24.15611,49.919949]}},{"type":"Feature","properties":{"lines":"60","arr":["А60"],"mode":"bus","angle":3.2,"extra":1,"ei":3,"l0":"60","c0":"#03636c"},"geometry":{"type":"Point","coordinates":[24.158962,49.919711]}},{"type":"Feature","properties":{"lines":"60","arr":["А60"],"mode":"bus","angle":-71.8,"mi":1,"l0":"60","c0":"#03636c"},"geometry":{"type":"Point","coordinates":[24.157806,49.914272]}},{"type":"Feature","properties":{"lines":"60","arr":["А60"],"mode":"bus","angle":-71.4,"extra":1,"ei":0,"l0":"60","c0":"#03636c"},"geometry":{"type":"Point","coordinates":[24.160196,49.918804]}},{"type":"Feature","properties":{"lines":"60","arr":["А60"],"mode":"bus","angle":-71.2,"extra":1,"ei":1,"l0":"60","c0":"#03636c"},"geometry":{"type":"Point","coordinates":[24.159237,49.91702]}},{"type":"Feature","properties":{"lines":"60","arr":["А60"],"mode":"bus","angle":-71.4,"extra":1,"ei":2,"l0":"60","c0":"#03636c"},"geometry":{"type":"Point","coordinates":[24.156447,49.911648]}},{"type":"Feature","properties":{"lines":"60","arr":["А60"],"mode":"bus","angle":-71.8,"extra":1,"ei":3,"l0":"60","c0":"#03636c"},"geometry":{"type":"Point","coordinates":[24.155518,49.909856]}},{"type":"Feature","properties":{"lines":"60","arr":["А60"],"mode":"bus","angle":-32.8,"l0":"60","c0":"#03636c"},"geometry":{"type":"Point","coordinates":[24.148907,49.901541]}},{"type":"Feature","properties":{"lines":"60","arr":["А60"],"mode":"bus","angle":-71.5,"extra":1,"ei":0,"l0":"60","c0":"#03636c"},"geometry":{"type":"Point","coordinates":[24.154532,49.907939]}},{"type":"Feature","properties":{"lines":"60","arr":["А60"],"mode":"bus","angle":-71.5,"extra":1,"ei":1,"l0":"60","c0":"#03636c"},"geometry":{"type":"Point","coordinates":[24.153601,49.906148]}},{"type":"Feature","properties":{"lines":"60","arr":["А60"],"mode":"bus","angle":-71.6,"extra":1,"ei":2,"l0":"60","c0":"#03636c"},"geometry":{"type":"Point","coordinates":[24.152681,49.904355]}},{"type":"Feature","properties":{"lines":"60","arr":["А60"],"mode":"bus","angle":-43.8,"extra":1,"ei":3,"l0":"60","c0":"#03636c"},"geometry":{"type":"Point","coordinates":[24.15147,49.902659]}},{"type":"Feature","properties":{"lines":"60","arr":["А60"],"mode":"bus","angle":-32.8,"extra":1,"ei":4,"l0":"60","c0":"#03636c"},"geometry":{"type":"Point","coordinates":[24.146589,49.900573]}},{"type":"Feature","properties":{"lines":"60","arr":["А60"],"mode":"bus","angle":-32.8,"extra":1,"ei":5,"l0":"60","c0":"#03636c"},"geometry":{"type":"Point","coordinates":[24.144128,49.899547]}},{"type":"Feature","properties":{"lines":"60","arr":["А60"],"mode":"bus","angle":-32.9,"extra":1,"ei":6,"l0":"60","c0":"#03636c"},"geometry":{"type":"Point","coordinates":[24.141663,49.898527]}},{"type":"Feature","properties":{"lines":"60","arr":["А60"],"mode":"bus","angle":-32.9,"extra":1,"ei":7,"l0":"60","c0":"#03636c"},"geometry":{"type":"Point","coordinates":[24.139197,49.897506]}},{"type":"Feature","properties":{"lines":"60","arr":["А60"],"mode":"bus","angle":-25.9,"l0":"60","c0":"#03636c"},"geometry":{"type":"Point","coordinates":[24.129931,49.893762]}},{"type":"Feature","properties":{"lines":"60","arr":["А60"],"mode":"bus","angle":-31.8,"extra":1,"ei":0,"l0":"60","c0":"#03636c"},"geometry":{"type":"Point","coordinates":[24.136363,49.896344]}},{"type":"Feature","properties":{"lines":"60","arr":["А60"],"mode":"bus","angle":-32.4,"extra":1,"ei":1,"l0":"60","c0":"#03636c"},"geometry":{"type":"Point","coordinates":[24.133878,49.895344]}},{"type":"Feature","properties":{"lines":"60","arr":["А60"],"mode":"bus","angle":-13.6,"extra":1,"ei":2,"l0":"60","c0":"#03636c"},"geometry":{"type":"Point","coordinates":[24.125965,49.893013]}},{"type":"Feature","properties":{"lines":"60","arr":["А60"],"mode":"bus","angle":-13.7,"extra":1,"ei":3,"l0":"60","c0":"#03636c"},"geometry":{"type":"Point","coordinates":[24.123118,49.892565]}},{"type":"Feature","properties":{"lines":"60","arr":["А60"],"mode":"bus","angle":6.2,"l0":"60","c0":"#03636c"},"geometry":{"type":"Point","coordinates":[24.105099,49.891867]}},{"type":"Feature","properties":{"lines":"60","arr":["А60"],"mode":"bus","angle":-13.9,"extra":1,"ei":0,"l0":"60","c0":"#03636c"},"geometry":{"type":"Point","coordinates":[24.119779,49.892039]}},{"type":"Feature","properties":{"lines":"60","arr":["А60"],"mode":"bus","angle":-13.1,"extra":1,"ei":1,"l0":"60","c0":"#03636c"},"geometry":{"type":"Point","coordinates":[24.116933,49.89159]}},{"type":"Feature","properties":{"lines":"60","arr":["А60"],"mode":"bus","angle":-1.2,"extra":1,"ei":2,"l0":"60","c0":"#03636c"},"geometry":{"type":"Point","coordinates":[24.114048,49.891289]}},{"type":"Feature","properties":{"lines":"60","arr":["А60"],"mode":"bus","angle":6,"extra":1,"ei":3,"l0":"60","c0":"#03636c"},"geometry":{"type":"Point","coordinates":[24.11113,49.891442]}},{"type":"Feature","properties":{"lines":"60","arr":["А60"],"mode":"bus","angle":6.3,"extra":1,"ei":4,"l0":"60","c0":"#03636c"},"geometry":{"type":"Point","coordinates":[24.108218,49.891646]}},{"type":"Feature","properties":{"lines":"60","arr":["А60"],"mode":"bus","angle":6.5,"extra":1,"ei":5,"l0":"60","c0":"#03636c"},"geometry":{"type":"Point","coordinates":[24.102392,49.892054]}},{"type":"Feature","properties":{"lines":"60","arr":["А60"],"mode":"bus","angle":-1.6,"extra":1,"ei":6,"l0":"60","c0":"#03636c"},"geometry":{"type":"Point","coordinates":[24.099476,49.89223]}},{"type":"Feature","properties":{"lines":"60","arr":["А60"],"mode":"bus","angle":-25.1,"extra":1,"ei":7,"l0":"60","c0":"#03636c"},"geometry":{"type":"Point","coordinates":[24.096703,49.891668]}},{"type":"Feature","properties":{"lines":"60","arr":["А60"],"mode":"bus","angle":-25.2,"extra":1,"ei":8,"l0":"60","c0":"#03636c"},"geometry":{"type":"Point","coordinates":[24.094064,49.890847]}},{"type":"Feature","properties":{"lines":"60","arr":["А60"],"mode":"bus","angle":-24.7,"extra":1,"ei":9,"l0":"60","c0":"#03636c"},"geometry":{"type":"Point","coordinates":[24.091408,49.89005]}},{"type":"Feature","properties":{"lines":"61","arr":["А61"],"mode":"bus","angle":-2.1,"mi":9,"l0":"61","c0":"#126804"},"geometry":{"type":"Point","coordinates":[23.906169,49.873656]}},{"type":"Feature","properties":{"lines":"61","arr":["А61"],"mode":"bus","angle":6.7,"mi":10,"l0":"61","c0":"#126804"},"geometry":{"type":"Point","coordinates":[23.882161,49.875309]}},{"type":"Feature","properties":{"lines":"61","arr":["А61"],"mode":"bus","angle":-3.5,"mi":8,"l0":"61","c0":"#126804"},"geometry":{"type":"Point","coordinates":[23.900207,49.873429]}},{"type":"Feature","properties":{"lines":"61","arr":["А61"],"mode":"bus","angle":32.8,"mi":7,"l0":"61","c0":"#126804"},"geometry":{"type":"Point","coordinates":[23.891192,49.873755]}},{"type":"Feature","properties":{"lines":"61","arr":["А61"],"mode":"bus","angle":7,"extra":1,"ei":0,"l0":"61","c0":"#126804"},"geometry":{"type":"Point","coordinates":[23.874966,49.875888]}},{"type":"Feature","properties":{"lines":"61","arr":["А61"],"mode":"bus","angle":7,"extra":1,"ei":1,"l0":"61","c0":"#126804"},"geometry":{"type":"Point","coordinates":[23.877873,49.875656]}},{"type":"Feature","properties":{"lines":"61","arr":["А61"],"mode":"bus","angle":13,"extra":1,"ei":2,"l0":"61","c0":"#126804"},"geometry":{"type":"Point","coordinates":[23.886588,49.874927]}},{"type":"Feature","properties":{"lines":"61","arr":["А61"],"mode":"bus","angle":21.1,"extra":1,"ei":3,"l0":"61","c0":"#126804"},"geometry":{"type":"Point","coordinates":[23.88934,49.874287]}},{"type":"Feature","properties":{"lines":"61","arr":["А61"],"mode":"bus","angle":5.3,"extra":1,"ei":0,"l0":"61","c0":"#126804"},"geometry":{"type":"Point","coordinates":[23.915646,49.873473]}},{"type":"Feature","properties":{"lines":"61","arr":["А61"],"mode":"bus","angle":4.8,"extra":1,"ei":1,"l0":"61","c0":"#126804"},"geometry":{"type":"Point","coordinates":[23.912729,49.873647]}},{"type":"Feature","properties":{"lines":"61","arr":["А61"],"mode":"bus","angle":0.5,"extra":1,"ei":2,"l0":"61","c0":"#126804"},"geometry":{"type":"Point","coordinates":[23.909803,49.873731]}},{"type":"Feature","properties":{"lines":"61","arr":["А61"],"mode":"bus","angle":-4.8,"extra":1,"ei":3,"l0":"61","c0":"#126804"},"geometry":{"type":"Point","coordinates":[23.903949,49.873586]}},{"type":"Feature","properties":{"lines":"61","arr":["А61"],"mode":"bus","angle":-23.4,"extra":1,"ei":4,"l0":"61","c0":"#126804"},"geometry":{"type":"Point","coordinates":[23.898377,49.872517]}},{"type":"Feature","properties":{"lines":"61","arr":["А61"],"mode":"bus","angle":-73.8,"side":-1,"mi":6,"l0":"61","c0":"#126804"},"geometry":{"type":"Point","coordinates":[23.892858,49.873152]}},{"type":"Feature","properties":{"lines":"61","arr":["А61"],"mode":"bus","angle":21.2,"mi":1,"l0":"61","c0":"#126804"},"geometry":{"type":"Point","coordinates":[23.893992,49.873027]}},{"type":"Feature","properties":{"lines":"61","arr":["А61"],"mode":"bus","angle":2.7,"side":-1,"mi":4,"l0":"61","c0":"#126804"},"geometry":{"type":"Point","coordinates":[23.897315,49.873271]}},{"type":"Feature","properties":{"lines":"61","arr":["А61"],"mode":"bus","angle":16.6,"side":-1,"mi":5,"l0":"61","c0":"#126804"},"geometry":{"type":"Point","coordinates":[23.897549,49.873278]}},{"type":"Feature","properties":{"lines":"61","arr":["А61"],"mode":"bus","angle":4.3,"l0":"61","c0":"#126804"},"geometry":{"type":"Point","coordinates":[23.922809,49.873101]}},{"type":"Feature","properties":{"lines":"61","arr":["А61"],"mode":"bus","angle":4.8,"extra":1,"ei":0,"l0":"61","c0":"#126804"},"geometry":{"type":"Point","coordinates":[23.918565,49.873308]}},{"type":"Feature","properties":{"lines":"61","arr":["А61"],"mode":"bus","angle":4.5,"extra":1,"ei":1,"l0":"61","c0":"#126804"},"geometry":{"type":"Point","coordinates":[23.927329,49.872878]}},{"type":"Feature","properties":{"lines":"61","arr":["А61"],"mode":"bus","angle":7,"mi":1,"l0":"61","c0":"#126804"},"geometry":{"type":"Point","coordinates":[24.126093,49.84418]}},{"type":"Feature","properties":{"lines":"61","arr":["А61"],"mode":"bus","angle":-12.1,"extra":1,"ei":0,"l0":"61","c0":"#126804"},"geometry":{"type":"Point","coordinates":[24.119807,49.843585]}},{"type":"Feature","properties":{"lines":"61","arr":["А61"],"mode":"bus","angle":-11.6,"extra":1,"ei":1,"l0":"61","c0":"#126804"},"geometry":{"type":"Point","coordinates":[24.122677,49.843964]}},{"type":"Feature","properties":{"lines":"61","arr":["А61"],"mode":"bus","angle":16.9,"extra":1,"ei":2,"l0":"61","c0":"#126804"},"geometry":{"type":"Point","coordinates":[24.128434,49.843827]}},{"type":"Feature","properties":{"lines":"61","arr":["А61"],"mode":"bus","angle":17.8,"extra":1,"ei":3,"l0":"61","c0":"#126804"},"geometry":{"type":"Point","coordinates":[24.131201,49.843209]}},{"type":"Feature","properties":{"lines":"61","arr":["А61"],"mode":"bus","angle":-41.4,"l0":"61","c0":"#126804"},"geometry":{"type":"Point","coordinates":[24.13629,49.844213]}},{"type":"Feature","properties":{"lines":"61","arr":["А61"],"mode":"bus","angle":-26.9,"extra":1,"ei":0,"l0":"61","c0":"#126804"},"geometry":{"type":"Point","coordinates":[24.134508,49.843816]}},{"type":"Feature","properties":{"lines":"61","arr":["А61"],"mode":"bus","angle":15,"mi":2,"l0":"61","c0":"#126804"},"geometry":{"type":"Point","coordinates":[24.148642,49.844876]}},{"type":"Feature","properties":{"lines":"61","arr":["А61"],"mode":"bus","angle":16.8,"extra":1,"ei":0,"l0":"61","c0":"#126804"},"geometry":{"type":"Point","coordinates":[24.159046,49.84434]}},{"type":"Feature","properties":{"lines":"61","arr":["А61"],"mode":"bus","angle":7.4,"extra":1,"ei":1,"l0":"61","c0":"#126804"},"geometry":{"type":"Point","coordinates":[24.156269,49.844931]}},{"type":"Feature","properties":{"lines":"61","arr":["А61"],"mode":"bus","angle":-7.6,"extra":1,"ei":2,"l0":"61","c0":"#126804"},"geometry":{"type":"Point","coordinates":[24.153353,49.8448]}},{"type":"Feature","properties":{"lines":"61","arr":["А61"],"mode":"bus","angle":17,"extra":1,"ei":3,"l0":"61","c0":"#126804"},"geometry":{"type":"Point","coordinates":[24.144864,49.845781]}},{"type":"Feature","properties":{"lines":"61","arr":["А61"],"mode":"bus","angle":4.8,"extra":1,"ei":4,"l0":"61","c0":"#126804"},"geometry":{"type":"Point","coordinates":[24.142002,49.846158]}},{"type":"Feature","properties":{"lines":"61","arr":["А61"],"mode":"bus","angle":1.1,"extra":1,"ei":5,"l0":"61","c0":"#126804"},"geometry":{"type":"Point","coordinates":[24.139077,49.846257]}},{"type":"Feature","properties":{"lines":"62","arr":["А62"],"mode":"bus","angle":17,"mi":4,"l0":"62","c0":"#b0045c"},"geometry":{"type":"Point","coordinates":[24.053411,49.911361]}},{"type":"Feature","properties":{"lines":"62","arr":["А62"],"mode":"bus","angle":15.1,"mi":2,"l0":"62","c0":"#b0045c"},"geometry":{"type":"Point","coordinates":[24.047827,49.912217]}},{"type":"Feature","properties":{"lines":"62","arr":["А62"],"mode":"bus","angle":13,"extra":1,"ei":0,"l0":"62","c0":"#b0045c"},"geometry":{"type":"Point","coordinates":[24.051755,49.911974]}},{"type":"Feature","properties":{"lines":"62","arr":["А62"],"mode":"bus","angle":-3.4,"extra":1,"ei":1,"l0":"62","c0":"#b0045c"},"geometry":{"type":"Point","coordinates":[24.045973,49.912432]}},{"type":"Feature","properties":{"lines":"62","arr":["А62"],"mode":"bus","angle":-85.6,"extra":1,"ei":2,"l0":"62","c0":"#b0045c"},"geometry":{"type":"Point","coordinates":[24.044094,49.911728]}},{"type":"Feature","properties":{"lines":"62","arr":["А62"],"mode":"bus","angle":-2.5,"mi":1,"l0":"62","c0":"#b0045c"},"geometry":{"type":"Point","coordinates":[24.04182,49.912657]}},{"type":"Feature","properties":{"lines":"62","arr":["А62"],"mode":"bus","angle":4.8,"l0":"62","c0":"#b0045c"},"geometry":{"type":"Point","coordinates":[24.03048,49.912025]}},{"type":"Feature","properties":{"lines":"62","arr":["А62"],"mode":"bus","angle":-21.5,"extra":1,"ei":0,"l0":"62","c0":"#b0045c"},"geometry":{"type":"Point","coordinates":[24.037675,49.911652]}},{"type":"Feature","properties":{"lines":"62","arr":["А62"],"mode":"bus","angle":6.9,"extra":1,"ei":1,"l0":"62","c0":"#b0045c"},"geometry":{"type":"Point","coordinates":[24.034793,49.911781]}},{"type":"Feature","properties":{"lines":"62","arr":["А62"],"mode":"bus","angle":-0.4,"extra":1,"ei":2,"l0":"62","c0":"#b0045c"},"geometry":{"type":"Point","coordinates":[24.026031,49.912185]}},{"type":"Feature","properties":{"lines":"62","arr":["А62"],"mode":"bus","angle":-0.4,"extra":1,"ei":3,"l0":"62","c0":"#b0045c"},"geometry":{"type":"Point","coordinates":[24.023102,49.912179]}},{"type":"Feature","properties":{"lines":"62","arr":["А62"],"mode":"bus","angle":22.2,"mi":3,"l0":"62","c0":"#b0045c"},"geometry":{"type":"Point","coordinates":[24.018173,49.912391]}},{"type":"Feature","properties":{"lines":"62","arr":["А62"],"mode":"bus","angle":51.7,"extra":1,"ei":0,"l0":"62","c0":"#b0045c"},"geometry":{"type":"Point","coordinates":[24.016459,49.913226]}},{"type":"Feature","properties":{"lines":"62","arr":["А62"],"mode":"bus","angle":59.8,"mi":5,"l0":"62","c0":"#b0045c"},"geometry":{"type":"Point","coordinates":[24.014201,49.916188]}},{"type":"Feature","properties":{"lines":"62","arr":["А62"],"mode":"bus","angle":62.7,"extra":1,"ei":0,"l0":"62","c0":"#b0045c"},"geometry":{"type":"Point","coordinates":[24.012963,49.9174]}},{"type":"Feature","properties":{"lines":"62","arr":["А62"],"mode":"bus","angle":78.7,"extra":1,"ei":1,"l0":"62","c0":"#b0045c"},"geometry":{"type":"Point","coordinates":[24.015735,49.914104]}},{"type":"Feature","properties":{"lines":"62","arr":["А62"],"mode":"bus","angle":-15.1,"l0":"62","c0":"#b0045c"},"geometry":{"type":"Point","coordinates":[24.063948,49.877662]}},{"type":"Feature","properties":{"lines":"63","arr":["А63"],"mode":"bus","angle":7.7,"l0":"63","c0":"#b59607"},"geometry":{"type":"Point","coordinates":[24.04118,49.934336]}},{"type":"Feature","properties":{"lines":"63","arr":["А63"],"mode":"bus","angle":10.5,"extra":1,"ei":0,"l0":"63","c0":"#b59607"},"geometry":{"type":"Point","coordinates":[24.049785,49.933327]}},{"type":"Feature","properties":{"lines":"63","arr":["А63"],"mode":"bus","angle":11.3,"extra":1,"ei":1,"l0":"63","c0":"#b59607"},"geometry":{"type":"Point","coordinates":[24.046909,49.933687]}},{"type":"Feature","properties":{"lines":"63","arr":["А63"],"mode":"bus","angle":10.8,"extra":1,"ei":2,"l0":"63","c0":"#b59607"},"geometry":{"type":"Point","coordinates":[24.044038,49.934057]}},{"type":"Feature","properties":{"lines":"63","arr":["А63"],"mode":"bus","angle":7.4,"extra":1,"ei":3,"l0":"63","c0":"#b59607"},"geometry":{"type":"Point","coordinates":[24.038246,49.934597]}},{"type":"Feature","properties":{"lines":"63","arr":["А63"],"mode":"bus","angle":7.4,"extra":1,"ei":4,"l0":"63","c0":"#b59607"},"geometry":{"type":"Point","coordinates":[24.035348,49.93487]}},{"type":"Feature","properties":{"lines":"63","arr":["А63"],"mode":"bus","angle":3.1,"extra":1,"ei":5,"l0":"63","c0":"#b59607"},"geometry":{"type":"Point","coordinates":[24.032429,49.935025]}},{"type":"Feature","properties":{"lines":"63","arr":["А63"],"mode":"bus","angle":-12.2,"mi":1,"l0":"63","c0":"#b59607"},"geometry":{"type":"Point","coordinates":[24.024998,49.935193]}},{"type":"Feature","properties":{"lines":"63","arr":["А63"],"mode":"bus","angle":-12.3,"extra":1,"ei":0,"l0":"63","c0":"#b59607"},"geometry":{"type":"Point","coordinates":[24.021689,49.933266]}},{"type":"Feature","properties":{"lines":"63","arr":["А63"],"mode":"bus","angle":2.4,"extra":1,"ei":1,"l0":"63","c0":"#b59607"},"geometry":{"type":"Point","coordinates":[24.029205,49.935148]}},{"type":"Feature","properties":{"lines":"63","arr":["А63"],"mode":"bus","angle":-5.1,"l0":"63","c0":"#b59607"},"geometry":{"type":"Point","coordinates":[24.014163,49.932856]}},{"type":"Feature","properties":{"lines":"63","arr":["А63"],"mode":"bus","angle":-4.7,"extra":1,"ei":0,"l0":"63","c0":"#b59607"},"geometry":{"type":"Point","coordinates":[24.009555,49.932599]}},{"type":"Feature","properties":{"lines":"63","arr":["А63"],"mode":"bus","angle":-5.2,"extra":1,"ei":1,"l0":"63","c0":"#b59607"},"geometry":{"type":"Point","coordinates":[24.018313,49.933083]}},{"type":"Feature","properties":{"lines":"63","arr":["А63"],"mode":"bus","angle":-48.9,"mi":1,"l0":"63","c0":"#b59607"},"geometry":{"type":"Point","coordinates":[23.999987,49.928627]}},{"type":"Feature","properties":{"lines":"63","arr":["А63"],"mode":"bus","angle":-41.2,"extra":1,"ei":0,"l0":"63","c0":"#b59607"},"geometry":{"type":"Point","coordinates":[24.006865,49.932025]}},{"type":"Feature","properties":{"lines":"63","arr":["А63"],"mode":"bus","angle":-55.7,"extra":1,"ei":1,"l0":"63","c0":"#b59607"},"geometry":{"type":"Point","coordinates":[24.00574,49.930331]}},{"type":"Feature","properties":{"lines":"63","arr":["А63"],"mode":"bus","angle":-15.5,"extra":1,"ei":2,"l0":"63","c0":"#b59607"},"geometry":{"type":"Point","coordinates":[24.003344,49.929294]}},{"type":"Feature","properties":{"lines":"63","arr":["А63"],"mode":"bus","angle":0.1,"extra":1,"ei":3,"l0":"63","c0":"#b59607"},"geometry":{"type":"Point","coordinates":[23.998038,49.928218]}},{"type":"Feature","properties":{"lines":"63","arr":["А63"],"mode":"bus","angle":-6.9,"extra":1,"ei":4,"l0":"63","c0":"#b59607"},"geometry":{"type":"Point","coordinates":[23.995118,49.928077]}},{"type":"Feature","properties":{"lines":"63","arr":["А63"],"mode":"bus","angle":-6.5,"extra":1,"ei":5,"l0":"63","c0":"#b59607"},"geometry":{"type":"Point","coordinates":[23.992205,49.927873]}},{"type":"Feature","properties":{"lines":"63","arr":["А63"],"mode":"bus","angle":-19.2,"l0":"63","c0":"#b59607"},"geometry":{"type":"Point","coordinates":[23.988939,49.92754]}},{"type":"Feature","properties":{"lines":"67","arr":["А67"],"mode":"bus","angle":17.5,"l0":"67","c0":"#05617d"},"geometry":{"type":"Point","coordinates":[23.960072,49.872285]}},{"type":"Feature","properties":{"lines":"67","arr":["А67"],"mode":"bus","angle":-54.6,"extra":1,"ei":0,"l0":"67","c0":"#05617d"},"geometry":{"type":"Point","coordinates":[23.971168,49.860861]}},{"type":"Feature","properties":{"lines":"67","arr":["А67"],"mode":"bus","angle":58.5,"extra":1,"ei":1,"l0":"67","c0":"#05617d"},"geometry":{"type":"Point","coordinates":[23.970559,49.862485]}},{"type":"Feature","properties":{"lines":"67","arr":["А67"],"mode":"bus","angle":68.7,"extra":1,"ei":2,"l0":"67","c0":"#05617d"},"geometry":{"type":"Point","coordinates":[23.969331,49.864197]}},{"type":"Feature","properties":{"lines":"67","arr":["А67"],"mode":"bus","angle":68.7,"extra":1,"ei":3,"l0":"67","c0":"#05617d"},"geometry":{"type":"Point","coordinates":[23.968254,49.865953]}},{"type":"Feature","properties":{"lines":"67","arr":["А67"],"mode":"bus","angle":68.5,"extra":1,"ei":4,"l0":"67","c0":"#05617d"},"geometry":{"type":"Point","coordinates":[23.967173,49.867708]}},{"type":"Feature","properties":{"lines":"67","arr":["А67"],"mode":"bus","angle":68.6,"extra":1,"ei":5,"l0":"67","c0":"#05617d"},"geometry":{"type":"Point","coordinates":[23.966111,49.869468]}},{"type":"Feature","properties":{"lines":"67","arr":["А67"],"mode":"bus","angle":48.5,"extra":1,"ei":6,"l0":"67","c0":"#05617d"},"geometry":{"type":"Point","coordinates":[23.964905,49.871183]}},{"type":"Feature","properties":{"lines":"67","arr":["А67"],"mode":"bus","angle":17,"extra":1,"ei":7,"l0":"67","c0":"#05617d"},"geometry":{"type":"Point","coordinates":[23.962203,49.871855]}},{"type":"Feature","properties":{"lines":"67","arr":["А67"],"mode":"bus","angle":17.4,"extra":1,"ei":8,"l0":"67","c0":"#05617d"},"geometry":{"type":"Point","coordinates":[23.95661,49.872983]}},{"type":"Feature","properties":{"lines":"67","arr":["А67"],"mode":"bus","angle":16,"extra":1,"ei":9,"l0":"67","c0":"#05617d"},"geometry":{"type":"Point","coordinates":[23.953808,49.873533]}},{"type":"Feature","properties":{"lines":"67","arr":["А67"],"mode":"bus","angle":6.1,"extra":1,"ei":10,"l0":"67","c0":"#05617d"},"geometry":{"type":"Point","coordinates":[23.950932,49.87387]}},{"type":"Feature","properties":{"lines":"67","arr":["А67"],"mode":"bus","angle":76.4,"extra":1,"ei":11,"l0":"67","c0":"#05617d"},"geometry":{"type":"Point","coordinates":[23.9497,49.875198]}},{"type":"Feature","properties":{"lines":"67","arr":["А67"],"mode":"bus","angle":71.7,"extra":1,"ei":12,"l0":"67","c0":"#05617d"},"geometry":{"type":"Point","coordinates":[23.948751,49.876985]}},{"type":"Feature","properties":{"lines":"67","arr":["А67"],"mode":"bus","angle":75.9,"extra":1,"ei":13,"l0":"67","c0":"#05617d"},"geometry":{"type":"Point","coordinates":[23.948266,49.878834]}},{"type":"Feature","properties":{"lines":"67","arr":["А67"],"mode":"bus","angle":80.9,"extra":1,"ei":14,"l0":"67","c0":"#05617d"},"geometry":{"type":"Point","coordinates":[23.947247,49.880599]}},{"type":"Feature","properties":{"lines":"67","arr":["А67"],"mode":"bus","angle":-46,"extra":1,"ei":15,"l0":"67","c0":"#05617d"},"geometry":{"type":"Point","coordinates":[23.947967,49.882337]}},{"type":"Feature","properties":{"lines":"67","arr":["А67"],"mode":"bus","angle":-62.8,"l0":"67","c0":"#05617d"},"geometry":{"type":"Point","coordinates":[23.949825,49.884386]}},{"type":"Feature","properties":{"lines":"67","arr":["А67"],"mode":"bus","angle":-65,"extra":1,"ei":0,"l0":"67","c0":"#05617d"},"geometry":{"type":"Point","coordinates":[23.950777,49.88565]}},{"type":"Feature","properties":{"lines":"67","arr":["А67"],"mode":"bus","angle":15.2,"l0":"67","c0":"#05617d"},"geometry":{"type":"Point","coordinates":[23.925536,49.914491]}},{"type":"Feature","properties":{"lines":"67","arr":["А67"],"mode":"bus","angle":67.3,"mi":1,"l0":"67","c0":"#05617d"},"geometry":{"type":"Point","coordinates":[23.931184,49.908318]}},{"type":"Feature","properties":{"lines":"67","arr":["А67"],"mode":"bus","angle":74.4,"mi":1,"l0":"67","c0":"#05617d"},"geometry":{"type":"Point","coordinates":[23.949423,49.890767]}},{"type":"Feature","properties":{"lines":"67","arr":["А67"],"mode":"bus","angle":54.4,"extra":1,"ei":0,"l0":"67","c0":"#05617d"},"geometry":{"type":"Point","coordinates":[23.947094,49.894075]}},{"type":"Feature","properties":{"lines":"67","arr":["А67"],"mode":"bus","angle":64.9,"extra":1,"ei":1,"l0":"67","c0":"#05617d"},"geometry":{"type":"Point","coordinates":[23.948531,49.892435]}},{"type":"Feature","properties":{"lines":"67","arr":["А67"],"mode":"bus","angle":69.4,"extra":1,"ei":2,"l0":"67","c0":"#05617d"},"geometry":{"type":"Point","coordinates":[23.95027,49.888835]}},{"type":"Feature","properties":{"lines":"67","arr":["А67"],"mode":"bus","angle":84.5,"extra":1,"ei":3,"l0":"67","c0":"#05617d"},"geometry":{"type":"Point","coordinates":[23.951625,49.887183]}},{"type":"Feature","properties":{"lines":"67","arr":["А67"],"mode":"bus","angle":52.7,"extra":1,"ei":0,"l0":"67","c0":"#05617d"},"geometry":{"type":"Point","coordinates":[23.925614,49.913558]}},{"type":"Feature","properties":{"lines":"67","arr":["А67"],"mode":"bus","angle":48.1,"extra":1,"ei":1,"l0":"67","c0":"#05617d"},"geometry":{"type":"Point","coordinates":[23.927348,49.912037]}},{"type":"Feature","properties":{"lines":"67","arr":["А67"],"mode":"bus","angle":55.2,"extra":1,"ei":2,"l0":"67","c0":"#05617d"},"geometry":{"type":"Point","coordinates":[23.929331,49.910661]}},{"type":"Feature","properties":{"lines":"67","arr":["А67"],"mode":"bus","angle":20.5,"extra":1,"ei":3,"l0":"67","c0":"#05617d"},"geometry":{"type":"Point","coordinates":[23.934593,49.906608]}},{"type":"Feature","properties":{"lines":"67","arr":["А67"],"mode":"bus","angle":37.1,"extra":1,"ei":4,"l0":"67","c0":"#05617d"},"geometry":{"type":"Point","coordinates":[23.9371,49.905648]}},{"type":"Feature","properties":{"lines":"67","arr":["А67"],"mode":"bus","angle":50.3,"extra":1,"ei":5,"l0":"67","c0":"#05617d"},"geometry":{"type":"Point","coordinates":[23.939195,49.904335]}},{"type":"Feature","properties":{"lines":"80","arr":["А80"],"mode":"bus","angle":6.4,"l0":"80","c0":"#52ac3c"},"geometry":{"type":"Point","coordinates":[24.087258,49.904489]}},{"type":"Feature","properties":{"lines":"84","arr":["А84"],"mode":"bus","angle":25.5,"mi":2,"l0":"84","c0":"#066559"},"geometry":{"type":"Point","coordinates":[23.882279,49.833434]}},{"type":"Feature","properties":{"lines":"84","arr":["А84"],"mode":"bus","angle":33.1,"extra":1,"ei":0,"l0":"84","c0":"#066559"},"geometry":{"type":"Point","coordinates":[23.879235,49.834311]}},{"type":"Feature","properties":{"lines":"84","arr":["А84"],"mode":"bus","angle":3,"extra":1,"ei":1,"l0":"84","c0":"#066559"},"geometry":{"type":"Point","coordinates":[23.884693,49.83301]}},{"type":"Feature","properties":{"lines":"84","arr":["А84"],"mode":"bus","angle":86.4,"l0":"84","c0":"#066559"},"geometry":{"type":"Point","coordinates":[23.887027,49.832549]}},{"type":"Feature","properties":{"lines":"84","arr":["А84"],"mode":"bus","angle":11.5,"mi":1,"l0":"84","c0":"#066559"},"geometry":{"type":"Point","coordinates":[23.888563,49.831978]}},{"type":"Feature","properties":{"lines":"84","arr":["А84"],"mode":"bus","angle":43.7,"l0":"84","c0":"#066559"},"geometry":{"type":"Point","coordinates":[23.896883,49.824193]}},{"type":"Feature","properties":{"lines":"84","arr":["А84"],"mode":"bus","angle":68.3,"extra":1,"ei":0,"l0":"84","c0":"#066559"},"geometry":{"type":"Point","coordinates":[23.891151,49.831182]}},{"type":"Feature","properties":{"lines":"84","arr":["А84"],"mode":"bus","angle":60.6,"extra":1,"ei":1,"l0":"84","c0":"#066559"},"geometry":{"type":"Point","coordinates":[23.892143,49.829409]}},{"type":"Feature","properties":{"lines":"84","arr":["А84"],"mode":"bus","angle":79.6,"extra":1,"ei":2,"l0":"84","c0":"#066559"},"geometry":{"type":"Point","coordinates":[23.893489,49.827763]}},{"type":"Feature","properties":{"lines":"84","arr":["А84"],"mode":"bus","angle":73.9,"extra":1,"ei":3,"l0":"84","c0":"#066559"},"geometry":{"type":"Point","coordinates":[23.894118,49.825921]}},{"type":"Feature","properties":{"lines":"84","arr":["А84"],"mode":"bus","angle":14.1,"extra":1,"ei":4,"l0":"84","c0":"#066559"},"geometry":{"type":"Point","coordinates":[23.898413,49.823511]}},{"type":"Feature","properties":{"lines":"84","arr":["А84"],"mode":"bus","angle":-4.5,"extra":1,"ei":5,"l0":"84","c0":"#066559"},"geometry":{"type":"Point","coordinates":[23.9013,49.823255]}},{"type":"Feature","properties":{"lines":"84","arr":["А84"],"mode":"bus","angle":-40.1,"extra":1,"ei":6,"l0":"84","c0":"#066559"},"geometry":{"type":"Point","coordinates":[23.903827,49.82415]}},{"type":"Feature","properties":{"lines":"84","arr":["А84"],"mode":"bus","angle":-51.5,"extra":1,"ei":7,"l0":"84","c0":"#066559"},"geometry":{"type":"Point","coordinates":[23.905856,49.825507]}},{"type":"Feature","properties":{"lines":"84","arr":["А84"],"mode":"bus","angle":-48.6,"extra":1,"ei":8,"l0":"84","c0":"#066559"},"geometry":{"type":"Point","coordinates":[23.907684,49.826982]}},{"type":"Feature","properties":{"lines":"92","arr":["А92"],"mode":"bus","angle":36,"mi":1,"l0":"92","c0":"#52ac3c"},"geometry":{"type":"Point","coordinates":[24.018064,49.835637]}},{"type":"Feature","properties":{"lines":"92","arr":["А92"],"mode":"bus","angle":48.4,"mi":2,"l0":"92","c0":"#52ac3c"},"geometry":{"type":"Point","coordinates":[24.023211,49.838376]}},{"type":"Feature","properties":{"lines":"22, 27, 30, 32","arr":["Тр22","Тр27","Тр30","Тр32"],"mode":"bus","angle":-41.8,"mi":2,"l0":"22, ","c0":"#ff627e","l1":"27, ","c1":"#7b3aa8","l2":"30, ","c2":"#6b5806","l3":"32","c3":"#11a2e3"},"geometry":{"type":"Point","coordinates":[24.021081,49.837604]}},{"type":"Feature","properties":{"lines":"22, 27, 30, 32","arr":["Тр22","Тр27","Тр30","Тр32"],"mode":"bus","angle":-41.8,"extra":1,"ei":0,"l0":"22, ","c0":"#ff627e","l1":"27, ","c1":"#7b3aa8","l2":"30, ","c2":"#6b5806","l3":"32","c3":"#11a2e3"},"geometry":{"type":"Point","coordinates":[24.022638,49.838501]}},{"type":"Feature","properties":{"lines":"99","arr":["А99"],"mode":"bus","angle":-64,"mi":7,"l0":"99","c0":"#119efc"},"geometry":{"type":"Point","coordinates":[24.055112,49.839979]}},{"type":"Feature","properties":{"lines":"99","arr":["А99"],"mode":"bus","angle":-49.9,"mi":2,"l0":"99","c0":"#119efc"},"geometry":{"type":"Point","coordinates":[24.056763,49.841961]}},{"type":"Feature","properties":{"lines":"99","arr":["А99"],"mode":"bus","angle":-15.1,"mi":3,"l0":"99","c0":"#119efc"},"geometry":{"type":"Point","coordinates":[24.059452,49.842398]}},{"type":"Feature","properties":{"lines":"99","arr":["А99"],"mode":"bus","angle":17.9,"mi":4,"l0":"99","c0":"#119efc"},"geometry":{"type":"Point","coordinates":[24.060718,49.842659]}},{"type":"Feature","properties":{"lines":"99","arr":["А99"],"mode":"bus","angle":48.1,"mi":6,"l0":"99","c0":"#119efc"},"geometry":{"type":"Point","coordinates":[24.06121,49.842419]}},{"type":"Feature","properties":{"lines":"99","arr":["А99"],"mode":"bus","angle":-58.8,"l0":"99","c0":"#119efc"},"geometry":{"type":"Point","coordinates":[24.057887,49.841827]}},{"type":"Feature","properties":{"lines":"99","arr":["А99"],"mode":"bus","angle":26.4,"mi":1,"l0":"99","c0":"#119efc"},"geometry":{"type":"Point","coordinates":[24.057745,49.841145]}},{"type":"Feature","properties":{"lines":"99","arr":["А99"],"mode":"bus","angle":-65.7,"mi":5,"l0":"99","c0":"#119efc"},"geometry":{"type":"Point","coordinates":[24.056834,49.839731]}},{"type":"Feature","properties":{"lines":"99","arr":["А99"],"mode":"bus","angle":-66.9,"extra":1,"ei":0,"l0":"99","c0":"#119efc"},"geometry":{"type":"Point","coordinates":[24.055995,49.838564]}},{"type":"Feature","properties":{"lines":"22, 27, 30, 32","arr":["Тр22","Тр27","Тр30","Тр32"],"mode":"bus","angle":51.1,"mi":5,"l0":"22, ","c0":"#ff627e","l1":"27, ","c1":"#7b3aa8","l2":"30, ","c2":"#6b5806","l3":"32","c3":"#11a2e3"},"geometry":{"type":"Point","coordinates":[24.021484,49.840403]}},{"type":"Feature","properties":{"lines":"22, 27, 30, 32","arr":["Тр22","Тр27","Тр30","Тр32"],"mode":"bus","angle":-32.2,"mi":6,"l0":"22, ","c0":"#ff627e","l1":"27, ","c1":"#7b3aa8","l2":"30, ","c2":"#6b5806","l3":"32","c3":"#11a2e3"},"geometry":{"type":"Point","coordinates":[24.009073,49.837711]}},{"type":"Feature","properties":{"lines":"22, 27, 30, 32","arr":["Тр22","Тр27","Тр30","Тр32"],"mode":"bus","angle":22.1,"extra":1,"ei":0,"l0":"22, ","c0":"#ff627e","l1":"27, ","c1":"#7b3aa8","l2":"30, ","c2":"#6b5806","l3":"32","c3":"#11a2e3"},"geometry":{"type":"Point","coordinates":[24.010918,49.837444]}},{"type":"Feature","properties":{"lines":"22, 27, 30, 32","arr":["Тр22","Тр27","Тр30","Тр32"],"mode":"bus","angle":61.5,"mi":7,"l0":"22, ","c0":"#ff627e","l1":"27, ","c1":"#7b3aa8","l2":"30, ","c2":"#6b5806","l3":"32","c3":"#11a2e3"},"geometry":{"type":"Point","coordinates":[24.005646,49.836966]}},{"type":"Feature","properties":{"lines":"22, 27, 30, 32","arr":["Тр22","Тр27","Тр30","Тр32"],"mode":"bus","angle":-53.1,"mi":1,"l0":"22, ","c0":"#ff627e","l1":"27, ","c1":"#7b3aa8","l2":"30, ","c2":"#6b5806","l3":"32","c3":"#11a2e3"},"geometry":{"type":"Point","coordinates":[24.017845,49.836364]}},{"type":"Feature","properties":{"lines":"22, 27, 30, 32","arr":["Тр22","Тр27","Тр30","Тр32"],"mode":"bus","angle":21.3,"l0":"22, ","c0":"#ff627e","l1":"27, ","c1":"#7b3aa8","l2":"30, ","c2":"#6b5806","l3":"32","c3":"#11a2e3"},"geometry":{"type":"Point","coordinates":[24.01889,49.836733]}},{"type":"Feature","properties":{"lines":"22, 27, 30, 32","arr":["Тр22","Тр27","Тр30","Тр32"],"mode":"bus","angle":55.2,"mi":3,"l0":"22, ","c0":"#ff627e","l1":"27, ","c1":"#7b3aa8","l2":"30, ","c2":"#6b5806","l3":"32","c3":"#11a2e3"},"geometry":{"type":"Point","coordinates":[24.022609,49.83883]}},{"type":"Feature","properties":{"lines":"22, 27, 30, 32","arr":["Тр22","Тр27","Тр30","Тр32"],"mode":"bus","angle":-54.8,"mi":4,"l0":"22, ","c0":"#ff627e","l1":"27, ","c1":"#7b3aa8","l2":"30, ","c2":"#6b5806","l3":"32","c3":"#11a2e3"},"geometry":{"type":"Point","coordinates":[24.022543,49.839226]}},{"type":"Feature","properties":{"lines":"24, 25","arr":["Тр24","Тр25"],"mode":"bus","angle":4.3,"l0":"24, ","c0":"#19a9a8","l1":"25","c1":"#c17aef"},"geometry":{"type":"Point","coordinates":[24.036403,49.833104]}},{"type":"Feature","properties":{"lines":"27, 32, 38","arr":["Тр27","Тр32","Тр38"],"mode":"bus","angle":60.6,"mi":1,"l0":"27, ","c0":"#7b3aa8","l1":"32, ","c1":"#11a2e3","l2":"38","c2":"#076734"},"geometry":{"type":"Point","coordinates":[24.003001,49.836186]}},{"type":"Feature","properties":{"lines":"27, 32, 38","arr":["Тр27","Тр32","Тр38"],"mode":"bus","angle":-30,"l0":"27, ","c0":"#7b3aa8","l1":"32, ","c1":"#11a2e3","l2":"38","c2":"#076734"},"geometry":{"type":"Point","coordinates":[24.004048,49.835855]}},{"type":"Feature","properties":{"lines":"27, 32, 38","arr":["Тр27","Тр32","Тр38"],"mode":"bus","angle":-35.3,"mi":2,"l0":"27, ","c0":"#7b3aa8","l1":"32, ","c1":"#11a2e3","l2":"38","c2":"#076734"},"geometry":{"type":"Point","coordinates":[24.005106,49.836282]}},{"type":"Feature","properties":{"lines":"31","arr":["Тр31"],"mode":"bus","angle":86.2,"l0":"31","c0":"#126804"},"geometry":{"type":"Point","coordinates":[24.074237,49.790761]}},{"type":"Feature","properties":{"lines":"31","arr":["Тр31"],"mode":"bus","angle":57.5,"extra":1,"ei":0,"l0":"31","c0":"#126804"},"geometry":{"type":"Point","coordinates":[24.071837,49.797996]}},{"type":"Feature","properties":{"lines":"31","arr":["Тр31"],"mode":"bus","angle":66.5,"extra":1,"ei":1,"l0":"31","c0":"#126804"},"geometry":{"type":"Point","coordinates":[24.073064,49.796282]}},{"type":"Feature","properties":{"lines":"31","arr":["Тр31"],"mode":"bus","angle":73.3,"extra":1,"ei":2,"l0":"31","c0":"#126804"},"geometry":{"type":"Point","coordinates":[24.074136,49.794527]}},{"type":"Feature","properties":{"lines":"31","arr":["Тр31"],"mode":"bus","angle":-87,"extra":1,"ei":3,"l0":"31","c0":"#126804"},"geometry":{"type":"Point","coordinates":[24.074403,49.792661]}},{"type":"Feature","properties":{"lines":"31","arr":["Тр31"],"mode":"bus","angle":77.9,"extra":1,"ei":4,"l0":"31","c0":"#126804"},"geometry":{"type":"Point","coordinates":[24.074805,49.788926]}},{"type":"Feature","properties":{"lines":"31","arr":["Тр31"],"mode":"bus","angle":77.5,"extra":1,"ei":5,"l0":"31","c0":"#126804"},"geometry":{"type":"Point","coordinates":[24.075418,49.787079]}},{"type":"Feature","properties":{"lines":"31","arr":["Тр31"],"mode":"bus","angle":60.9,"extra":1,"ei":6,"l0":"31","c0":"#126804"},"geometry":{"type":"Point","coordinates":[24.076391,49.785306]}},{"type":"Feature","properties":{"lines":"31","arr":["Тр31"],"mode":"bus","angle":42.4,"extra":1,"ei":7,"l0":"31","c0":"#126804"},"geometry":{"type":"Point","coordinates":[24.07836,49.783918]}},{"type":"Feature","properties":{"lines":"31","arr":["Тр31"],"mode":"bus","angle":47.2,"l0":"31","c0":"#126804"},"geometry":{"type":"Point","coordinates":[24.094392,49.778316]}},{"type":"Feature","properties":{"lines":"31","arr":["Тр31"],"mode":"bus","angle":26,"mi":2,"l0":"31","c0":"#126804"},"geometry":{"type":"Point","coordinates":[24.084552,49.78182]}},{"type":"Feature","properties":{"lines":"31","arr":["Тр31"],"mode":"bus","angle":26.1,"extra":1,"ei":0,"l0":"31","c0":"#126804"},"geometry":{"type":"Point","coordinates":[24.080924,49.782957]}},{"type":"Feature","properties":{"lines":"31","arr":["Тр31"],"mode":"bus","angle":25.9,"extra":1,"ei":1,"l0":"31","c0":"#126804"},"geometry":{"type":"Point","coordinates":[24.086192,49.781303]}},{"type":"Feature","properties":{"lines":"31","arr":["Тр31"],"mode":"bus","angle":26.3,"extra":1,"ei":2,"l0":"31","c0":"#126804"},"geometry":{"type":"Point","coordinates":[24.088838,49.780492]}},{"type":"Feature","properties":{"lines":"31","arr":["Тр31"],"mode":"bus","angle":51,"extra":1,"ei":0,"l0":"31","c0":"#126804"},"geometry":{"type":"Point","coordinates":[24.101147,49.772656]}},{"type":"Feature","properties":{"lines":"31","arr":["Тр31"],"mode":"bus","angle":52.8,"extra":1,"ei":1,"l0":"31","c0":"#126804"},"geometry":{"type":"Point","coordinates":[24.099351,49.774148]}},{"type":"Feature","properties":{"lines":"31","arr":["Тр31"],"mode":"bus","angle":53.2,"extra":1,"ei":2,"l0":"31","c0":"#126804"},"geometry":{"type":"Point","coordinates":[24.097587,49.775656]}},{"type":"Feature","properties":{"lines":"31","arr":["Тр31"],"mode":"bus","angle":53,"extra":1,"ei":3,"l0":"31","c0":"#126804"},"geometry":{"type":"Point","coordinates":[24.095831,49.777167]}},{"type":"Feature","properties":{"lines":"31","arr":["Тр31"],"mode":"bus","angle":26.3,"extra":1,"ei":4,"l0":"31","c0":"#126804"},"geometry":{"type":"Point","coordinates":[24.091497,49.779633]}},{"type":"Feature","properties":{"lines":"31","arr":["Тр31"],"mode":"bus","angle":-23.9,"extra":1,"ei":5,"l0":"31","c0":"#126804"},"geometry":{"type":"Point","coordinates":[24.092425,49.781583]}},{"type":"Feature","properties":{"lines":"31","arr":["Тр31"],"mode":"bus","angle":-28.1,"extra":1,"ei":6,"l0":"31","c0":"#126804"},"geometry":{"type":"Point","coordinates":[24.09508,49.78238]}},{"type":"Feature","properties":{"lines":"31","arr":["Тр31"],"mode":"bus","angle":38,"mi":3,"l0":"31","c0":"#126804"},"geometry":{"type":"Point","coordinates":[24.102225,49.772308]}},{"type":"Feature","properties":{"lines":"31","arr":["Тр31"],"mode":"bus","angle":-72.7,"l0":"31","c0":"#126804"},"geometry":{"type":"Point","coordinates":[24.06129,49.807152]}},{"type":"Feature","properties":{"lines":"31","arr":["Тр31"],"mode":"bus","angle":-23.7,"mi":1,"l0":"31","c0":"#126804"},"geometry":{"type":"Point","coordinates":[24.096223,49.782714]}},{"type":"Feature","properties":{"lines":"32","arr":["Тр32"],"mode":"bus","angle":40.2,"l0":"32","c0":"#11a2e3"},"geometry":{"type":"Point","coordinates":[24.007095,49.836197]}},{"type":"Feature","properties":{"lines":"15, 41, 43","arr":["А15","А41","А43"],"mode":"bus","angle":60.1,"l0":"15, ","c0":"#fe6761","l1":"41, ","c1":"#e16cd6","l2":"43","c2":"#0357b2"},"geometry":{"type":"Point","coordinates":[24.004056,49.836861]}},{"type":"Feature","properties":{"lines":"33, 43","arr":["А33","А43"],"mode":"bus","angle":-23.5,"l0":"33, ","c0":"#ab0377","l1":"43","c1":"#0357b2"},"geometry":{"type":"Point","coordinates":[24.003592,49.837024]}},{"type":"Feature","properties":{"lines":"61","arr":["А61"],"mode":"bus","angle":9.1,"l0":"61","c0":"#126804"},"geometry":{"type":"Point","coordinates":[23.89642,49.87325]}},{"type":"Feature","properties":{"lines":"61","arr":["А61"],"mode":"bus","angle":19,"mi":2,"l0":"61","c0":"#126804"},"geometry":{"type":"Point","coordinates":[23.895168,49.872319]}},{"type":"Feature","properties":{"lines":"61","arr":["А61"],"mode":"bus","angle":15.4,"mi":3,"l0":"61","c0":"#126804"},"geometry":{"type":"Point","coordinates":[23.894339,49.872464]}},{"type":"Feature","properties":{"lines":"1, 4, 6, 9","arr":["Т01","Т04","Т06","Т09","А10","А16","А29","А31","А32","А49"],"mode":"tram","angle":29.9,"l0":"1, ","c0":"#1da8b6","l1":"4, ","c1":"#b11526","l2":"6, ","c2":"#076734","l3":"9, ","c3":"#cf8a11","l4":"10, ","c4":"#52ac3c","l5":"16, ","c5":"#f57145","l6":"29, ","c6":"#b59607","l7":"31, ","c7":"#11a2e3","l8":"32, ","c8":"#9789ff","l9":"49","c9":"#7c5001"},"geometry":{"type":"Point","coordinates":[23.999429,49.838032]}},{"type":"Feature","properties":{"lines":"1, 4, 6, 9","arr":["Т01","Т04","Т06","Т09","А07","А15","А20","А25","А29","А31","А33","А34","А43","А51","А52","А84","А92"],"mode":"tram","angle":-21.4,"side":-1,"mi":1,"l0":"1, ","c0":"#1da8b6","l1":"4, ","c1":"#b11526","l2":"6, ","c2":"#076734","l3":"9, ","c3":"#cf8a11","l4":"7, ","c4":"#a72d06","l5":"15, ","c5":"#fe6761","l6":"20, ","c6":"#2d8c1b","l7":"25, ","c7":"#4d4aba","l8":"29, ","c8":"#b59607","l9":"31, ","c9":"#11a2e3","l10":"33, ","c10":"#ab0377","l11":"34, ","c11":"#ab0377","l12":"43, ","c12":"#0357b2","l13":"51, ","c13":"#1cab97","l14":"52, ","c14":"#ff5e9b","l15":"84, ","c15":"#066559","l16":"92","c16":"#52ac3c"},"geometry":{"type":"Point","coordinates":[24.003125,49.836859]}},{"type":"Feature","properties":{"lines":"1, 4, 6, 9","arr":["Т01","Т04","Т06","Т09","А07","А15","А20","А25","А29","А31","А33","А34","А43","А51","А52","А84","А92"],"mode":"tram","angle":-21.2,"l0":"1, ","c0":"#1da8b6","l1":"4, ","c1":"#b11526","l2":"6, ","c2":"#076734","l3":"9, ","c3":"#cf8a11","l4":"7, ","c4":"#a72d06","l5":"15, ","c5":"#fe6761","l6":"20, ","c6":"#2d8c1b","l7":"25, ","c7":"#4d4aba","l8":"29, ","c8":"#b59607","l9":"31, ","c9":"#11a2e3","l10":"33, ","c10":"#ab0377","l11":"34, ","c11":"#ab0377","l12":"43, ","c12":"#0357b2","l13":"51, ","c13":"#1cab97","l14":"52, ","c14":"#ff5e9b","l15":"84, ","c15":"#066559","l16":"92","c16":"#52ac3c"},"geometry":{"type":"Point","coordinates":[24.003085,49.836892]}},{"type":"Feature","properties":{"lines":"1, 4, 6, 9","arr":["Т01","Т04","Т06","Т09"],"mode":"tram","angle":32.5,"mi":1,"l0":"1, ","c0":"#1da8b6","l1":"4, ","c1":"#b11526","l2":"6, ","c2":"#076734","l3":"9","c3":"#cf8a11"},"geometry":{"type":"Point","coordinates":[24.002243,49.837006]}},{"type":"Feature","properties":{"lines":"1, 4, 6, 9","arr":["Т01","Т04","Т06","Т09","А10","А16","А29","А31","А32","А49"],"mode":"tram","angle":30.3,"mi":1,"l0":"1, ","c0":"#1da8b6","l1":"4, ","c1":"#b11526","l2":"6, ","c2":"#076734","l3":"9, ","c3":"#cf8a11","l4":"10, ","c4":"#52ac3c","l5":"16, ","c5":"#f57145","l6":"29, ","c6":"#b59607","l7":"31, ","c7":"#11a2e3","l8":"32, ","c8":"#9789ff","l9":"49","c9":"#7c5001"},"geometry":{"type":"Point","coordinates":[23.999384,49.838085]}},{"type":"Feature","properties":{"lines":"1, 4, 6, 9","arr":["Т01","Т04","Т06","Т09"],"mode":"tram","angle":74.7,"l0":"1, ","c0":"#1da8b6","l1":"4, ","c1":"#b11526","l2":"6, ","c2":"#076734","l3":"9","c3":"#cf8a11"},"geometry":{"type":"Point","coordinates":[23.996664,49.839479]}},{"type":"Feature","properties":{"lines":"1, 4, 6, 9","arr":["Т01","Т04","Т06","Т09","А10","А16","А29","А31"],"mode":"tram","angle":9.1,"l0":"1, ","c0":"#1da8b6","l1":"4, ","c1":"#b11526","l2":"6, ","c2":"#076734","l3":"9, ","c3":"#cf8a11","l4":"10, ","c4":"#52ac3c","l5":"16, ","c5":"#f57145","l6":"29, ","c6":"#b59607","l7":"31","c7":"#11a2e3"},"geometry":{"type":"Point","coordinates":[23.995646,49.840299]}},{"type":"Feature","properties":{"lines":"1, 4, 9","arr":["Т01","Т04","Т09","А33","А41","А43"],"mode":"tram","angle":45,"side":-1,"l0":"1, ","c0":"#1da8b6","l1":"4, ","c1":"#b11526","l2":"9, ","c2":"#cf8a11","l3":"33, ","c3":"#ab0377","l4":"41, ","c4":"#e16cd6","l5":"43","c5":"#0357b2"},"geometry":{"type":"Point","coordinates":[24.004004,49.836981]}},{"type":"Feature","properties":{"lines":"1, 4, 9","arr":["Т01","Т04","Т09","А15","А33","А41","А43"],"mode":"tram","angle":60.2,"l0":"1, ","c0":"#1da8b6","l1":"4, ","c1":"#b11526","l2":"9, ","c2":"#cf8a11","l3":"15, ","c3":"#fe6761","l4":"33, ","c4":"#ab0377","l5":"41, ","c5":"#e16cd6","l6":"43","c6":"#0357b2"},"geometry":{"type":"Point","coordinates":[24.004653,49.835999]}},{"type":"Feature","properties":{"lines":"1, 4, 9","arr":["Т01","Т04","Т09","А15","А41","А43"],"mode":"tram","angle":26.1,"l0":"1, ","c0":"#1da8b6","l1":"4, ","c1":"#b11526","l2":"9, ","c2":"#cf8a11","l3":"15, ","c3":"#fe6761","l4":"41, ","c4":"#e16cd6","l5":"43","c5":"#0357b2"},"geometry":{"type":"Point","coordinates":[24.006344,49.835102]}},{"type":"Feature","properties":{"lines":"4","arr":["Т04"],"mode":"tram","angle":79.5,"l0":"4","c0":"#b11526"},"geometry":{"type":"Point","coordinates":[24.034025,49.827286]}},{"type":"Feature","properties":{"lines":"4","arr":["Т04"],"mode":"tram","angle":45,"extra":1,"ei":0,"l0":"4","c0":"#b11526"},"geometry":{"type":"Point","coordinates":[24.031881,49.829436]}},{"type":"Feature","properties":{"lines":"4","arr":["Т04"],"mode":"tram","angle":-8.6,"extra":1,"ei":1,"l0":"4","c0":"#b11526"},"geometry":{"type":"Point","coordinates":[24.036803,49.825215]}},{"type":"Feature","properties":{"lines":"4, 9","arr":["Т04","Т09"],"mode":"tram","angle":20.3,"l0":"4, ","c0":"#b11526","l1":"9","c1":"#cf8a11"},"geometry":{"type":"Point","coordinates":[24.009068,49.833215]}},{"type":"Feature","properties":{"lines":"4, 9","arr":["Т04","Т09"],"mode":"tram","angle":-40.7,"mi":1,"l0":"4, ","c0":"#b11526","l1":"9","c1":"#cf8a11"},"geometry":{"type":"Point","coordinates":[24.015149,49.832573]}},{"type":"Feature","properties":{"lines":"9","arr":["Т09"],"mode":"tram","angle":20.4,"l0":"9","c0":"#cf8a11"},"geometry":{"type":"Point","coordinates":[24.008953,49.833219]}},{"type":"Feature","properties":{"lines":"9","arr":["Т09","А01","А03","А05","А06","А18","А37","А39а","А45","А46","А47","А53","А57","А92","А99"],"mode":"tram","angle":-63.2,"l0":"9, ","c0":"#cf8a11","l1":"1, ","c1":"#ff5e9b","l2":"3, ","c2":"#03636c","l3":"5, ","c3":"#c17aef","l4":"6, ","c4":"#b0045c","l5":"18, ","c5":"#b20b42","l6":"37, ","c6":"#ab0377","l7":"39а, ","c7":"#8e4604","l8":"45, ","c8":"#5a5d02","l9":"46, ","c9":"#02af5a","l10":"47, ","c10":"#4d4aba","l11":"53, ","c11":"#126804","l12":"57, ","c12":"#b59607","l13":"92, ","c13":"#52ac3c","l14":"99","c14":"#119efc"},"geometry":{"type":"Point","coordinates":[24.035602,49.839258]}},{"type":"Feature","properties":{"lines":"9","arr":["Т09"],"mode":"tram","angle":73.6,"l0":"9","c0":"#cf8a11"},"geometry":{"type":"Point","coordinates":[24.027384,49.857814]}},{"type":"Feature","properties":{"lines":"9","arr":["Т09"],"mode":"tram","angle":-89.1,"extra":1,"ei":0,"l0":"9","c0":"#cf8a11"},"geometry":{"type":"Point","coordinates":[24.028188,49.854099]}},{"type":"Feature","properties":{"lines":"9","arr":["Т09"],"mode":"tram","angle":77.7,"extra":1,"ei":1,"l0":"9","c0":"#cf8a11"},"geometry":{"type":"Point","coordinates":[24.028197,49.855982]}},{"type":"Feature","properties":{"lines":"9","arr":["Т09"],"mode":"tram","angle":85.4,"extra":1,"ei":2,"l0":"9","c0":"#cf8a11"},"geometry":{"type":"Point","coordinates":[24.026917,49.859653]}},{"type":"Feature","properties":{"lines":"9","arr":["Т09"],"mode":"tram","angle":36.5,"side":-1,"extra":1,"ei":3,"l0":"9","c0":"#cf8a11"},"geometry":{"type":"Point","coordinates":[24.026519,49.86147]}},{"type":"Feature","properties":{"lines":"1","arr":["Т01","А15","А41","А43"],"mode":"tram","angle":0.7,"l0":"1, ","c0":"#1da8b6","l1":"15, ","c1":"#fe6761","l2":"41, ","c2":"#e16cd6","l3":"43","c3":"#0357b2"},"geometry":{"type":"Point","coordinates":[24.011905,49.834667]}},{"type":"Feature","properties":{"lines":"1","arr":["Т01","А15","А41","А43"],"mode":"tram","angle":2.4,"extra":1,"ei":0,"l0":"1, ","c0":"#1da8b6","l1":"15, ","c1":"#fe6761","l2":"41, ","c2":"#e16cd6","l3":"43","c3":"#0357b2"},"geometry":{"type":"Point","coordinates":[24.00867,49.834744]}},{"type":"Feature","properties":{"lines":"1","arr":["Т01","А15","А41","А43"],"mode":"tram","angle":-0.8,"extra":1,"ei":1,"l0":"1, ","c0":"#1da8b6","l1":"15, ","c1":"#fe6761","l2":"41, ","c2":"#e16cd6","l3":"43","c3":"#0357b2"},"geometry":{"type":"Point","coordinates":[24.014527,49.834657]}},{"type":"Feature","properties":{"lines":"1, 2","arr":["Т01","Т02","А09","А15","А21","А43","А45","А48"],"mode":"tram","angle":-42.1,"l0":"1, ","c0":"#1da8b6","l1":"2, ","c1":"#52ac3c","l2":"9, ","c2":"#119efc","l3":"15, ","c3":"#fe6761","l4":"21, ","c4":"#a72d06","l5":"43, ","c5":"#0357b2","l6":"45, ","c6":"#5a5d02","l7":"48","c7":"#05617d"},"geometry":{"type":"Point","coordinates":[24.020721,49.834878]}},{"type":"Feature","properties":{"lines":"1, 2","arr":["Т01","Т02","А09","А15","А21","А43","А45","А48"],"mode":"tram","angle":-0.9,"extra":1,"ei":0,"l0":"1, ","c0":"#1da8b6","l1":"2, ","c1":"#52ac3c","l2":"9, ","c2":"#119efc","l3":"15, ","c3":"#fe6761","l4":"21, ","c4":"#a72d06","l5":"43, ","c5":"#0357b2","l6":"45, ","c6":"#5a5d02","l7":"48","c7":"#05617d"},"geometry":{"type":"Point","coordinates":[24.018048,49.834761]}},{"type":"Feature","properties":{"lines":"1, 2","arr":["Т01","Т02","А09","А15","А21","А43","А45","А48"],"mode":"tram","angle":72.1,"extra":1,"ei":1,"l0":"1, ","c0":"#1da8b6","l1":"2, ","c1":"#52ac3c","l2":"9, ","c2":"#119efc","l3":"15, ","c3":"#fe6761","l4":"21, ","c4":"#a72d06","l5":"43, ","c5":"#0357b2","l6":"45, ","c6":"#5a5d02","l7":"48","c7":"#05617d"},"geometry":{"type":"Point","coordinates":[24.022679,49.83629]}},{"type":"Feature","properties":{"lines":"1, 2","arr":["Т01","Т02","А09","А15","А21","А43","А45","А48","А92"],"mode":"tram","angle":-43.4,"l0":"1, ","c0":"#1da8b6","l1":"2, ","c1":"#52ac3c","l2":"9, ","c2":"#119efc","l3":"15, ","c3":"#fe6761","l4":"21, ","c4":"#a72d06","l5":"43, ","c5":"#0357b2","l6":"45, ","c6":"#5a5d02","l7":"48, ","c7":"#05617d","l8":"92","c8":"#52ac3c"},"geometry":{"type":"Point","coordinates":[24.024686,49.838836]}},{"type":"Feature","properties":{"lines":"1, 2","arr":["Т01","Т02","А09","А15","А21","А43","А45","А48","А92"],"mode":"tram","angle":-41.9,"extra":1,"ei":0,"l0":"1, ","c0":"#1da8b6","l1":"2, ","c1":"#52ac3c","l2":"9, ","c2":"#119efc","l3":"15, ","c3":"#fe6761","l4":"21, ","c4":"#a72d06","l5":"43, ","c5":"#0357b2","l6":"45, ","c6":"#5a5d02","l7":"48, ","c7":"#05617d","l8":"92","c8":"#52ac3c"},"geometry":{"type":"Point","coordinates":[24.022569,49.837563]}},{"type":"Feature","properties":{"lines":"1, 2","arr":["Т01","Т02","А09","А15","А21","А43","А45","А48","А92"],"mode":"tram","angle":-39.9,"extra":1,"ei":1,"l0":"1, ","c0":"#1da8b6","l1":"2, ","c1":"#52ac3c","l2":"9, ","c2":"#119efc","l3":"15, ","c3":"#fe6761","l4":"21, ","c4":"#a72d06","l5":"43, ","c5":"#0357b2","l6":"45, ","c6":"#5a5d02","l7":"48, ","c7":"#05617d","l8":"92","c8":"#52ac3c"},"geometry":{"type":"Point","coordinates":[24.026906,49.8401]}},{"type":"Feature","properties":{"lines":"1, 2","arr":["Т01","Т02","А09","А21","А45","А48"],"mode":"tram","angle":-16.6,"l0":"1, ","c0":"#1da8b6","l1":"2, ","c1":"#52ac3c","l2":"9, ","c2":"#119efc","l3":"21, ","c3":"#a72d06","l4":"45, ","c4":"#5a5d02","l5":"48","c5":"#05617d"},"geometry":{"type":"Point","coordinates":[24.028536,49.840703]}},{"type":"Feature","properties":{"lines":"1, 2","arr":["Т01","Т02"],"mode":"tram","angle":-19.7,"l0":"1, ","c0":"#1da8b6","l1":"2","c1":"#52ac3c"},"geometry":{"type":"Point","coordinates":[24.032111,49.841521]}},{"type":"Feature","properties":{"lines":"2","arr":["Т02","А09","А41","А48"],"mode":"tram","angle":-37.5,"l0":"2, ","c0":"#52ac3c","l1":"9, ","c1":"#119efc","l2":"41, ","c2":"#e16cd6","l3":"48","c3":"#05617d"},"geometry":{"type":"Point","coordinates":[24.014326,49.833512]}},{"type":"Feature","properties":{"lines":"2","arr":["Т02"],"mode":"tram","angle":-44.1,"l0":"2","c0":"#52ac3c"},"geometry":{"type":"Point","coordinates":[24.002241,49.830052]}},{"type":"Feature","properties":{"lines":"2","arr":["Т02"],"mode":"tram","angle":-38.5,"extra":1,"ei":0,"l0":"2","c0":"#52ac3c"},"geometry":{"type":"Point","coordinates":[24.010841,49.83176]}},{"type":"Feature","properties":{"lines":"2","arr":["Т02"],"mode":"tram","angle":-37.9,"extra":1,"ei":1,"l0":"2","c0":"#52ac3c"},"geometry":{"type":"Point","coordinates":[24.008537,49.830593]}},{"type":"Feature","properties":{"lines":"2","arr":["Т02"],"mode":"tram","angle":-9.7,"extra":1,"ei":2,"l0":"2","c0":"#52ac3c"},"geometry":{"type":"Point","coordinates":[24.0064,49.82933]}},{"type":"Feature","properties":{"lines":"2","arr":["Т02"],"mode":"tram","angle":46.2,"extra":1,"ei":3,"l0":"2","c0":"#52ac3c"},"geometry":{"type":"Point","coordinates":[24.004252,49.830547]}},{"type":"Feature","properties":{"lines":"2","arr":["Т02"],"mode":"tram","angle":-44.7,"extra":1,"ei":4,"l0":"2","c0":"#52ac3c"},"geometry":{"type":"Point","coordinates":[24.000021,49.828661]}},{"type":"Feature","properties":{"lines":"2","arr":["Т02"],"mode":"tram","angle":-43.7,"extra":1,"ei":5,"l0":"2","c0":"#52ac3c"},"geometry":{"type":"Point","coordinates":[23.997921,49.827344]}},{"type":"Feature","properties":{"lines":"2","arr":["Т02"],"mode":"tram","angle":-44.4,"extra":1,"ei":6,"l0":"2","c0":"#52ac3c"},"geometry":{"type":"Point","coordinates":[23.995813,49.826032]}},{"type":"Feature","properties":{"lines":"2","arr":["Т02"],"mode":"tram","angle":-44,"extra":1,"ei":7,"l0":"2","c0":"#52ac3c"},"geometry":{"type":"Point","coordinates":[23.99371,49.824717]}},{"type":"Feature","properties":{"lines":"2","arr":["Т02","А05","А15","А18","А29","А39","А39а","А47","А61","А92"],"mode":"tram","angle":17.8,"side":-1,"l0":"2, ","c0":"#52ac3c","l1":"5, ","c1":"#c17aef","l2":"15, ","c2":"#fe6761","l3":"18, ","c3":"#b20b42","l4":"29, ","c4":"#b59607","l5":"39, ","c5":"#19a9a8","l6":"39а, ","c6":"#8e4604","l7":"47, ","c7":"#4d4aba","l8":"61, ","c8":"#126804","l9":"92","c9":"#52ac3c"},"geometry":{"type":"Point","coordinates":[24.060033,49.837335]}},{"type":"Feature","properties":{"lines":"2","arr":["Т02","А05","А15","А18","А29","А39","А39а","А47","А61","А92"],"mode":"tram","angle":19.4,"side":-1,"extra":1,"ei":0,"l0":"2, ","c0":"#52ac3c","l1":"5, ","c1":"#c17aef","l2":"15, ","c2":"#fe6761","l3":"18, ","c3":"#b20b42","l4":"29, ","c4":"#b59607","l5":"39, ","c5":"#19a9a8","l6":"39а, ","c6":"#8e4604","l7":"47, ","c7":"#4d4aba","l8":"61, ","c8":"#126804","l9":"92","c9":"#52ac3c"},"geometry":{"type":"Point","coordinates":[24.056378,49.838121]}},{"type":"Feature","properties":{"lines":"2","arr":["Т02","А05","А15","А18","А29","А39","А39а","А47","А61","А92"],"mode":"tram","angle":18.6,"side":-1,"extra":1,"ei":1,"l0":"2, ","c0":"#52ac3c","l1":"5, ","c1":"#c17aef","l2":"15, ","c2":"#fe6761","l3":"18, ","c3":"#b20b42","l4":"29, ","c4":"#b59607","l5":"39, ","c5":"#19a9a8","l6":"39а, ","c6":"#8e4604","l7":"47, ","c7":"#4d4aba","l8":"61, ","c8":"#126804","l9":"92","c9":"#52ac3c"},"geometry":{"type":"Point","coordinates":[24.061938,49.836931]}},{"type":"Feature","properties":{"lines":"2","arr":["Т02","А05","А15","А18","А29","А39","А39а","А47","А61","А92"],"mode":"tram","angle":14.3,"side":-1,"extra":1,"ei":2,"l0":"2, ","c0":"#52ac3c","l1":"5, ","c1":"#c17aef","l2":"15, ","c2":"#fe6761","l3":"18, ","c3":"#b20b42","l4":"29, ","c4":"#b59607","l5":"39, ","c5":"#19a9a8","l6":"39а, ","c6":"#8e4604","l7":"47, ","c7":"#4d4aba","l8":"61, ","c8":"#126804","l9":"92","c9":"#52ac3c"},"geometry":{"type":"Point","coordinates":[24.064746,49.836394]}},{"type":"Feature","properties":{"lines":"2","arr":["Т02","А05","А15","А18","А29","А39","А47","А61","А92"],"mode":"tram","angle":11.1,"side":-1,"l0":"2, ","c0":"#52ac3c","l1":"5, ","c1":"#c17aef","l2":"15, ","c2":"#fe6761","l3":"18, ","c3":"#b20b42","l4":"29, ","c4":"#b59607","l5":"39, ","c5":"#19a9a8","l6":"47, ","c6":"#4d4aba","l7":"61, ","c7":"#126804","l8":"92","c8":"#52ac3c"},"geometry":{"type":"Point","coordinates":[24.066641,49.83609]}},{"type":"Feature","properties":{"lines":"2","arr":["Т02"],"mode":"tram","angle":-60.3,"l0":"2","c0":"#52ac3c"},"geometry":{"type":"Point","coordinates":[24.068202,49.835663]}},{"type":"Feature","properties":{"lines":"1, 2, 7, 9","arr":["Т01","Т02","Т07","Т09","А01","А03","А05","А06","А15","А29","А37","А39","А45","А46","А47","А53","А57","А61","А92"],"mode":"tram","angle":58.2,"l0":"1, ","c0":"#1da8b6","l1":"2, ","c1":"#52ac3c","l2":"7, ","c2":"#992492","l3":"9, ","c3":"#cf8a11","l4":"1, ","c4":"#ff5e9b","l5":"3, ","c5":"#03636c","l6":"5, ","c6":"#c17aef","l7":"6, ","c7":"#b0045c","l8":"15, ","c8":"#fe6761","l9":"29, ","c9":"#b59607","l10":"37, ","c10":"#ab0377","l11":"39, ","c11":"#19a9a8","l12":"45, ","c12":"#5a5d02","l13":"46, ","c13":"#02af5a","l14":"47, ","c14":"#4d4aba","l15":"53, ","c15":"#126804","l16":"57, ","c16":"#b59607","l17":"61, ","c17":"#126804","l18":"92","c18":"#52ac3c"},"geometry":{"type":"Point","coordinates":[24.03582,49.840808]}},{"type":"Feature","properties":{"lines":"1, 2, 7","arr":["Т01","Т02","Т07","А05","А15","А18","А29","А39","А39а","А47","А61","А92","А99"],"mode":"tram","angle":-8.8,"l0":"1, ","c0":"#1da8b6","l1":"2, ","c1":"#52ac3c","l2":"7, ","c2":"#992492","l3":"5, ","c3":"#c17aef","l4":"15, ","c4":"#fe6761","l5":"18, ","c5":"#b20b42","l6":"29, ","c6":"#b59607","l7":"39, ","c7":"#19a9a8","l8":"39а, ","c8":"#8e4604","l9":"47, ","c9":"#4d4aba","l10":"61, ","c10":"#126804","l11":"92, ","c11":"#52ac3c","l12":"99","c12":"#119efc"},"geometry":{"type":"Point","coordinates":[24.045745,49.840709]}},{"type":"Feature","properties":{"lines":"1, 2, 7","arr":["Т01","Т02","Т07","А05","А15","А18","А29","А39","А39а","А47","А61","А92","А99"],"mode":"tram","angle":-2.1,"extra":1,"ei":0,"l0":"1, ","c0":"#1da8b6","l1":"2, ","c1":"#52ac3c","l2":"7, ","c2":"#992492","l3":"5, ","c3":"#c17aef","l4":"15, ","c4":"#fe6761","l5":"18, ","c5":"#b20b42","l6":"29, ","c6":"#b59607","l7":"39, ","c7":"#19a9a8","l8":"39а, ","c8":"#8e4604","l9":"47, ","c9":"#4d4aba","l10":"61, ","c10":"#126804","l11":"92, ","c11":"#52ac3c","l12":"99","c12":"#119efc"},"geometry":{"type":"Point","coordinates":[24.037416,49.839793]}},{"type":"Feature","properties":{"lines":"1, 2, 7","arr":["Т01","Т02","Т07","А05","А15","А18","А29","А39","А39а","А47","А61","А92","А99"],"mode":"tram","angle":-4.2,"extra":1,"ei":1,"l0":"1, ","c0":"#1da8b6","l1":"2, ","c1":"#52ac3c","l2":"7, ","c2":"#992492","l3":"5, ","c3":"#c17aef","l4":"15, ","c4":"#fe6761","l5":"18, ","c5":"#b20b42","l6":"29, ","c6":"#b59607","l7":"39, ","c7":"#19a9a8","l8":"39а, ","c8":"#8e4604","l9":"47, ","c9":"#4d4aba","l10":"61, ","c10":"#126804","l11":"92, ","c11":"#52ac3c","l12":"99","c12":"#119efc"},"geometry":{"type":"Point","coordinates":[24.040342,49.839879]}},{"type":"Feature","properties":{"lines":"1, 2, 7","arr":["Т01","Т02","Т07","А05","А15","А18","А29","А39","А39а","А47","А61","А92","А99"],"mode":"tram","angle":-19.9,"extra":1,"ei":2,"l0":"1, ","c0":"#1da8b6","l1":"2, ","c1":"#52ac3c","l2":"7, ","c2":"#992492","l3":"5, ","c3":"#c17aef","l4":"15, ","c4":"#fe6761","l5":"18, ","c5":"#b20b42","l6":"29, ","c6":"#b59607","l7":"39, ","c7":"#19a9a8","l8":"39а, ","c8":"#8e4604","l9":"47, ","c9":"#4d4aba","l10":"61, ","c10":"#126804","l11":"92, ","c11":"#52ac3c","l12":"99","c12":"#119efc"},"geometry":{"type":"Point","coordinates":[24.043192,49.840247]}},{"type":"Feature","properties":{"lines":"1, 2, 7","arr":["Т01","Т02","Т07","А05","А15","А18","А29","А39","А39а","А47","А61","А92","А99"],"mode":"tram","angle":23.1,"extra":1,"ei":3,"l0":"1, ","c0":"#1da8b6","l1":"2, ","c1":"#52ac3c","l2":"7, ","c2":"#992492","l3":"5, ","c3":"#c17aef","l4":"15, ","c4":"#fe6761","l5":"18, ","c5":"#b20b42","l6":"29, ","c6":"#b59607","l7":"39, ","c7":"#19a9a8","l8":"39а, ","c8":"#8e4604","l9":"47, ","c9":"#4d4aba","l10":"61, ","c10":"#126804","l11":"92, ","c11":"#52ac3c","l12":"99","c12":"#119efc"},"geometry":{"type":"Point","coordinates":[24.048745,49.840111]}},{"type":"Feature","properties":{"lines":"1, 2, 7","arr":["Т01","Т02","Т07","А05","А15","А18","А29","А39","А39а","А47","А61","А92","А99"],"mode":"tram","angle":22.3,"extra":1,"ei":4,"l0":"1, ","c0":"#1da8b6","l1":"2, ","c1":"#52ac3c","l2":"7, ","c2":"#992492","l3":"5, ","c3":"#c17aef","l4":"15, ","c4":"#fe6761","l5":"18, ","c5":"#b20b42","l6":"29, ","c6":"#b59607","l7":"39, ","c7":"#19a9a8","l8":"39а, ","c8":"#8e4604","l9":"47, ","c9":"#4d4aba","l10":"61, ","c10":"#126804","l11":"92, ","c11":"#52ac3c","l12":"99","c12":"#119efc"},"geometry":{"type":"Point","coordinates":[24.051507,49.839482]}},{"type":"Feature","properties":{"lines":"1, 2, 7","arr":["Т01","Т02","Т07","А05","А15","А18","А29","А39","А39а","А47","А61","А92","А99"],"mode":"tram","angle":22.7,"extra":1,"ei":5,"l0":"1, ","c0":"#1da8b6","l1":"2, ","c1":"#52ac3c","l2":"7, ","c2":"#992492","l3":"5, ","c3":"#c17aef","l4":"15, ","c4":"#fe6761","l5":"18, ","c5":"#b20b42","l6":"29, ","c6":"#b59607","l7":"39, ","c7":"#19a9a8","l8":"39а, ","c8":"#8e4604","l9":"47, ","c9":"#4d4aba","l10":"61, ","c10":"#126804","l11":"92, ","c11":"#52ac3c","l12":"99","c12":"#119efc"},"geometry":{"type":"Point","coordinates":[24.054183,49.838714]}},{"type":"Feature","properties":{"lines":"7","arr":["Т07","А06","А11","А49","А61","А67"],"mode":"tram","angle":34.3,"mi":1,"l0":"7, ","c0":"#992492","l1":"6, ","c1":"#b0045c","l2":"11, ","c2":"#79a620","l3":"49, ","c3":"#7c5001","l4":"61, ","c4":"#126804","l5":"67","c5":"#05617d"},"geometry":{"type":"Point","coordinates":[23.990812,49.851423]}},{"type":"Feature","properties":{"lines":"7","arr":["Т07","А06","А11","А49","А61","А67"],"mode":"tram","angle":43.1,"side":-1,"extra":1,"ei":0,"l0":"7, ","c0":"#992492","l1":"6, ","c1":"#b0045c","l2":"11, ","c2":"#79a620","l3":"49, ","c3":"#7c5001","l4":"61, ","c4":"#126804","l5":"67","c5":"#05617d"},"geometry":{"type":"Point","coordinates":[23.987207,49.853205]}},{"type":"Feature","properties":{"lines":"7","arr":["Т07","А06","А11","А49","А61","А67"],"mode":"tram","angle":34.5,"side":-1,"extra":1,"ei":1,"l0":"7, ","c0":"#992492","l1":"6, ","c1":"#b0045c","l2":"11, ","c2":"#79a620","l3":"49, ","c3":"#7c5001","l4":"61, ","c4":"#126804","l5":"67","c5":"#05617d"},"geometry":{"type":"Point","coordinates":[23.994293,49.849865]}},{"type":"Feature","properties":{"lines":"7","arr":["Т07","А06","А17","А61","А67"],"mode":"tram","angle":33,"l0":"7, ","c0":"#992492","l1":"6, ","c1":"#b0045c","l2":"17, ","c2":"#e47e2b","l3":"61, ","c3":"#126804","l4":"67","c4":"#05617d"},"geometry":{"type":"Point","coordinates":[24.006011,49.846229]}},{"type":"Feature","properties":{"lines":"7","arr":["Т07","А06","А17","А61","А67"],"mode":"tram","angle":23.9,"side":-1,"extra":1,"ei":0,"l0":"7, ","c0":"#992492","l1":"6, ","c1":"#b0045c","l2":"17, ","c2":"#e47e2b","l3":"61, ","c3":"#126804","l4":"67","c4":"#05617d"},"geometry":{"type":"Point","coordinates":[23.997453,49.848771]}},{"type":"Feature","properties":{"lines":"7","arr":["Т07","А06","А17","А61","А67"],"mode":"tram","angle":19.5,"side":-1,"extra":1,"ei":1,"l0":"7, ","c0":"#992492","l1":"6, ","c1":"#b0045c","l2":"17, ","c2":"#e47e2b","l3":"61, ","c3":"#126804","l4":"67","c4":"#05617d"},"geometry":{"type":"Point","coordinates":[24.000156,49.848054]}},{"type":"Feature","properties":{"lines":"7","arr":["Т07","А06","А17","А61","А67"],"mode":"tram","angle":27.3,"extra":1,"ei":2,"l0":"7, ","c0":"#992492","l1":"6, ","c1":"#b0045c","l2":"17, ","c2":"#e47e2b","l3":"61, ","c3":"#126804","l4":"67","c4":"#05617d"},"geometry":{"type":"Point","coordinates":[24.002744,49.847176]}},{"type":"Feature","properties":{"lines":"7","arr":["Т07","А06","А17","А61","А67"],"mode":"tram","angle":28.3,"extra":1,"ei":3,"l0":"7, ","c0":"#992492","l1":"6, ","c1":"#b0045c","l2":"17, ","c2":"#e47e2b","l3":"61, ","c3":"#126804","l4":"67","c4":"#05617d"},"geometry":{"type":"Point","coordinates":[24.007957,49.845498]}},{"type":"Feature","properties":{"lines":"7","arr":["Т07","А06","А17","А61","А67"],"mode":"tram","angle":28.2,"extra":1,"ei":4,"l0":"7, ","c0":"#992492","l1":"6, ","c1":"#b0045c","l2":"17, ","c2":"#e47e2b","l3":"61, ","c3":"#126804","l4":"67","c4":"#05617d"},"geometry":{"type":"Point","coordinates":[24.010539,49.844605]}},{"type":"Feature","properties":{"lines":"7","arr":["Т07","А06","А17","А61","А67"],"mode":"tram","angle":28.8,"extra":1,"ei":5,"l0":"7, ","c0":"#992492","l1":"6, ","c1":"#b0045c","l2":"17, ","c2":"#e47e2b","l3":"61, ","c3":"#126804","l4":"67","c4":"#05617d"},"geometry":{"type":"Point","coordinates":[24.013109,49.843698]}},{"type":"Feature","properties":{"lines":"7","arr":["Т07"],"mode":"tram","angle":2.3,"side":-1,"l0":"7","c0":"#992492"},"geometry":{"type":"Point","coordinates":[24.029247,49.844721]}},{"type":"Feature","properties":{"lines":"7","arr":["Т07","А06","А17","А61","А67"],"mode":"tram","angle":32.6,"mi":1,"l0":"7, ","c0":"#992492","l1":"6, ","c1":"#b0045c","l2":"17, ","c2":"#e47e2b","l3":"61, ","c3":"#126804","l4":"67","c4":"#05617d"},"geometry":{"type":"Point","coordinates":[24.006148,49.846206]}},{"type":"Feature","properties":{"lines":"7","arr":["Т07","А06","А17","А61","А67"],"mode":"tram","angle":24.3,"extra":1,"ei":0,"l0":"7, ","c0":"#992492","l1":"6, ","c1":"#b0045c","l2":"17, ","c2":"#e47e2b","l3":"61, ","c3":"#126804","l4":"67","c4":"#05617d"},"geometry":{"type":"Point","coordinates":[24.014436,49.843303]}},{"type":"Feature","properties":{"lines":"7","arr":["Т07","А06","А17","А61","А67"],"mode":"tram","angle":28.5,"extra":1,"ei":1,"l0":"7, ","c0":"#992492","l1":"6, ","c1":"#b0045c","l2":"17, ","c2":"#e47e2b","l3":"61, ","c3":"#126804","l4":"67","c4":"#05617d"},"geometry":{"type":"Point","coordinates":[24.011841,49.84418]}},{"type":"Feature","properties":{"lines":"7","arr":["Т07","А06","А17","А61","А67"],"mode":"tram","angle":28.5,"extra":1,"ei":2,"l0":"7, ","c0":"#992492","l1":"6, ","c1":"#b0045c","l2":"17, ","c2":"#e47e2b","l3":"61, ","c3":"#126804","l4":"67","c4":"#05617d"},"geometry":{"type":"Point","coordinates":[24.009266,49.84508]}},{"type":"Feature","properties":{"lines":"7","arr":["Т07","А06","А17","А61","А67"],"mode":"tram","angle":16.4,"extra":1,"ei":3,"l0":"7, ","c0":"#992492","l1":"6, ","c1":"#b0045c","l2":"17, ","c2":"#e47e2b","l3":"61, ","c3":"#126804","l4":"67","c4":"#05617d"},"geometry":{"type":"Point","coordinates":[24.004138,49.846883]}},{"type":"Feature","properties":{"lines":"7","arr":["Т07","А06","А17","А61","А67"],"mode":"tram","angle":30.3,"extra":1,"ei":4,"l0":"7, ","c0":"#992492","l1":"6, ","c1":"#b0045c","l2":"17, ","c2":"#e47e2b","l3":"61, ","c3":"#126804","l4":"67","c4":"#05617d"},"geometry":{"type":"Point","coordinates":[24.001493,49.847674]}},{"type":"Feature","properties":{"lines":"7","arr":["Т07","А06","А17","А61","А67"],"mode":"tram","angle":24.9,"extra":1,"ei":5,"l0":"7, ","c0":"#992492","l1":"6, ","c1":"#b0045c","l2":"17, ","c2":"#e47e2b","l3":"61, ","c3":"#126804","l4":"67","c4":"#05617d"},"geometry":{"type":"Point","coordinates":[23.998814,49.848417]}},{"type":"Feature","properties":{"lines":"7","arr":["Т07","А06","А11","А17","А49","А61","А67"],"mode":"tram","angle":26.8,"l0":"7, ","c0":"#992492","l1":"6, ","c1":"#b0045c","l2":"11, ","c2":"#79a620","l3":"17, ","c3":"#e47e2b","l4":"49, ","c4":"#7c5001","l5":"61, ","c5":"#126804","l6":"67","c6":"#05617d"},"geometry":{"type":"Point","coordinates":[23.996028,49.849296]}},{"type":"Feature","properties":{"lines":"7","arr":["Т07","А06","А11","А49","А61","А67"],"mode":"tram","angle":34.6,"l0":"7, ","c0":"#992492","l1":"6, ","c1":"#b0045c","l2":"11, ","c2":"#79a620","l3":"49, ","c3":"#7c5001","l4":"61, ","c4":"#126804","l5":"67","c5":"#05617d"},"geometry":{"type":"Point","coordinates":[23.990952,49.851388]}},{"type":"Feature","properties":{"lines":"7","arr":["Т07","А06","А11","А49","А61","А67"],"mode":"tram","angle":32.8,"extra":1,"ei":0,"l0":"7, ","c0":"#992492","l1":"6, ","c1":"#b0045c","l2":"11, ","c2":"#79a620","l3":"49, ","c3":"#7c5001","l4":"61, ","c4":"#126804","l5":"67","c5":"#05617d"},"geometry":{"type":"Point","coordinates":[23.994447,49.849865]}},{"type":"Feature","properties":{"lines":"7","arr":["Т07","А06","А11","А49","А61","А67"],"mode":"tram","angle":45.9,"extra":1,"ei":1,"l0":"7, ","c0":"#992492","l1":"6, ","c1":"#b0045c","l2":"11, ","c2":"#79a620","l3":"49, ","c3":"#7c5001","l4":"61, ","c4":"#126804","l5":"67","c5":"#05617d"},"geometry":{"type":"Point","coordinates":[23.987335,49.853179]}},{"type":"Feature","properties":{"lines":"1, 7","arr":["Т01","Т07"],"mode":"tram","angle":-54.1,"l0":"1, ","c0":"#1da8b6","l1":"7","c1":"#992492"},"geometry":{"type":"Point","coordinates":[24.049996,49.832476]}},{"type":"Feature","properties":{"lines":"1, 7","arr":["Т01","Т07"],"mode":"tram","angle":-65.6,"extra":1,"ei":0,"l0":"1, ","c0":"#1da8b6","l1":"7","c1":"#992492"},"geometry":{"type":"Point","coordinates":[24.054652,49.837729]}},{"type":"Feature","properties":{"lines":"1, 7","arr":["Т01","Т07"],"mode":"tram","angle":-67.3,"extra":1,"ei":1,"l0":"1, ","c0":"#1da8b6","l1":"7","c1":"#992492"},"geometry":{"type":"Point","coordinates":[24.053471,49.836001]}},{"type":"Feature","properties":{"lines":"1, 7","arr":["Т01","Т07"],"mode":"tram","angle":-68.2,"extra":1,"ei":2,"l0":"1, ","c0":"#1da8b6","l1":"7","c1":"#992492"},"geometry":{"type":"Point","coordinates":[24.052354,49.834255]}},{"type":"Feature","properties":{"lines":"1, 7","arr":["Т01","Т07"],"mode":"tram","angle":-66.5,"extra":1,"ei":3,"l0":"1, ","c0":"#1da8b6","l1":"7","c1":"#992492"},"geometry":{"type":"Point","coordinates":[24.049065,49.831219]}},{"type":"Feature","properties":{"lines":"1, 7","arr":["Т01","Т07"],"mode":"tram","angle":33.4,"extra":1,"ei":4,"l0":"1, ","c0":"#1da8b6","l1":"7","c1":"#992492"},"geometry":{"type":"Point","coordinates":[24.050544,49.829894]}},{"type":"Feature","properties":{"lines":"1, 7","arr":["Т01","Т07"],"mode":"tram","angle":14,"extra":1,"ei":5,"l0":"1, ","c0":"#1da8b6","l1":"7","c1":"#992492"},"geometry":{"type":"Point","coordinates":[24.053383,49.829634]}},{"type":"Feature","properties":{"lines":"1, 7","arr":["Т01","Т07"],"mode":"tram","angle":24.9,"extra":1,"ei":6,"l0":"1, ","c0":"#1da8b6","l1":"7","c1":"#992492"},"geometry":{"type":"Point","coordinates":[24.056131,49.828996]}},{"type":"Feature","properties":{"lines":"1, 7","arr":["Т01","Т07"],"mode":"tram","angle":-64.2,"side":-1,"mi":1,"l0":"1, ","c0":"#1da8b6","l1":"7","c1":"#992492"},"geometry":{"type":"Point","coordinates":[24.049749,49.832127]}},{"type":"Feature","properties":{"lines":"1, 7","arr":["Т01","Т07"],"mode":"tram","angle":16,"extra":1,"ei":0,"l0":"1, ","c0":"#1da8b6","l1":"7","c1":"#992492"},"geometry":{"type":"Point","coordinates":[24.055811,49.829864]}},{"type":"Feature","properties":{"lines":"1, 7","arr":["Т01","Т07"],"mode":"tram","angle":13.2,"extra":1,"ei":1,"l0":"1, ","c0":"#1da8b6","l1":"7","c1":"#992492"},"geometry":{"type":"Point","coordinates":[24.053161,49.829704]}},{"type":"Feature","properties":{"lines":"1, 7","arr":["Т01","Т07"],"mode":"tram","angle":34.9,"extra":1,"ei":2,"l0":"1, ","c0":"#1da8b6","l1":"7","c1":"#992492"},"geometry":{"type":"Point","coordinates":[24.05036,49.830017]}},{"type":"Feature","properties":{"lines":"1, 7","arr":["Т01","Т07"],"mode":"tram","angle":-68,"side":-1,"extra":1,"ei":3,"l0":"1, ","c0":"#1da8b6","l1":"7","c1":"#992492"},"geometry":{"type":"Point","coordinates":[24.052571,49.834422]}},{"type":"Feature","properties":{"lines":"1, 7","arr":["Т01","Т07"],"mode":"tram","angle":-67.4,"side":-1,"extra":1,"ei":4,"l0":"1, ","c0":"#1da8b6","l1":"7","c1":"#992492"},"geometry":{"type":"Point","coordinates":[24.05367,49.836173]}},{"type":"Feature","properties":{"lines":"1, 7","arr":["Т01","Т07"],"mode":"tram","angle":-65.4,"side":-1,"extra":1,"ei":5,"l0":"1, ","c0":"#1da8b6","l1":"7","c1":"#992492"},"geometry":{"type":"Point","coordinates":[24.054851,49.837901]}},{"type":"Feature","properties":{"lines":"3, 8","arr":["Т03","Т08"],"mode":"tram","angle":-17.4,"l0":"3, ","c0":"#736adf","l1":"8","c1":"#446303"},"geometry":{"type":"Point","coordinates":[24.034923,49.838874]}},{"type":"Feature","properties":{"lines":"3, 8, 9","arr":["Т03","Т08","Т09","А43","А53"],"mode":"tram","angle":-78.2,"l0":"3, ","c0":"#736adf","l1":"8, ","c1":"#446303","l2":"9, ","c2":"#cf8a11","l3":"43, ","c3":"#0357b2","l4":"53","c4":"#126804"},"geometry":{"type":"Point","coordinates":[24.033715,49.832359]}},{"type":"Feature","properties":{"lines":"3, 8, 9","arr":["Т03","Т08","Т09","А43","А53"],"mode":"tram","angle":-55.8,"extra":1,"ei":0,"l0":"3, ","c0":"#736adf","l1":"8, ","c1":"#446303","l2":"9, ","c2":"#cf8a11","l3":"43, ","c3":"#0357b2","l4":"53","c4":"#126804"},"geometry":{"type":"Point","coordinates":[24.032651,49.830938]}},{"type":"Feature","properties":{"lines":"3, 8, 9","arr":["Т03","Т08","Т09","А43","А53"],"mode":"tram","angle":-67,"extra":1,"ei":1,"l0":"3, ","c0":"#736adf","l1":"8, ","c1":"#446303","l2":"9, ","c2":"#cf8a11","l3":"43, ","c3":"#0357b2","l4":"53","c4":"#126804"},"geometry":{"type":"Point","coordinates":[24.034337,49.834513]}},{"type":"Feature","properties":{"lines":"3, 8, 9","arr":["Т03","Т08","Т09","А03","А15","А18","А37","А43","А46","А53","А57"],"mode":"tram","angle":89.4,"l0":"3, ","c0":"#736adf","l1":"8, ","c1":"#446303","l2":"9, ","c2":"#cf8a11","l3":"3, ","c3":"#03636c","l4":"15, ","c4":"#fe6761","l5":"18, ","c5":"#b20b42","l6":"37, ","c6":"#ab0377","l7":"43, ","c7":"#0357b2","l8":"46, ","c8":"#02af5a","l9":"53, ","c9":"#126804","l10":"57","c10":"#b59607"},"geometry":{"type":"Point","coordinates":[24.034917,49.835509]}},{"type":"Feature","properties":{"lines":"3, 8, 9","arr":["Т03","Т08","Т09","А03","А18","А37","А39а","А46","А53","А57","А99"],"mode":"tram","angle":-81.6,"l0":"3, ","c0":"#736adf","l1":"8, ","c1":"#446303","l2":"9, ","c2":"#cf8a11","l3":"3, ","c3":"#03636c","l4":"18, ","c4":"#b20b42","l5":"37, ","c5":"#ab0377","l6":"39а, ","c6":"#8e4604","l7":"46, ","c7":"#02af5a","l8":"53, ","c8":"#126804","l9":"57, ","c9":"#b59607","l10":"99","c10":"#119efc"},"geometry":{"type":"Point","coordinates":[24.034973,49.837543]}},{"type":"Feature","properties":{"lines":"8","arr":["Т08","А53"],"mode":"tram","angle":-82.9,"side":-1,"l0":"8, ","c0":"#446303","l1":"53","c1":"#126804"},"geometry":{"type":"Point","coordinates":[24.031575,49.829935]}},{"type":"Feature","properties":{"lines":"4, 8","arr":["Т04","Т08"],"mode":"tram","angle":42.6,"side":-1,"l0":"4, ","c0":"#b11526","l1":"8","c1":"#446303"},"geometry":{"type":"Point","coordinates":[24.032852,49.828799]}},{"type":"Feature","properties":{"lines":"4, 8","arr":["Т04","Т08","А53"],"mode":"tram","angle":79.7,"l0":"4, ","c0":"#b11526","l1":"8, ","c1":"#446303","l2":"53","c2":"#126804"},"geometry":{"type":"Point","coordinates":[24.033927,49.827392]}},{"type":"Feature","properties":{"lines":"4, 8","arr":["Т04","Т08"],"mode":"tram","angle":51.7,"l0":"4, ","c0":"#b11526","l1":"8","c1":"#446303"},"geometry":{"type":"Point","coordinates":[24.040763,49.819442]}},{"type":"Feature","properties":{"lines":"4, 8","arr":["Т04","Т08"],"mode":"tram","angle":49.1,"extra":1,"ei":0,"l0":"4, ","c0":"#b11526","l1":"8","c1":"#446303"},"geometry":{"type":"Point","coordinates":[24.034721,49.826118]}},{"type":"Feature","properties":{"lines":"4, 8","arr":["Т04","Т08"],"mode":"tram","angle":31.3,"extra":1,"ei":1,"l0":"4, ","c0":"#b11526","l1":"8","c1":"#446303"},"geometry":{"type":"Point","coordinates":[24.036846,49.824835]}},{"type":"Feature","properties":{"lines":"4, 8","arr":["Т04","Т08"],"mode":"tram","angle":69.2,"side":-1,"extra":1,"ei":2,"l0":"4, ","c0":"#b11526","l1":"8","c1":"#446303"},"geometry":{"type":"Point","coordinates":[24.038267,49.82327]}},{"type":"Feature","properties":{"lines":"4, 8","arr":["Т04","Т08"],"mode":"tram","angle":67.5,"extra":1,"ei":3,"l0":"4, ","c0":"#b11526","l1":"8","c1":"#446303"},"geometry":{"type":"Point","coordinates":[24.039376,49.821522]}},{"type":"Feature","properties":{"lines":"4, 8","arr":["Т04","Т08"],"mode":"tram","angle":26.7,"extra":1,"ei":4,"l0":"4, ","c0":"#b11526","l1":"8","c1":"#446303"},"geometry":{"type":"Point","coordinates":[24.042691,49.818616]}},{"type":"Feature","properties":{"lines":"4, 8","arr":["Т04","Т08"],"mode":"tram","angle":71.1,"side":-1,"extra":1,"ei":5,"l0":"4, ","c0":"#b11526","l1":"8","c1":"#446303"},"geometry":{"type":"Point","coordinates":[24.044646,49.817294]}},{"type":"Feature","properties":{"lines":"4, 8","arr":["Т04","Т08"],"mode":"tram","angle":73.8,"side":-1,"extra":1,"ei":6,"l0":"4, ","c0":"#b11526","l1":"8","c1":"#446303"},"geometry":{"type":"Point","coordinates":[24.045499,49.815487]}},{"type":"Feature","properties":{"lines":"4, 8","arr":["Т04","Т08"],"mode":"tram","angle":-84.6,"extra":1,"ei":7,"l0":"4, ","c0":"#b11526","l1":"8","c1":"#446303"},"geometry":{"type":"Point","coordinates":[24.045678,49.813617]}},{"type":"Feature","properties":{"lines":"4, 8","arr":["Т04","Т08","А27"],"mode":"tram","angle":79.8,"l0":"4, ","c0":"#b11526","l1":"8, ","c1":"#446303","l2":"27","c2":"#11a2e3"},"geometry":{"type":"Point","coordinates":[24.0461,49.811149]}},{"type":"Feature","properties":{"lines":"4, 8","arr":["Т04","Т08","А16","А53"],"mode":"tram","angle":-88.2,"mi":1,"l0":"4, ","c0":"#b11526","l1":"8, ","c1":"#446303","l2":"16, ","c2":"#f57145","l3":"53","c3":"#126804"},"geometry":{"type":"Point","coordinates":[24.046729,49.80736]}},{"type":"Feature","properties":{"lines":"4, 8","arr":["Т04","Т08","А16","А53"],"mode":"tram","angle":80.6,"side":-1,"extra":1,"ei":0,"l0":"4, ","c0":"#b11526","l1":"8, ","c1":"#446303","l2":"16, ","c2":"#f57145","l3":"53","c3":"#126804"},"geometry":{"type":"Point","coordinates":[24.046533,49.809441]}},{"type":"Feature","properties":{"lines":"4, 8","arr":["Т04","Т08","А16","А53"],"mode":"tram","angle":-84,"extra":1,"ei":1,"l0":"4, ","c0":"#b11526","l1":"8, ","c1":"#446303","l2":"16, ","c2":"#f57145","l3":"53","c3":"#126804"},"geometry":{"type":"Point","coordinates":[24.0465,49.805681]}},{"type":"Feature","properties":{"lines":"4, 8","arr":["Т04","Т08","А07","А11","А14","А16","А23","А32","А40","А41","А53"],"mode":"tram","angle":84.3,"mi":1,"l0":"4, ","c0":"#b11526","l1":"8, ","c1":"#446303","l2":"7, ","c2":"#a72d06","l3":"11, ","c3":"#79a620","l4":"14, ","c4":"#cf8a11","l5":"16, ","c5":"#f57145","l6":"23, ","c6":"#03636c","l7":"32, ","c7":"#9789ff","l8":"40, ","c8":"#7c5001","l9":"41, ","c9":"#e16cd6","l10":"53","c10":"#126804"},"geometry":{"type":"Point","coordinates":[24.04639,49.802208]}},{"type":"Feature","properties":{"lines":"4, 8","arr":["Т04","Т08","А07","А11","А14","А16","А23","А32","А40","А41","А53"],"mode":"tram","angle":87.9,"extra":1,"ei":0,"l0":"4, ","c0":"#b11526","l1":"8, ","c1":"#446303","l2":"7, ","c2":"#a72d06","l3":"11, ","c3":"#79a620","l4":"14, ","c4":"#cf8a11","l5":"16, ","c5":"#f57145","l6":"23, ","c6":"#03636c","l7":"32, ","c7":"#9789ff","l8":"40, ","c8":"#7c5001","l9":"41, ","c9":"#e16cd6","l10":"53","c10":"#126804"},"geometry":{"type":"Point","coordinates":[24.046243,49.803396]}},{"type":"Feature","properties":{"lines":"4, 8","arr":["Т04","Т08","А16","А53"],"mode":"tram","angle":58.7,"mi":2,"l0":"4, ","c0":"#b11526","l1":"8, ","c1":"#446303","l2":"16, ","c2":"#f57145","l3":"53","c3":"#126804"},"geometry":{"type":"Point","coordinates":[24.047358,49.799842]}},{"type":"Feature","properties":{"lines":"4, 8","arr":["Т04","Т08","А07","А11","А14","А16","А23","А32","А37","А40","А41","А53"],"mode":"tram","angle":38.8,"mi":1,"l0":"4, ","c0":"#b11526","l1":"8, ","c1":"#446303","l2":"7, ","c2":"#a72d06","l3":"11, ","c3":"#79a620","l4":"14, ","c4":"#cf8a11","l5":"16, ","c5":"#f57145","l6":"23, ","c6":"#03636c","l7":"32, ","c7":"#9789ff","l8":"37, ","c8":"#ab0377","l9":"40, ","c9":"#7c5001","l10":"41, ","c10":"#e16cd6","l11":"53","c11":"#126804"},"geometry":{"type":"Point","coordinates":[24.051731,49.797292]}},{"type":"Feature","properties":{"lines":"4, 8","arr":["Т04","Т08","А07","А11","А14","А16","А23","А32","А37","А40","А41","А53"],"mode":"tram","angle":38,"extra":1,"ei":0,"l0":"4, ","c0":"#b11526","l1":"8, ","c1":"#446303","l2":"7, ","c2":"#a72d06","l3":"11, ","c3":"#79a620","l4":"14, ","c4":"#cf8a11","l5":"16, ","c5":"#f57145","l6":"23, ","c6":"#03636c","l7":"32, ","c7":"#9789ff","l8":"37, ","c8":"#ab0377","l9":"40, ","c9":"#7c5001","l10":"41, ","c10":"#e16cd6","l11":"53","c11":"#126804"},"geometry":{"type":"Point","coordinates":[24.048929,49.798741]}},{"type":"Feature","properties":{"lines":"4, 8","arr":["Т04","Т08","А07","А11","А14","А16","А23","А32","А37","А40","А41","А53"],"mode":"tram","angle":38.7,"extra":1,"ei":1,"l0":"4, ","c0":"#b11526","l1":"8, ","c1":"#446303","l2":"7, ","c2":"#a72d06","l3":"11, ","c3":"#79a620","l4":"14, ","c4":"#cf8a11","l5":"16, ","c5":"#f57145","l6":"23, ","c6":"#03636c","l7":"32, ","c7":"#9789ff","l8":"37, ","c8":"#ab0377","l9":"40, ","c9":"#7c5001","l10":"41, ","c10":"#e16cd6","l11":"53","c11":"#126804"},"geometry":{"type":"Point","coordinates":[24.053492,49.796371]}},{"type":"Feature","properties":{"lines":"4, 8","arr":["Т04","Т08"],"mode":"tram","angle":64.6,"l0":"4, ","c0":"#b11526","l1":"8","c1":"#446303"},"geometry":{"type":"Point","coordinates":[24.057997,49.793759]}},{"type":"Feature","properties":{"lines":"4, 8","arr":["Т04","Т08"],"mode":"tram","angle":41,"extra":1,"ei":0,"l0":"4, ","c0":"#b11526","l1":"8","c1":"#446303"},"geometry":{"type":"Point","coordinates":[24.056828,49.794669]}},{"type":"Feature","properties":{"lines":"4, 8","arr":["Т04","Т08","А07","А11","А19","А32","А47","А53","Тр24"],"mode":"tram","angle":88.2,"l0":"4, ","c0":"#b11526","l1":"8, ","c1":"#446303","l2":"7, ","c2":"#a72d06","l3":"11, ","c3":"#79a620","l4":"19, ","c4":"#ff5e9b","l5":"32, ","c5":"#9789ff","l6":"47, ","c6":"#4d4aba","l7":"53, ","c7":"#126804","l8":"24","c8":"#19a9a8"},"geometry":{"type":"Point","coordinates":[24.0589,49.79035]}},{"type":"Feature","properties":{"lines":"4, 8","arr":["Т04","Т08","А07","А11","А14","А19","А32","А46","А47","А53","Тр24"],"mode":"tram","angle":88.3,"l0":"4, ","c0":"#b11526","l1":"8, ","c1":"#446303","l2":"7, ","c2":"#a72d06","l3":"11, ","c3":"#79a620","l4":"14, ","c4":"#cf8a11","l5":"19, ","c5":"#ff5e9b","l6":"32, ","c6":"#9789ff","l7":"46, ","c7":"#02af5a","l8":"47, ","c8":"#4d4aba","l9":"53, ","c9":"#126804","l10":"24","c10":"#19a9a8"},"geometry":{"type":"Point","coordinates":[24.059031,49.787316]}},{"type":"Feature","properties":{"lines":"4, 8","arr":["Т04","Т08","А07","А14","А19","А47","Тр24"],"mode":"tram","angle":88.7,"l0":"4, ","c0":"#b11526","l1":"8, ","c1":"#446303","l2":"7, ","c2":"#a72d06","l3":"14, ","c3":"#cf8a11","l4":"19, ","c4":"#ff5e9b","l5":"47, ","c5":"#4d4aba","l6":"24","c6":"#19a9a8"},"geometry":{"type":"Point","coordinates":[24.059128,49.785068]}},{"type":"Feature","properties":{"lines":"4, 8","arr":["Т04","Т08","А14","А19","А47"],"mode":"tram","angle":88.5,"l0":"4, ","c0":"#b11526","l1":"8, ","c1":"#446303","l2":"14, ","c2":"#cf8a11","l3":"19, ","c3":"#ff5e9b","l4":"47","c4":"#4d4aba"},"geometry":{"type":"Point","coordinates":[24.059187,49.783566]}},{"type":"Feature","properties":{"lines":"4, 8","arr":["Т04","Т08"],"mode":"tram","angle":39.6,"mi":1,"l0":"4, ","c0":"#b11526","l1":"8","c1":"#446303"},"geometry":{"type":"Point","coordinates":[24.056813,49.79472]}},{"type":"Feature","properties":{"lines":"4, 8","arr":["Т04","Т08","А07","А11","А14","А16","А23","А32","А37","А40","А41","А53"],"mode":"tram","angle":39,"l0":"4, ","c0":"#b11526","l1":"8, ","c1":"#446303","l2":"7, ","c2":"#a72d06","l3":"11, ","c3":"#79a620","l4":"14, ","c4":"#cf8a11","l5":"16, ","c5":"#f57145","l6":"23, ","c6":"#03636c","l7":"32, ","c7":"#9789ff","l8":"37, ","c8":"#ab0377","l9":"40, ","c9":"#7c5001","l10":"41, ","c10":"#e16cd6","l11":"53","c11":"#126804"},"geometry":{"type":"Point","coordinates":[24.052109,49.797138]}},{"type":"Feature","properties":{"lines":"4, 8","arr":["Т04","Т08","А07","А11","А14","А16","А23","А32","А37","А40","А41","А53"],"mode":"tram","angle":38.6,"extra":1,"ei":0,"l0":"4, ","c0":"#b11526","l1":"8, ","c1":"#446303","l2":"7, ","c2":"#a72d06","l3":"11, ","c3":"#79a620","l4":"14, ","c4":"#cf8a11","l5":"16, ","c5":"#f57145","l6":"23, ","c6":"#03636c","l7":"32, ","c7":"#9789ff","l8":"37, ","c8":"#ab0377","l9":"40, ","c9":"#7c5001","l10":"41, ","c10":"#e16cd6","l11":"53","c11":"#126804"},"geometry":{"type":"Point","coordinates":[24.054778,49.795761]}},{"type":"Feature","properties":{"lines":"4, 8","arr":["Т04","Т08","А07","А11","А14","А16","А23","А32","А37","А40","А41","А53"],"mode":"tram","angle":39.1,"extra":1,"ei":1,"l0":"4, ","c0":"#b11526","l1":"8, ","c1":"#446303","l2":"7, ","c2":"#a72d06","l3":"11, ","c3":"#79a620","l4":"14, ","c4":"#cf8a11","l5":"16, ","c5":"#f57145","l6":"23, ","c6":"#03636c","l7":"32, ","c7":"#9789ff","l8":"37, ","c8":"#ab0377","l9":"40, ","c9":"#7c5001","l10":"41, ","c10":"#e16cd6","l11":"53","c11":"#126804"},"geometry":{"type":"Point","coordinates":[24.050214,49.79813]}},{"type":"Feature","properties":{"lines":"4, 8","arr":["Т04","Т08","А07","А11","А14","А16","А23","А32","А40","А41","А53"],"mode":"tram","angle":83.5,"l0":"4, ","c0":"#b11526","l1":"8, ","c1":"#446303","l2":"7, ","c2":"#a72d06","l3":"11, ","c3":"#79a620","l4":"14, ","c4":"#cf8a11","l5":"16, ","c5":"#f57145","l6":"23, ","c6":"#03636c","l7":"32, ","c7":"#9789ff","l8":"40, ","c8":"#7c5001","l9":"41, ","c9":"#e16cd6","l10":"53","c10":"#126804"},"geometry":{"type":"Point","coordinates":[24.046556,49.801506]}},{"type":"Feature","properties":{"lines":"4, 8","arr":["Т04","Т08","А07","А11","А14","А16","А23","А32","А40","А41","А53"],"mode":"tram","angle":58.4,"extra":1,"ei":0,"l0":"4, ","c0":"#b11526","l1":"8, ","c1":"#446303","l2":"7, ","c2":"#a72d06","l3":"11, ","c3":"#79a620","l4":"14, ","c4":"#cf8a11","l5":"16, ","c5":"#f57145","l6":"23, ","c6":"#03636c","l7":"32, ","c7":"#9789ff","l8":"40, ","c8":"#7c5001","l9":"41, ","c9":"#e16cd6","l10":"53","c10":"#126804"},"geometry":{"type":"Point","coordinates":[24.047409,49.799856]}},{"type":"Feature","properties":{"lines":"4, 8","arr":["Т04","Т08","А07","А11","А14","А16","А23","А32","А40","А41","А53"],"mode":"tram","angle":89.1,"extra":1,"ei":1,"l0":"4, ","c0":"#b11526","l1":"8, ","c1":"#446303","l2":"7, ","c2":"#a72d06","l3":"11, ","c3":"#79a620","l4":"14, ","c4":"#cf8a11","l5":"16, ","c5":"#f57145","l6":"23, ","c6":"#03636c","l7":"32, ","c7":"#9789ff","l8":"40, ","c8":"#7c5001","l9":"41, ","c9":"#e16cd6","l10":"53","c10":"#126804"},"geometry":{"type":"Point","coordinates":[24.046282,49.803521]}},{"type":"Feature","properties":{"lines":"4, 8","arr":["Т04","Т08","А16","А53"],"mode":"tram","angle":-87.2,"side":-1,"l0":"4, ","c0":"#b11526","l1":"8, ","c1":"#446303","l2":"16, ","c2":"#f57145","l3":"53","c3":"#126804"},"geometry":{"type":"Point","coordinates":[24.0468,49.807214]}},{"type":"Feature","properties":{"lines":"4, 8","arr":["Т04","Т08","А16","А53"],"mode":"tram","angle":-83.8,"extra":1,"ei":0,"l0":"4, ","c0":"#b11526","l1":"8, ","c1":"#446303","l2":"16, ","c2":"#f57145","l3":"53","c3":"#126804"},"geometry":{"type":"Point","coordinates":[24.046468,49.805134]}},{"type":"Feature","properties":{"lines":"4, 8","arr":["Т04","Т08","А16","А53"],"mode":"tram","angle":83.6,"extra":1,"ei":1,"l0":"4, ","c0":"#b11526","l1":"8, ","c1":"#446303","l2":"16, ","c2":"#f57145","l3":"53","c3":"#126804"},"geometry":{"type":"Point","coordinates":[24.046734,49.808897]}},{"type":"Feature","properties":{"lines":"4, 8","arr":["Т04","Т08","А27"],"mode":"tram","angle":79.7,"mi":1,"l0":"4, ","c0":"#b11526","l1":"8, ","c1":"#446303","l2":"27","c2":"#11a2e3"},"geometry":{"type":"Point","coordinates":[24.046157,49.811228]}},{"type":"Feature","properties":{"lines":"4, 8","arr":["Т04","Т08"],"mode":"tram","angle":26.3,"mi":1,"l0":"4, ","c0":"#b11526","l1":"8","c1":"#446303"},"geometry":{"type":"Point","coordinates":[24.042675,49.818658]}},{"type":"Feature","properties":{"lines":"4, 8","arr":["Т04","Т08"],"mode":"tram","angle":86.5,"extra":1,"ei":0,"l0":"4, ","c0":"#b11526","l1":"8","c1":"#446303"},"geometry":{"type":"Point","coordinates":[24.045704,49.812934]}},{"type":"Feature","properties":{"lines":"4, 8","arr":["Т04","Т08"],"mode":"tram","angle":84.4,"extra":1,"ei":1,"l0":"4, ","c0":"#b11526","l1":"8","c1":"#446303"},"geometry":{"type":"Point","coordinates":[24.045785,49.814818]}},{"type":"Feature","properties":{"lines":"4, 8","arr":["Т04","Т08"],"mode":"tram","angle":72.7,"extra":1,"ei":2,"l0":"4, ","c0":"#b11526","l1":"8","c1":"#446303"},"geometry":{"type":"Point","coordinates":[24.045023,49.816638]}},{"type":"Feature","properties":{"lines":"4, 8","arr":["Т04","Т08"],"mode":"tram","angle":67.3,"extra":1,"ei":3,"l0":"4, ","c0":"#b11526","l1":"8","c1":"#446303"},"geometry":{"type":"Point","coordinates":[24.03984,49.820888]}},{"type":"Feature","properties":{"lines":"4, 8","arr":["Т04","Т08"],"mode":"tram","angle":67.9,"extra":1,"ei":4,"l0":"4, ","c0":"#b11526","l1":"8","c1":"#446303"},"geometry":{"type":"Point","coordinates":[24.038717,49.822632]}},{"type":"Feature","properties":{"lines":"4, 8","arr":["Т04","Т08"],"mode":"tram","angle":70.3,"extra":1,"ei":5,"l0":"4, ","c0":"#b11526","l1":"8","c1":"#446303"},"geometry":{"type":"Point","coordinates":[24.037692,49.824401]}},{"type":"Feature","properties":{"lines":"3, 4, 9","arr":["Т03","Т04","Т09","А43"],"mode":"tram","angle":19.9,"l0":"3, ","c0":"#736adf","l1":"4, ","c1":"#b11526","l2":"9, ","c2":"#cf8a11","l3":"43","c3":"#0357b2"},"geometry":{"type":"Point","coordinates":[24.024114,49.830132]}},{"type":"Feature","properties":{"lines":"3, 4, 9","arr":["Т03","Т04","Т09","А43"],"mode":"tram","angle":-10.7,"extra":1,"ei":0,"l0":"3, ","c0":"#736adf","l1":"4, ","c1":"#b11526","l2":"9, ","c2":"#cf8a11","l3":"43","c3":"#0357b2"},"geometry":{"type":"Point","coordinates":[24.029374,49.829742]}},{"type":"Feature","properties":{"lines":"3, 4, 9","arr":["Т03","Т04","Т09","А43"],"mode":"tram","angle":3.1,"extra":1,"ei":1,"l0":"3, ","c0":"#736adf","l1":"4, ","c1":"#b11526","l2":"9, ","c2":"#cf8a11","l3":"43","c3":"#0357b2"},"geometry":{"type":"Point","coordinates":[24.026447,49.829738]}},{"type":"Feature","properties":{"lines":"3, 4, 9","arr":["Т03","Т04","Т09","А43"],"mode":"tram","angle":34.4,"extra":1,"ei":2,"l0":"3, ","c0":"#736adf","l1":"4, ","c1":"#b11526","l2":"9, ","c2":"#cf8a11","l3":"43","c3":"#0357b2"},"geometry":{"type":"Point","coordinates":[24.021022,49.831068]}},{"type":"Feature","properties":{"lines":"3, 4, 9","arr":["Т03","Т04","Т09","А43"],"mode":"tram","angle":34.8,"extra":1,"ei":3,"l0":"3, ","c0":"#736adf","l1":"4, ","c1":"#b11526","l2":"9, ","c2":"#cf8a11","l3":"43","c3":"#0357b2"},"geometry":{"type":"Point","coordinates":[24.018615,49.832145]}},{"type":"Feature","properties":{"lines":"3, 9","arr":["Т03","Т09","А43"],"mode":"tram","angle":-16.9,"l0":"3, ","c0":"#736adf","l1":"9, ","c1":"#cf8a11","l2":"43","c2":"#0357b2"},"geometry":{"type":"Point","coordinates":[24.031236,49.830127]}},{"type":"Feature","properties":{"lines":"3","arr":["Т03","А09","А21","А45","А48"],"mode":"tram","angle":-51.2,"l0":"3, ","c0":"#736adf","l1":"9, ","c1":"#119efc","l2":"21, ","c2":"#a72d06","l3":"45, ","c3":"#5a5d02","l4":"48","c4":"#05617d"},"geometry":{"type":"Point","coordinates":[24.014404,49.829985]}},{"type":"Feature","properties":{"lines":"3","arr":["Т03","А09","А21","А45","А48"],"mode":"tram","angle":-41.2,"side":-1,"extra":1,"ei":0,"l0":"3, ","c0":"#736adf","l1":"9, ","c1":"#119efc","l2":"21, ","c2":"#a72d06","l3":"45, ","c3":"#5a5d02","l4":"48","c4":"#05617d"},"geometry":{"type":"Point","coordinates":[24.017107,49.831739]}},{"type":"Feature","properties":{"lines":"3","arr":["Т03","А09","А21","А45","А48"],"mode":"tram","angle":-49.8,"extra":1,"ei":1,"l0":"3, ","c0":"#736adf","l1":"9, ","c1":"#119efc","l2":"21, ","c2":"#a72d06","l3":"45, ","c3":"#5a5d02","l4":"48","c4":"#05617d"},"geometry":{"type":"Point","coordinates":[24.013073,49.829018]}},{"type":"Feature","properties":{"lines":"3","arr":["Т03","А09","А21","А45","А48"],"mode":"tram","angle":-50.2,"side":-1,"extra":1,"ei":2,"l0":"3, ","c0":"#736adf","l1":"9, ","c1":"#119efc","l2":"21, ","c2":"#a72d06","l3":"45, ","c3":"#5a5d02","l4":"48","c4":"#05617d"},"geometry":{"type":"Point","coordinates":[24.011424,49.827469]}},{"type":"Feature","properties":{"lines":"3","arr":["Т03","А09","А21","А41","А45","А48"],"mode":"tram","angle":-67.9,"l0":"3, ","c0":"#736adf","l1":"9, ","c1":"#119efc","l2":"21, ","c2":"#a72d06","l3":"41, ","c3":"#e16cd6","l4":"45, ","c4":"#5a5d02","l5":"48","c5":"#05617d"},"geometry":{"type":"Point","coordinates":[24.004311,49.819277]}},{"type":"Feature","properties":{"lines":"3","arr":["Т03","А09","А21","А41","А45","А48"],"mode":"tram","angle":-49,"extra":1,"ei":0,"l0":"3, ","c0":"#736adf","l1":"9, ","c1":"#119efc","l2":"21, ","c2":"#a72d06","l3":"41, ","c3":"#e16cd6","l4":"45, ","c4":"#5a5d02","l5":"48","c5":"#05617d"},"geometry":{"type":"Point","coordinates":[24.010227,49.826561]}},{"type":"Feature","properties":{"lines":"3","arr":["Т03","А09","А21","А41","А45","А48"],"mode":"tram","angle":-59.4,"extra":1,"ei":1,"l0":"3, ","c0":"#736adf","l1":"9, ","c1":"#119efc","l2":"21, ","c2":"#a72d06","l3":"41, ","c3":"#e16cd6","l4":"45, ","c4":"#5a5d02","l5":"48","c5":"#05617d"},"geometry":{"type":"Point","coordinates":[24.008402,49.825089]}},{"type":"Feature","properties":{"lines":"3","arr":["Т03","А09","А21","А41","А45","А48"],"mode":"tram","angle":-66.5,"extra":1,"ei":2,"l0":"3, ","c0":"#736adf","l1":"9, ","c1":"#119efc","l2":"21, ","c2":"#a72d06","l3":"41, ","c3":"#e16cd6","l4":"45, ","c4":"#5a5d02","l5":"48","c5":"#05617d"},"geometry":{"type":"Point","coordinates":[24.007125,49.823391]}},{"type":"Feature","properties":{"lines":"3","arr":["Т03","А09","А21","А41","А45","А48"],"mode":"tram","angle":-66.1,"extra":1,"ei":3,"l0":"3, ","c0":"#736adf","l1":"9, ","c1":"#119efc","l2":"21, ","c2":"#a72d06","l3":"41, ","c3":"#e16cd6","l4":"45, ","c4":"#5a5d02","l5":"48","c5":"#05617d"},"geometry":{"type":"Point","coordinates":[24.005932,49.821666]}},{"type":"Feature","properties":{"lines":"3","arr":["Т03","А09","А21","А41","А45","А48"],"mode":"tram","angle":-66.7,"extra":1,"ei":4,"l0":"3, ","c0":"#736adf","l1":"9, ","c1":"#119efc","l2":"21, ","c2":"#a72d06","l3":"41, ","c3":"#e16cd6","l4":"45, ","c4":"#5a5d02","l5":"48","c5":"#05617d"},"geometry":{"type":"Point","coordinates":[24.002443,49.816466]}},{"type":"Feature","properties":{"lines":"3","arr":["Т03","А09","А21","А41","А45","А48"],"mode":"tram","angle":-71.6,"extra":1,"ei":5,"l0":"3, ","c0":"#736adf","l1":"9, ","c1":"#119efc","l2":"21, ","c2":"#a72d06","l3":"41, ","c3":"#e16cd6","l4":"45, ","c4":"#5a5d02","l5":"48","c5":"#05617d"},"geometry":{"type":"Point","coordinates":[24.001353,49.814714]}},{"type":"Feature","properties":{"lines":"3","arr":["Т03","А09","А21","А41","А45","А48"],"mode":"tram","angle":-71.6,"extra":1,"ei":6,"l0":"3, ","c0":"#736adf","l1":"9, ","c1":"#119efc","l2":"21, ","c2":"#a72d06","l3":"41, ","c3":"#e16cd6","l4":"45, ","c4":"#5a5d02","l5":"48","c5":"#05617d"},"geometry":{"type":"Point","coordinates":[24.00043,49.812922]}},{"type":"Feature","properties":{"lines":"3","arr":["Т03","А09","А21","А41","А45","А48"],"mode":"tram","angle":-79.4,"extra":1,"ei":7,"l0":"3, ","c0":"#736adf","l1":"9, ","c1":"#119efc","l2":"21, ","c2":"#a72d06","l3":"41, ","c3":"#e16cd6","l4":"45, ","c4":"#5a5d02","l5":"48","c5":"#05617d"},"geometry":{"type":"Point","coordinates":[23.999809,49.811079]}},{"type":"Feature","properties":{"lines":"3","arr":["Т03"],"mode":"tram","angle":-81.8,"side":-1,"l0":"3","c0":"#736adf"},"geometry":{"type":"Point","coordinates":[23.999611,49.810371]}},{"type":"Feature","properties":{"lines":"3","arr":["Т03","А41","А45","А51"],"mode":"tram","angle":-80.7,"l0":"3, ","c0":"#736adf","l1":"41, ","c1":"#e16cd6","l2":"45, ","c2":"#5a5d02","l3":"51","c3":"#1cab97"},"geometry":{"type":"Point","coordinates":[23.999272,49.808647]}},{"type":"Feature","properties":{"lines":"3","arr":["Т03","А41","А45","А51"],"mode":"tram","angle":-81.3,"extra":1,"ei":0,"l0":"3, ","c0":"#736adf","l1":"41, ","c1":"#e16cd6","l2":"45, ","c2":"#5a5d02","l3":"51","c3":"#1cab97"},"geometry":{"type":"Point","coordinates":[23.998946,49.807344]}},{"type":"Feature","properties":{"lines":"3","arr":["Т03","А41","А45","А51"],"mode":"tram","angle":-81.4,"side":-1,"mi":1,"l0":"3, ","c0":"#736adf","l1":"41, ","c1":"#e16cd6","l2":"45, ","c2":"#5a5d02","l3":"51","c3":"#1cab97"},"geometry":{"type":"Point","coordinates":[23.999337,49.808665]}},{"type":"Feature","properties":{"lines":"3","arr":["Т03","А41","А45","А51"],"mode":"tram","angle":-82.9,"side":-1,"extra":1,"ei":0,"l0":"3, ","c0":"#736adf","l1":"41, ","c1":"#e16cd6","l2":"45, ","c2":"#5a5d02","l3":"51","c3":"#1cab97"},"geometry":{"type":"Point","coordinates":[23.999596,49.809969]}},{"type":"Feature","properties":{"lines":"3","arr":["Т03"],"mode":"tram","angle":-81.2,"side":-1,"mi":1,"l0":"3","c0":"#736adf"},"geometry":{"type":"Point","coordinates":[23.999705,49.810504]}},{"type":"Feature","properties":{"lines":"3","arr":["Т03","А09","А21","А41","А45","А48"],"mode":"tram","angle":-66.9,"side":-1,"mi":1,"l0":"3, ","c0":"#736adf","l1":"9, ","c1":"#119efc","l2":"21, ","c2":"#a72d06","l3":"41, ","c3":"#e16cd6","l4":"45, ","c4":"#5a5d02","l5":"48","c5":"#05617d"},"geometry":{"type":"Point","coordinates":[24.004451,49.819401]}},{"type":"Feature","properties":{"lines":"3","arr":["Т03","А09","А21","А41","А45","А48"],"mode":"tram","angle":-79.2,"extra":1,"ei":0,"l0":"3, ","c0":"#736adf","l1":"9, ","c1":"#119efc","l2":"21, ","c2":"#a72d06","l3":"41, ","c3":"#e16cd6","l4":"45, ","c4":"#5a5d02","l5":"48","c5":"#05617d"},"geometry":{"type":"Point","coordinates":[24.000058,49.811765]}},{"type":"Feature","properties":{"lines":"3","arr":["Т03","А09","А21","А41","А45","А48"],"mode":"tram","angle":-71.6,"extra":1,"ei":1,"l0":"3, ","c0":"#736adf","l1":"9, ","c1":"#119efc","l2":"21, ","c2":"#a72d06","l3":"41, ","c3":"#e16cd6","l4":"45, ","c4":"#5a5d02","l5":"48","c5":"#05617d"},"geometry":{"type":"Point","coordinates":[24.000823,49.813585]}},{"type":"Feature","properties":{"lines":"3","arr":["Т03","А09","А21","А41","А45","А48"],"mode":"tram","angle":-68.3,"extra":1,"ei":2,"l0":"3, ","c0":"#736adf","l1":"9, ","c1":"#119efc","l2":"21, ","c2":"#a72d06","l3":"41, ","c3":"#e16cd6","l4":"45, ","c4":"#5a5d02","l5":"48","c5":"#05617d"},"geometry":{"type":"Point","coordinates":[24.001777,49.81537]}},{"type":"Feature","properties":{"lines":"3","arr":["Т03","А09","А21","А41","А45","А48"],"mode":"tram","angle":-66.7,"extra":1,"ei":3,"l0":"3, ","c0":"#736adf","l1":"9, ","c1":"#119efc","l2":"21, ","c2":"#a72d06","l3":"41, ","c3":"#e16cd6","l4":"45, ","c4":"#5a5d02","l5":"48","c5":"#05617d"},"geometry":{"type":"Point","coordinates":[24.002922,49.817108]}},{"type":"Feature","properties":{"lines":"3","arr":["Т03","А09","А21","А41","А45","А48"],"mode":"tram","angle":-66.2,"side":-1,"extra":1,"ei":4,"l0":"3, ","c0":"#736adf","l1":"9, ","c1":"#119efc","l2":"21, ","c2":"#a72d06","l3":"41, ","c3":"#e16cd6","l4":"45, ","c4":"#5a5d02","l5":"48","c5":"#05617d"},"geometry":{"type":"Point","coordinates":[24.00525,49.820575]}},{"type":"Feature","properties":{"lines":"3","arr":["Т03","А09","А21","А41","А45","А48"],"mode":"tram","angle":-66.1,"side":-1,"extra":1,"ei":5,"l0":"3, ","c0":"#736adf","l1":"9, ","c1":"#119efc","l2":"21, ","c2":"#a72d06","l3":"41, ","c3":"#e16cd6","l4":"45, ","c4":"#5a5d02","l5":"48","c5":"#05617d"},"geometry":{"type":"Point","coordinates":[24.006439,49.822301]}},{"type":"Feature","properties":{"lines":"3","arr":["Т03","А09","А21","А41","А45","А48"],"mode":"tram","angle":-65.4,"side":-1,"extra":1,"ei":6,"l0":"3, ","c0":"#736adf","l1":"9, ","c1":"#119efc","l2":"21, ","c2":"#a72d06","l3":"41, ","c3":"#e16cd6","l4":"45, ","c4":"#5a5d02","l5":"48","c5":"#05617d"},"geometry":{"type":"Point","coordinates":[24.007626,49.824027]}},{"type":"Feature","properties":{"lines":"3","arr":["Т03","А09","А21","А41","А45","А48"],"mode":"tram","angle":-50,"side":-1,"extra":1,"ei":7,"l0":"3, ","c0":"#736adf","l1":"9, ","c1":"#119efc","l2":"21, ","c2":"#a72d06","l3":"41, ","c3":"#e16cd6","l4":"45, ","c4":"#5a5d02","l5":"48","c5":"#05617d"},"geometry":{"type":"Point","coordinates":[24.009106,49.82565]}},{"type":"Feature","properties":{"lines":"3","arr":["Т03","А09","А21","А41","А45","А48"],"mode":"tram","angle":-50,"side":-1,"extra":1,"ei":8,"l0":"3, ","c0":"#736adf","l1":"9, ","c1":"#119efc","l2":"21, ","c2":"#a72d06","l3":"41, ","c3":"#e16cd6","l4":"45, ","c4":"#5a5d02","l5":"48","c5":"#05617d"},"geometry":{"type":"Point","coordinates":[24.010995,49.827093]}},{"type":"Feature","properties":{"lines":"3","arr":["Т03","А09","А21","А45","А48"],"mode":"tram","angle":-51.9,"side":-1,"mi":1,"l0":"3, ","c0":"#736adf","l1":"9, ","c1":"#119efc","l2":"21, ","c2":"#a72d06","l3":"45, ","c3":"#5a5d02","l4":"48","c4":"#05617d"},"geometry":{"type":"Point","coordinates":[24.014506,49.830004]}},{"type":"Feature","properties":{"lines":"3","arr":["Т03","А09","А21","А45","А48"],"mode":"tram","angle":-54.6,"side":-1,"extra":1,"ei":0,"l0":"3, ","c0":"#736adf","l1":"9, ","c1":"#119efc","l2":"21, ","c2":"#a72d06","l3":"45, ","c3":"#5a5d02","l4":"48","c4":"#05617d"},"geometry":{"type":"Point","coordinates":[24.012207,49.828022]}},{"type":"Feature","properties":{"lines":"3","arr":["Т03","А09","А21","А45","А48"],"mode":"tram","angle":-41.3,"side":-1,"extra":1,"ei":1,"l0":"3, ","c0":"#736adf","l1":"9, ","c1":"#119efc","l2":"21, ","c2":"#a72d06","l3":"45, ","c3":"#5a5d02","l4":"48","c4":"#05617d"},"geometry":{"type":"Point","coordinates":[24.015812,49.830971]}},{"type":"Feature","properties":{"lines":"3","arr":["Т03","А09","А21","А45","А48"],"mode":"tram","angle":-25,"side":-1,"extra":1,"ei":2,"l0":"3, ","c0":"#736adf","l1":"9, ","c1":"#119efc","l2":"21, ","c2":"#a72d06","l3":"45, ","c3":"#5a5d02","l4":"48","c4":"#05617d"},"geometry":{"type":"Point","coordinates":[24.018008,49.832221]}},{"type":"Feature","properties":{"lines":"6","arr":["Т06","А07","А15","А20","А25","А29","А31","А34","А41","А51","А52","А84","А92"],"mode":"tram","angle":-30.8,"side":-1,"l0":"6, ","c0":"#076734","l1":"7, ","c1":"#a72d06","l2":"15, ","c2":"#fe6761","l3":"20, ","c3":"#2d8c1b","l4":"25, ","c4":"#4d4aba","l5":"29, ","c5":"#b59607","l6":"31, ","c6":"#11a2e3","l7":"34, ","c7":"#ab0377","l8":"41, ","c8":"#e16cd6","l9":"51, ","c9":"#1cab97","l10":"52, ","c10":"#ff5e9b","l11":"84, ","c11":"#066559","l12":"92","c12":"#52ac3c"},"geometry":{"type":"Point","coordinates":[24.009686,49.839258]}},{"type":"Feature","properties":{"lines":"6","arr":["Т06","А07","А15","А20","А25","А29","А31","А34","А41","А51","А52","А84","А92"],"mode":"tram","angle":-29.5,"side":-1,"extra":1,"ei":0,"l0":"6, ","c0":"#076734","l1":"7, ","c1":"#a72d06","l2":"15, ","c2":"#fe6761","l3":"20, ","c3":"#2d8c1b","l4":"25, ","c4":"#4d4aba","l5":"29, ","c5":"#b59607","l6":"31, ","c6":"#11a2e3","l7":"34, ","c7":"#ab0377","l8":"41, ","c8":"#e16cd6","l9":"51, ","c9":"#1cab97","l10":"52, ","c10":"#ff5e9b","l11":"84, ","c11":"#066559","l12":"92","c12":"#52ac3c"},"geometry":{"type":"Point","coordinates":[24.005182,49.837545]}},{"type":"Feature","properties":{"lines":"6","arr":["Т06","А07","А15","А20","А25","А29","А31","А34","А41","А51","А52","А84","А92"],"mode":"tram","angle":-32.3,"side":-1,"extra":1,"ei":1,"l0":"6, ","c0":"#076734","l1":"7, ","c1":"#a72d06","l2":"15, ","c2":"#fe6761","l3":"20, ","c3":"#2d8c1b","l4":"25, ","c4":"#4d4aba","l5":"29, ","c5":"#b59607","l6":"31, ","c6":"#11a2e3","l7":"34, ","c7":"#ab0377","l8":"41, ","c8":"#e16cd6","l9":"51, ","c9":"#1cab97","l10":"52, ","c10":"#ff5e9b","l11":"84, ","c11":"#066559","l12":"92","c12":"#52ac3c"},"geometry":{"type":"Point","coordinates":[24.007726,49.83848]}},{"type":"Feature","properties":{"lines":"6","arr":["Т06","А07","А15","А20","А25","А29","А31","А34","А41","А51","А52","А84","А92"],"mode":"tram","angle":-31.7,"side":-1,"extra":1,"ei":2,"l0":"6, ","c0":"#076734","l1":"7, ","c1":"#a72d06","l2":"15, ","c2":"#fe6761","l3":"20, ","c3":"#2d8c1b","l4":"25, ","c4":"#4d4aba","l5":"29, ","c5":"#b59607","l6":"31, ","c6":"#11a2e3","l7":"34, ","c7":"#ab0377","l8":"41, ","c8":"#e16cd6","l9":"51, ","c9":"#1cab97","l10":"52, ","c10":"#ff5e9b","l11":"84, ","c11":"#066559","l12":"92","c12":"#52ac3c"},"geometry":{"type":"Point","coordinates":[24.012742,49.840433]}},{"type":"Feature","properties":{"lines":"6","arr":["Т06","А07","А15","А20","А25","А29","А31","А34","А41","А51","А52","А84","А92"],"mode":"tram","angle":-31.9,"extra":1,"ei":3,"l0":"6, ","c0":"#076734","l1":"7, ","c1":"#a72d06","l2":"15, ","c2":"#fe6761","l3":"20, ","c3":"#2d8c1b","l4":"25, ","c4":"#4d4aba","l5":"29, ","c5":"#b59607","l6":"31, ","c6":"#11a2e3","l7":"34, ","c7":"#ab0377","l8":"41, ","c8":"#e16cd6","l9":"51, ","c9":"#1cab97","l10":"52, ","c10":"#ff5e9b","l11":"84, ","c11":"#066559","l12":"92","c12":"#52ac3c"},"geometry":{"type":"Point","coordinates":[24.015228,49.841432]}},{"type":"Feature","properties":{"lines":"6","arr":["Т06","А20","А48","А58","А59","А63"],"mode":"tram","angle":51.7,"l0":"6, ","c0":"#076734","l1":"20, ","c1":"#2d8c1b","l2":"48, ","c2":"#05617d","l3":"58, ","c3":"#c17aef","l4":"59, ","c4":"#8e4604","l5":"63","c5":"#b59607"},"geometry":{"type":"Point","coordinates":[24.029661,49.851636]}},{"type":"Feature","properties":{"lines":"6","arr":["Т06","А20","А48","А58","А59","А62","А63"],"mode":"tram","angle":-9.5,"l0":"6, ","c0":"#076734","l1":"20, ","c1":"#2d8c1b","l2":"48, ","c2":"#05617d","l3":"58, ","c3":"#c17aef","l4":"59, ","c4":"#8e4604","l5":"62, ","c5":"#b0045c","l6":"63","c6":"#b59607"},"geometry":{"type":"Point","coordinates":[24.036301,49.853186]}},{"type":"Feature","properties":{"lines":"6","arr":["Т06","А20","А48","А58","А59","А62","А63"],"mode":"tram","angle":-30.1,"extra":1,"ei":0,"l0":"6, ","c0":"#076734","l1":"20, ","c1":"#2d8c1b","l2":"48, ","c2":"#05617d","l3":"58, ","c3":"#c17aef","l4":"59, ","c4":"#8e4604","l5":"62, ","c5":"#b0045c","l6":"63","c6":"#b59607"},"geometry":{"type":"Point","coordinates":[24.033659,49.85249]}},{"type":"Feature","properties":{"lines":"6","arr":["Т06","А20","А48","А58","А59","А62","А63"],"mode":"tram","angle":-9.5,"extra":1,"ei":1,"l0":"6, ","c0":"#076734","l1":"20, ","c1":"#2d8c1b","l2":"48, ","c2":"#05617d","l3":"58, ","c3":"#c17aef","l4":"59, ","c4":"#8e4604","l5":"62, ","c5":"#b0045c","l6":"63","c6":"#b59607"},"geometry":{"type":"Point","coordinates":[24.039225,49.853502]}},{"type":"Feature","properties":{"lines":"6","arr":["Т06","А58","А59"],"mode":"tram","angle":-78.8,"l0":"6, ","c0":"#076734","l1":"58, ","c1":"#c17aef","l2":"59","c2":"#8e4604"},"geometry":{"type":"Point","coordinates":[24.0434,49.859351]}},{"type":"Feature","properties":{"lines":"6","arr":["Т06","А58","А59"],"mode":"tram","angle":-70.3,"extra":1,"ei":0,"l0":"6, ","c0":"#076734","l1":"58, ","c1":"#c17aef","l2":"59","c2":"#8e4604"},"geometry":{"type":"Point","coordinates":[24.040814,49.854745]}},{"type":"Feature","properties":{"lines":"6","arr":["Т06","А58","А59"],"mode":"tram","angle":-70.4,"extra":1,"ei":1,"l0":"6, ","c0":"#076734","l1":"58, ","c1":"#c17aef","l2":"59","c2":"#8e4604"},"geometry":{"type":"Point","coordinates":[24.0418,49.856523]}},{"type":"Feature","properties":{"lines":"6","arr":["Т06","А58","А59"],"mode":"tram","angle":-82.6,"extra":1,"ei":2,"l0":"6, ","c0":"#076734","l1":"58, ","c1":"#c17aef","l2":"59","c2":"#8e4604"},"geometry":{"type":"Point","coordinates":[24.043929,49.861982]}},{"type":"Feature","properties":{"lines":"6","arr":["Т06","А58","А59"],"mode":"tram","angle":-82.6,"extra":1,"ei":3,"l0":"6, ","c0":"#076734","l1":"58, ","c1":"#c17aef","l2":"59","c2":"#8e4604"},"geometry":{"type":"Point","coordinates":[24.044305,49.863855]}},{"type":"Feature","properties":{"lines":"6","arr":["Т06","А12","А39"],"mode":"tram","angle":82.3,"l0":"6, ","c0":"#076734","l1":"12, ","c1":"#b59607","l2":"39","c2":"#19a9a8"},"geometry":{"type":"Point","coordinates":[24.044117,49.866309]}},{"type":"Feature","properties":{"lines":"6","arr":["Т06","А07","А15","А20","А25","А29","А31","А34","А41","А51","А52","А84","А92"],"mode":"tram","angle":-31.2,"mi":1,"l0":"6, ","c0":"#076734","l1":"7, ","c1":"#a72d06","l2":"15, ","c2":"#fe6761","l3":"20, ","c3":"#2d8c1b","l4":"25, ","c4":"#4d4aba","l5":"29, ","c5":"#b59607","l6":"31, ","c6":"#11a2e3","l7":"34, ","c7":"#ab0377","l8":"41, ","c8":"#e16cd6","l9":"51, ","c9":"#1cab97","l10":"52, ","c10":"#ff5e9b","l11":"84, ","c11":"#066559","l12":"92","c12":"#52ac3c"},"geometry":{"type":"Point","coordinates":[24.009728,49.839325]}},{"type":"Feature","properties":{"lines":"6","arr":["Т06","А07","А15","А20","А25","А29","А31","А34","А41","А51","А52","А84","А92"],"mode":"tram","angle":-31.5,"extra":1,"ei":0,"l0":"6, ","c0":"#076734","l1":"7, ","c1":"#a72d06","l2":"15, ","c2":"#fe6761","l3":"20, ","c3":"#2d8c1b","l4":"25, ","c4":"#4d4aba","l5":"29, ","c5":"#b59607","l6":"31, ","c6":"#11a2e3","l7":"34, ","c7":"#ab0377","l8":"41, ","c8":"#e16cd6","l9":"51, ","c9":"#1cab97","l10":"52, ","c10":"#ff5e9b","l11":"84, ","c11":"#066559","l12":"92","c12":"#52ac3c"},"geometry":{"type":"Point","coordinates":[24.0145,49.841179]}},{"type":"Feature","properties":{"lines":"6","arr":["Т06","А07","А15","А20","А25","А29","А31","А34","А41","А51","А52","А84","А92"],"mode":"tram","angle":-30.4,"extra":1,"ei":1,"l0":"6, ","c0":"#076734","l1":"7, ","c1":"#a72d06","l2":"15, ","c2":"#fe6761","l3":"20, ","c3":"#2d8c1b","l4":"25, ","c4":"#4d4aba","l5":"29, ","c5":"#b59607","l6":"31, ","c6":"#11a2e3","l7":"34, ","c7":"#ab0377","l8":"41, ","c8":"#e16cd6","l9":"51, ","c9":"#1cab97","l10":"52, ","c10":"#ff5e9b","l11":"84, ","c11":"#066559","l12":"92","c12":"#52ac3c"},"geometry":{"type":"Point","coordinates":[24.011994,49.840201]}},{"type":"Feature","properties":{"lines":"6","arr":["Т06","А07","А15","А20","А25","А29","А31","А34","А41","А51","А52","А84","А92"],"mode":"tram","angle":-31,"extra":1,"ei":2,"l0":"6, ","c0":"#076734","l1":"7, ","c1":"#a72d06","l2":"15, ","c2":"#fe6761","l3":"20, ","c3":"#2d8c1b","l4":"25, ","c4":"#4d4aba","l5":"29, ","c5":"#b59607","l6":"31, ","c6":"#11a2e3","l7":"34, ","c7":"#ab0377","l8":"41, ","c8":"#e16cd6","l9":"51, ","c9":"#1cab97","l10":"52, ","c10":"#ff5e9b","l11":"84, ","c11":"#066559","l12":"92","c12":"#52ac3c"},"geometry":{"type":"Point","coordinates":[24.006989,49.838237]}},{"type":"Feature","properties":{"lines":"6","arr":["Т06","А07","А15","А20","А25","А29","А31","А34","А41","А51","А52","А84","А92"],"mode":"tram","angle":-26.6,"extra":1,"ei":3,"l0":"6, ","c0":"#076734","l1":"7, ","c1":"#a72d06","l2":"15, ","c2":"#fe6761","l3":"20, ","c3":"#2d8c1b","l4":"25, ","c4":"#4d4aba","l5":"29, ","c5":"#b59607","l6":"31, ","c6":"#11a2e3","l7":"34, ","c7":"#ab0377","l8":"41, ","c8":"#e16cd6","l9":"51, ","c9":"#1cab97","l10":"52, ","c10":"#ff5e9b","l11":"84, ","c11":"#066559","l12":"92","c12":"#52ac3c"},"geometry":{"type":"Point","coordinates":[24.004428,49.837323]}},{"type":"Feature","properties":{"lines":"6, 7","arr":["Т06","Т07","А06","А07","А17","А20","А25","А29","А31","А34","А41","А51","А52","А61","А67","А84"],"mode":"tram","angle":-32.8,"l0":"6, ","c0":"#076734","l1":"7, ","c1":"#992492","l2":"6, ","c2":"#b0045c","l3":"7, ","c3":"#a72d06","l4":"17, ","c4":"#e47e2b","l5":"20, ","c5":"#2d8c1b","l6":"25, ","c6":"#4d4aba","l7":"29, ","c7":"#b59607","l8":"31, ","c8":"#11a2e3","l9":"34, ","c9":"#ab0377","l10":"41, ","c10":"#e16cd6","l11":"51, ","c11":"#1cab97","l12":"52, ","c12":"#ff5e9b","l13":"61, ","c13":"#126804","l14":"67, ","c14":"#05617d","l15":"84","c15":"#066559"},"geometry":{"type":"Point","coordinates":[24.016659,49.842012]}},{"type":"Feature","properties":{"lines":"6, 7","arr":["Т06","Т07","А06","А07","А15","А17","А20","А25","А29","А31","А34","А41","А51","А52","А61","А67","А84","А92"],"mode":"tram","angle":-10.3,"side":-1,"mi":1,"l0":"6, ","c0":"#076734","l1":"7, ","c1":"#992492","l2":"6, ","c2":"#b0045c","l3":"7, ","c3":"#a72d06","l4":"15, ","c4":"#fe6761","l5":"17, ","c5":"#e47e2b","l6":"20, ","c6":"#2d8c1b","l7":"25, ","c7":"#4d4aba","l8":"29, ","c8":"#b59607","l9":"31, ","c9":"#11a2e3","l10":"34, ","c10":"#ab0377","l11":"41, ","c11":"#e16cd6","l12":"51, ","c12":"#1cab97","l13":"52, ","c13":"#ff5e9b","l14":"61, ","c14":"#126804","l15":"67, ","c15":"#05617d","l16":"84, ","c16":"#066559","l17":"92","c17":"#52ac3c"},"geometry":{"type":"Point","coordinates":[24.020424,49.842943]}},{"type":"Feature","properties":{"lines":"6, 7","arr":["Т06","Т07","А06","А07","А15","А17","А20","А25","А29","А31","А34","А41","А51","А52","А61","А84","А92"],"mode":"tram","angle":-39.9,"side":-1,"l0":"6, ","c0":"#076734","l1":"7, ","c1":"#992492","l2":"6, ","c2":"#b0045c","l3":"7, ","c3":"#a72d06","l4":"15, ","c4":"#fe6761","l5":"17, ","c5":"#e47e2b","l6":"20, ","c6":"#2d8c1b","l7":"25, ","c7":"#4d4aba","l8":"29, ","c8":"#b59607","l9":"31, ","c9":"#11a2e3","l10":"34, ","c10":"#ab0377","l11":"41, ","c11":"#e16cd6","l12":"51, ","c12":"#1cab97","l13":"52, ","c13":"#ff5e9b","l14":"61, ","c14":"#126804","l15":"84, ","c15":"#066559","l16":"92","c16":"#52ac3c"},"geometry":{"type":"Point","coordinates":[24.024312,49.844002]}},{"type":"Feature","properties":{"lines":"6, 7","arr":["Т06","Т07","А06","А07","А15","А17","А20","А25","А29","А31","А41","А51","А52","А61","А84","А92"],"mode":"tram","angle":-19.5,"side":-1,"mi":1,"l0":"6, ","c0":"#076734","l1":"7, ","c1":"#992492","l2":"6, ","c2":"#b0045c","l3":"7, ","c3":"#a72d06","l4":"15, ","c4":"#fe6761","l5":"17, ","c5":"#e47e2b","l6":"20, ","c6":"#2d8c1b","l7":"25, ","c7":"#4d4aba","l8":"29, ","c8":"#b59607","l9":"31, ","c9":"#11a2e3","l10":"41, ","c10":"#e16cd6","l11":"51, ","c11":"#1cab97","l12":"52, ","c12":"#ff5e9b","l13":"61, ","c13":"#126804","l14":"84, ","c14":"#066559","l15":"92","c15":"#52ac3c"},"geometry":{"type":"Point","coordinates":[24.026358,49.844601]}},{"type":"Feature","properties":{"lines":"6, 7","arr":["Т06","Т07","А01","А03","А05","А06","А15","А29","А37","А39","А46","А47","А53","А57","А61","А92"],"mode":"tram","angle":-0.1,"side":-1,"l0":"6, ","c0":"#076734","l1":"7, ","c1":"#992492","l2":"1, ","c2":"#ff5e9b","l3":"3, ","c3":"#03636c","l4":"5, ","c4":"#c17aef","l5":"6, ","c5":"#b0045c","l6":"15, ","c6":"#fe6761","l7":"29, ","c7":"#b59607","l8":"37, ","c8":"#ab0377","l9":"39, ","c9":"#19a9a8","l10":"46, ","c10":"#02af5a","l11":"47, ","c11":"#4d4aba","l12":"53, ","c12":"#126804","l13":"57, ","c13":"#b59607","l14":"61, ","c14":"#126804","l15":"92","c15":"#52ac3c"},"geometry":{"type":"Point","coordinates":[24.028214,49.844725]}},{"type":"Feature","properties":{"lines":"6, 7","arr":["Т06","Т07","А01","А03","А05","А06","А15","А29","А37","А39","А46","А47","А53","А57","А61","А92"],"mode":"tram","angle":0.4,"mi":1,"l0":"6, ","c0":"#076734","l1":"7, ","c1":"#992492","l2":"1, ","c2":"#ff5e9b","l3":"3, ","c3":"#03636c","l4":"5, ","c4":"#c17aef","l5":"6, ","c5":"#b0045c","l6":"15, ","c6":"#fe6761","l7":"29, ","c7":"#b59607","l8":"37, ","c8":"#ab0377","l9":"39, ","c9":"#19a9a8","l10":"46, ","c10":"#02af5a","l11":"47, ","c11":"#4d4aba","l12":"53, ","c12":"#126804","l13":"57, ","c13":"#b59607","l14":"61, ","c14":"#126804","l15":"92","c15":"#52ac3c"},"geometry":{"type":"Point","coordinates":[24.0284,49.844788]}},{"type":"Feature","properties":{"lines":"6, 7","arr":["Т06","Т07","А01","А06","А15","А29","А37","А39","А46","А47","А53","А61","А92"],"mode":"tram","angle":-2.6,"l0":"6, ","c0":"#076734","l1":"7, ","c1":"#992492","l2":"1, ","c2":"#ff5e9b","l3":"6, ","c3":"#b0045c","l4":"15, ","c4":"#fe6761","l5":"29, ","c5":"#b59607","l6":"37, ","c6":"#ab0377","l7":"39, ","c7":"#19a9a8","l8":"46, ","c8":"#02af5a","l9":"47, ","c9":"#4d4aba","l10":"53, ","c10":"#126804","l11":"61, ","c11":"#126804","l12":"92","c12":"#52ac3c"},"geometry":{"type":"Point","coordinates":[24.027266,49.844782]}},{"type":"Feature","properties":{"lines":"6, 7","arr":["Т06","Т07","А06","А07","А15","А17","А20","А25","А29","А31","А41","А51","А52","А61","А84","А92"],"mode":"tram","angle":-18.7,"l0":"6, ","c0":"#076734","l1":"7, ","c1":"#992492","l2":"6, ","c2":"#b0045c","l3":"7, ","c3":"#a72d06","l4":"15, ","c4":"#fe6761","l5":"17, ","c5":"#e47e2b","l6":"20, ","c6":"#2d8c1b","l7":"25, ","c7":"#4d4aba","l8":"29, ","c8":"#b59607","l9":"31, ","c9":"#11a2e3","l10":"41, ","c10":"#e16cd6","l11":"51, ","c11":"#1cab97","l12":"52, ","c12":"#ff5e9b","l13":"61, ","c13":"#126804","l14":"84, ","c14":"#066559","l15":"92","c15":"#52ac3c"},"geometry":{"type":"Point","coordinates":[24.02642,49.844669]}},{"type":"Feature","properties":{"lines":"6, 7","arr":["Т06","Т07","А06","А07","А15","А17","А20","А25","А29","А31","А34","А41","А51","А52","А61","А84","А92"],"mode":"tram","angle":-38.4,"mi":1,"l0":"6, ","c0":"#076734","l1":"7, ","c1":"#992492","l2":"6, ","c2":"#b0045c","l3":"7, ","c3":"#a72d06","l4":"15, ","c4":"#fe6761","l5":"17, ","c5":"#e47e2b","l6":"20, ","c6":"#2d8c1b","l7":"25, ","c7":"#4d4aba","l8":"29, ","c8":"#b59607","l9":"31, ","c9":"#11a2e3","l10":"34, ","c10":"#ab0377","l11":"41, ","c11":"#e16cd6","l12":"51, ","c12":"#1cab97","l13":"52, ","c13":"#ff5e9b","l14":"61, ","c14":"#126804","l15":"84, ","c15":"#066559","l16":"92","c16":"#52ac3c"},"geometry":{"type":"Point","coordinates":[24.024353,49.844092]}},{"type":"Feature","properties":{"lines":"6, 7","arr":["Т06","Т07","А06","А07","А15","А17","А20","А25","А29","А31","А34","А41","А51","А52","А61","А67","А84","А92"],"mode":"tram","angle":-10.4,"l0":"6, ","c0":"#076734","l1":"7, ","c1":"#992492","l2":"6, ","c2":"#b0045c","l3":"7, ","c3":"#a72d06","l4":"15, ","c4":"#fe6761","l5":"17, ","c5":"#e47e2b","l6":"20, ","c6":"#2d8c1b","l7":"25, ","c7":"#4d4aba","l8":"29, ","c8":"#b59607","l9":"31, ","c9":"#11a2e3","l10":"34, ","c10":"#ab0377","l11":"41, ","c11":"#e16cd6","l12":"51, ","c12":"#1cab97","l13":"52, ","c13":"#ff5e9b","l14":"61, ","c14":"#126804","l15":"67, ","c15":"#05617d","l16":"84, ","c16":"#066559","l17":"92","c17":"#52ac3c"},"geometry":{"type":"Point","coordinates":[24.01944,49.842906]}},{"type":"Feature","properties":{"lines":"6, 7","arr":["Т06","Т07","А06","А07","А15","А17","А20","А25","А29","А31","А34","А41","А51","А52","А61","А67","А84","А92"],"mode":"tram","angle":-10.8,"extra":1,"ei":0,"l0":"6, ","c0":"#076734","l1":"7, ","c1":"#992492","l2":"6, ","c2":"#b0045c","l3":"7, ","c3":"#a72d06","l4":"15, ","c4":"#fe6761","l5":"17, ","c5":"#e47e2b","l6":"20, ","c6":"#2d8c1b","l7":"25, ","c7":"#4d4aba","l8":"29, ","c8":"#b59607","l9":"31, ","c9":"#11a2e3","l10":"34, ","c10":"#ab0377","l11":"41, ","c11":"#e16cd6","l12":"51, ","c12":"#1cab97","l13":"52, ","c13":"#ff5e9b","l14":"61, ","c14":"#126804","l15":"67, ","c15":"#05617d","l16":"84, ","c16":"#066559","l17":"92","c17":"#52ac3c"},"geometry":{"type":"Point","coordinates":[24.02162,49.843141]}},{"type":"Feature","properties":{"lines":"6, 7","arr":["Т06","Т07","А06","А07","А15","А17","А20","А25","А29","А31","А34","А41","А51","А52","А61","А67","А84","А92"],"mode":"tram","angle":11.7,"extra":1,"ei":1,"l0":"6, ","c0":"#076734","l1":"7, ","c1":"#992492","l2":"6, ","c2":"#b0045c","l3":"7, ","c3":"#a72d06","l4":"15, ","c4":"#fe6761","l5":"17, ","c5":"#e47e2b","l6":"20, ","c6":"#2d8c1b","l7":"25, ","c7":"#4d4aba","l8":"29, ","c8":"#b59607","l9":"31, ","c9":"#11a2e3","l10":"34, ","c10":"#ab0377","l11":"41, ","c11":"#e16cd6","l12":"51, ","c12":"#1cab97","l13":"52, ","c13":"#ff5e9b","l14":"61, ","c14":"#126804","l15":"67, ","c15":"#05617d","l16":"84, ","c16":"#066559","l17":"92","c17":"#52ac3c"},"geometry":{"type":"Point","coordinates":[24.015854,49.84301]}},{"type":"Feature","properties":{"lines":"6, 7","arr":["Т06","Т07","А06","А07","А15","А17","А20","А25","А29","А31","А34","А41","А51","А52","А61","А67","А84","А92"],"mode":"tram","angle":87.4,"mi":2,"l0":"6, ","c0":"#076734","l1":"7, ","c1":"#992492","l2":"6, ","c2":"#b0045c","l3":"7, ","c3":"#a72d06","l4":"15, ","c4":"#fe6761","l5":"17, ","c5":"#e47e2b","l6":"20, ","c6":"#2d8c1b","l7":"25, ","c7":"#4d4aba","l8":"29, ","c8":"#b59607","l9":"31, ","c9":"#11a2e3","l10":"34, ","c10":"#ab0377","l11":"41, ","c11":"#e16cd6","l12":"51, ","c12":"#1cab97","l13":"52, ","c13":"#ff5e9b","l14":"61, ","c14":"#126804","l15":"67, ","c15":"#05617d","l16":"84, ","c16":"#066559","l17":"92","c17":"#52ac3c"},"geometry":{"type":"Point","coordinates":[24.015505,49.842304]}},{"type":"Feature","properties":{"lines":"6, 9","arr":["Т06","Т09"],"mode":"tram","angle":74,"l0":"6, ","c0":"#076734","l1":"9","c1":"#cf8a11"},"geometry":{"type":"Point","coordinates":[24.027393,49.848951]}},{"type":"Feature","properties":{"lines":"6, 9","arr":["Т06","Т09"],"mode":"tram","angle":86.7,"extra":1,"ei":0,"l0":"6, ","c0":"#076734","l1":"9","c1":"#cf8a11"},"geometry":{"type":"Point","coordinates":[24.029171,49.8457]}},{"type":"Feature","properties":{"lines":"6, 9","arr":["Т06","Т09"],"mode":"tram","angle":60.3,"extra":1,"ei":1,"l0":"6, ","c0":"#076734","l1":"9","c1":"#cf8a11"},"geometry":{"type":"Point","coordinates":[24.028299,49.847474]}},{"type":"Feature","properties":{"lines":"6, 9","arr":["Т06","Т09"],"mode":"tram","angle":-75,"extra":1,"ei":2,"l0":"6, ","c0":"#076734","l1":"9","c1":"#cf8a11"},"geometry":{"type":"Point","coordinates":[24.026872,49.851061]}},{"type":"Feature","properties":{"lines":"6, 9","arr":["Т06","Т09"],"mode":"tram","angle":-68.9,"extra":1,"ei":3,"l0":"6, ","c0":"#076734","l1":"9","c1":"#cf8a11"},"geometry":{"type":"Point","coordinates":[24.02786,49.852838]}},{"type":"Feature","properties":{"lines":"7, 9","arr":["Т07","Т09","А01","А03","А06","А15","А29","А37","А39","А46","А47","А53","А57","А61","А92"],"mode":"tram","angle":7.6,"l0":"7, ","c0":"#992492","l1":"9, ","c1":"#cf8a11","l2":"1, ","c2":"#ff5e9b","l3":"3, ","c3":"#03636c","l4":"6, ","c4":"#b0045c","l5":"15, ","c5":"#fe6761","l6":"29, ","c6":"#b59607","l7":"37, ","c7":"#ab0377","l8":"39, ","c8":"#19a9a8","l9":"46, ","c9":"#02af5a","l10":"47, ","c10":"#4d4aba","l11":"53, ","c11":"#126804","l12":"57, ","c12":"#b59607","l13":"61, ","c13":"#126804","l14":"92","c14":"#52ac3c"},"geometry":{"type":"Point","coordinates":[24.031499,49.844542]}},{"type":"Feature","properties":{"lines":"7, 9","arr":["Т07","Т09","А01","А03","А06","А15","А29","А37","А39","А46","А47","А53","А57","А61","А92"],"mode":"tram","angle":38.5,"side":-1,"extra":1,"ei":0,"l0":"7, ","c0":"#992492","l1":"9, ","c1":"#cf8a11","l2":"1, ","c2":"#ff5e9b","l3":"3, ","c3":"#03636c","l4":"6, ","c4":"#b0045c","l5":"15, ","c5":"#fe6761","l6":"29, ","c6":"#b59607","l7":"37, ","c7":"#ab0377","l8":"39, ","c8":"#19a9a8","l9":"46, ","c9":"#02af5a","l10":"47, ","c10":"#4d4aba","l11":"53, ","c11":"#126804","l12":"57, ","c12":"#b59607","l13":"61, ","c13":"#126804","l14":"92","c14":"#52ac3c"},"geometry":{"type":"Point","coordinates":[24.033441,49.844252]}},{"type":"Feature","properties":{"lines":"7, 9","arr":["Т07","Т09","А01","А03","А05","А06","А15","А29","А37","А39","А45","А46","А47","А53","А57","А61","А92"],"mode":"tram","angle":77.6,"l0":"7, ","c0":"#992492","l1":"9, ","c1":"#cf8a11","l2":"1, ","c2":"#ff5e9b","l3":"3, ","c3":"#03636c","l4":"5, ","c4":"#c17aef","l5":"6, ","c5":"#b0045c","l6":"15, ","c6":"#fe6761","l7":"29, ","c7":"#b59607","l8":"37, ","c8":"#ab0377","l9":"39, ","c9":"#19a9a8","l10":"45, ","c10":"#5a5d02","l11":"46, ","c11":"#02af5a","l12":"47, ","c12":"#4d4aba","l13":"53, ","c13":"#126804","l14":"57, ","c14":"#b59607","l15":"61, ","c15":"#126804","l16":"92","c16":"#52ac3c"},"geometry":{"type":"Point","coordinates":[24.034819,49.843301]}},{"type":"Feature","properties":{"lines":"А05","arr":["А05"],"mode":"bus","angle":86.2,"l0":"А05","c0":"#c17aef"},"geometry":{"type":"Point","coordinates":[24.134666,49.814123]}}]}