{"type":"FeatureCollection","features":[{"type":"Feature","geometry":{"type":"Point","coordinates":[24.09257,49.904272]},"properties":{"name":"Дубляни, Школа (1313)","lines":"1","arr":["А01"],"terminus":1,"mode":"bus","color":"#0059a9","colorDark":"#00294f","angle":3.4,"snapDist":1,"label":1}},{"type":"Feature","geometry":{"type":"Point","coordinates":[24.087954,49.903163]},"properties":{"name":"Дубляни, Землевпорядний факультет (1310)","lines":"1, 80","arr":["А01","А80"],"terminus":0,"mode":"bus","color":"#0059a9","colorDark":"#00294f","angle":262.9,"snapDist":1,"label":1}},{"type":"Feature","geometry":{"type":"Point","coordinates":[24.090543,49.897305]},"properties":{"name":"Дубляни, Університет (1308)","lines":"1, 80","arr":["А01","А80"],"terminus":0,"mode":"bus","color":"#0059a9","colorDark":"#00294f","angle":239.7,"snapDist":5,"label":1}},{"type":"Feature","geometry":{"type":"Point","coordinates":[24.091173,49.894085]},"properties":{"name":"Дубляни, Малиняк (1306)","lines":"1, 80","arr":["А01","А80"],"terminus":0,"mode":"bus","color":"#0059a9","colorDark":"#00294f","angle":281.8,"snapDist":2,"label":1}},{"type":"Feature","geometry":{"type":"Point","coordinates":[24.089767,49.889683]},"properties":{"name":"Дубляни, Львівська (1302)","lines":"1, 80","arr":["А01","А80"],"terminus":0,"mode":"bus","color":"#0059a9","colorDark":"#00294f","angle":283.3,"snapDist":5,"label":1}},{"type":"Feature","geometry":{"type":"Point","coordinates":[24.08045,49.886728]},"properties":{"name":"Малехів, Цвинтар (1210)","lines":"1, 60","arr":["А01","А60"],"terminus":0,"mode":"bus","color":"#0059a9","colorDark":"#00294f","angle":334.7,"snapDist":5,"label":1}},{"type":"Feature","geometry":{"type":"Point","coordinates":[24.075445,49.883825]},"properties":{"name":"Малехів, Шевченка (1208)","lines":"1, 60, 80","arr":["А01","А60","А80"],"terminus":0,"mode":"bus","color":"#0059a9","colorDark":"#00294f","angle":297.5,"snapDist":4,"label":1}},{"type":"Feature","geometry":{"type":"Point","coordinates":[24.070273,49.880657]},"properties":{"name":"Малехів, Склади (1206)","lines":"1, 60, 80","arr":["А01","А60","А80"],"terminus":0,"mode":"bus","color":"#0059a9","colorDark":"#00294f","angle":329.6,"snapDist":4,"label":1}},{"type":"Feature","geometry":{"type":"Point","coordinates":[24.060329,49.873472]},"properties":{"name":"Галицьке перехрестя (593)","lines":"1, 9, 56, 58, 59, 60, 62, 63, 80","arr":["А01","А09","А56","А58","А59","А60","А62","А63","А80"],"terminus":0,"mode":"bus","color":"#0059a9","colorDark":"#00294f","angle":299.9,"snapDist":10,"label":1}},{"type":"Feature","geometry":{"type":"Point","coordinates":[24.056856,49.869418]},"properties":{"name":"Скейт-парк (738)","lines":"1, 9, 12, 19, 39, 48, 53, 58, 59, 60, 62, 63, 80","arr":["А01","А09","А12","А19","А39","А48","А53","А58","А59","А60","А62","А63","А80"],"terminus":1,"mode":"bus","color":"#0059a9","colorDark":"#00294f","angle":297.2,"snapDist":5,"label":1}},{"type":"Feature","geometry":{"type":"Point","coordinates":[24.050672,49.865109]},"properties":{"name":"Автостанція №2 (601)","lines":"1, 9, 12, 25, 39, 53, 60, 80","arr":["А01","А09","А12","А25","А39","А53","А60","А80"],"terminus":1,"mode":"bus","color":"#0059a9","colorDark":"#00294f","angle":7,"snapDist":2,"label":1}},{"type":"Feature","geometry":{"type":"Point","coordinates":[24.043643,49.86519]},"properties":{"name":"Миколайчука (607)","lines":"1, 9, 25, 53, 60, 80","arr":["А01","А09","А25","А53","А60","А80"],"terminus":0,"mode":"bus","color":"#0059a9","colorDark":"#00294f","angle":351.7,"snapDist":3,"label":1}},{"type":"Feature","geometry":{"type":"Point","coordinates":[24.040656,49.864877]},"properties":{"name":"БТІ (604)","lines":"1, 9, 25, 53, 60, 80","arr":["А01","А09","А25","А53","А60","А80"],"terminus":0,"mode":"bus","color":"#0059a9","colorDark":"#00294f","angle":350.7,"snapDist":5,"label":1}},{"type":"Feature","geometry":{"type":"Point","coordinates":[24.032675,49.863363]},"properties":{"name":"Бетховена (603)","lines":"1, 9, 25, 53, 60, 80","arr":["А01","А09","А25","А53","А60","А80"],"terminus":0,"mode":"bus","color":"#0059a9","colorDark":"#00294f","angle":332.5,"snapDist":4,"label":1}},{"type":"Feature","geometry":{"type":"Point","coordinates":[24.02621,49.859609]},"properties":{"name":"Замарстинівська (602)","lines":"1, 9, 25, 39, 53, 60, 80","arr":["А01","А09","А25","А39","А53","А60","А80"],"terminus":0,"mode":"bus","color":"#0059a9","colorDark":"#00294f","angle":311.8,"snapDist":7,"label":1}},{"type":"Feature","geometry":{"type":"Point","coordinates":[24.02193,49.855972]},"properties":{"name":"Шевченківська РА (609)","lines":"1, 7, 8а, 9, 17, 21, 22, 25, 31, 34, 37, 39, 41, 46, 47, 51, 52, 53, 55, 56, 60, 80, 84","arr":["А01","А07","А08а","А09","А17","А21","А22","А25","А31","А34","А37","А39","А41","А46","А47","А51","А52","А53","А55","А56","А60","А80","А84"],"terminus":0,"mode":"bus","color":"#0059a9","colorDark":"#00294f","angle":250.5,"snapDist":4,"label":1}},{"type":"Feature","geometry":{"type":"Point","coordinates":[24.022793,49.854285]},"properties":{"name":"Хімічна (608)","lines":"1, 7, 8а, 9, 17, 21, 22, 25, 31, 34, 37, 39, 41, 46, 47, 51, 52, 53, 55, 56, 60, 80, 84","arr":["А01","А07","А08а","А09","А17","А21","А22","А25","А31","А34","А37","А39","А41","А46","А47","А51","А52","А53","А55","А56","А60","А80","А84"],"terminus":0,"mode":"bus","color":"#0059a9","colorDark":"#00294f","angle":251.7,"snapDist":2,"label":1}},{"type":"Feature","geometry":{"type":"Point","coordinates":[24.025409,49.84907]},"properties":{"name":"Куліша (6)","lines":"1, 7, 9, 17, 20, 21, 25, 31, 34, 37, 39, 41, 46, 47, 48, 51, 52, 53, 55, 60, 80, 84","arr":["А01","А07","А09","А17","А20","А21","А25","А31","А34","А37","А39","А41","А46","А47","А48","А51","А52","А53","А55","А60","А80","А84"],"terminus":0,"mode":"bus","color":"#0059a9","colorDark":"#00294f","angle":250.6,"snapDist":2,"label":1}},{"type":"Feature","geometry":{"type":"Point","coordinates":[24.025287,49.845528]},"properties":{"name":"Проспект Чорновола (705)","lines":"1, 7, 9, 17, 20, 21, 25, 31, 34, 37, 39, 41, 46, 47, 48, 51, 52, 53, 55, 60, 80, 84","arr":["А01","А07","А09","А17","А20","А21","А25","А31","А34","А37","А39","А41","А46","А47","А48","А51","А52","А53","А55","А60","А80","А84"],"terminus":1,"mode":"bus","color":"#0059a9","colorDark":"#00294f","angle":266.7,"snapDist":8,"label":1}},{"type":"Feature","geometry":{"type":"Point","coordinates":[24.025833,49.844014]},"properties":{"name":"Театр опери та балету (68)","lines":"1, 3, 5, 6, 9, 21, 46, 47, 48, 53, 57","arr":["А01","А03","А05","А06","А09","А21","А46","А47","А48","А53","А57"],"terminus":0,"mode":"bus","color":"#0059a9","colorDark":"#00294f","angle":249.1,"snapDist":8,"label":1}},{"type":"Feature","geometry":{"type":"Point","coordinates":[24.028267,49.840049]},"properties":{"name":"Проспект Свободи (67)","lines":"1, 3, 5, 6, 15, 43, 45, 46, 47, 53, 57, 92","arr":["А01","А03","А05","А06","А15","А43","А45","А46","А47","А53","А57","А92"],"terminus":1,"mode":"bus","color":"#0059a9","colorDark":"#00294f","angle":242.6,"snapDist":5,"label":1}},{"type":"Feature","geometry":{"type":"Point","coordinates":[24.032807,49.839312]},"properties":{"name":"Площа Галицька (10)","lines":"1, 5, 6, 39а, 45, 47, 92, 99","arr":["А01","А05","А06","А39а","А45","А47","А92","А99"],"terminus":1,"mode":"bus","color":"#0059a9","colorDark":"#00294f","angle":180,"snapDist":6,"label":1}},{"type":"Feature","geometry":{"type":"Point","coordinates":[24.035128,49.842521]},"properties":{"name":"Підвальна (57)","lines":"1, 3, 5, 6, 15, 29, 37, 39, 46, 47, 53, 57, 61, 92","arr":["А01","А03","А05","А06","А15","А29","А37","А39","А46","А47","А53","А57","А61","А92"],"terminus":0,"mode":"bus","color":"#0059a9","colorDark":"#00294f","angle":78.3,"snapDist":2,"label":1}},{"type":"Feature","geometry":{"type":"Point","coordinates":[24.027706,49.844814]},"properties":{"name":"Театральна (40)","lines":"1, 3, 5, 6, 15, 29, 37, 39, 46, 47, 53, 57, 61, 92","arr":["А01","А03","А05","А06","А15","А29","А37","А39","А46","А47","А53","А57","А61","А92"],"terminus":1,"mode":"bus","color":"#0059a9","colorDark":"#00294f","angle":359.8,"snapDist":1,"label":1}},{"type":"Feature","geometry":{"type":"Point","coordinates":[24.02561,49.846838]},"properties":{"name":"Проспект Чорновола (7)","lines":"1, 7, 9, 17, 20, 21, 22, 25, 31, 34, 37, 39, 41, 46, 47, 48, 51, 52, 53, 55, 60, 80, 84","arr":["А01","А07","А09","А17","А20","А21","А22","А25","А31","А34","А37","А39","А41","А46","А47","А48","А51","А52","А53","А55","А60","А80","А84"],"terminus":0,"mode":"bus","color":"#0059a9","colorDark":"#00294f","angle":96.4,"snapDist":1,"label":1}},{"type":"Feature","geometry":{"type":"Point","coordinates":[24.024324,49.851188]},"properties":{"name":"Палац культури Гната Хоткевича (615)","lines":"1, 7, 8а, 9, 17, 21, 22, 25, 31, 34, 37, 39, 41, 46, 47, 51, 52, 53, 55, 56, 60, 80, 84","arr":["А01","А07","А08а","А09","А17","А21","А22","А25","А31","А34","А37","А39","А41","А46","А47","А51","А52","А53","А55","А56","А60","А80","А84"],"terminus":0,"mode":"bus","color":"#0059a9","colorDark":"#00294f","angle":73.9,"snapDist":4,"label":1}},{"type":"Feature","geometry":{"type":"Point","coordinates":[24.022903,49.854402]},"properties":{"name":"Хімічна (616)","lines":"1, 7, 8а, 9, 17, 21, 22, 25, 31, 34, 37, 39, 41, 46, 47, 51, 52, 53, 55, 56, 60, 80, 84","arr":["А01","А07","А08а","А09","А17","А21","А22","А25","А31","А34","А37","А39","А41","А46","А47","А51","А52","А53","А55","А56","А60","А80","А84"],"terminus":0,"mode":"bus","color":"#0059a9","colorDark":"#00294f","angle":71.8,"snapDist":4,"label":1}},{"type":"Feature","geometry":{"type":"Point","coordinates":[24.023177,49.85755]},"properties":{"name":"Шевченківська РА (597)","lines":"1, 9, 25, 34, 39, 53, 60, 80","arr":["А01","А09","А25","А34","А39","А53","А60","А80"],"terminus":0,"mode":"bus","color":"#0059a9","colorDark":"#00294f","angle":141.1,"snapDist":7,"label":1}},{"type":"Feature","geometry":{"type":"Point","coordinates":[24.027447,49.86057]},"properties":{"name":"Замарстинівська (598)","lines":"1, 9, 25, 34, 53, 60, 80","arr":["А01","А09","А25","А34","А53","А60","А80"],"terminus":0,"mode":"bus","color":"#0059a9","colorDark":"#00294f","angle":125.5,"snapDist":2,"label":1}},{"type":"Feature","geometry":{"type":"Point","coordinates":[24.033658,49.863694]},"properties":{"name":"Бетховена (599)","lines":"1, 9, 25, 34, 53, 60, 80","arr":["А01","А09","А25","А34","А53","А60","А80"],"terminus":0,"mode":"bus","color":"#0059a9","colorDark":"#00294f","angle":151.1,"snapDist":2,"label":1}},{"type":"Feature","geometry":{"type":"Point","coordinates":[24.042423,49.865064]},"properties":{"name":"БТІ (600)","lines":"1, 9, 25, 34, 53, 60, 80","arr":["А01","А09","А25","А34","А53","А60","А80"],"terminus":0,"mode":"bus","color":"#0059a9","colorDark":"#00294f","angle":170.7,"snapDist":8,"label":1}},{"type":"Feature","geometry":{"type":"Point","coordinates":[24.051684,49.865031]},"properties":{"name":"Автостанція №2 (605)","lines":"1, 9, 25, 34, 39, 53, 58, 59, 60, 80","arr":["А01","А09","А25","А34","А39","А53","А58","А59","А60","А80"],"terminus":0,"mode":"bus","color":"#0059a9","colorDark":"#00294f","angle":187.4,"snapDist":9,"label":1}},{"type":"Feature","geometry":{"type":"Point","coordinates":[24.056217,49.868663]},"properties":{"name":"Скейт-парк (589)","lines":"1, 9, 19, 34, 39, 48, 53, 58, 59, 60, 62, 63, 80","arr":["А01","А09","А19","А34","А39","А48","А53","А58","А59","А60","А62","А63","А80"],"terminus":1,"mode":"bus","color":"#0059a9","colorDark":"#00294f","angle":118.8,"snapDist":8,"label":1}},{"type":"Feature","geometry":{"type":"Point","coordinates":[24.060112,49.873229]},"properties":{"name":"Галицьке перехрестя (595)","lines":"1, 9, 31, 41, 48, 51, 53, 56, 58, 59, 60, 62, 63, 80","arr":["А01","А09","А31","А41","А48","А51","А53","А56","А58","А59","А60","А62","А63","А80"],"terminus":1,"mode":"bus","color":"#0059a9","colorDark":"#00294f","angle":119.9,"snapDist":1,"label":1}},{"type":"Feature","geometry":{"type":"Point","coordinates":[24.061938,49.87527]},"properties":{"name":"Галицьке перехрестя (594)","lines":"1, 9, 60, 80","arr":["А01","А09","А60","А80"],"terminus":0,"mode":"bus","color":"#0059a9","colorDark":"#00294f","angle":118.9,"snapDist":4,"label":1}},{"type":"Feature","geometry":{"type":"Point","coordinates":[24.07035,49.880686]},"properties":{"name":"Малехів, Склади (1205)","lines":"1, 60, 80","arr":["А01","А60","А80"],"terminus":0,"mode":"bus","color":"#0059a9","colorDark":"#00294f","angle":149.6,"snapDist":10,"label":1}},{"type":"Feature","geometry":{"type":"Point","coordinates":[24.075628,49.884052]},"properties":{"name":"Малехів, Шевченка (1207)","lines":"1, 60, 80","arr":["А01","А60","А80"],"terminus":0,"mode":"bus","color":"#0059a9","colorDark":"#00294f","angle":117.5,"snapDist":4,"label":1}},{"type":"Feature","geometry":{"type":"Point","coordinates":[24.081006,49.886898]},"properties":{"name":"Малехів, Цвинтар (1209)","lines":"1, 60","arr":["А01","А60"],"terminus":0,"mode":"bus","color":"#0059a9","colorDark":"#00294f","angle":154.7,"snapDist":5,"label":1}},{"type":"Feature","geometry":{"type":"Point","coordinates":[24.089868,49.889972]},"properties":{"name":"Дубляни, Львівська (1301)","lines":"1, 80","arr":["А01","А80"],"terminus":0,"mode":"bus","color":"#0059a9","colorDark":"#00294f","angle":101.4,"snapDist":2,"label":1}},{"type":"Feature","geometry":{"type":"Point","coordinates":[24.091183,49.894115]},"properties":{"name":"Дубляни, Малиняк (1305)","lines":"1, 80","arr":["А01","А80"],"terminus":0,"mode":"bus","color":"#0059a9","colorDark":"#00294f","angle":101.8,"snapDist":4,"label":1}},{"type":"Feature","geometry":{"type":"Point","coordinates":[24.090501,49.897352]},"properties":{"name":"Дубляни, Університет (1307)","lines":"1, 80","arr":["А01","А80"],"terminus":0,"mode":"bus","color":"#0059a9","colorDark":"#00294f","angle":59.7,"snapDist":1,"label":1}},{"type":"Feature","geometry":{"type":"Point","coordinates":[24.087925,49.90331]},"properties":{"name":"Дубляни, Землевпорядний факультет (1309)","lines":"1, 80","arr":["А01","А80"],"terminus":0,"mode":"bus","color":"#0059a9","colorDark":"#00294f","angle":82.9,"snapDist":4,"label":1}},{"type":"Feature","geometry":{"type":"Point","coordinates":[24.09313,49.904251]},"properties":{"name":"Дубляни, Школа (1300)","lines":"1","arr":["А01"],"terminus":1,"mode":"bus","color":"#0059a9","colorDark":"#00294f","angle":183.4,"snapDist":2,"label":1}},{"type":"Feature","geometry":{"type":"Point","coordinates":[24.012714,49.774142]},"properties":{"name":"ТРЦ Кінг Кросс (320)","lines":"3, 10, 25, 40","arr":["А03","А10","А25","А40"],"terminus":1,"mode":"bus","color":"#0059a9","colorDark":"#00294f","angle":177.2,"snapDist":5,"label":1}},{"type":"Feature","geometry":{"type":"Point","coordinates":[24.014135,49.778118]},"properties":{"name":"Іподром (434)","lines":"3, 10, 25, 40","arr":["А03","А10","А25","А40"],"terminus":0,"mode":"bus","color":"#0059a9","colorDark":"#00294f","angle":88.6,"snapDist":3,"label":1}},{"type":"Feature","geometry":{"type":"Point","coordinates":[24.014273,49.784232]},"properties":{"name":"Сокільницька (435)","lines":"3, 10, 25, 40","arr":["А03","А10","А25","А40"],"terminus":0,"mode":"bus","color":"#0059a9","colorDark":"#00294f","angle":95.2,"snapDist":4,"label":1}},{"type":"Feature","geometry":{"type":"Point","coordinates":[24.017617,49.78741]},"properties":{"name":"Автовокзал (433)","lines":"3, 9, 10, 25, 40, 22, 23","arr":["А03","А09","А10","А25","А40","Тр22","Тр23","Тр25"],"terminus":1,"mode":"bus","color":"#0059a9","colorDark":"#00294f","angle":169.8,"snapDist":1,"label":1}},{"type":"Feature","geometry":{"type":"Point","coordinates":[24.016023,49.792627]},"properties":{"name":"Максимовича (432)","lines":"3, 9, 10, 25, 40, 22, 23","arr":["А03","А09","А10","А25","А40","Тр22","Тр23","Тр25"],"terminus":0,"mode":"bus","color":"#0059a9","colorDark":"#00294f","angle":98.1,"snapDist":5,"label":1}},{"type":"Feature","geometry":{"type":"Point","coordinates":[24.016482,49.794716]},"properties":{"name":"Гашека (431)","lines":"3, 9, 10, 25, 40, 57, 22, 23","arr":["А03","А09","А10","А25","А40","А57","Тр22","Тр23","Тр25"],"terminus":0,"mode":"bus","color":"#0059a9","colorDark":"#00294f","angle":98,"snapDist":3,"label":1}},{"type":"Feature","geometry":{"type":"Point","coordinates":[24.017197,49.798007]},"properties":{"name":"Скорини (430)","lines":"3, 9, 10, 25, 40, 57, 22, 23","arr":["А03","А09","А10","А25","А40","А57","Тр22","Тр23","Тр25"],"terminus":0,"mode":"bus","color":"#0059a9","colorDark":"#00294f","angle":98.3,"snapDist":4,"label":1}},{"type":"Feature","geometry":{"type":"Point","coordinates":[24.018159,49.802623]},"properties":{"name":"Стрийська-Наукова (436)","lines":"3, 9, 11, 27, 57, 23, 25, 38","arr":["А03","А09","А11","А27","А57","Тр23","Тр25","Тр38"],"terminus":0,"mode":"bus","color":"#0059a9","colorDark":"#00294f","angle":98.5,"snapDist":15,"label":1}},{"type":"Feature","geometry":{"type":"Point","coordinates":[24.019172,49.808527]},"properties":{"name":"Автобусний завод (429)","lines":"3, 16, 18, 27, 57, 25","arr":["А03","А16","А18","А27","А57","Тр25"],"terminus":0,"mode":"bus","color":"#0059a9","colorDark":"#00294f","angle":93.7,"snapDist":6,"label":1}},{"type":"Feature","geometry":{"type":"Point","coordinates":[24.019836,49.815153]},"properties":{"name":"Податкова (428)","lines":"3, 18, 57, 25","arr":["А03","А18","А57","Тр25"],"terminus":0,"mode":"bus","color":"#0059a9","colorDark":"#00294f","angle":93.7,"snapDist":6,"label":1}},{"type":"Feature","geometry":{"type":"Point","coordinates":[24.020408,49.820428]},"properties":{"name":"Дитяча залізниця (75)","lines":"3, 18, 57, 25","arr":["А03","А18","А57","Тр25"],"terminus":0,"mode":"bus","color":"#0059a9","colorDark":"#00294f","angle":93,"snapDist":0,"label":1}},{"type":"Feature","geometry":{"type":"Point","coordinates":[24.022997,49.825191]},"properties":{"name":"Академія сухопутних військ (76)","lines":"3, 18, 57, 25","arr":["А03","А18","А57","Тр25"],"terminus":0,"mode":"bus","color":"#0059a9","colorDark":"#00294f","angle":200,"snapDist":6,"label":1}},{"type":"Feature","geometry":{"type":"Point","coordinates":[24.032258,49.829542]},"properties":{"name":"Стрийський ринок (81)","lines":"3, 18, 57, 25","arr":["А03","А18","А57","Тр25"],"terminus":0,"mode":"bus","color":"#0059a9","colorDark":"#00294f","angle":117.1,"snapDist":6,"label":1}},{"type":"Feature","geometry":{"type":"Point","coordinates":[24.035488,49.834013]},"properties":{"name":"Шота Руставелі (292)","lines":"3, 18, 57","arr":["А03","А18","А57"],"terminus":0,"mode":"bus","color":"#0059a9","colorDark":"#00294f","angle":100.1,"snapDist":1,"label":1}},{"type":"Feature","geometry":{"type":"Point","coordinates":[24.034967,49.837373]},"properties":{"name":"Шухевича (29)","lines":"3, 18, 37, 46, 53, 57","arr":["А03","А18","А37","А46","А53","А57"],"terminus":0,"mode":"bus","color":"#0059a9","colorDark":"#00294f","angle":98.1,"snapDist":4,"label":1}},{"type":"Feature","geometry":{"type":"Point","coordinates":[24.02583,49.845544]},"properties":{"name":"Площа Різні (62)","lines":"3, 5, 7, 55, 57, 60, 80","arr":["А03","А05","А07","А55","А57","А60","А80"],"terminus":1,"mode":"bus","color":"#0059a9","colorDark":"#00294f","angle":24.7,"snapDist":2,"label":1}},{"type":"Feature","geometry":{"type":"Point","coordinates":[24.033103,49.837687]},"properties":{"name":"Князя Романа (39)","lines":"3, 15, 43, 53, 57","arr":["А03","А15","А43","А53","А57"],"terminus":0,"mode":"bus","color":"#0059a9","colorDark":"#00294f","angle":247.8,"snapDist":8,"label":1}},{"type":"Feature","geometry":{"type":"Point","coordinates":[24.035259,49.833607]},"properties":{"name":"Шота Руставелі (291)","lines":"3, 18, 57, 24, 25, 31","arr":["А03","А18","А57","Тр24","Тр25","Тр31"],"terminus":1,"mode":"bus","color":"#0059a9","colorDark":"#00294f","angle":280.2,"snapDist":1,"label":1}},{"type":"Feature","geometry":{"type":"Point","coordinates":[24.032481,49.829778]},"properties":{"name":"Стрийський ринок (80)","lines":"3, 18, 57, 25","arr":["А03","А18","А57","Тр25"],"terminus":0,"mode":"bus","color":"#0059a9","colorDark":"#00294f","angle":314.9,"snapDist":4,"label":1}},{"type":"Feature","geometry":{"type":"Point","coordinates":[24.020769,49.824113]},"properties":{"name":"Академія сухопутних військ (567)","lines":"3, 18, 57, 25","arr":["А03","А18","А57","Тр25"],"terminus":0,"mode":"bus","color":"#0059a9","colorDark":"#00294f","angle":274.2,"snapDist":10,"label":1}},{"type":"Feature","geometry":{"type":"Point","coordinates":[24.020415,49.820516]},"properties":{"name":"Дитяча залізниця (558)","lines":"3, 18, 57, 25","arr":["А03","А18","А57","Тр25"],"terminus":0,"mode":"bus","color":"#0059a9","colorDark":"#00294f","angle":273.3,"snapDist":9,"label":1}},{"type":"Feature","geometry":{"type":"Point","coordinates":[24.019818,49.814972]},"properties":{"name":"Податкова (566)","lines":"3, 18, 57, 25","arr":["А03","А18","А57","Тр25"],"terminus":0,"mode":"bus","color":"#0059a9","colorDark":"#00294f","angle":273.7,"snapDist":5,"label":1}},{"type":"Feature","geometry":{"type":"Point","coordinates":[24.019085,49.807625]},"properties":{"name":"Автобусний завод (559)","lines":"3, 9, 11, 27, 57, 25","arr":["А03","А09","А11","А27","А57","Тр25"],"terminus":0,"mode":"bus","color":"#0059a9","colorDark":"#00294f","angle":273.8,"snapDist":3,"label":1}},{"type":"Feature","geometry":{"type":"Point","coordinates":[24.017692,49.801297]},"properties":{"name":"Стрийська-Наукова (565)","lines":"3, 9, 10, 25, 40, 57, 22, 23","arr":["А03","А09","А10","А25","А40","А57","Тр22","Тр23","Тр25"],"terminus":0,"mode":"bus","color":"#0059a9","colorDark":"#00294f","angle":276.8,"snapDist":5,"label":1}},{"type":"Feature","geometry":{"type":"Point","coordinates":[24.016905,49.797709]},"properties":{"name":"Скорини (560)","lines":"3, 9, 10, 25, 40, 57, 22, 23","arr":["А03","А09","А10","А25","А40","А57","Тр22","Тр23","Тр25"],"terminus":1,"mode":"bus","color":"#0059a9","colorDark":"#00294f","angle":277.8,"snapDist":7,"label":1}},{"type":"Feature","geometry":{"type":"Point","coordinates":[24.016105,49.794103]},"properties":{"name":"Гашека (561)","lines":"3, 9, 10, 25, 40, 22, 23","arr":["А03","А09","А10","А25","А40","Тр22","Тр23","Тр25"],"terminus":0,"mode":"bus","color":"#0059a9","colorDark":"#00294f","angle":278.2,"snapDist":2,"label":1}},{"type":"Feature","geometry":{"type":"Point","coordinates":[24.015523,49.791433]},"properties":{"name":"Максимовича (562)","lines":"3, 9, 10, 25, 40, 22, 23","arr":["А03","А09","А10","А25","А40","Тр22","Тр23","Тр25"],"terminus":1,"mode":"bus","color":"#0059a9","colorDark":"#00294f","angle":98.1,"snapDist":5,"label":1}},{"type":"Feature","geometry":{"type":"Point","coordinates":[24.014674,49.787576]},"properties":{"name":"Автовокзал (563)","lines":"3, 10, 25, 40","arr":["А03","А10","А25","А40"],"terminus":0,"mode":"bus","color":"#0059a9","colorDark":"#00294f","angle":277.9,"snapDist":5,"label":1}},{"type":"Feature","geometry":{"type":"Point","coordinates":[24.013917,49.783128]},"properties":{"name":"Сокільницька (564)","lines":"3, 10, 25, 40","arr":["А03","А10","А25","А40"],"terminus":0,"mode":"bus","color":"#0059a9","colorDark":"#00294f","angle":273.3,"snapDist":5,"label":1}},{"type":"Feature","geometry":{"type":"Point","coordinates":[24.013932,49.777684]},"properties":{"name":"Іподром (318)","lines":"3, 10, 25, 40","arr":["А03","А10","А25","А40"],"terminus":0,"mode":"bus","color":"#0059a9","colorDark":"#00294f","angle":269.4,"snapDist":4,"label":1}},{"type":"Feature","geometry":{"type":"Point","coordinates":[24.01259,49.774221]},"properties":{"name":"ТРЦ Кінг Кросс (320-01)","lines":"3, 10, 25, 40","arr":["А03","А10","А25","А40"],"terminus":1,"mode":"bus","color":"#0059a9","colorDark":"#00294f","angle":0.8,"snapDist":3,"label":1}},{"type":"Feature","geometry":{"type":"Point","coordinates":[24.03718,49.839801]},"properties":{"name":"Площа Митна (240)","lines":"5, 18, 29, 39, 39а, 47, 61, 92, 99","arr":["А05","А18","А29","А39","А39а","А47","А61","А92","А99"],"terminus":0,"mode":"bus","color":"#0059a9","colorDark":"#00294f","angle":177.4,"snapDist":3,"label":1}},{"type":"Feature","geometry":{"type":"Point","coordinates":[24.043292,49.840285]},"properties":{"name":"Військовий госпіталь (241)","lines":"5, 18, 29, 39, 39а, 47, 61, 92, 99","arr":["А05","А18","А29","А39","А39а","А47","А61","А92","А99"],"terminus":0,"mode":"bus","color":"#0059a9","colorDark":"#00294f","angle":160.7,"snapDist":8,"label":1}},{"type":"Feature","geometry":{"type":"Point","coordinates":[24.049879,49.839871]},"properties":{"name":"Медичний університет (243)","lines":"5, 18, 29, 39, 39а, 47, 61, 92, 99","arr":["А05","А18","А29","А39","А39а","А47","А61","А92","А99"],"terminus":0,"mode":"bus","color":"#0059a9","colorDark":"#00294f","angle":198.7,"snapDist":8,"label":1}},{"type":"Feature","geometry":{"type":"Point","coordinates":[24.054028,49.838772]},"properties":{"name":"Мечникова (246)","lines":"5, 18, 29, 39, 39а, 47, 61, 92, 99","arr":["А05","А18","А29","А39","А39а","А47","А61","А92","А99"],"terminus":0,"mode":"bus","color":"#0059a9","colorDark":"#00294f","angle":204.3,"snapDist":5,"label":1}},{"type":"Feature","geometry":{"type":"Point","coordinates":[24.060205,49.837368]},"properties":{"name":"Богдана Котика (249)","lines":"5, 18, 29, 39, 39а, 47, 61, 92","arr":["А05","А18","А29","А39","А39а","А47","А61","А92"],"terminus":0,"mode":"bus","color":"#0059a9","colorDark":"#00294f","angle":198.7,"snapDist":8,"label":1}},{"type":"Feature","geometry":{"type":"Point","coordinates":[24.075545,49.83573]},"properties":{"name":"Ялівець (254)","lines":"5, 40","arr":["А05","А40"],"terminus":0,"mode":"bus","color":"#0059a9","colorDark":"#00294f","angle":183.8,"snapDist":5,"label":1}},{"type":"Feature","geometry":{"type":"Point","coordinates":[24.08416,49.834856]},"properties":{"name":"Бахматюка (261)","lines":"5, 40","arr":["А05","А40"],"terminus":0,"mode":"bus","color":"#0059a9","colorDark":"#00294f","angle":196.5,"snapDist":5,"label":1}},{"type":"Feature","geometry":{"type":"Point","coordinates":[24.089145,49.833752]},"properties":{"name":"Дріжджова (262)","lines":"5, 40","arr":["А05","А40"],"terminus":0,"mode":"bus","color":"#0059a9","colorDark":"#00294f","angle":206.2,"snapDist":4,"label":1}},{"type":"Feature","geometry":{"type":"Point","coordinates":[24.112535,49.820692]},"properties":{"name":"Винниківське озеро (1019)","lines":"5, 40","arr":["А05","А40"],"terminus":0,"mode":"bus","color":"#0059a9","colorDark":"#00294f","angle":232.1,"snapDist":6,"label":1}},{"type":"Feature","geometry":{"type":"Point","coordinates":[24.130523,49.817673]},"properties":{"name":"Винники, ЦНАП (1003)","lines":"5, 40","arr":["А05","А40"],"terminus":0,"mode":"bus","color":"#0059a9","colorDark":"#00294f","angle":89.5,"snapDist":4,"label":1}},{"type":"Feature","geometry":{"type":"Point","coordinates":[24.135709,49.816318]},"properties":{"name":"Винники, Івасюка (1017)","lines":"5","arr":["А05"],"terminus":0,"mode":"bus","color":"#0059a9","colorDark":"#00294f","angle":290.1,"snapDist":2,"label":1}},{"type":"Feature","geometry":{"type":"Point","coordinates":[24.135241,49.813684]},"properties":{"name":"Винники, Стуса (1031)","lines":"5","arr":["А05"],"terminus":0,"mode":"bus","color":"#0059a9","colorDark":"#00294f","angle":208.4,"snapDist":6,"label":1}},{"type":"Feature","geometry":{"type":"Point","coordinates":[24.138179,49.80889]},"properties":{"name":"Винники. Франка (1015)","lines":"5","arr":["А05"],"terminus":0,"mode":"bus","color":"#0059a9","colorDark":"#00294f","angle":325,"snapDist":4,"label":1}},{"type":"Feature","geometry":{"type":"Point","coordinates":[24.137136,49.805717]},"properties":{"name":"Винники, Стадіон (1030)","lines":"5","arr":["А05"],"terminus":0,"mode":"bus","color":"#0059a9","colorDark":"#00294f","angle":276.5,"snapDist":3,"label":1}},{"type":"Feature","geometry":{"type":"Point","coordinates":[24.134892,49.802342]},"properties":{"name":"Винники, Шептицьких (1013)","lines":"5","arr":["А05"],"terminus":0,"mode":"bus","color":"#0059a9","colorDark":"#00294f","angle":0.2,"snapDist":0,"label":1}},{"type":"Feature","geometry":{"type":"Point","coordinates":[24.12922,49.802787]},"properties":{"name":"Винники. Козацька (1011)","lines":"5","arr":["А05"],"terminus":0,"mode":"bus","color":"#0059a9","colorDark":"#00294f","angle":36.5,"snapDist":1,"label":1}},{"type":"Feature","geometry":{"type":"Point","coordinates":[24.121033,49.80576]},"properties":{"name":"Винники, Джерельна (1033)","lines":"5","arr":["А05"],"terminus":1,"mode":"bus","color":"#0059a9","colorDark":"#00294f","angle":40.7,"snapDist":7,"label":1}},{"type":"Feature","geometry":{"type":"Point","coordinates":[24.120149,49.809051]},"properties":{"name":"Винники, Забава (1001)","lines":"5","arr":["А05"],"terminus":1,"mode":"bus","color":"#0059a9","colorDark":"#00294f","angle":308.1,"snapDist":1,"label":1}},{"type":"Feature","geometry":{"type":"Point","coordinates":[24.120969,49.805795]},"properties":{"name":"Винники, Джерельна (1032)","lines":"5","arr":["А05"],"terminus":0,"mode":"bus","color":"#0059a9","colorDark":"#00294f","angle":220.7,"snapDist":4,"label":1}},{"type":"Feature","geometry":{"type":"Point","coordinates":[24.129789,49.802572]},"properties":{"name":"Винники. Козацька (1010)","lines":"5","arr":["А05"],"terminus":0,"mode":"bus","color":"#0059a9","colorDark":"#00294f","angle":195.6,"snapDist":2,"label":1}},{"type":"Feature","geometry":{"type":"Point","coordinates":[24.135584,49.80234]},"properties":{"name":"Винники, Шептицьких (1012)","lines":"5","arr":["А05"],"terminus":0,"mode":"bus","color":"#0059a9","colorDark":"#00294f","angle":180.2,"snapDist":5,"label":1}},{"type":"Feature","geometry":{"type":"Point","coordinates":[24.137066,49.805369]},"properties":{"name":"Винники, Стадіон (1029)","lines":"5","arr":["А05"],"terminus":0,"mode":"bus","color":"#0059a9","colorDark":"#00294f","angle":95.4,"snapDist":3,"label":1}},{"type":"Feature","geometry":{"type":"Point","coordinates":[24.138112,49.808861]},"properties":{"name":"Винники, Франка (1014)","lines":"5","arr":["А05"],"terminus":0,"mode":"bus","color":"#0059a9","colorDark":"#00294f","angle":146,"snapDist":5,"label":1}},{"type":"Feature","geometry":{"type":"Point","coordinates":[24.140406,49.813655]},"properties":{"name":"Винники, Стрілецька (1028)","lines":"5","arr":["А05"],"terminus":0,"mode":"bus","color":"#0059a9","colorDark":"#00294f","angle":98.9,"snapDist":3,"label":1}},{"type":"Feature","geometry":{"type":"Point","coordinates":[24.143963,49.817353]},"properties":{"name":"Винники, Галицька (1008)","lines":"5, 40","arr":["А05","А40"],"terminus":0,"mode":"bus","color":"#0059a9","colorDark":"#00294f","angle":353.9,"snapDist":0,"label":1}},{"type":"Feature","geometry":{"type":"Point","coordinates":[24.136867,49.816861]},"properties":{"name":"Винники, Івасюка (1004)","lines":"5, 40","arr":["А05","А40"],"terminus":0,"mode":"bus","color":"#0059a9","colorDark":"#00294f","angle":354.6,"snapDist":4,"label":1}},{"type":"Feature","geometry":{"type":"Point","coordinates":[24.130529,49.817237]},"properties":{"name":"Винники, ЦНАП (1002)","lines":"5, 40","arr":["А05","А40"],"terminus":0,"mode":"bus","color":"#0059a9","colorDark":"#00294f","angle":269.3,"snapDist":4,"label":1}},{"type":"Feature","geometry":{"type":"Point","coordinates":[24.11256,49.820671]},"properties":{"name":"Винниківське озеро (1018)","lines":"5, 40","arr":["А05","А40"],"terminus":0,"mode":"bus","color":"#0059a9","colorDark":"#00294f","angle":52.1,"snapDist":2,"label":1}},{"type":"Feature","geometry":{"type":"Point","coordinates":[24.087951,49.834106]},"properties":{"name":"Дріжджова (259)","lines":"5, 40","arr":["А05","А40"],"terminus":0,"mode":"bus","color":"#0059a9","colorDark":"#00294f","angle":24.1,"snapDist":1,"label":1}},{"type":"Feature","geometry":{"type":"Point","coordinates":[24.08363,49.834965]},"properties":{"name":"Бахматюка (258)","lines":"5, 40","arr":["А05","А40"],"terminus":0,"mode":"bus","color":"#0059a9","colorDark":"#00294f","angle":17.5,"snapDist":4,"label":1}},{"type":"Feature","geometry":{"type":"Point","coordinates":[24.075001,49.835754]},"properties":{"name":"Ялівець (257)","lines":"5, 40","arr":["А05","А40"],"terminus":0,"mode":"bus","color":"#0059a9","colorDark":"#00294f","angle":3.8,"snapDist":3,"label":1}},{"type":"Feature","geometry":{"type":"Point","coordinates":[24.071008,49.835923]},"properties":{"name":"Автостанція №6 (256)","lines":"5, 27, 40","arr":["А05","А27","А40"],"terminus":1,"mode":"bus","color":"#0059a9","colorDark":"#00294f","angle":3.8,"snapDist":2,"label":1}},{"type":"Feature","geometry":{"type":"Point","coordinates":[24.067231,49.836098]},"properties":{"name":"Пасічна (255)","lines":"5, 15, 18, 29, 39, 47, 61, 92","arr":["А05","А15","А18","А29","А39","А47","А61","А92"],"terminus":0,"mode":"bus","color":"#0059a9","colorDark":"#00294f","angle":6.2,"snapDist":0,"label":1}},{"type":"Feature","geometry":{"type":"Point","coordinates":[24.06086,49.837227]},"properties":{"name":"Котика (252)","lines":"5, 15, 18, 29, 39, 39а, 47, 61, 92","arr":["А05","А15","А18","А29","А39","А39а","А47","А61","А92"],"terminus":0,"mode":"bus","color":"#0059a9","colorDark":"#00294f","angle":18.6,"snapDist":4,"label":1}},{"type":"Feature","geometry":{"type":"Point","coordinates":[24.055472,49.838412]},"properties":{"name":"Мечникова (250)","lines":"5, 15, 18, 29, 39, 39а, 47, 61, 92, 99","arr":["А05","А15","А18","А29","А39","А39а","А47","А61","А92","А99"],"terminus":0,"mode":"bus","color":"#0059a9","colorDark":"#00294f","angle":20.4,"snapDist":4,"label":1}},{"type":"Feature","geometry":{"type":"Point","coordinates":[24.049234,49.840013]},"properties":{"name":"Медичний університет (245)","lines":"5, 15, 18, 29, 39, 39а, 47, 61, 92, 99","arr":["А05","А15","А18","А29","А39","А39а","А47","А61","А92","А99"],"terminus":0,"mode":"bus","color":"#0059a9","colorDark":"#00294f","angle":19,"snapDist":3,"label":1}},{"type":"Feature","geometry":{"type":"Point","coordinates":[24.043153,49.840254]},"properties":{"name":"Військовий госпіталь (242)","lines":"5, 15, 18, 29, 39, 39а, 47, 61, 92, 99","arr":["А05","А15","А18","А29","А39","А39а","А47","А61","А92","А99"],"terminus":0,"mode":"bus","color":"#0059a9","colorDark":"#00294f","angle":340.6,"snapDist":1,"label":1}},{"type":"Feature","geometry":{"type":"Point","coordinates":[24.038005,49.839817]},"properties":{"name":"Площа Митна (42)","lines":"5, 15, 18, 29, 39, 39а, 47, 61, 92, 99","arr":["А05","А15","А18","А29","А39","А39а","А47","А61","А92","А99"],"terminus":0,"mode":"bus","color":"#0059a9","colorDark":"#00294f","angle":359.2,"snapDist":2,"label":1}},{"type":"Feature","geometry":{"type":"Point","coordinates":[23.938055,49.875405]},"properties":{"name":"Рясне-2 (655)","lines":"6, 11, 12, 47, 49","arr":["А06","А11","А12","А47","А49"],"terminus":1,"mode":"bus","color":"#0059a9","colorDark":"#00294f","angle":275.2,"snapDist":1,"label":1}},{"type":"Feature","geometry":{"type":"Point","coordinates":[23.932446,49.87523]},"properties":{"name":"Величковського (656)","lines":"6, 11, 12, 47, 49","arr":["А06","А11","А12","А47","А49"],"terminus":0,"mode":"bus","color":"#0059a9","colorDark":"#00294f","angle":2,"snapDist":8,"label":1}},{"type":"Feature","geometry":{"type":"Point","coordinates":[23.933806,49.872525]},"properties":{"name":"Сотника Панаса (693)","lines":"6, 11, 12, 47, 49, 61","arr":["А06","А11","А12","А47","А49","А61"],"terminus":0,"mode":"bus","color":"#0059a9","colorDark":"#00294f","angle":183.8,"snapDist":5,"label":1}},{"type":"Feature","geometry":{"type":"Point","coordinates":[23.945659,49.870577]},"properties":{"name":"Стельмаха (700)","lines":"6, 11, 12, 47, 49, 61","arr":["А06","А11","А12","А47","А49","А61"],"terminus":0,"mode":"bus","color":"#0059a9","colorDark":"#00294f","angle":214.6,"snapDist":12,"label":1}},{"type":"Feature","geometry":{"type":"Point","coordinates":[23.950937,49.868456]},"properties":{"name":"Рясне-1 (699)","lines":"6, 11, 12, 47, 49, 61","arr":["А06","А11","А12","А47","А49","А61"],"terminus":0,"mode":"bus","color":"#0059a9","colorDark":"#00294f","angle":203.4,"snapDist":5,"label":1}},{"type":"Feature","geometry":{"type":"Point","coordinates":[23.956437,49.866474]},"properties":{"name":"Лушпинського (702)","lines":"6, 11, 12, 47, 49, 61","arr":["А06","А11","А12","А47","А49","А61"],"terminus":0,"mode":"bus","color":"#0059a9","colorDark":"#00294f","angle":225,"snapDist":7,"label":1}},{"type":"Feature","geometry":{"type":"Point","coordinates":[23.960117,49.864316]},"properties":{"name":"Порічкова (690)","lines":"6, 11, 12, 47, 49, 61","arr":["А06","А11","А12","А47","А49","А61"],"terminus":0,"mode":"bus","color":"#0059a9","colorDark":"#00294f","angle":213.8,"snapDist":5,"label":1}},{"type":"Feature","geometry":{"type":"Point","coordinates":[23.963263,49.863007]},"properties":{"name":"Біберовича (688)","lines":"6, 11, 12, 47, 49, 61","arr":["А06","А11","А12","А47","А49","А61"],"terminus":0,"mode":"bus","color":"#0059a9","colorDark":"#00294f","angle":212,"snapDist":9,"label":1}},{"type":"Feature","geometry":{"type":"Point","coordinates":[23.967442,49.86128]},"properties":{"name":"Чикаленка (686)","lines":"6, 11, 12, 47, 49, 61","arr":["А06","А11","А12","А47","А49","А61"],"terminus":0,"mode":"bus","color":"#0059a9","colorDark":"#00294f","angle":213.5,"snapDist":6,"label":1}},{"type":"Feature","geometry":{"type":"Point","coordinates":[23.970768,49.859908]},"properties":{"name":"Брюховицька (685)","lines":"6, 11, 12, 47, 49, 61, 67","arr":["А06","А11","А12","А47","А49","А61","А67"],"terminus":0,"mode":"bus","color":"#0059a9","colorDark":"#00294f","angle":212.7,"snapDist":10,"label":1}},{"type":"Feature","geometry":{"type":"Point","coordinates":[23.985332,49.853803]},"properties":{"name":"Отця Омеляна Ковча (186)","lines":"6, 11, 12, 47, 49, 61, 67","arr":["А06","А11","А12","А47","А49","А61","А67"],"terminus":0,"mode":"bus","color":"#0059a9","colorDark":"#00294f","angle":209.7,"snapDist":5,"label":1}},{"type":"Feature","geometry":{"type":"Point","coordinates":[23.991832,49.850984]},"properties":{"name":"Автостанція №4 (184)","lines":"6, 11, 49, 61, 67","arr":["А06","А11","А49","А61","А67"],"terminus":0,"mode":"bus","color":"#0059a9","colorDark":"#00294f","angle":215.6,"snapDist":2,"label":1}},{"type":"Feature","geometry":{"type":"Point","coordinates":[23.996655,49.849054]},"properties":{"name":"Янівський цвинтар (697)","lines":"6, 11, 17, 61, 67","arr":["А06","А11","А17","А61","А67"],"terminus":0,"mode":"bus","color":"#0059a9","colorDark":"#00294f","angle":207.5,"snapDist":1,"label":1}},{"type":"Feature","geometry":{"type":"Point","coordinates":[24.001452,49.847674]},"properties":{"name":"Єрошенка (683)","lines":"6, 17, 61, 67","arr":["А06","А17","А61","А67"],"terminus":0,"mode":"bus","color":"#0059a9","colorDark":"#00294f","angle":210.6,"snapDist":2,"label":1}},{"type":"Feature","geometry":{"type":"Point","coordinates":[24.008744,49.845249]},"properties":{"name":"Ярослава Мудрого (77)","lines":"6, 17, 61, 67","arr":["А06","А17","А61","А67"],"terminus":0,"mode":"bus","color":"#0059a9","colorDark":"#00294f","angle":208.1,"snapDist":0,"label":1}},{"type":"Feature","geometry":{"type":"Point","coordinates":[24.015574,49.842032]},"properties":{"name":"Захисників України (60)","lines":"6, 7, 15, 17, 20, 25, 29, 31, 34, 41, 51, 52, 61, 67, 84, 92","arr":["А06","А07","А15","А17","А20","А25","А29","А31","А34","А41","А51","А52","А61","А67","А84","А92"],"terminus":0,"mode":"bus","color":"#0059a9","colorDark":"#00294f","angle":267.4,"snapDist":4,"label":1}},{"type":"Feature","geometry":{"type":"Point","coordinates":[24.016551,49.841991]},"properties":{"name":"Церква святої Анни (16)","lines":"6, 7, 17, 20, 25, 29, 31, 34, 41, 51, 52, 61, 67, 84","arr":["А06","А07","А17","А20","А25","А29","А31","А34","А41","А51","А52","А61","А67","А84"],"terminus":0,"mode":"bus","color":"#0059a9","colorDark":"#00294f","angle":146.7,"snapDist":7,"label":1}},{"type":"Feature","geometry":{"type":"Point","coordinates":[24.022188,49.843141]},"properties":{"name":"Наливайка (14)","lines":"6, 7, 17, 20, 25, 29, 31, 34, 41, 51, 52, 61, 67, 84","arr":["А06","А07","А17","А20","А25","А29","А31","А34","А41","А51","А52","А61","А67","А84"],"terminus":1,"mode":"bus","color":"#0059a9","colorDark":"#00294f","angle":169.6,"snapDist":4,"label":1}},{"type":"Feature","geometry":{"type":"Point","coordinates":[24.024123,49.843921]},"properties":{"name":"Магнус (13)","lines":"6, 7, 15, 17, 20, 25, 29, 31, 34, 41, 51, 52, 61, 84, 92","arr":["А06","А07","А15","А17","А20","А25","А29","А31","А34","А41","А51","А52","А61","А84","А92"],"terminus":0,"mode":"bus","color":"#0059a9","colorDark":"#00294f","angle":319.3,"snapDist":2,"label":1}},{"type":"Feature","geometry":{"type":"Point","coordinates":[24.018264,49.842751]},"properties":{"name":"Церква святої Анни (679)","lines":"6, 7, 15, 17, 20, 25, 29, 31, 34, 41, 51, 52, 61, 67, 84, 92","arr":["А06","А07","А15","А17","А20","А25","А29","А31","А34","А41","А51","А52","А61","А67","А84","А92"],"terminus":0,"mode":"bus","color":"#0059a9","colorDark":"#00294f","angle":349,"snapDist":1,"label":1}},{"type":"Feature","geometry":{"type":"Point","coordinates":[24.00845,49.84535]},"properties":{"name":"Ярослава Мудрого (681)","lines":"6, 17, 61, 67","arr":["А06","А17","А61","А67"],"terminus":0,"mode":"bus","color":"#0059a9","colorDark":"#00294f","angle":28.1,"snapDist":0,"label":1}},{"type":"Feature","geometry":{"type":"Point","coordinates":[24.001353,49.847712]},"properties":{"name":"Єрошенка (682)","lines":"6, 17, 61","arr":["А06","А17","А61"],"terminus":0,"mode":"bus","color":"#0059a9","colorDark":"#00294f","angle":30.6,"snapDist":2,"label":1}},{"type":"Feature","geometry":{"type":"Point","coordinates":[23.995367,49.849527]},"properties":{"name":"Янівський цвинтар (185)","lines":"6, 11, 49, 61, 67","arr":["А06","А11","А49","А61","А67"],"terminus":0,"mode":"bus","color":"#0059a9","colorDark":"#00294f","angle":28.8,"snapDist":1,"label":1}},{"type":"Feature","geometry":{"type":"Point","coordinates":[23.991395,49.851179]},"properties":{"name":"Автостанція №4 (646)","lines":"6, 49, 61, 67","arr":["А06","А49","А61","А67"],"terminus":0,"mode":"bus","color":"#0059a9","colorDark":"#00294f","angle":34.3,"snapDist":3,"label":1}},{"type":"Feature","geometry":{"type":"Point","coordinates":[23.985033,49.853973]},"properties":{"name":"Отця Омеляна Ковча (696)","lines":"6, 11, 12, 47, 49, 61, 67","arr":["А06","А11","А12","А47","А49","А61","А67"],"terminus":0,"mode":"bus","color":"#0059a9","colorDark":"#00294f","angle":93.3,"snapDist":4,"label":1}},{"type":"Feature","geometry":{"type":"Point","coordinates":[23.970858,49.859871]},"properties":{"name":"Брюховицька (687)","lines":"6, 11, 12, 47, 49, 61, 67","arr":["А06","А11","А12","А47","А49","А61","А67"],"terminus":0,"mode":"bus","color":"#0059a9","colorDark":"#00294f","angle":32.7,"snapDist":7,"label":1}},{"type":"Feature","geometry":{"type":"Point","coordinates":[23.966492,49.861679]},"properties":{"name":"Чикаленка (689)","lines":"6, 11, 12, 47, 49, 61","arr":["А06","А11","А12","А47","А49","А61"],"terminus":0,"mode":"bus","color":"#0059a9","colorDark":"#00294f","angle":32.8,"snapDist":4,"label":1}},{"type":"Feature","geometry":{"type":"Point","coordinates":[23.963505,49.862905]},"properties":{"name":"Біберовича (691)","lines":"6, 11, 12, 47, 49, 61","arr":["А06","А11","А12","А47","А49","А61"],"terminus":0,"mode":"bus","color":"#0059a9","colorDark":"#00294f","angle":32.1,"snapDist":4,"label":1}},{"type":"Feature","geometry":{"type":"Point","coordinates":[23.959949,49.864389]},"properties":{"name":"Порічкова (692)","lines":"6, 11, 12, 47, 49, 61","arr":["А06","А11","А12","А47","А49","А61"],"terminus":0,"mode":"bus","color":"#0059a9","colorDark":"#00294f","angle":38.1,"snapDist":8,"label":1}},{"type":"Feature","geometry":{"type":"Point","coordinates":[23.956631,49.866348]},"properties":{"name":"Лушпинського (701)","lines":"6, 11, 12, 47, 49, 61","arr":["А06","А11","А12","А47","А49","А61"],"terminus":0,"mode":"bus","color":"#0059a9","colorDark":"#00294f","angle":45,"snapDist":7,"label":1}},{"type":"Feature","geometry":{"type":"Point","coordinates":[23.952546,49.868007]},"properties":{"name":"Рясне-1 (694)","lines":"6, 11, 12, 47, 49, 61","arr":["А06","А11","А12","А47","А49","А61"],"terminus":0,"mode":"bus","color":"#0059a9","colorDark":"#00294f","angle":24.4,"snapDist":2,"label":1}},{"type":"Feature","geometry":{"type":"Point","coordinates":[23.946176,49.870354]},"properties":{"name":"Стельмаха (695)","lines":"6, 11, 12, 47, 49, 61","arr":["А06","А11","А12","А47","А49","А61"],"terminus":0,"mode":"bus","color":"#0059a9","colorDark":"#00294f","angle":32.2,"snapDist":0,"label":1}},{"type":"Feature","geometry":{"type":"Point","coordinates":[23.933173,49.87256]},"properties":{"name":"Сотника Панаса (698)","lines":"6, 11, 12, 47, 49, 61","arr":["А06","А11","А12","А47","А49","А61"],"terminus":0,"mode":"bus","color":"#0059a9","colorDark":"#00294f","angle":4.7,"snapDist":4,"label":1}},{"type":"Feature","geometry":{"type":"Point","coordinates":[23.932543,49.875225]},"properties":{"name":"Величковського (657)","lines":"6, 11, 12, 47, 49","arr":["А06","А11","А12","А47","А49"],"terminus":1,"mode":"bus","color":"#0059a9","colorDark":"#00294f","angle":185.2,"snapDist":2,"label":1}},{"type":"Feature","geometry":{"type":"Point","coordinates":[23.938314,49.87559]},"properties":{"name":"Рясне-2 (655-1)","lines":"6, 49","arr":["А06","А49"],"terminus":1,"mode":"bus","color":"#0059a9","colorDark":"#00294f","angle":93.9,"snapDist":1,"label":1}},{"type":"Feature","geometry":{"type":"Point","coordinates":[24.055379,49.870639]},"properties":{"name":"Чигиринська (575)","lines":"7, 19, 31, 34, 39, 41, 51, 56","arr":["А07","А19","А31","А34","А39","А41","А51","А56"],"terminus":1,"mode":"bus","color":"#0059a9","colorDark":"#00294f","angle":34,"snapDist":7,"label":1}},{"type":"Feature","geometry":{"type":"Point","coordinates":[24.052262,49.871996]},"properties":{"name":"Грінченка (574)","lines":"7, 19, 31, 34, 39, 41, 51, 56","arr":["А07","А19","А31","А34","А39","А41","А51","А56"],"terminus":1,"mode":"bus","color":"#0059a9","colorDark":"#00294f","angle":33.3,"snapDist":4,"label":1}},{"type":"Feature","geometry":{"type":"Point","coordinates":[24.043788,49.872527]},"properties":{"name":"Плугова (634)","lines":"7, 19, 31, 34, 41, 51, 56","arr":["А07","А19","А31","А34","А41","А51","А56"],"terminus":0,"mode":"bus","color":"#0059a9","colorDark":"#00294f","angle":345.4,"snapDist":5,"label":1}},{"type":"Feature","geometry":{"type":"Point","coordinates":[24.039205,49.871765]},"properties":{"name":"Ребілітаційний центр Незламні (632)","lines":"7, 12, 17, 31, 34, 41, 46, 51, 55, 56, 84","arr":["А07","А12","А17","А31","А34","А41","А46","А51","А55","А56","А84"],"terminus":0,"mode":"bus","color":"#0059a9","colorDark":"#00294f","angle":165.6,"snapDist":3,"label":1}},{"type":"Feature","geometry":{"type":"Point","coordinates":[24.031297,49.870466]},"properties":{"name":"Орлика (638)","lines":"7, 12, 17, 31, 34, 41, 46, 51, 55, 56, 84","arr":["А07","А12","А17","А31","А34","А41","А46","А51","А55","А56","А84"],"terminus":0,"mode":"bus","color":"#0059a9","colorDark":"#00294f","angle":347,"snapDist":6,"label":1}},{"type":"Feature","geometry":{"type":"Point","coordinates":[24.025383,49.869498]},"properties":{"name":"Мазепи (637)","lines":"7, 12, 17, 31, 34, 41, 46, 51, 55, 56, 84","arr":["А07","А12","А17","А31","А34","А41","А46","А51","А55","А56","А84"],"terminus":0,"mode":"bus","color":"#0059a9","colorDark":"#00294f","angle":346.4,"snapDist":3,"label":1}},{"type":"Feature","geometry":{"type":"Point","coordinates":[24.02051,49.87033]},"properties":{"name":"Замарстинів (648)","lines":"7, 12, 17, 31, 34, 41, 46, 51, 55, 56, 84","arr":["А07","А12","А17","А31","А34","А41","А46","А51","А55","А56","А84"],"terminus":0,"mode":"bus","color":"#0059a9","colorDark":"#00294f","angle":36.7,"snapDist":6,"label":1}},{"type":"Feature","geometry":{"type":"Point","coordinates":[24.018199,49.869263]},"properties":{"name":"Голоско (739)","lines":"7, 8а, 12, 17, 22, 31, 34, 41, 46, 51, 55, 56, 84","arr":["А07","А08а","А12","А17","А22","А31","А34","А41","А46","А51","А55","А56","А84"],"terminus":0,"mode":"bus","color":"#0059a9","colorDark":"#00294f","angle":290.3,"snapDist":9,"label":1}},{"type":"Feature","geometry":{"type":"Point","coordinates":[24.016294,49.866405]},"properties":{"name":"Варшавська (612)","lines":"7, 8а, 17, 21, 22, 31, 34, 37, 41, 46, 47, 51, 52, 55, 56, 84","arr":["А07","А08а","А17","А21","А22","А31","А34","А37","А41","А46","А47","А51","А52","А55","А56","А84"],"terminus":1,"mode":"bus","color":"#0059a9","colorDark":"#00294f","angle":250,"snapDist":8,"label":1}},{"type":"Feature","geometry":{"type":"Point","coordinates":[24.018831,49.861647]},"properties":{"name":"Парк 700-річчя Львова (611)","lines":"7, 8а, 17, 21, 22, 31, 34, 37, 41, 46, 47, 51, 52, 55, 56, 84","arr":["А07","А08а","А17","А21","А22","А31","А34","А37","А41","А46","А47","А51","А52","А55","А56","А84"],"terminus":0,"mode":"bus","color":"#0059a9","colorDark":"#00294f","angle":251,"snapDist":7,"label":1}},{"type":"Feature","geometry":{"type":"Point","coordinates":[24.020933,49.857694]},"properties":{"name":"Шевченківська РА (610)","lines":"7, 8а, 17, 21, 22, 31, 34, 37, 41, 46, 47, 51, 52, 55, 56, 84","arr":["А07","А08а","А17","А21","А22","А31","А34","А37","А41","А46","А47","А51","А52","А55","А56","А84"],"terminus":0,"mode":"bus","color":"#0059a9","colorDark":"#00294f","angle":251.1,"snapDist":3,"label":1}},{"type":"Feature","geometry":{"type":"Point","coordinates":[24.012209,49.84025]},"properties":{"name":"Цирк (17)","lines":"7, 15, 20, 25, 29, 31, 34, 41, 51, 52, 84, 92","arr":["А07","А15","А20","А25","А29","А31","А34","А41","А51","А52","А84","А92"],"terminus":0,"mode":"bus","color":"#0059a9","colorDark":"#00294f","angle":329.1,"snapDist":4,"label":1}},{"type":"Feature","geometry":{"type":"Point","coordinates":[24.005579,49.837692]},"properties":{"name":"Площа Кропивницького (94)","lines":"7, 15, 20, 25, 29, 31, 34, 41, 51, 52, 84, 92","arr":["А07","А15","А20","А25","А29","А31","А34","А41","А51","А52","А84","А92"],"terminus":0,"mode":"bus","color":"#0059a9","colorDark":"#00294f","angle":331.6,"snapDist":2,"label":1}},{"type":"Feature","geometry":{"type":"Point","coordinates":[23.999206,49.836339]},"properties":{"name":"Привокзальний ринок (110)","lines":"7, 10, 15, 16, 20, 25, 32, 33, 34, 43, 49, 51, 52, 84, 92, 22, 27, 30, 38","arr":["А07","А10","А15","А16","А20","А25","А32","А33","А34","А43","А49","А51","А52","А84","А92","Тр22","Тр27","Тр30","Тр32","Тр38"],"terminus":1,"mode":"bus","color":"#0059a9","colorDark":"#00294f","angle":345.6,"snapDist":5,"label":1}},{"type":"Feature","geometry":{"type":"Point","coordinates":[23.994714,49.835543]},"properties":{"name":"Скриня (113)","lines":"7, 10, 16, 20, 25, 32, 33, 34, 43, 49, 51, 52, 84, 92, 22, 27, 30, 38","arr":["А07","А10","А16","А20","А25","А32","А33","А34","А43","А49","А51","А52","А84","А92","Тр22","Тр27","Тр30","Тр32","Тр38"],"terminus":0,"mode":"bus","color":"#0059a9","colorDark":"#00294f","angle":344.6,"snapDist":6,"label":1}},{"type":"Feature","geometry":{"type":"Point","coordinates":[23.990779,49.833502]},"properties":{"name":"Кульпарківська (535)","lines":"7, 10, 25, 33, 51, 22, 30, 38","arr":["А07","А10","А25","А33","А51","Тр22","Тр30","Тр38"],"terminus":0,"mode":"bus","color":"#0059a9","colorDark":"#00294f","angle":270.5,"snapDist":4,"label":1}},{"type":"Feature","geometry":{"type":"Point","coordinates":[23.990666,49.830941]},"properties":{"name":"Кардіологічний центр (392)","lines":"7, 10, 25, 33, 51, 22, 30, 38","arr":["А07","А10","А25","А33","А51","Тр22","Тр30","Тр38"],"terminus":0,"mode":"bus","color":"#0059a9","colorDark":"#00294f","angle":278.9,"snapDist":8,"label":1}},{"type":"Feature","geometry":{"type":"Point","coordinates":[23.989932,49.82653]},"properties":{"name":"Антоновича (531)","lines":"7, 10, 22, 38","arr":["А07","А10","Тр22","Тр38"],"terminus":0,"mode":"bus","color":"#0059a9","colorDark":"#00294f","angle":274.3,"snapDist":6,"label":1}},{"type":"Feature","geometry":{"type":"Point","coordinates":[23.987935,49.819284]},"properties":{"name":"Кульпарків (137)","lines":"7, 10, 22, 38","arr":["А07","А10","Тр22","Тр38"],"terminus":0,"mode":"bus","color":"#0059a9","colorDark":"#00294f","angle":283.2,"snapDist":5,"label":1}},{"type":"Feature","geometry":{"type":"Point","coordinates":[23.984756,49.813435]},"properties":{"name":"Скнилівок (136)","lines":"7, 10, 33, 22, 38","arr":["А07","А10","А33","Тр22","Тр38"],"terminus":0,"mode":"bus","color":"#0059a9","colorDark":"#00294f","angle":288.2,"snapDist":7,"label":1}},{"type":"Feature","geometry":{"type":"Point","coordinates":[23.98258,49.809405]},"properties":{"name":"Щирецька (138)","lines":"7, 10, 14, 23, 25, 27, 32, 33, 22","arr":["А07","А10","А14","А23","А25","А27","А32","А33","Тр22"],"terminus":0,"mode":"bus","color":"#0059a9","colorDark":"#00294f","angle":287,"snapDist":4,"label":1}},{"type":"Feature","geometry":{"type":"Point","coordinates":[23.982552,49.805441]},"properties":{"name":"Наукова (551)","lines":"7, 10, 14, 23, 25, 27, 32, 33, 45, 51, 22","arr":["А07","А10","А14","А23","А25","А27","А32","А33","А45","А51","Тр22"],"terminus":0,"mode":"bus","color":"#0059a9","colorDark":"#00294f","angle":191.2,"snapDist":4,"label":1}},{"type":"Feature","geometry":{"type":"Point","coordinates":[23.987693,49.804812]},"properties":{"name":"Симоненка (544)","lines":"7, 10, 14, 23, 25, 27, 32, 33, 45, 51, 22","arr":["А07","А10","А14","А23","А25","А27","А32","А33","А45","А51","Тр22"],"terminus":0,"mode":"bus","color":"#0059a9","colorDark":"#00294f","angle":189.4,"snapDist":3,"label":1}},{"type":"Feature","geometry":{"type":"Point","coordinates":[23.993172,49.804227]},"properties":{"name":"Клуб Науковий (540)","lines":"7, 10, 14, 23, 25, 27, 32, 45, 51, 22","arr":["А07","А10","А14","А23","А25","А27","А32","А45","А51","Тр22"],"terminus":0,"mode":"bus","color":"#0059a9","colorDark":"#00294f","angle":9.2,"snapDist":6,"label":1}},{"type":"Feature","geometry":{"type":"Point","coordinates":[23.99653,49.80402]},"properties":{"name":"Центр зайнятості (548)","lines":"7, 10, 14, 23, 25, 27, 32, 33, 41, 45, 51, 22","arr":["А07","А10","А14","А23","А25","А27","А32","А33","А41","А45","А51","Тр22"],"terminus":0,"mode":"bus","color":"#0059a9","colorDark":"#00294f","angle":189.8,"snapDist":8,"label":1}},{"type":"Feature","geometry":{"type":"Point","coordinates":[24.000994,49.803557]},"properties":{"name":"Княгині Ольги (550)","lines":"7, 10, 14, 23, 25, 27, 32, 41, 22","arr":["А07","А10","А14","А23","А25","А27","А32","А41","Тр22"],"terminus":0,"mode":"bus","color":"#0059a9","colorDark":"#00294f","angle":189.3,"snapDist":8,"label":1}},{"type":"Feature","geometry":{"type":"Point","coordinates":[24.006875,49.802966]},"properties":{"name":"Тролейбусна (538)","lines":"7, 10, 14, 23, 25, 27, 32, 41, 22","arr":["А07","А10","А14","А23","А25","А27","А32","А41","Тр22"],"terminus":0,"mode":"bus","color":"#0059a9","colorDark":"#00294f","angle":188.9,"snapDist":7,"label":1}},{"type":"Feature","geometry":{"type":"Point","coordinates":[24.013527,49.802289]},"properties":{"name":"Підстригача (537)","lines":"7, 10, 14, 23, 25, 27, 32, 41, 22","arr":["А07","А10","А14","А23","А25","А27","А32","А41","Тр22"],"terminus":0,"mode":"bus","color":"#0059a9","colorDark":"#00294f","angle":188.7,"snapDist":3,"label":1}},{"type":"Feature","geometry":{"type":"Point","coordinates":[24.019025,49.801808]},"properties":{"name":"Стрийська-Наукова (445)","lines":"7, 11, 14, 23, 32, 40, 41, 38","arr":["А07","А11","А14","А23","А32","А40","А41","Тр38"],"terminus":0,"mode":"bus","color":"#0059a9","colorDark":"#00294f","angle":190,"snapDist":8,"label":1}},{"type":"Feature","geometry":{"type":"Point","coordinates":[24.031248,49.800249]},"properties":{"name":"Демнянська (441)","lines":"7, 11, 14, 23, 32, 40, 41, 38","arr":["А07","А11","А14","А23","А32","А40","А41","Тр38"],"terminus":0,"mode":"bus","color":"#0059a9","colorDark":"#00294f","angle":188.5,"snapDist":3,"label":1}},{"type":"Feature","geometry":{"type":"Point","coordinates":[24.035468,49.799913]},"properties":{"name":"Духовна семінарія (440)","lines":"7, 11, 14, 23, 32, 40, 41, 38","arr":["А07","А11","А14","А23","А32","А40","А41","Тр38"],"terminus":0,"mode":"bus","color":"#0059a9","colorDark":"#00294f","angle":180.1,"snapDist":6,"label":1}},{"type":"Feature","geometry":{"type":"Point","coordinates":[24.040668,49.80054]},"properties":{"name":"Чукаріна (444)","lines":"7, 11, 14, 23, 32, 40, 41, 38","arr":["А07","А11","А14","А23","А32","А40","А41","Тр38"],"terminus":0,"mode":"bus","color":"#0059a9","colorDark":"#00294f","angle":159.6,"snapDist":7,"label":1}},{"type":"Feature","geometry":{"type":"Point","coordinates":[24.047963,49.799113]},"properties":{"name":"Шувар (449)","lines":"7, 11, 14, 16, 23, 32, 40, 41, 53","arr":["А07","А11","А14","А16","А23","А32","А40","А41","А53"],"terminus":0,"mode":"bus","color":"#0059a9","colorDark":"#00294f","angle":227.7,"snapDist":1,"label":1}},{"type":"Feature","geometry":{"type":"Point","coordinates":[24.051626,49.797191]},"properties":{"name":"Дитяча поліклініка (451)","lines":"7, 11, 14, 16, 23, 32, 37, 40, 41, 53","arr":["А07","А11","А14","А16","А23","А32","А37","А40","А41","А53"],"terminus":0,"mode":"bus","color":"#0059a9","colorDark":"#00294f","angle":218.8,"snapDist":5,"label":1}},{"type":"Feature","geometry":{"type":"Point","coordinates":[24.058442,49.791897]},"properties":{"name":"Сихівська РА (453)","lines":"7, 11, 19, 32, 47, 53, 24","arr":["А07","А11","А19","А32","А47","А53","Тр24"],"terminus":0,"mode":"bus","color":"#0059a9","colorDark":"#00294f","angle":257.3,"snapDist":9,"label":1}},{"type":"Feature","geometry":{"type":"Point","coordinates":[24.058723,49.790033]},"properties":{"name":"Лікувально-діагностичний центр \"Сихів\" (754)","lines":"7, 53","arr":["А07","А53"],"terminus":0,"mode":"bus","color":"#0059a9","colorDark":"#00294f","angle":268.7,"snapDist":3,"label":1}},{"type":"Feature","geometry":{"type":"Point","coordinates":[24.058769,49.788658]},"properties":{"name":"Коломийська (454)","lines":"7, 11, 19, 32, 46, 47, 53, 24","arr":["А07","А11","А19","А32","А46","А47","А53","Тр24"],"terminus":0,"mode":"bus","color":"#0059a9","colorDark":"#00294f","angle":268.4,"snapDist":5,"label":1}},{"type":"Feature","geometry":{"type":"Point","coordinates":[24.058914,49.785328]},"properties":{"name":"Санта Барбара (457)","lines":"7, 11, 19, 32, 46, 47, 53, 24","arr":["А07","А11","А19","А32","А46","А47","А53","Тр24"],"terminus":1,"mode":"bus","color":"#0059a9","colorDark":"#00294f","angle":267.9,"snapDist":4,"label":1}},{"type":"Feature","geometry":{"type":"Point","coordinates":[24.051758,49.785728]},"properties":{"name":"Гориня (418)","lines":"7","arr":["А07"],"terminus":1,"mode":"bus","color":"#0059a9","colorDark":"#00294f","angle":82.1,"snapDist":1,"label":1}},{"type":"Feature","geometry":{"type":"Point","coordinates":[24.051856,49.786611]},"properties":{"name":"Гориня (317)","lines":"7","arr":["А07"],"terminus":0,"mode":"bus","color":"#0059a9","colorDark":"#00294f","angle":98.5,"snapDist":3,"label":1}},{"type":"Feature","geometry":{"type":"Point","coordinates":[24.059291,49.785693]},"properties":{"name":"Санта Барбара (459)","lines":"7, 11, 14, 19, 32, 46, 47, 53","arr":["А07","А11","А14","А19","А32","А46","А47","А53"],"terminus":1,"mode":"bus","color":"#0059a9","colorDark":"#00294f","angle":88.7,"snapDist":4,"label":1}},{"type":"Feature","geometry":{"type":"Point","coordinates":[24.059217,49.787539]},"properties":{"name":"Коломийська (458)","lines":"7, 11, 14, 19, 32, 46, 47, 53","arr":["А07","А11","А14","А19","А32","А46","А47","А53"],"terminus":0,"mode":"bus","color":"#0059a9","colorDark":"#00294f","angle":88.5,"snapDist":3,"label":1}},{"type":"Feature","geometry":{"type":"Point","coordinates":[24.059097,49.790668]},"properties":{"name":"Лікувально-діагностичний центр \"Сихів\" (456)","lines":"7, 11, 19, 32, 53, 24","arr":["А07","А11","А19","А32","А53","Тр24"],"terminus":0,"mode":"bus","color":"#0059a9","colorDark":"#00294f","angle":88.5,"snapDist":5,"label":1}},{"type":"Feature","geometry":{"type":"Point","coordinates":[24.057476,49.794624]},"properties":{"name":"Центр Довженка (455)","lines":"7, 11, 14, 16, 19, 23, 32, 37, 40, 41, 47, 53, 24","arr":["А07","А11","А14","А16","А19","А23","А32","А37","А40","А41","А47","А53","Тр24"],"terminus":0,"mode":"bus","color":"#0059a9","colorDark":"#00294f","angle":47.3,"snapDist":5,"label":1}},{"type":"Feature","geometry":{"type":"Point","coordinates":[24.053657,49.796468]},"properties":{"name":"Дитяча поліклініка (452)","lines":"7, 11, 14, 16, 23, 32, 37, 40, 41, 53","arr":["А07","А11","А14","А16","А23","А32","А37","А40","А41","А53"],"terminus":0,"mode":"bus","color":"#0059a9","colorDark":"#00294f","angle":39,"snapDist":5,"label":1}},{"type":"Feature","geometry":{"type":"Point","coordinates":[24.04869,49.79908]},"properties":{"name":"Шувар (450)","lines":"7, 11, 14, 16, 23, 32, 40, 41, 53","arr":["А07","А11","А14","А16","А23","А32","А40","А41","А53"],"terminus":0,"mode":"bus","color":"#0059a9","colorDark":"#00294f","angle":41.2,"snapDist":0,"label":1}},{"type":"Feature","geometry":{"type":"Point","coordinates":[24.04645,49.803606]},"properties":{"name":"Колодзінського (800)","lines":"7, 16, 23, 32, 40, 41, 53","arr":["А07","А16","А23","А32","А40","А41","А53"],"terminus":0,"mode":"bus","color":"#0059a9","colorDark":"#00294f","angle":91,"snapDist":0,"label":1}},{"type":"Feature","geometry":{"type":"Point","coordinates":[24.04569,49.805651]},"properties":{"name":"Рахівська (448)","lines":"7, 11, 14, 23, 32, 40, 41","arr":["А07","А11","А14","А23","А32","А40","А41"],"terminus":0,"mode":"bus","color":"#0059a9","colorDark":"#00294f","angle":278.6,"snapDist":3,"label":1}},{"type":"Feature","geometry":{"type":"Point","coordinates":[24.040135,49.800626]},"properties":{"name":"Чукаріна (446)","lines":"7, 11, 23, 32, 40, 41, 38","arr":["А07","А11","А23","А32","А40","А41","Тр38"],"terminus":0,"mode":"bus","color":"#0059a9","colorDark":"#00294f","angle":342.1,"snapDist":11,"label":1}},{"type":"Feature","geometry":{"type":"Point","coordinates":[24.035713,49.80012]},"properties":{"name":"Духовна семінарія (442)","lines":"7, 11, 14, 23, 32, 40, 41, 38","arr":["А07","А11","А14","А23","А32","А40","А41","Тр38"],"terminus":0,"mode":"bus","color":"#0059a9","colorDark":"#00294f","angle":359.1,"snapDist":5,"label":1}},{"type":"Feature","geometry":{"type":"Point","coordinates":[24.030108,49.800593]},"properties":{"name":"Демнянська (443)","lines":"7, 11, 14, 23, 32, 40, 41, 38","arr":["А07","А11","А14","А23","А32","А40","А41","Тр38"],"terminus":0,"mode":"bus","color":"#0059a9","colorDark":"#00294f","angle":10,"snapDist":3,"label":1}},{"type":"Feature","geometry":{"type":"Point","coordinates":[24.017247,49.801995]},"properties":{"name":"Стрийська-Наукова (553)","lines":"7, 10, 14, 23, 25, 27, 32, 41, 22","arr":["А07","А10","А14","А23","А25","А27","А32","А41","Тр22"],"terminus":0,"mode":"bus","color":"#0059a9","colorDark":"#00294f","angle":8.7,"snapDist":9,"label":1}},{"type":"Feature","geometry":{"type":"Point","coordinates":[24.014092,49.802388]},"properties":{"name":"Підстригача (552)","lines":"7, 23, 25, 41, 22","arr":["А07","А23","А25","А41","Тр22"],"terminus":0,"mode":"bus","color":"#0059a9","colorDark":"#00294f","angle":9.2,"snapDist":0,"label":1}},{"type":"Feature","geometry":{"type":"Point","coordinates":[24.004855,49.803336]},"properties":{"name":"Тролейбусна (539)","lines":"7, 10, 14, 23, 25, 27, 32, 41, 22","arr":["А07","А10","А14","А23","А25","А27","А32","А41","Тр22"],"terminus":0,"mode":"bus","color":"#0059a9","colorDark":"#00294f","angle":9.1,"snapDist":9,"label":1}},{"type":"Feature","geometry":{"type":"Point","coordinates":[23.999063,49.803937]},"properties":{"name":"Княгині Ольги (541)","lines":"7, 10, 14, 23, 25, 27, 32, 33, 41, 45, 51, 22","arr":["А07","А10","А14","А23","А25","А27","А32","А33","А41","А45","А51","Тр22"],"terminus":0,"mode":"bus","color":"#0059a9","colorDark":"#00294f","angle":36.9,"snapDist":3,"label":1}},{"type":"Feature","geometry":{"type":"Point","coordinates":[23.995193,49.804321]},"properties":{"name":"Центр зайнятості (545)","lines":"7, 10, 14, 23, 25, 27, 32, 33, 45, 51, 22","arr":["А07","А10","А14","А23","А25","А27","А32","А33","А45","А51","Тр22"],"terminus":0,"mode":"bus","color":"#0059a9","colorDark":"#00294f","angle":8.9,"snapDist":5,"label":1}},{"type":"Feature","geometry":{"type":"Point","coordinates":[23.991722,49.804673]},"properties":{"name":"Клуб Науковий (549)","lines":"7, 10, 14, 23, 25, 27, 32, 33, 45, 51, 22","arr":["А07","А10","А14","А23","А25","А27","А32","А33","А45","А51","Тр22"],"terminus":0,"mode":"bus","color":"#0059a9","colorDark":"#00294f","angle":9,"snapDist":5,"label":1}},{"type":"Feature","geometry":{"type":"Point","coordinates":[23.985575,49.80544]},"properties":{"name":"Симоненка (546)","lines":"7, 10, 14, 23, 25, 27, 32, 33, 45, 51, 22","arr":["А07","А10","А14","А23","А25","А27","А32","А33","А45","А51","Тр22"],"terminus":1,"mode":"bus","color":"#0059a9","colorDark":"#00294f","angle":8.9,"snapDist":2,"label":1}},{"type":"Feature","geometry":{"type":"Point","coordinates":[23.982557,49.809357]},"properties":{"name":"Щирецька (533)","lines":"7, 10, 14, 23, 25, 27, 32, 33, 22","arr":["А07","А10","А14","А23","А25","А27","А32","А33","Тр22"],"terminus":0,"mode":"bus","color":"#0059a9","colorDark":"#00294f","angle":107.1,"snapDist":0,"label":1}},{"type":"Feature","geometry":{"type":"Point","coordinates":[23.985022,49.813921]},"properties":{"name":"Скнилівок (534)","lines":"7, 10, 22, 38","arr":["А07","А10","Тр22","Тр38"],"terminus":0,"mode":"bus","color":"#0059a9","colorDark":"#00294f","angle":110.2,"snapDist":7,"label":1}},{"type":"Feature","geometry":{"type":"Point","coordinates":[23.987655,49.818656]},"properties":{"name":"Кульпарків (532)","lines":"7, 10, 22, 38","arr":["А07","А10","Тр22","Тр38"],"terminus":0,"mode":"bus","color":"#0059a9","colorDark":"#00294f","angle":107.7,"snapDist":6,"label":1}},{"type":"Feature","geometry":{"type":"Point","coordinates":[23.990734,49.831246]},"properties":{"name":"Кардіологічний центр (530)","lines":"7, 10, 25, 51, 38","arr":["А07","А10","А25","А51","Тр38"],"terminus":0,"mode":"bus","color":"#0059a9","colorDark":"#00294f","angle":97.4,"snapDist":3,"label":1}},{"type":"Feature","geometry":{"type":"Point","coordinates":[23.99085,49.834188]},"properties":{"name":"Кульпарківська (529)","lines":"7, 10, 25, 51, 38","arr":["А07","А10","А25","А51","Тр38"],"terminus":0,"mode":"bus","color":"#0059a9","colorDark":"#00294f","angle":98.7,"snapDist":4,"label":1}},{"type":"Feature","geometry":{"type":"Point","coordinates":[23.995065,49.835404]},"properties":{"name":"Скриня (494)","lines":"7, 10, 15, 16, 20, 25, 32, 34, 43, 49, 51, 52, 84, 27, 38","arr":["А07","А10","А15","А16","А20","А25","А32","А34","А43","А49","А51","А52","А84","Тр27","Тр32","Тр38"],"terminus":0,"mode":"bus","color":"#0059a9","colorDark":"#00294f","angle":164.6,"snapDist":7,"label":1}},{"type":"Feature","geometry":{"type":"Point","coordinates":[23.999152,49.836152]},"properties":{"name":"Привокзальний ринок (749)","lines":"7, 10, 15, 16, 20, 25, 32, 34, 43, 49, 51, 52, 84, 27, 38","arr":["А07","А10","А15","А16","А20","А25","А32","А34","А43","А49","А51","А52","А84","Тр27","Тр32","Тр38"],"terminus":0,"mode":"bus","color":"#0059a9","colorDark":"#00294f","angle":166.5,"snapDist":3,"label":1}},{"type":"Feature","geometry":{"type":"Point","coordinates":[24.004879,49.837457]},"properties":{"name":"Площа Кропивницького (18)","lines":"7, 20, 25, 29, 31, 34, 41, 51, 52, 84","arr":["А07","А20","А25","А29","А31","А34","А41","А51","А52","А84"],"terminus":0,"mode":"bus","color":"#0059a9","colorDark":"#00294f","angle":152.9,"snapDist":4,"label":1}},{"type":"Feature","geometry":{"type":"Point","coordinates":[24.012207,49.840249]},"properties":{"name":"Цирк (15)","lines":"7, 20, 25, 29, 31, 34, 41, 51, 52, 84","arr":["А07","А20","А25","А29","А31","А34","А41","А51","А52","А84"],"terminus":0,"mode":"bus","color":"#0059a9","colorDark":"#00294f","angle":149.1,"snapDist":7,"label":1}},{"type":"Feature","geometry":{"type":"Point","coordinates":[24.021178,49.857718]},"properties":{"name":"Шевченківська РА (613)","lines":"7, 8а, 17, 21, 22, 31, 37, 41, 46, 47, 51, 55, 56, 84","arr":["А07","А08а","А17","А21","А22","А31","А37","А41","А46","А47","А51","А55","А56","А84"],"terminus":0,"mode":"bus","color":"#0059a9","colorDark":"#00294f","angle":70.8,"snapDist":3,"label":1}},{"type":"Feature","geometry":{"type":"Point","coordinates":[24.018551,49.862645]},"properties":{"name":"Парк 700-річчя Львова (618)","lines":"7, 8а, 17, 21, 22, 31, 37, 41, 46, 47, 51, 55, 56, 84","arr":["А07","А08а","А17","А21","А22","А31","А37","А41","А46","А47","А51","А55","А56","А84"],"terminus":0,"mode":"bus","color":"#0059a9","colorDark":"#00294f","angle":72.2,"snapDist":3,"label":1}},{"type":"Feature","geometry":{"type":"Point","coordinates":[24.016862,49.865861]},"properties":{"name":"Варшавська (617)","lines":"7, 8а, 17, 21, 22, 31, 37, 41, 46, 47, 51, 55, 56, 84","arr":["А07","А08а","А17","А21","А22","А31","А37","А41","А46","А47","А51","А55","А56","А84"],"terminus":0,"mode":"bus","color":"#0059a9","colorDark":"#00294f","angle":70.6,"snapDist":4,"label":1}},{"type":"Feature","geometry":{"type":"Point","coordinates":[24.018388,49.86979]},"properties":{"name":"Голоско (614)","lines":"7, 8а, 12, 17, 22, 31, 41, 46, 51, 55, 56, 84","arr":["А07","А08а","А12","А17","А22","А31","А41","А46","А51","А55","А56","А84"],"terminus":0,"mode":"bus","color":"#0059a9","colorDark":"#00294f","angle":100.3,"snapDist":3,"label":1}},{"type":"Feature","geometry":{"type":"Point","coordinates":[24.024986,49.869433]},"properties":{"name":"Мазепи (636)","lines":"7, 12, 17, 31, 41, 46, 51, 55, 56, 84","arr":["А07","А12","А17","А31","А41","А46","А51","А55","А56","А84"],"terminus":0,"mode":"bus","color":"#0059a9","colorDark":"#00294f","angle":165.3,"snapDist":9,"label":1}},{"type":"Feature","geometry":{"type":"Point","coordinates":[24.032548,49.870669]},"properties":{"name":"Орлика (631)","lines":"7, 12, 17, 31, 41, 46, 51, 55, 56, 84","arr":["А07","А12","А17","А31","А41","А46","А51","А55","А56","А84"],"terminus":0,"mode":"bus","color":"#0059a9","colorDark":"#00294f","angle":164.5,"snapDist":5,"label":1}},{"type":"Feature","geometry":{"type":"Point","coordinates":[24.039445,49.871805]},"properties":{"name":"Ребілітаційний центр Незламні (633)","lines":"7, 12, 17, 31, 41, 46, 51, 55, 56, 84","arr":["А07","А12","А17","А31","А41","А46","А51","А55","А56","А84"],"terminus":0,"mode":"bus","color":"#0059a9","colorDark":"#00294f","angle":165.6,"snapDist":7,"label":1}},{"type":"Feature","geometry":{"type":"Point","coordinates":[24.043276,49.872441]},"properties":{"name":"Плугова (635)","lines":"7, 12, 19, 31, 41, 51, 56","arr":["А07","А12","А19","А31","А41","А51","А56"],"terminus":0,"mode":"bus","color":"#0059a9","colorDark":"#00294f","angle":165.4,"snapDist":5,"label":1}},{"type":"Feature","geometry":{"type":"Point","coordinates":[24.052143,49.872046]},"properties":{"name":"Грінченка (577)","lines":"7, 12, 19, 31, 41, 51, 56","arr":["А07","А12","А19","А31","А41","А51","А56"],"terminus":0,"mode":"bus","color":"#0059a9","colorDark":"#00294f","angle":213.4,"snapDist":4,"label":1}},{"type":"Feature","geometry":{"type":"Point","coordinates":[24.055365,49.870645]},"properties":{"name":"Чигиринська (576)","lines":"7, 19, 31, 39, 41, 51, 56","arr":["А07","А19","А31","А39","А41","А51","А56"],"terminus":1,"mode":"bus","color":"#0059a9","colorDark":"#00294f","angle":214,"snapDist":7,"label":1}},{"type":"Feature","geometry":{"type":"Point","coordinates":[24.024993,49.846406]},"properties":{"name":"Зернова (26)","lines":"8а, 22","arr":["А08а","А22"],"terminus":1,"mode":"bus","color":"#0059a9","colorDark":"#00294f","angle":182,"snapDist":5,"label":1}},{"type":"Feature","geometry":{"type":"Point","coordinates":[24.01846,49.871235]},"properties":{"name":"Замарстинів (649)","lines":"8а, 22","arr":["А08а","А22"],"terminus":0,"mode":"bus","color":"#0059a9","colorDark":"#00294f","angle":31.4,"snapDist":5,"label":1}},{"type":"Feature","geometry":{"type":"Point","coordinates":[24.013507,49.87393]},"properties":{"name":"Поліклініка МВС (650)","lines":"8а, 22","arr":["А08а","А22"],"terminus":0,"mode":"bus","color":"#0059a9","colorDark":"#00294f","angle":25.3,"snapDist":2,"label":1}},{"type":"Feature","geometry":{"type":"Point","coordinates":[24.003961,49.877575]},"properties":{"name":"Дитячий диспансер (652)","lines":"8а, 22","arr":["А08а","А22"],"terminus":0,"mode":"bus","color":"#0059a9","colorDark":"#00294f","angle":46.8,"snapDist":7,"label":1}},{"type":"Feature","geometry":{"type":"Point","coordinates":[23.965447,49.896861]},"properties":{"name":"Брюховичі, Цвинтар (1066)","lines":"8а, 22","arr":["А08а","А22"],"terminus":0,"mode":"bus","color":"#0059a9","colorDark":"#00294f","angle":34.6,"snapDist":4,"label":1}},{"type":"Feature","geometry":{"type":"Point","coordinates":[23.961505,49.899294]},"properties":{"name":"Брюховичі, Весняна (1081)","lines":"8а, 22","arr":["А08а","А22"],"terminus":0,"mode":"bus","color":"#0059a9","colorDark":"#00294f","angle":55,"snapDist":5,"label":1}},{"type":"Feature","geometry":{"type":"Point","coordinates":[23.960003,49.901448]},"properties":{"name":"Брюховичі, Джерело (1069)","lines":"8а","arr":["А08а"],"terminus":0,"mode":"bus","color":"#0059a9","colorDark":"#00294f","angle":74.4,"snapDist":4,"label":1}},{"type":"Feature","geometry":{"type":"Point","coordinates":[23.960099,49.903758]},"properties":{"name":"Брюховичі, Курортна (1065)","lines":"8а","arr":["А08а"],"terminus":0,"mode":"bus","color":"#0059a9","colorDark":"#00294f","angle":100.7,"snapDist":9,"label":1}},{"type":"Feature","geometry":{"type":"Point","coordinates":[23.957173,49.905724]},"properties":{"name":"Брюховичі, Пляжна (1064)","lines":"8а, 22","arr":["А08а","А22"],"terminus":0,"mode":"bus","color":"#0059a9","colorDark":"#00294f","angle":21.8,"snapDist":1,"label":1}},{"type":"Feature","geometry":{"type":"Point","coordinates":[23.947644,49.906948]},"properties":{"name":"Брюховичі, Пансіонат Львів (1062)","lines":"8а, 22","arr":["А08а","А22"],"terminus":0,"mode":"bus","color":"#0059a9","colorDark":"#00294f","angle":335.1,"snapDist":3,"label":1}},{"type":"Feature","geometry":{"type":"Point","coordinates":[23.940084,49.903625]},"properties":{"name":"Брюховичі. Вокзал (1073)","lines":"8а, 22, 67","arr":["А08а","А22","А67"],"terminus":0,"mode":"bus","color":"#0059a9","colorDark":"#00294f","angle":230.3,"snapDist":4,"label":1}},{"type":"Feature","geometry":{"type":"Point","coordinates":[23.939536,49.901963]},"properties":{"name":"Брюховичі, Івасюка (1051)","lines":"8а","arr":["А08а"],"terminus":0,"mode":"bus","color":"#0059a9","colorDark":"#00294f","angle":358.1,"snapDist":1,"label":1}},{"type":"Feature","geometry":{"type":"Point","coordinates":[23.935712,49.901217]},"properties":{"name":"Брюховичі, Арктична (1052)","lines":"8а","arr":["А08а"],"terminus":0,"mode":"bus","color":"#0059a9","colorDark":"#00294f","angle":355,"snapDist":5,"label":1}},{"type":"Feature","geometry":{"type":"Point","coordinates":[23.932108,49.902007]},"properties":{"name":"Брюховичі, Прилуцька (1057)","lines":"8а","arr":["А08а"],"terminus":0,"mode":"bus","color":"#0059a9","colorDark":"#00294f","angle":41.3,"snapDist":3,"label":1}},{"type":"Feature","geometry":{"type":"Point","coordinates":[23.929509,49.903683]},"properties":{"name":"Брюховичі, Ягідна (1054)","lines":"8а","arr":["А08а"],"terminus":1,"mode":"bus","color":"#0059a9","colorDark":"#00294f","angle":50.2,"snapDist":1,"label":1}},{"type":"Feature","geometry":{"type":"Point","coordinates":[23.927625,49.905129]},"properties":{"name":"Брюховичі, Кардіологічна лікарня (1056)","lines":"8а","arr":["А08а"],"terminus":1,"mode":"bus","color":"#0059a9","colorDark":"#00294f","angle":-136,"snapDist":6,"label":1}},{"type":"Feature","geometry":{"type":"Point","coordinates":[23.931025,49.90262]},"properties":{"name":"Брюховичі, Ягідна (1055)","lines":"8а","arr":["А08а"],"terminus":0,"mode":"bus","color":"#0059a9","colorDark":"#00294f","angle":221.3,"snapDist":5,"label":1}},{"type":"Feature","geometry":{"type":"Point","coordinates":[23.932399,49.901848]},"properties":{"name":"Брюховичі, Прилуцька (1094)","lines":"8а","arr":["А08а"],"terminus":0,"mode":"bus","color":"#0059a9","colorDark":"#00294f","angle":220.2,"snapDist":5,"label":1}},{"type":"Feature","geometry":{"type":"Point","coordinates":[23.935922,49.901229]},"properties":{"name":"Брюховичі, Арктична (1053)","lines":"8а","arr":["А08а"],"terminus":0,"mode":"bus","color":"#0059a9","colorDark":"#00294f","angle":175,"snapDist":3,"label":1}},{"type":"Feature","geometry":{"type":"Point","coordinates":[23.940417,49.901958]},"properties":{"name":"Вилучити (1057)","lines":"8а","arr":["А08а"],"terminus":0,"mode":"bus","color":"#0059a9","colorDark":"#00294f","angle":180.7,"snapDist":4,"label":1}},{"type":"Feature","geometry":{"type":"Point","coordinates":[23.941296,49.902657]},"properties":{"name":"Брюховичі, Офіс Громади (1070)","lines":"8а, 67","arr":["А08а","А67"],"terminus":0,"mode":"bus","color":"#0059a9","colorDark":"#00294f","angle":76.1,"snapDist":2,"label":1}},{"type":"Feature","geometry":{"type":"Point","coordinates":[23.940407,49.904153]},"properties":{"name":"Брюховичі, Вокзал (1063)","lines":"8а, 22","arr":["А08а","А22"],"terminus":0,"mode":"bus","color":"#0059a9","colorDark":"#00294f","angle":146.9,"snapDist":3,"label":1}},{"type":"Feature","geometry":{"type":"Point","coordinates":[23.947686,49.90696]},"properties":{"name":"Брюховичі, Пансіонат Львів (1058)","lines":"8а, 22","arr":["А08а","А22"],"terminus":0,"mode":"bus","color":"#0059a9","colorDark":"#00294f","angle":155.1,"snapDist":3,"label":1}},{"type":"Feature","geometry":{"type":"Point","coordinates":[23.957415,49.905662]},"properties":{"name":"Брюховичі, Пляжна (1059)","lines":"8а, 22","arr":["А08а","А22"],"terminus":0,"mode":"bus","color":"#0059a9","colorDark":"#00294f","angle":201.7,"snapDist":7,"label":1}},{"type":"Feature","geometry":{"type":"Point","coordinates":[23.960105,49.904399]},"properties":{"name":"Брюховичі, Курортна (1061)","lines":"8а, 22","arr":["А08а","А22"],"terminus":0,"mode":"bus","color":"#0059a9","colorDark":"#00294f","angle":255.3,"snapDist":3,"label":1}},{"type":"Feature","geometry":{"type":"Point","coordinates":[23.960092,49.901251]},"properties":{"name":"Брюховичі, Джерело (1068)","lines":"8а","arr":["А08а"],"terminus":0,"mode":"bus","color":"#0059a9","colorDark":"#00294f","angle":253.5,"snapDist":4,"label":1}},{"type":"Feature","geometry":{"type":"Point","coordinates":[23.961574,49.89923]},"properties":{"name":"Брюховичі, Весняна (1082)","lines":"8а, 22","arr":["А08а","А22"],"terminus":0,"mode":"bus","color":"#0059a9","colorDark":"#00294f","angle":235,"snapDist":2,"label":1}},{"type":"Feature","geometry":{"type":"Point","coordinates":[23.964455,49.897265]},"properties":{"name":"Брюховичі, Цвинтар (1067)","lines":"8а, 22","arr":["А08а","А22"],"terminus":0,"mode":"bus","color":"#0059a9","colorDark":"#00294f","angle":211.1,"snapDist":5,"label":1}},{"type":"Feature","geometry":{"type":"Point","coordinates":[24.004077,49.877499]},"properties":{"name":"Дитячий диспансер (651)","lines":"8а, 22","arr":["А08а","А22"],"terminus":0,"mode":"bus","color":"#0059a9","colorDark":"#00294f","angle":225.3,"snapDist":5,"label":1}},{"type":"Feature","geometry":{"type":"Point","coordinates":[24.013728,49.873865]},"properties":{"name":"Поліклініка МВС (654)","lines":"8а, 22","arr":["А08а","А22"],"terminus":0,"mode":"bus","color":"#0059a9","colorDark":"#00294f","angle":204.4,"snapDist":5,"label":1}},{"type":"Feature","geometry":{"type":"Point","coordinates":[24.018153,49.871367]},"properties":{"name":"Замарстинів (653)","lines":"8а, 22","arr":["А08а","А22"],"terminus":0,"mode":"bus","color":"#0059a9","colorDark":"#00294f","angle":217,"snapDist":5,"label":1}},{"type":"Feature","geometry":{"type":"Point","coordinates":[24.024366,49.848918]},"properties":{"name":"Куліша (54)","lines":"8а, 22","arr":["А08а","А22"],"terminus":1,"mode":"bus","color":"#0059a9","colorDark":"#00294f","angle":274.6,"snapDist":4,"label":1}},{"type":"Feature","geometry":{"type":"Point","coordinates":[24.026348,49.786264]},"properties":{"name":"Парк Архангела Михаїла (342)","lines":"9","arr":["А09"],"terminus":0,"mode":"bus","color":"#0059a9","colorDark":"#00294f","angle":205.4,"snapDist":1,"label":1}},{"type":"Feature","geometry":{"type":"Point","coordinates":[24.024293,49.787108]},"properties":{"name":"Парк Архангела Михаїла (341)","lines":"9","arr":["А09"],"terminus":0,"mode":"bus","color":"#0059a9","colorDark":"#00294f","angle":20.4,"snapDist":1,"label":1}},{"type":"Feature","geometry":{"type":"Point","coordinates":[24.017072,49.787908]},"properties":{"name":"Автовокзал (359)","lines":"9, 40","arr":["А09","А40"],"terminus":0,"mode":"bus","color":"#0059a9","colorDark":"#00294f","angle":8.3,"snapDist":1,"label":1}},{"type":"Feature","geometry":{"type":"Point","coordinates":[24.017751,49.805458]},"properties":{"name":"Боднарівка (508)","lines":"9, 11, 23, 38","arr":["А09","А11","Тр23","Тр38"],"terminus":0,"mode":"bus","color":"#0059a9","colorDark":"#00294f","angle":9.5,"snapDist":4,"label":1}},{"type":"Feature","geometry":{"type":"Point","coordinates":[24.011559,49.806127]},"properties":{"name":"Рубчака (298)","lines":"9, 11, 23, 38","arr":["А09","А11","Тр23","Тр38"],"terminus":0,"mode":"bus","color":"#0059a9","colorDark":"#00294f","angle":9.5,"snapDist":4,"label":1}},{"type":"Feature","geometry":{"type":"Point","coordinates":[24.007552,49.807912]},"properties":{"name":"Тролейбусне депо (568)","lines":"9, 11, 23, 38","arr":["А09","А11","Тр23","Тр38"],"terminus":0,"mode":"bus","color":"#0059a9","colorDark":"#00294f","angle":98.5,"snapDist":3,"label":1}},{"type":"Feature","geometry":{"type":"Point","coordinates":[24.006504,49.809972]},"properties":{"name":"Коледж інформаційних технологій (479)","lines":"9, 11, 16, 18, 23, 38","arr":["А09","А11","А16","А18","Тр23","Тр38"],"terminus":0,"mode":"bus","color":"#0059a9","colorDark":"#00294f","angle":4.2,"snapDist":2,"label":1}},{"type":"Feature","geometry":{"type":"Point","coordinates":[24.001096,49.810311]},"properties":{"name":"Володимира Великого (481)","lines":"9, 11, 16, 18, 23, 38","arr":["А09","А11","А16","А18","Тр23","Тр38"],"terminus":0,"mode":"bus","color":"#0059a9","colorDark":"#00294f","angle":9.8,"snapDist":3,"label":1}},{"type":"Feature","geometry":{"type":"Point","coordinates":[24.000338,49.812333]},"properties":{"name":"Бойчука, Кіноцентр (518)","lines":"9, 21, 41, 45, 48","arr":["А09","А21","А41","А45","А48"],"terminus":0,"mode":"bus","color":"#0059a9","colorDark":"#00294f","angle":103.9,"snapDist":5,"label":1}},{"type":"Feature","geometry":{"type":"Point","coordinates":[24.00354,49.81788]},"properties":{"name":"Аркаса (514)","lines":"9, 21, 41, 45, 48","arr":["А09","А21","А41","А45","А48"],"terminus":0,"mode":"bus","color":"#0059a9","colorDark":"#00294f","angle":112.8,"snapDist":5,"label":1}},{"type":"Feature","geometry":{"type":"Point","coordinates":[24.007585,49.823803]},"properties":{"name":"Ісаєвича (513)","lines":"9, 21, 41, 45, 48","arr":["А09","А21","А41","А45","А48"],"terminus":0,"mode":"bus","color":"#0059a9","colorDark":"#00294f","angle":114.6,"snapDist":6,"label":1}},{"type":"Feature","geometry":{"type":"Point","coordinates":[24.009399,49.825804]},"properties":{"name":"Горбачевського (512)","lines":"9, 21, 41, 45, 48","arr":["А09","А21","А41","А45","А48"],"terminus":0,"mode":"bus","color":"#0059a9","colorDark":"#00294f","angle":127.6,"snapDist":9,"label":1}},{"type":"Feature","geometry":{"type":"Point","coordinates":[24.018529,49.832656]},"properties":{"name":"Площа Лема (44)","lines":"9, 21, 43, 45, 48","arr":["А09","А21","А43","А45","А48"],"terminus":0,"mode":"bus","color":"#0059a9","colorDark":"#00294f","angle":107.7,"snapDist":4,"label":1}},{"type":"Feature","geometry":{"type":"Point","coordinates":[24.02197,49.8368]},"properties":{"name":"Головна пошта (52)","lines":"9, 15, 21, 43, 45, 48","arr":["А09","А15","А21","А43","А45","А48"],"terminus":0,"mode":"bus","color":"#0059a9","colorDark":"#00294f","angle":46.7,"snapDist":3,"label":1}},{"type":"Feature","geometry":{"type":"Point","coordinates":[24.027221,49.840255]},"properties":{"name":"Дорошенка (50)","lines":"9, 15, 21, 43, 45, 48, 92","arr":["А09","А15","А21","А43","А45","А48","А92"],"terminus":0,"mode":"bus","color":"#0059a9","colorDark":"#00294f","angle":140.3,"snapDist":3,"label":1}},{"type":"Feature","geometry":{"type":"Point","coordinates":[24.028045,49.841852]},"properties":{"name":"площа Івана Підкови (708)","lines":"9, 21, 48","arr":["А09","А21","А48"],"terminus":0,"mode":"bus","color":"#0059a9","colorDark":"#00294f","angle":68.7,"snapDist":1,"label":1}},{"type":"Feature","geometry":{"type":"Point","coordinates":[24.066972,49.87687]},"properties":{"name":"Малехів, Тараса Дороша (1201)","lines":"9","arr":["А09"],"terminus":0,"mode":"bus","color":"#0059a9","colorDark":"#00294f","angle":174.6,"snapDist":5,"label":1}},{"type":"Feature","geometry":{"type":"Point","coordinates":[24.072375,49.877039]},"properties":{"name":"Малехів, Південна (1213)","lines":"9","arr":["А09"],"terminus":0,"mode":"bus","color":"#0059a9","colorDark":"#00294f","angle":180,"snapDist":4,"label":1}},{"type":"Feature","geometry":{"type":"Point","coordinates":[24.078185,49.877351]},"properties":{"name":"Малехів, Нова (1215)","lines":"9","arr":["А09"],"terminus":0,"mode":"bus","color":"#0059a9","colorDark":"#00294f","angle":164,"snapDist":7,"label":1}},{"type":"Feature","geometry":{"type":"Point","coordinates":[24.083685,49.878358]},"properties":{"name":"Муроване, Піднивки (1141)","lines":"9","arr":["А09"],"terminus":0,"mode":"bus","color":"#0059a9","colorDark":"#00294f","angle":175.8,"snapDist":3,"label":1}},{"type":"Feature","geometry":{"type":"Point","coordinates":[24.089875,49.876738]},"properties":{"name":"Муроване, Стадіон (1143)","lines":"9","arr":["А09"],"terminus":0,"mode":"bus","color":"#0059a9","colorDark":"#00294f","angle":208.5,"snapDist":6,"label":1}},{"type":"Feature","geometry":{"type":"Point","coordinates":[24.093799,49.87606]},"properties":{"name":"Муроване, Церква (1146)","lines":"9","arr":["А09"],"terminus":0,"mode":"bus","color":"#0059a9","colorDark":"#00294f","angle":175.9,"snapDist":7,"label":1}},{"type":"Feature","geometry":{"type":"Point","coordinates":[24.098467,49.875404]},"properties":{"name":"Муроване, Підгребелля (1147)","lines":"9","arr":["А09"],"terminus":0,"mode":"bus","color":"#0059a9","colorDark":"#00294f","angle":199.8,"snapDist":7,"label":1}},{"type":"Feature","geometry":{"type":"Point","coordinates":[24.102514,49.874937]},"properties":{"name":"Муроване, Підлипи (1150)","lines":"9","arr":["А09"],"terminus":0,"mode":"bus","color":"#0059a9","colorDark":"#00294f","angle":194.3,"snapDist":3,"label":1}},{"type":"Feature","geometry":{"type":"Point","coordinates":[24.106727,49.874312]},"properties":{"name":"Муроване, Озеро (1152)","lines":"9","arr":["А09"],"terminus":0,"mode":"bus","color":"#0059a9","colorDark":"#00294f","angle":189.8,"snapDist":8,"label":1}},{"type":"Feature","geometry":{"type":"Point","coordinates":[24.110259,49.873896]},"properties":{"name":"Сороки-Львівські, Грушевського (1451)","lines":"9","arr":["А09"],"terminus":0,"mode":"bus","color":"#0059a9","colorDark":"#00294f","angle":95.6,"snapDist":10,"label":1}},{"type":"Feature","geometry":{"type":"Point","coordinates":[24.117872,49.873452]},"properties":{"name":"Сороки-Львівські, Польова (1453)","lines":"9","arr":["А09"],"terminus":0,"mode":"bus","color":"#0059a9","colorDark":"#00294f","angle":188.5,"snapDist":6,"label":1}},{"type":"Feature","geometry":{"type":"Point","coordinates":[24.123934,49.873221]},"properties":{"name":"Сороки-Львівські, Школа (1455)","lines":"9","arr":["А09"],"terminus":0,"mode":"bus","color":"#0059a9","colorDark":"#00294f","angle":182.7,"snapDist":6,"label":1}},{"type":"Feature","geometry":{"type":"Point","coordinates":[24.129214,49.872747]},"properties":{"name":"Сороки-Львівські, Церква (1457)","lines":"9","arr":["А09"],"terminus":0,"mode":"bus","color":"#0059a9","colorDark":"#00294f","angle":191.5,"snapDist":9,"label":1}},{"type":"Feature","geometry":{"type":"Point","coordinates":[24.134081,49.871936]},"properties":{"name":"Сороки-Львівські, Озеро (1459)","lines":"9","arr":["А09"],"terminus":0,"mode":"bus","color":"#0059a9","colorDark":"#00294f","angle":169.7,"snapDist":7,"label":1}},{"type":"Feature","geometry":{"type":"Point","coordinates":[24.163161,49.873764]},"properties":{"name":"Сороки-Львівські, Кільцева дорога (1461)","lines":"9","arr":["А09"],"terminus":1,"mode":"bus","color":"#0059a9","colorDark":"#00294f","angle":195,"snapDist":8,"label":1}},{"type":"Feature","geometry":{"type":"Point","coordinates":[24.163461,49.873712]},"properties":{"name":"Сороки-Львівські, Кільцева дорога (1462)","lines":"9","arr":["А09"],"terminus":1,"mode":"bus","color":"#0059a9","colorDark":"#00294f","angle":15,"snapDist":2,"label":1}},{"type":"Feature","geometry":{"type":"Point","coordinates":[24.134192,49.871949]},"properties":{"name":"Сороки-Львівські, Озеро (1460)","lines":"9","arr":["А09"],"terminus":0,"mode":"bus","color":"#0059a9","colorDark":"#00294f","angle":349.7,"snapDist":5,"label":1}},{"type":"Feature","geometry":{"type":"Point","coordinates":[24.129123,49.872759]},"properties":{"name":"Сороки-Львівські, Церква (1458)","lines":"9","arr":["А09"],"terminus":0,"mode":"bus","color":"#0059a9","colorDark":"#00294f","angle":11.5,"snapDist":1,"label":1}},{"type":"Feature","geometry":{"type":"Point","coordinates":[24.124049,49.873217]},"properties":{"name":"Сороки-Львівські, Школа (1456)","lines":"9","arr":["А09"],"terminus":0,"mode":"bus","color":"#0059a9","colorDark":"#00294f","angle":2.7,"snapDist":1,"label":1}},{"type":"Feature","geometry":{"type":"Point","coordinates":[24.117685,49.873472]},"properties":{"name":"Сороки-Львівські, Польова (1454)","lines":"9","arr":["А09"],"terminus":0,"mode":"bus","color":"#0059a9","colorDark":"#00294f","angle":11.3,"snapDist":2,"label":1}},{"type":"Feature","geometry":{"type":"Point","coordinates":[24.11064,49.873954]},"properties":{"name":"Сороки-Львівські, Грушевського (1452)","lines":"9","arr":["А09"],"terminus":0,"mode":"bus","color":"#0059a9","colorDark":"#00294f","angle":358.1,"snapDist":0,"label":1}},{"type":"Feature","geometry":{"type":"Point","coordinates":[24.105889,49.874416]},"properties":{"name":"Муроване, Озеро (1151)","lines":"9","arr":["А09"],"terminus":0,"mode":"bus","color":"#0059a9","colorDark":"#00294f","angle":11.2,"snapDist":5,"label":1}},{"type":"Feature","geometry":{"type":"Point","coordinates":[24.102063,49.875017]},"properties":{"name":"Муроване, Підлипи (1149)","lines":"9","arr":["А09"],"terminus":0,"mode":"bus","color":"#0059a9","colorDark":"#00294f","angle":13.3,"snapDist":3,"label":1}},{"type":"Feature","geometry":{"type":"Point","coordinates":[24.098163,49.875483]},"properties":{"name":"Муроване, Підгребелля (1148)","lines":"9","arr":["А09"],"terminus":0,"mode":"bus","color":"#0059a9","colorDark":"#00294f","angle":24.3,"snapDist":4,"label":1}},{"type":"Feature","geometry":{"type":"Point","coordinates":[24.095067,49.876101]},"properties":{"name":"Муроване, Церква (1145)","lines":"9","arr":["А09"],"terminus":0,"mode":"bus","color":"#0059a9","colorDark":"#00294f","angle":2.4,"snapDist":1,"label":1}},{"type":"Feature","geometry":{"type":"Point","coordinates":[24.089789,49.876768]},"properties":{"name":"Муроване, Стадіон (1144)","lines":"9","arr":["А09"],"terminus":0,"mode":"bus","color":"#0059a9","colorDark":"#00294f","angle":28.5,"snapDist":3,"label":1}},{"type":"Feature","geometry":{"type":"Point","coordinates":[24.083832,49.87837]},"properties":{"name":"Муроване, Піднивки (1142)","lines":"9","arr":["А09"],"terminus":0,"mode":"bus","color":"#0059a9","colorDark":"#00294f","angle":350.3,"snapDist":3,"label":1}},{"type":"Feature","geometry":{"type":"Point","coordinates":[24.077613,49.877248]},"properties":{"name":"Малехів, Нова (1216)","lines":"9","arr":["А09"],"terminus":0,"mode":"bus","color":"#0059a9","colorDark":"#00294f","angle":344.6,"snapDist":0,"label":1}},{"type":"Feature","geometry":{"type":"Point","coordinates":[24.070374,49.877024]},"properties":{"name":"Малехів, Південна (1214)","lines":"9","arr":["А09"],"terminus":0,"mode":"bus","color":"#0059a9","colorDark":"#00294f","angle":357.3,"snapDist":1,"label":1}},{"type":"Feature","geometry":{"type":"Point","coordinates":[24.066744,49.876856]},"properties":{"name":"Малехів, Тараса Дороша (1202)","lines":"9","arr":["А09"],"terminus":0,"mode":"bus","color":"#0059a9","colorDark":"#00294f","angle":354.5,"snapDist":5,"label":1}},{"type":"Feature","geometry":{"type":"Point","coordinates":[24.027078,49.840179]},"properties":{"name":"Дорошенка (51)","lines":"9, 21, 45, 48","arr":["А09","А21","А45","А48"],"terminus":0,"mode":"bus","color":"#0059a9","colorDark":"#00294f","angle":320.4,"snapDist":0,"label":1}},{"type":"Feature","geometry":{"type":"Point","coordinates":[24.022418,49.83649]},"properties":{"name":"Головна пошта (43)","lines":"9, 21, 45, 48","arr":["А09","А21","А45","А48"],"terminus":0,"mode":"bus","color":"#0059a9","colorDark":"#00294f","angle":226.4,"snapDist":8,"label":1}},{"type":"Feature","geometry":{"type":"Point","coordinates":[24.016241,49.834455]},"properties":{"name":"Львівська політехніка (11)","lines":"9, 41, 48","arr":["А09","А41","А48"],"terminus":0,"mode":"bus","color":"#0059a9","colorDark":"#00294f","angle":322.2,"snapDist":4,"label":1}},{"type":"Feature","geometry":{"type":"Point","coordinates":[24.012154,49.832419]},"properties":{"name":"Київська (488)","lines":"9, 41, 48","arr":["А09","А41","А48"],"terminus":0,"mode":"bus","color":"#0059a9","colorDark":"#00294f","angle":321.4,"snapDist":2,"label":1}},{"type":"Feature","geometry":{"type":"Point","coordinates":[24.008753,49.83068]},"properties":{"name":"Фабрика Левинського (489)","lines":"9, 41, 48","arr":["А09","А41","А48"],"terminus":0,"mode":"bus","color":"#0059a9","colorDark":"#00294f","angle":322.2,"snapDist":6,"label":1}},{"type":"Feature","geometry":{"type":"Point","coordinates":[24.00938,49.826038]},"properties":{"name":"Горбачевського (526)","lines":"9, 21, 41, 45, 48","arr":["А09","А21","А41","А45","А48"],"terminus":0,"mode":"bus","color":"#0059a9","colorDark":"#00294f","angle":310.9,"snapDist":8,"label":1}},{"type":"Feature","geometry":{"type":"Point","coordinates":[24.00675,49.822988]},"properties":{"name":"Ісаєвича (515)","lines":"9, 21, 41, 45, 48","arr":["А09","А21","А41","А45","А48"],"terminus":0,"mode":"bus","color":"#0059a9","colorDark":"#00294f","angle":293.9,"snapDist":6,"label":1}},{"type":"Feature","geometry":{"type":"Point","coordinates":[24.002893,49.81731]},"properties":{"name":"Аркаса (523)","lines":"9, 21, 41, 45, 48","arr":["А09","А21","А41","А45","А48"],"terminus":0,"mode":"bus","color":"#0059a9","colorDark":"#00294f","angle":292.9,"snapDist":4,"label":1}},{"type":"Feature","geometry":{"type":"Point","coordinates":[23.999967,49.812013]},"properties":{"name":"Бойчука, Кіноцентр (521)","lines":"9, 21, 41, 45, 48","arr":["А09","А21","А41","А45","А48"],"terminus":0,"mode":"bus","color":"#0059a9","colorDark":"#00294f","angle":281.8,"snapDist":4,"label":1}},{"type":"Feature","geometry":{"type":"Point","coordinates":[24.004733,49.810053]},"properties":{"name":"Володимира Великого (483)","lines":"9, 11, 16, 18, 23, 38","arr":["А09","А11","А16","А18","Тр23","Тр38"],"terminus":0,"mode":"bus","color":"#0059a9","colorDark":"#00294f","angle":183.7,"snapDist":9,"label":1}},{"type":"Feature","geometry":{"type":"Point","coordinates":[24.009063,49.809579]},"properties":{"name":"Коледж інформаційних технологій (736)","lines":"9, 11, 16, 18","arr":["А09","А11","А16","А18"],"terminus":0,"mode":"bus","color":"#0059a9","colorDark":"#00294f","angle":198.3,"snapDist":3,"label":1}},{"type":"Feature","geometry":{"type":"Point","coordinates":[24.012094,49.808937]},"properties":{"name":"Янева (480)","lines":"9, 11, 16, 18","arr":["А09","А11","А16","А18"],"terminus":0,"mode":"bus","color":"#0059a9","colorDark":"#00294f","angle":198.3,"snapDist":10,"label":1}},{"type":"Feature","geometry":{"type":"Point","coordinates":[24.000047,49.837678]},"properties":{"name":"Приміський вокзал (189)","lines":"10, 16, 29, 31, 32, 49","arr":["А10","А16","А29","А31","А32","А49"],"terminus":1,"mode":"bus","color":"#0059a9","colorDark":"#00294f","angle":30.3,"snapDist":5,"label":1}},{"type":"Feature","geometry":{"type":"Point","coordinates":[23.995119,49.839739]},"properties":{"name":"Залізничний вокзал (191)","lines":"10, 16, 29, 31, 32, 49","arr":["А10","А16","А29","А31","А32","А49"],"terminus":1,"mode":"bus","color":"#0059a9","colorDark":"#00294f","angle":91.7,"snapDist":2,"label":1}},{"type":"Feature","geometry":{"type":"Point","coordinates":[23.999488,49.837926]},"properties":{"name":"Приміський вокзал (190)","lines":"10, 16, 29, 31, 32, 49","arr":["А10","А16","А29","А31","А32","А49"],"terminus":0,"mode":"bus","color":"#0059a9","colorDark":"#00294f","angle":210.9,"snapDist":2,"label":1}},{"type":"Feature","geometry":{"type":"Point","coordinates":[23.996595,49.810758]},"properties":{"name":"Океан (482)","lines":"11, 16, 18, 21, 48, 51, 23, 38","arr":["А11","А16","А18","А21","А48","А51","Тр23","Тр38"],"terminus":0,"mode":"bus","color":"#0059a9","colorDark":"#00294f","angle":188.9,"snapDist":4,"label":1}},{"type":"Feature","geometry":{"type":"Point","coordinates":[23.990124,49.81141]},"properties":{"name":"Куровця (484)","lines":"11, 16, 18, 21, 48, 51, 23, 38","arr":["А11","А16","А18","А21","А48","А51","Тр23","Тр38"],"terminus":0,"mode":"bus","color":"#0059a9","colorDark":"#00294f","angle":9,"snapDist":3,"label":1}},{"type":"Feature","geometry":{"type":"Point","coordinates":[23.98192,49.812218]},"properties":{"name":"Скнилівок (131)","lines":"11, 14, 16, 18, 21, 23, 25, 27, 32, 48, 51","arr":["А11","А14","А16","А18","А21","А23","А25","А27","А32","А48","А51","Тр23"],"terminus":0,"mode":"bus","color":"#0059a9","colorDark":"#00294f","angle":10,"snapDist":9,"label":1}},{"type":"Feature","geometry":{"type":"Point","coordinates":[23.976765,49.813594]},"properties":{"name":"Південний (130)","lines":"11, 14, 16, 18, 21, 23, 25, 27, 32, 48, 51","arr":["А11","А14","А16","А18","А21","А23","А25","А27","А32","А48","А51","Тр23"],"terminus":0,"mode":"bus","color":"#0059a9","colorDark":"#00294f","angle":37.1,"snapDist":11,"label":1}},{"type":"Feature","geometry":{"type":"Point","coordinates":[23.972262,49.816681]},"properties":{"name":"Скнилівський парк (129)","lines":"11, 14, 16, 18, 21, 23, 25, 27, 32, 48, 51","arr":["А11","А14","А16","А18","А21","А23","А25","А27","А32","А48","А51","Тр23"],"terminus":0,"mode":"bus","color":"#0059a9","colorDark":"#00294f","angle":60.1,"snapDist":7,"label":1}},{"type":"Feature","geometry":{"type":"Point","coordinates":[23.969829,49.81961]},"properties":{"name":"Любінська-Виговського (128)","lines":"11, 14, 16, 18, 21, 23, 25, 27, 32, 48","arr":["А11","А14","А16","А18","А21","А23","А25","А27","А32","А48","Тр23"],"terminus":0,"mode":"bus","color":"#0059a9","colorDark":"#00294f","angle":61.5,"snapDist":3,"label":1}},{"type":"Feature","geometry":{"type":"Point","coordinates":[23.967495,49.823416]},"properties":{"name":"Залізнична РА (126)","lines":"11, 18, 23, 32","arr":["А11","А18","А23","А32"],"terminus":0,"mode":"bus","color":"#0059a9","colorDark":"#00294f","angle":93.7,"snapDist":2,"label":1}},{"type":"Feature","geometry":{"type":"Point","coordinates":[23.967798,49.826302]},"properties":{"name":"Лікувально-діагностичний центр \"Виговського\" (125)","lines":"11, 18, 23, 32","arr":["А11","А18","А23","А32"],"terminus":0,"mode":"bus","color":"#0059a9","colorDark":"#00294f","angle":93.5,"snapDist":9,"label":1}},{"type":"Feature","geometry":{"type":"Point","coordinates":[23.969434,49.830866]},"properties":{"name":"Мотозавод (100)","lines":"11, 18, 23, 32, 52, 84, 27","arr":["А11","А18","А23","А32","А52","А84","Тр27"],"terminus":0,"mode":"bus","color":"#0059a9","colorDark":"#00294f","angle":164.8,"snapDist":4,"label":1}},{"type":"Feature","geometry":{"type":"Point","coordinates":[23.977236,49.837649]},"properties":{"name":"Сяйво (179)","lines":"11, 18, 20, 23, 34, 43, 49, 32","arr":["А11","А18","А20","А23","А34","А43","А49","Тр32"],"terminus":0,"mode":"bus","color":"#0059a9","colorDark":"#00294f","angle":93.8,"snapDist":1,"label":1}},{"type":"Feature","geometry":{"type":"Point","coordinates":[23.980354,49.843072]},"properties":{"name":"Широка (145)","lines":"11, 49","arr":["А11","А49"],"terminus":0,"mode":"bus","color":"#0059a9","colorDark":"#00294f","angle":143.2,"snapDist":6,"label":1}},{"type":"Feature","geometry":{"type":"Point","coordinates":[23.984262,49.844655]},"properties":{"name":"Ливарна (143)","lines":"11, 49","arr":["А11","А49"],"terminus":0,"mode":"bus","color":"#0059a9","colorDark":"#00294f","angle":150.9,"snapDist":8,"label":1}},{"type":"Feature","geometry":{"type":"Point","coordinates":[23.990345,49.84686]},"properties":{"name":"Естонська (140)","lines":"11, 17, 49","arr":["А11","А17","А49"],"terminus":0,"mode":"bus","color":"#0059a9","colorDark":"#00294f","angle":149.9,"snapDist":3,"label":1}},{"type":"Feature","geometry":{"type":"Point","coordinates":[23.994282,49.848457]},"properties":{"name":"Левандівська (139)","lines":"11, 17","arr":["А11","А17"],"terminus":0,"mode":"bus","color":"#0059a9","colorDark":"#00294f","angle":146,"snapDist":3,"label":1}},{"type":"Feature","geometry":{"type":"Point","coordinates":[23.994041,49.848342]},"properties":{"name":"Левандівська (142)","lines":"11, 17, 49","arr":["А11","А17","А49"],"terminus":0,"mode":"bus","color":"#0059a9","colorDark":"#00294f","angle":325.8,"snapDist":9,"label":1}},{"type":"Feature","geometry":{"type":"Point","coordinates":[23.990362,49.846866]},"properties":{"name":"Естонська (141)","lines":"11, 17, 49","arr":["А11","А17","А49"],"terminus":0,"mode":"bus","color":"#0059a9","colorDark":"#00294f","angle":330.1,"snapDist":3,"label":1}},{"type":"Feature","geometry":{"type":"Point","coordinates":[23.983691,49.844447]},"properties":{"name":"Ливарна (144)","lines":"11, 49","arr":["А11","А49"],"terminus":0,"mode":"bus","color":"#0059a9","colorDark":"#00294f","angle":330.5,"snapDist":6,"label":1}},{"type":"Feature","geometry":{"type":"Point","coordinates":[23.978995,49.842051]},"properties":{"name":"Широка (181)","lines":"11, 18, 20, 23, 34, 43, 49, 32","arr":["А11","А18","А20","А23","А34","А43","А49","Тр32"],"terminus":0,"mode":"bus","color":"#0059a9","colorDark":"#00294f","angle":287.5,"snapDist":1,"label":1}},{"type":"Feature","geometry":{"type":"Point","coordinates":[23.976921,49.836664]},"properties":{"name":"Сяйво (180)","lines":"11, 18, 20, 23, 34, 43, 49, 32","arr":["А11","А18","А20","А23","А34","А43","А49","Тр32"],"terminus":0,"mode":"bus","color":"#0059a9","colorDark":"#00294f","angle":275.2,"snapDist":9,"label":1}},{"type":"Feature","geometry":{"type":"Point","coordinates":[23.968178,49.830064]},"properties":{"name":"Мотозавод (124)","lines":"11, 18, 23, 32","arr":["А11","А18","А23","А32"],"terminus":0,"mode":"bus","color":"#0059a9","colorDark":"#00294f","angle":273.8,"snapDist":4,"label":1}},{"type":"Feature","geometry":{"type":"Point","coordinates":[23.967751,49.825849]},"properties":{"name":"Лікувально-діагностичний центр \"Виговського\" (125)","lines":"11, 18, 23, 32","arr":["А11","А18","А23","А32"],"terminus":0,"mode":"bus","color":"#0059a9","colorDark":"#00294f","angle":273.9,"snapDist":8,"label":0}},{"type":"Feature","geometry":{"type":"Point","coordinates":[23.969465,49.820042]},"properties":{"name":"Любінська-Виговського (133)","lines":"11, 14, 16, 18, 21, 23, 25, 27, 32, 48","arr":["А11","А14","А16","А18","А21","А23","А25","А27","А32","А48","Тр23"],"terminus":0,"mode":"bus","color":"#0059a9","colorDark":"#00294f","angle":241.9,"snapDist":6,"label":1}},{"type":"Feature","geometry":{"type":"Point","coordinates":[23.971645,49.817427]},"properties":{"name":"Скнилівський парк (134)","lines":"11, 14, 16, 18, 21, 23, 25, 27, 32, 48","arr":["А11","А14","А16","А18","А21","А23","А25","А27","А32","А48","Тр23"],"terminus":0,"mode":"bus","color":"#0059a9","colorDark":"#00294f","angle":241.9,"snapDist":12,"label":1}},{"type":"Feature","geometry":{"type":"Point","coordinates":[23.976706,49.813622]},"properties":{"name":"Південний (132)","lines":"11, 14, 16, 18, 21, 23, 25, 27, 32, 48, 51","arr":["А11","А14","А16","А18","А21","А23","А25","А27","А32","А48","А51","Тр23"],"terminus":0,"mode":"bus","color":"#0059a9","colorDark":"#00294f","angle":217.1,"snapDist":11,"label":1}},{"type":"Feature","geometry":{"type":"Point","coordinates":[23.982071,49.812201]},"properties":{"name":"Скнилівок (135)","lines":"11, 14, 16, 18, 21, 23, 25, 27, 32, 48, 51","arr":["А11","А14","А16","А18","А21","А23","А25","А27","А32","А48","А51","Тр23"],"terminus":0,"mode":"bus","color":"#0059a9","colorDark":"#00294f","angle":190,"snapDist":2,"label":1}},{"type":"Feature","geometry":{"type":"Point","coordinates":[23.991698,49.811251]},"properties":{"name":"Куровця (485)","lines":"11, 16, 18, 21, 48, 51, 23, 38","arr":["А11","А16","А18","А21","А48","А51","Тр23","Тр38"],"terminus":0,"mode":"bus","color":"#0059a9","colorDark":"#00294f","angle":188.9,"snapDist":12,"label":1}},{"type":"Feature","geometry":{"type":"Point","coordinates":[23.998157,49.8106]},"properties":{"name":"Океан (486)","lines":"11, 16, 18, 21, 48, 51, 23, 38","arr":["А11","А16","А18","А21","А48","А51","Тр23","Тр38"],"terminus":0,"mode":"bus","color":"#0059a9","colorDark":"#00294f","angle":188.9,"snapDist":12,"label":1}},{"type":"Feature","geometry":{"type":"Point","coordinates":[23.986419,49.854043]},"properties":{"name":"Отця Омеляна Ковча (628)","lines":"12, 47","arr":["А12","А47"],"terminus":0,"mode":"bus","color":"#0059a9","colorDark":"#00294f","angle":64.4,"snapDist":9,"label":1}},{"type":"Feature","geometry":{"type":"Point","coordinates":[23.987609,49.859715]},"properties":{"name":"Янівський меморіал (329)","lines":"12, 47","arr":["А12","А47"],"terminus":0,"mode":"bus","color":"#0059a9","colorDark":"#00294f","angle":130,"snapDist":5,"label":1}},{"type":"Feature","geometry":{"type":"Point","coordinates":[23.993727,49.862101]},"properties":{"name":"Винниця (762)","lines":"12, 47","arr":["А12","А47"],"terminus":0,"mode":"bus","color":"#0059a9","colorDark":"#00294f","angle":166,"snapDist":5,"label":1}},{"type":"Feature","geometry":{"type":"Point","coordinates":[24.000388,49.861498]},"properties":{"name":"Петрицького (778)","lines":"12, 47","arr":["А12","А47"],"terminus":0,"mode":"bus","color":"#0059a9","colorDark":"#00294f","angle":203.7,"snapDist":2,"label":1}},{"type":"Feature","geometry":{"type":"Point","coordinates":[24.003847,49.862646]},"properties":{"name":"Тунельна (776)","lines":"12, 47","arr":["А12","А47"],"terminus":0,"mode":"bus","color":"#0059a9","colorDark":"#00294f","angle":140.2,"snapDist":9,"label":1}},{"type":"Feature","geometry":{"type":"Point","coordinates":[24.007319,49.864499]},"properties":{"name":"Малоголосківська (812)","lines":"12, 47, 52","arr":["А12","А47","А52"],"terminus":0,"mode":"bus","color":"#0059a9","colorDark":"#00294f","angle":143,"snapDist":2,"label":1}},{"type":"Feature","geometry":{"type":"Point","coordinates":[24.011144,49.865513]},"properties":{"name":"Школа № 23 (624)","lines":"12, 47, 52","arr":["А12","А47","А52"],"terminus":1,"mode":"bus","color":"#0059a9","colorDark":"#00294f","angle":163.1,"snapDist":4,"label":1}},{"type":"Feature","geometry":{"type":"Point","coordinates":[24.044271,49.865713]},"properties":{"name":"Миколайчука (660)","lines":"12, 39","arr":["А12","А39"],"terminus":0,"mode":"bus","color":"#0059a9","colorDark":"#00294f","angle":81.7,"snapDist":0,"label":1}},{"type":"Feature","geometry":{"type":"Point","coordinates":[24.04283,49.870425]},"properties":{"name":"Хвильового (839)","lines":"12","arr":["А12"],"terminus":0,"mode":"bus","color":"#0059a9","colorDark":"#00294f","angle":80.3,"snapDist":2,"label":1}},{"type":"Feature","geometry":{"type":"Point","coordinates":[24.014775,49.866727]},"properties":{"name":"Варшавська (606)","lines":"12, 47","arr":["А12","А47"],"terminus":0,"mode":"bus","color":"#0059a9","colorDark":"#00294f","angle":318.9,"snapDist":1,"label":1}},{"type":"Feature","geometry":{"type":"Point","coordinates":[24.010915,49.865468]},"properties":{"name":"Школа № 23 (625)","lines":"12, 47","arr":["А12","А47"],"terminus":0,"mode":"bus","color":"#0059a9","colorDark":"#00294f","angle":345.1,"snapDist":4,"label":1}},{"type":"Feature","geometry":{"type":"Point","coordinates":[24.008229,49.864871]},"properties":{"name":"Малоголосківська (813)","lines":"12, 47","arr":["А12","А47"],"terminus":0,"mode":"bus","color":"#0059a9","colorDark":"#00294f","angle":330.1,"snapDist":2,"label":1}},{"type":"Feature","geometry":{"type":"Point","coordinates":[24.003716,49.862577]},"properties":{"name":"Тунельна (775)","lines":"12, 47","arr":["А12","А47"],"terminus":0,"mode":"bus","color":"#0059a9","colorDark":"#00294f","angle":325.4,"snapDist":7,"label":1}},{"type":"Feature","geometry":{"type":"Point","coordinates":[23.999711,49.861708]},"properties":{"name":"Петрицького (777)","lines":"12, 47","arr":["А12","А47"],"terminus":0,"mode":"bus","color":"#0059a9","colorDark":"#00294f","angle":26.4,"snapDist":4,"label":1}},{"type":"Feature","geometry":{"type":"Point","coordinates":[23.991959,49.8618]},"properties":{"name":"Винниця (761)","lines":"12, 47","arr":["А12","А47"],"terminus":0,"mode":"bus","color":"#0059a9","colorDark":"#00294f","angle":343.5,"snapDist":7,"label":1}},{"type":"Feature","geometry":{"type":"Point","coordinates":[23.987829,49.859889]},"properties":{"name":"Янівський меморіал (330)","lines":"12, 47","arr":["А12","А47"],"terminus":0,"mode":"bus","color":"#0059a9","colorDark":"#00294f","angle":308.3,"snapDist":1,"label":1}},{"type":"Feature","geometry":{"type":"Point","coordinates":[23.98642,49.854042]},"properties":{"name":"Отця Омеляна Ковча (629)","lines":"12, 47","arr":["А12","А47"],"terminus":0,"mode":"bus","color":"#0059a9","colorDark":"#00294f","angle":244.4,"snapDist":1,"label":1}},{"type":"Feature","geometry":{"type":"Point","coordinates":[23.916673,49.82112]},"properties":{"name":"Городоцька-Кільцева (109)","lines":"14, 21, 52, 84, 92","arr":["А14","А21","А52","А84","А92"],"terminus":1,"mode":"bus","color":"#0059a9","colorDark":"#00294f","angle":166.2,"snapDist":7,"label":1}},{"type":"Feature","geometry":{"type":"Point","coordinates":[23.920089,49.821715]},"properties":{"name":"Автостанція Західна (108)","lines":"14, 21, 52, 84, 92","arr":["А14","А21","А52","А84","А92"],"terminus":0,"mode":"bus","color":"#0059a9","colorDark":"#00294f","angle":164.1,"snapDist":4,"label":1}},{"type":"Feature","geometry":{"type":"Point","coordinates":[23.925269,49.822663]},"properties":{"name":"Азов-Галичина (107)","lines":"14, 21, 52, 84, 92","arr":["А14","А21","А52","А84","А92"],"terminus":0,"mode":"bus","color":"#0059a9","colorDark":"#00294f","angle":163.8,"snapDist":5,"label":1}},{"type":"Feature","geometry":{"type":"Point","coordinates":[23.930691,49.82366]},"properties":{"name":"Станційна (106)","lines":"14, 21, 52, 84, 92","arr":["А14","А21","А52","А84","А92"],"terminus":0,"mode":"bus","color":"#0059a9","colorDark":"#00294f","angle":164,"snapDist":4,"label":1}},{"type":"Feature","geometry":{"type":"Point","coordinates":[23.949162,49.827147]},"properties":{"name":"Каховська (116)","lines":"14, 21, 27, 52, 84, 92","arr":["А14","А21","А27","А52","А84","А92","Тр27"],"terminus":0,"mode":"bus","color":"#0059a9","colorDark":"#00294f","angle":160.9,"snapDist":6,"label":1}},{"type":"Feature","geometry":{"type":"Point","coordinates":[23.954553,49.826846]},"properties":{"name":"Ряшівська (169)","lines":"14, 21, 27, 48, 92, 23, 30","arr":["А14","А21","А27","А48","А92","Тр23","Тр30"],"terminus":1,"mode":"bus","color":"#0059a9","colorDark":"#00294f","angle":254.2,"snapDist":1,"label":1}},{"type":"Feature","geometry":{"type":"Point","coordinates":[23.955791,49.824013]},"properties":{"name":"ЛОРТА (168)","lines":"14, 21, 27, 48, 92, 23, 30","arr":["А14","А21","А27","А48","А92","Тр23","Тр30"],"terminus":0,"mode":"bus","color":"#0059a9","colorDark":"#00294f","angle":254.5,"snapDist":5,"label":1}},{"type":"Feature","geometry":{"type":"Point","coordinates":[23.961457,49.823057]},"properties":{"name":"Патона (121)","lines":"14, 21, 27, 48, 92, 23, 30","arr":["А14","А21","А27","А48","А92","Тр23","Тр30"],"terminus":0,"mode":"bus","color":"#0059a9","colorDark":"#00294f","angle":188,"snapDist":6,"label":1}},{"type":"Feature","geometry":{"type":"Point","coordinates":[23.965665,49.822687]},"properties":{"name":"Залізнична РА (120)","lines":"14, 21, 27, 48, 92, 23, 30","arr":["А14","А21","А27","А48","А92","Тр23","Тр30"],"terminus":0,"mode":"bus","color":"#0059a9","colorDark":"#00294f","angle":186,"snapDist":3,"label":1}},{"type":"Feature","geometry":{"type":"Point","coordinates":[24.061678,49.794085]},"properties":{"name":"Центр Довженка (424)","lines":"14, 16, 23, 37, 40, 41, 24","arr":["А14","А16","А23","А37","А40","А41","Тр24"],"terminus":0,"mode":"bus","color":"#0059a9","colorDark":"#00294f","angle":163,"snapDist":7,"label":1}},{"type":"Feature","geometry":{"type":"Point","coordinates":[24.064545,49.793549]},"properties":{"name":"Кавалерідзе (397)","lines":"14, 46","arr":["А14","А46"],"terminus":0,"mode":"bus","color":"#0059a9","colorDark":"#00294f","angle":254.8,"snapDist":6,"label":1}},{"type":"Feature","geometry":{"type":"Point","coordinates":[24.067765,49.790896]},"properties":{"name":"Кос-Анатольського (400)","lines":"14, 46","arr":["А14","А46"],"terminus":1,"mode":"bus","color":"#0059a9","colorDark":"#00294f","angle":234,"snapDist":6,"label":1}},{"type":"Feature","geometry":{"type":"Point","coordinates":[24.069689,49.785217]},"properties":{"name":"Антонича (354-01)","lines":"14","arr":["А14"],"terminus":1,"mode":"bus","color":"#0059a9","colorDark":"#00294f","angle":-112.6,"snapDist":6,"label":1}},{"type":"Feature","geometry":{"type":"Point","coordinates":[24.066564,49.787807]},"properties":{"name":"Коломийська - Трильовського (411)","lines":"14, 46, 47","arr":["А14","А46","А47"],"terminus":0,"mode":"bus","color":"#0059a9","colorDark":"#00294f","angle":136.7,"snapDist":8,"label":1}},{"type":"Feature","geometry":{"type":"Point","coordinates":[24.067374,49.791242]},"properties":{"name":"Кос-Анатольського (399)","lines":"14, 46, 47","arr":["А14","А46","А47"],"terminus":0,"mode":"bus","color":"#0059a9","colorDark":"#00294f","angle":53,"snapDist":6,"label":1}},{"type":"Feature","geometry":{"type":"Point","coordinates":[24.065483,49.792661]},"properties":{"name":"Антоненка-Давидовича (398)","lines":"14, 47","arr":["А14","А47"],"terminus":0,"mode":"bus","color":"#0059a9","colorDark":"#00294f","angle":47.5,"snapDist":8,"label":1}},{"type":"Feature","geometry":{"type":"Point","coordinates":[24.063192,49.794382]},"properties":{"name":"Кавалерідзе (426)","lines":"14, 16, 19, 23, 37, 40, 41, 47, 24","arr":["А14","А16","А19","А23","А37","А40","А41","А47","Тр24"],"terminus":1,"mode":"bus","color":"#0059a9","colorDark":"#00294f","angle":343.3,"snapDist":1,"label":1}},{"type":"Feature","geometry":{"type":"Point","coordinates":[23.96516,49.822723]},"properties":{"name":"Залізнична РА (122)","lines":"14, 21, 27, 48, 92, 23, 30","arr":["А14","А21","А27","А48","А92","Тр23","Тр30"],"terminus":0,"mode":"bus","color":"#0059a9","colorDark":"#00294f","angle":8.3,"snapDist":2,"label":1}},{"type":"Feature","geometry":{"type":"Point","coordinates":[23.960505,49.823143]},"properties":{"name":"Патона (119)","lines":"14, 21, 27, 48, 92, 23, 30","arr":["А14","А21","А27","А48","А92","Тр23","Тр30"],"terminus":0,"mode":"bus","color":"#0059a9","colorDark":"#00294f","angle":7.9,"snapDist":6,"label":1}},{"type":"Feature","geometry":{"type":"Point","coordinates":[23.955961,49.82427]},"properties":{"name":"ЛОРТА (167)","lines":"14, 21, 27, 48, 92, 23, 30","arr":["А14","А21","А27","А48","А92","Тр23","Тр30"],"terminus":0,"mode":"bus","color":"#0059a9","colorDark":"#00294f","angle":73.4,"snapDist":9,"label":1}},{"type":"Feature","geometry":{"type":"Point","coordinates":[23.954891,49.82671]},"properties":{"name":"Ряшівська (166)","lines":"14, 21, 27, 48, 92, 23, 30","arr":["А14","А21","А27","А48","А92","Тр23","Тр30"],"terminus":1,"mode":"bus","color":"#0059a9","colorDark":"#00294f","angle":74.8,"snapDist":4,"label":1}},{"type":"Feature","geometry":{"type":"Point","coordinates":[23.94656,49.826714]},"properties":{"name":"Каховська (115)","lines":"14, 21, 27, 52, 84, 92","arr":["А14","А21","А27","А52","А84","А92","Тр27"],"terminus":0,"mode":"bus","color":"#0059a9","colorDark":"#00294f","angle":334.9,"snapDist":7,"label":1}},{"type":"Feature","geometry":{"type":"Point","coordinates":[23.928927,49.823449]},"properties":{"name":"Станційна (102)","lines":"14, 21, 52, 84, 92","arr":["А14","А21","А52","А84","А92"],"terminus":0,"mode":"bus","color":"#0059a9","colorDark":"#00294f","angle":344.1,"snapDist":4,"label":1}},{"type":"Feature","geometry":{"type":"Point","coordinates":[23.924196,49.822579]},"properties":{"name":"Азов-Галичина (103)","lines":"14, 21, 52, 84, 92","arr":["А14","А21","А52","А84","А92"],"terminus":0,"mode":"bus","color":"#0059a9","colorDark":"#00294f","angle":344.1,"snapDist":8,"label":1}},{"type":"Feature","geometry":{"type":"Point","coordinates":[23.918194,49.821489]},"properties":{"name":"Автостанція Західна (105)","lines":"14, 21, 52, 84, 92","arr":["А14","А21","А52","А84","А92"],"terminus":1,"mode":"bus","color":"#0059a9","colorDark":"#00294f","angle":345,"snapDist":5,"label":1}},{"type":"Feature","geometry":{"type":"Point","coordinates":[23.995597,49.835731]},"properties":{"name":"Приміський вокзал (111)","lines":"15","arr":["А15"],"terminus":1,"mode":"bus","color":"#0059a9","colorDark":"#00294f","angle":292.2,"snapDist":1,"label":1}},{"type":"Feature","geometry":{"type":"Point","coordinates":[24.004477,49.83629]},"properties":{"name":"Площа Кропивницького (528)","lines":"15, 41, 43","arr":["А15","А41","А43"],"terminus":0,"mode":"bus","color":"#0059a9","colorDark":"#00294f","angle":247.5,"snapDist":11,"label":1}},{"type":"Feature","geometry":{"type":"Point","coordinates":[24.006929,49.834901]},"properties":{"name":"Бандери (557)","lines":"15, 41, 43","arr":["А15","А41","А43"],"terminus":0,"mode":"bus","color":"#0059a9","colorDark":"#00294f","angle":205.7,"snapDist":5,"label":1}},{"type":"Feature","geometry":{"type":"Point","coordinates":[24.00924,49.834749]},"properties":{"name":"Старосольських (556)","lines":"15, 41, 43","arr":["А15","А41","А43"],"terminus":0,"mode":"bus","color":"#0059a9","colorDark":"#00294f","angle":182.3,"snapDist":7,"label":1}},{"type":"Feature","geometry":{"type":"Point","coordinates":[24.016139,49.834696]},"properties":{"name":"Львівська політехніка (65)","lines":"15, 41, 43","arr":["А15","А41","А43"],"terminus":0,"mode":"bus","color":"#0059a9","colorDark":"#00294f","angle":179.5,"snapDist":9,"label":1}},{"type":"Feature","geometry":{"type":"Point","coordinates":[24.037051,49.833854]},"properties":{"name":"Шота Руставелі (217)","lines":"15, 37, 43, 46","arr":["А15","А37","А43","А46"],"terminus":0,"mode":"bus","color":"#0059a9","colorDark":"#00294f","angle":202.6,"snapDist":3,"label":1}},{"type":"Feature","geometry":{"type":"Point","coordinates":[24.040201,49.832868]},"properties":{"name":"Вагилевича (780)","lines":"15, 37, 43, 46, 24, 31","arr":["А15","А37","А43","А46","Тр24","Тр31"],"terminus":0,"mode":"bus","color":"#0059a9","colorDark":"#00294f","angle":209.5,"snapDist":2,"label":1}},{"type":"Feature","geometry":{"type":"Point","coordinates":[24.0434,49.830721]},"properties":{"name":"Львівводоканал (219)","lines":"15, 37, 43, 46, 24, 31","arr":["А15","А37","А43","А46","Тр24","Тр31"],"terminus":0,"mode":"bus","color":"#0059a9","colorDark":"#00294f","angle":232.9,"snapDist":7,"label":1}},{"type":"Feature","geometry":{"type":"Point","coordinates":[24.043717,49.826286]},"properties":{"name":"Водогінна (24)","lines":"15, 37, 43, 46, 24, 31","arr":["А15","А37","А43","А46","Тр24","Тр31"],"terminus":0,"mode":"bus","color":"#0059a9","colorDark":"#00294f","angle":214.9,"snapDist":3,"label":1}},{"type":"Feature","geometry":{"type":"Point","coordinates":[24.0523,49.823521]},"properties":{"name":"Керченська (25)","lines":"15, 37, 43, 46, 24, 31","arr":["А15","А37","А43","А46","Тр24","Тр31"],"terminus":0,"mode":"bus","color":"#0059a9","colorDark":"#00294f","angle":213.4,"snapDist":7,"label":1}},{"type":"Feature","geometry":{"type":"Point","coordinates":[24.055935,49.82068]},"properties":{"name":"Липова Алея (369)","lines":"15, 37, 43, 46, 24, 31","arr":["А15","А37","А43","А46","Тр24","Тр31"],"terminus":0,"mode":"bus","color":"#0059a9","colorDark":"#00294f","angle":239.2,"snapDist":5,"label":1}},{"type":"Feature","geometry":{"type":"Point","coordinates":[24.059456,49.817795]},"properties":{"name":"Дністерська (372)","lines":"15, 37, 46, 24, 31","arr":["А15","А37","А46","Тр24","Тр31"],"terminus":0,"mode":"bus","color":"#0059a9","colorDark":"#00294f","angle":221.2,"snapDist":7,"label":1}},{"type":"Feature","geometry":{"type":"Point","coordinates":[24.063007,49.815985]},"properties":{"name":"Вашингтона (365)","lines":"15, 23, 27, 40, 47, 92","arr":["А15","А23","А27","А40","А47","А92"],"terminus":1,"mode":"bus","color":"#0059a9","colorDark":"#00294f","angle":178.9,"snapDist":7,"label":1}},{"type":"Feature","geometry":{"type":"Point","coordinates":[24.070479,49.815793]},"properties":{"name":"Перинатальний центр (363)","lines":"15, 23, 27, 40, 47, 92","arr":["А15","А23","А27","А40","А47","А92"],"terminus":0,"mode":"bus","color":"#0059a9","colorDark":"#00294f","angle":200.4,"snapDist":9,"label":1}},{"type":"Feature","geometry":{"type":"Point","coordinates":[24.07536,49.814511]},"properties":{"name":"ТЦ Метро-2 (364)","lines":"15, 23, 27, 40, 47, 92","arr":["А15","А23","А27","А40","А47","А92"],"terminus":0,"mode":"bus","color":"#0059a9","colorDark":"#00294f","angle":202.1,"snapDist":8,"label":1}},{"type":"Feature","geometry":{"type":"Point","coordinates":[24.077181,49.817026]},"properties":{"name":"Лисинецька (282)","lines":"15, 19, 23, 27, 40, 47, 92","arr":["А15","А19","А23","А27","А40","А47","А92"],"terminus":0,"mode":"bus","color":"#0059a9","colorDark":"#00294f","angle":76,"snapDist":6,"label":1}},{"type":"Feature","geometry":{"type":"Point","coordinates":[24.07508,49.822553]},"properties":{"name":"Ярошинської (284)","lines":"15, 19, 23, 27, 40, 47, 92","arr":["А15","А19","А23","А27","А40","А47","А92"],"terminus":0,"mode":"bus","color":"#0059a9","colorDark":"#00294f","angle":76.4,"snapDist":7,"label":1}},{"type":"Feature","geometry":{"type":"Point","coordinates":[24.072903,49.826221]},"properties":{"name":"Майорівка (280)","lines":"15, 19, 23, 27, 40, 47, 92","arr":["А15","А19","А23","А27","А40","А47","А92"],"terminus":0,"mode":"bus","color":"#0059a9","colorDark":"#00294f","angle":38.7,"snapDist":2,"label":1}},{"type":"Feature","geometry":{"type":"Point","coordinates":[24.079322,49.824568]},"properties":{"name":"Каштанова (268)","lines":"15","arr":["А15"],"terminus":1,"mode":"bus","color":"#0059a9","colorDark":"#00294f","angle":206.9,"snapDist":6,"label":1}},{"type":"Feature","geometry":{"type":"Point","coordinates":[24.084142,49.822993]},"properties":{"name":"Медової Печери (270)","lines":"15","arr":["А15"],"terminus":1,"mode":"bus","color":"#0059a9","colorDark":"#00294f","angle":26.9,"snapDist":1,"label":1}},{"type":"Feature","geometry":{"type":"Point","coordinates":[24.079066,49.824652]},"properties":{"name":"Каштанова (269)","lines":"15","arr":["А15"],"terminus":0,"mode":"bus","color":"#0059a9","colorDark":"#00294f","angle":26.9,"snapDist":3,"label":1}},{"type":"Feature","geometry":{"type":"Point","coordinates":[24.072811,49.826638]},"properties":{"name":"Майорівка (267)","lines":"15","arr":["А15"],"terminus":0,"mode":"bus","color":"#0059a9","colorDark":"#00294f","angle":19.5,"snapDist":0,"label":1}},{"type":"Feature","geometry":{"type":"Point","coordinates":[24.071233,49.827792]},"properties":{"name":"Ліцей Героїв Крут (734)","lines":"15, 23, 27, 40, 47, 92","arr":["А15","А23","А27","А40","А47","А92"],"terminus":0,"mode":"bus","color":"#0059a9","colorDark":"#00294f","angle":60.7,"snapDist":7,"label":1}},{"type":"Feature","geometry":{"type":"Point","coordinates":[24.06845,49.83074]},"properties":{"name":"Таджицька (278)","lines":"15, 19, 23, 27, 40, 47, 92","arr":["А15","А19","А23","А27","А40","А47","А92"],"terminus":1,"mode":"bus","color":"#0059a9","colorDark":"#00294f","angle":37.7,"snapDist":7,"label":1}},{"type":"Feature","geometry":{"type":"Point","coordinates":[24.044889,49.810656]},"properties":{"name":"Угорська (439)","lines":"16, 27, 53","arr":["А16","А27","А53"],"terminus":0,"mode":"bus","color":"#0059a9","colorDark":"#00294f","angle":28.4,"snapDist":4,"label":1}},{"type":"Feature","geometry":{"type":"Point","coordinates":[24.042086,49.812191]},"properties":{"name":"Віденська (362)","lines":"16, 27, 53","arr":["А16","А27","А53"],"terminus":0,"mode":"bus","color":"#0059a9","colorDark":"#00294f","angle":119.1,"snapDist":3,"label":1}},{"type":"Feature","geometry":{"type":"Point","coordinates":[24.042169,49.813689]},"properties":{"name":"Литвиненка (422)","lines":"16, 27, 53","arr":["А16","А27","А53"],"terminus":0,"mode":"bus","color":"#0059a9","colorDark":"#00294f","angle":357.2,"snapDist":1,"label":1}},{"type":"Feature","geometry":{"type":"Point","coordinates":[24.035573,49.813973]},"properties":{"name":"Сквер імені Павла Думанського (421)","lines":"16, 27, 53","arr":["А16","А27","А53"],"terminus":0,"mode":"bus","color":"#0059a9","colorDark":"#00294f","angle":25.8,"snapDist":4,"label":1}},{"type":"Feature","geometry":{"type":"Point","coordinates":[24.025823,49.816287]},"properties":{"name":"Католицький університет (408)","lines":"16, 27","arr":["А16","А27"],"terminus":0,"mode":"bus","color":"#0059a9","colorDark":"#00294f","angle":275.3,"snapDist":7,"label":1}},{"type":"Feature","geometry":{"type":"Point","coordinates":[24.023094,49.814582]},"properties":{"name":"Податкова (404)","lines":"16, 27","arr":["А16","А27"],"terminus":0,"mode":"bus","color":"#0059a9","colorDark":"#00294f","angle":3.2,"snapDist":5,"label":1}},{"type":"Feature","geometry":{"type":"Point","coordinates":[24.016975,49.808254]},"properties":{"name":"Автобусний завод (478)","lines":"16, 18","arr":["А16","А18"],"terminus":0,"mode":"bus","color":"#0059a9","colorDark":"#00294f","angle":4.4,"snapDist":7,"label":1}},{"type":"Feature","geometry":{"type":"Point","coordinates":[24.011886,49.808982]},"properties":{"name":"Янева (814)","lines":"16, 18","arr":["А16","А18"],"terminus":0,"mode":"bus","color":"#0059a9","colorDark":"#00294f","angle":18.3,"snapDist":1,"label":1}},{"type":"Feature","geometry":{"type":"Point","coordinates":[23.969679,49.820951]},"properties":{"name":"Любінська-Виговського (148)","lines":"16, 25, 92, 30","arr":["А16","А25","А92","Тр30"],"terminus":0,"mode":"bus","color":"#0059a9","colorDark":"#00294f","angle":153.6,"snapDist":4,"label":1}},{"type":"Feature","geometry":{"type":"Point","coordinates":[23.974433,49.822762]},"properties":{"name":"Караджича (146)","lines":"16, 25, 92, 30","arr":["А16","А25","А92","Тр30"],"terminus":0,"mode":"bus","color":"#0059a9","colorDark":"#00294f","angle":143.5,"snapDist":9,"label":1}},{"type":"Feature","geometry":{"type":"Point","coordinates":[23.978983,49.825032]},"properties":{"name":"Будинок меблів (156)","lines":"16, 25, 33, 51, 92, 30","arr":["А16","А25","А33","А51","А92","Тр30"],"terminus":0,"mode":"bus","color":"#0059a9","colorDark":"#00294f","angle":139.7,"snapDist":9,"label":1}},{"type":"Feature","geometry":{"type":"Point","coordinates":[23.982131,49.827571]},"properties":{"name":"Окружна (737)","lines":"16","arr":["А16"],"terminus":0,"mode":"bus","color":"#0059a9","colorDark":"#00294f","angle":52.8,"snapDist":5,"label":1}},{"type":"Feature","geometry":{"type":"Point","coordinates":[23.979159,49.832589]},"properties":{"name":"Богданівка (114)","lines":"16, 32, 52, 84, 27","arr":["А16","А32","А52","А84","Тр27"],"terminus":0,"mode":"bus","color":"#0059a9","colorDark":"#00294f","angle":164.7,"snapDist":5,"label":1}},{"type":"Feature","geometry":{"type":"Point","coordinates":[23.984545,49.833555]},"properties":{"name":"Народна (497)","lines":"16, 20, 32, 34, 43, 49, 52, 84, 27","arr":["А16","А20","А32","А34","А43","А49","А52","А84","Тр27","Тр32"],"terminus":0,"mode":"bus","color":"#0059a9","colorDark":"#00294f","angle":164.5,"snapDist":4,"label":1}},{"type":"Feature","geometry":{"type":"Point","coordinates":[23.990182,49.834557]},"properties":{"name":"Кульпарківська (496)","lines":"16, 20, 32, 34, 43, 49, 52, 84, 27","arr":["А16","А20","А32","А34","А43","А49","А52","А84","Тр27","Тр32"],"terminus":0,"mode":"bus","color":"#0059a9","colorDark":"#00294f","angle":164.9,"snapDist":4,"label":1}},{"type":"Feature","geometry":{"type":"Point","coordinates":[23.989232,49.834388]},"properties":{"name":"Кульпарківська (95)","lines":"16, 20, 32, 34, 43, 49, 52, 84, 92, 27","arr":["А16","А20","А32","А34","А43","А49","А52","А84","А92","Тр27","Тр32"],"terminus":0,"mode":"bus","color":"#0059a9","colorDark":"#00294f","angle":344.4,"snapDist":3,"label":1}},{"type":"Feature","geometry":{"type":"Point","coordinates":[23.985292,49.833689]},"properties":{"name":"Народна (96)","lines":"16, 20, 32, 34, 43, 49, 52, 84, 92, 27","arr":["А16","А20","А32","А34","А43","А49","А52","А84","А92","Тр27","Тр32"],"terminus":0,"mode":"bus","color":"#0059a9","colorDark":"#00294f","angle":344.4,"snapDist":4,"label":1}},{"type":"Feature","geometry":{"type":"Point","coordinates":[23.984184,49.832708]},"properties":{"name":"Народна (846)","lines":"16, 92","arr":["А16","А92"],"terminus":0,"mode":"bus","color":"#0059a9","colorDark":"#00294f","angle":252.8,"snapDist":2,"label":1}},{"type":"Feature","geometry":{"type":"Point","coordinates":[23.983239,49.827292]},"properties":{"name":"Окружна (536)","lines":"16, 25, 33, 51, 92, 30","arr":["А16","А25","А33","А51","А92","Тр30"],"terminus":0,"mode":"bus","color":"#0059a9","colorDark":"#00294f","angle":327.1,"snapDist":3,"label":1}},{"type":"Feature","geometry":{"type":"Point","coordinates":[23.976648,49.82382]},"properties":{"name":"Будинок меблів (147)","lines":"16, 25, 92, 30","arr":["А16","А25","А92","Тр30"],"terminus":0,"mode":"bus","color":"#0059a9","colorDark":"#00294f","angle":323.4,"snapDist":10,"label":1}},{"type":"Feature","geometry":{"type":"Point","coordinates":[23.972589,49.821999]},"properties":{"name":"Караджича (149)","lines":"16, 25, 92, 30","arr":["А16","А25","А92","Тр30"],"terminus":0,"mode":"bus","color":"#0059a9","colorDark":"#00294f","angle":329.3,"snapDist":7,"label":1}},{"type":"Feature","geometry":{"type":"Point","coordinates":[24.021952,49.814623]},"properties":{"name":"Податкова (403)","lines":"16, 27","arr":["А16","А27"],"terminus":0,"mode":"bus","color":"#0059a9","colorDark":"#00294f","angle":183.2,"snapDist":7,"label":1}},{"type":"Feature","geometry":{"type":"Point","coordinates":[24.026976,49.81664]},"properties":{"name":"Католицький університет (419)","lines":"16, 27, 53","arr":["А16","А27","А53"],"terminus":0,"mode":"bus","color":"#0059a9","colorDark":"#00294f","angle":205.9,"snapDist":10,"label":1}},{"type":"Feature","geometry":{"type":"Point","coordinates":[24.035882,49.813876]},"properties":{"name":"Сквер імені Павла Думанського (420)","lines":"16, 27, 53","arr":["А16","А27","А53"],"terminus":0,"mode":"bus","color":"#0059a9","colorDark":"#00294f","angle":205.8,"snapDist":11,"label":1}},{"type":"Feature","geometry":{"type":"Point","coordinates":[24.03818,49.81299]},"properties":{"name":"Сумська (437)","lines":"16, 27, 53","arr":["А16","А27","А53"],"terminus":0,"mode":"bus","color":"#0059a9","colorDark":"#00294f","angle":209.8,"snapDist":3,"label":1}},{"type":"Feature","geometry":{"type":"Point","coordinates":[24.044599,49.810757]},"properties":{"name":"Угорська (438)","lines":"16, 27, 53","arr":["А16","А27","А53"],"terminus":0,"mode":"bus","color":"#0059a9","colorDark":"#00294f","angle":208.4,"snapDist":3,"label":1}},{"type":"Feature","geometry":{"type":"Point","coordinates":[24.046148,49.803601]},"properties":{"name":"Колодзінського (801)","lines":"16, 53","arr":["А16","А53"],"terminus":0,"mode":"bus","color":"#0059a9","colorDark":"#00294f","angle":269.8,"snapDist":5,"label":1}},{"type":"Feature","geometry":{"type":"Point","coordinates":[24.065155,49.794755]},"properties":{"name":"Кавалерідзе (423)","lines":"16, 19, 23, 37, 40, 41, 46, 47, 24","arr":["А16","А19","А23","А37","А40","А41","А46","А47","Тр24"],"terminus":1,"mode":"bus","color":"#0059a9","colorDark":"#00294f","angle":164.7,"snapDist":7,"label":1}},{"type":"Feature","geometry":{"type":"Point","coordinates":[24.038553,49.87967]},"properties":{"name":"Леннона (619)","lines":"17, 19, 84","arr":["А17","А19","А84"],"terminus":1,"mode":"bus","color":"#0059a9","colorDark":"#00294f","angle":11.3,"snapDist":1,"label":1}},{"type":"Feature","geometry":{"type":"Point","coordinates":[24.0358,49.879515]},"properties":{"name":"Щурата (835)","lines":"17, 84","arr":["А17","А84"],"terminus":0,"mode":"bus","color":"#0059a9","colorDark":"#00294f","angle":304.2,"snapDist":0,"label":1}},{"type":"Feature","geometry":{"type":"Point","coordinates":[24.036654,49.878847]},"properties":{"name":"Щурата (662)","lines":"17, 46, 55, 84","arr":["А17","А46","А55","А84"],"terminus":0,"mode":"bus","color":"#0059a9","colorDark":"#00294f","angle":221.5,"snapDist":8,"label":1}},{"type":"Feature","geometry":{"type":"Point","coordinates":[24.041337,49.874918]},"properties":{"name":"Лікарня святого Пантелеймона (658)","lines":"17, 19, 46, 55, 84","arr":["А17","А19","А46","А55","А84"],"terminus":0,"mode":"bus","color":"#0059a9","colorDark":"#00294f","angle":258.1,"snapDist":6,"label":1}},{"type":"Feature","geometry":{"type":"Point","coordinates":[23.985217,49.846291]},"properties":{"name":"Левандівське озеро (163)","lines":"17","arr":["А17"],"terminus":0,"mode":"bus","color":"#0059a9","colorDark":"#00294f","angle":347.2,"snapDist":6,"label":1}},{"type":"Feature","geometry":{"type":"Point","coordinates":[23.983049,49.84597]},"properties":{"name":"Озерна (729)","lines":"17","arr":["А17"],"terminus":0,"mode":"bus","color":"#0059a9","colorDark":"#00294f","angle":346,"snapDist":2,"label":1}},{"type":"Feature","geometry":{"type":"Point","coordinates":[23.978303,49.845317]},"properties":{"name":"Олесницького (157)","lines":"17","arr":["А17"],"terminus":0,"mode":"bus","color":"#0059a9","colorDark":"#00294f","angle":351.7,"snapDist":4,"label":1}},{"type":"Feature","geometry":{"type":"Point","coordinates":[23.971906,49.844479]},"properties":{"name":"Пілотів (160)","lines":"17","arr":["А17"],"terminus":0,"mode":"bus","color":"#0059a9","colorDark":"#00294f","angle":359,"snapDist":3,"label":1}},{"type":"Feature","geometry":{"type":"Point","coordinates":[23.969574,49.848763]},"properties":{"name":"Калнишевського (804)","lines":"17","arr":["А17"],"terminus":0,"mode":"bus","color":"#0059a9","colorDark":"#00294f","angle":80.2,"snapDist":3,"label":1}},{"type":"Feature","geometry":{"type":"Point","coordinates":[23.965521,49.847568]},"properties":{"name":"Суботівська (177)","lines":"17, 18, 20, 23, 43, 32","arr":["А17","А18","А20","А23","А43","Тр32"],"terminus":1,"mode":"bus","color":"#0059a9","colorDark":"#00294f","angle":258.9,"snapDist":1,"label":1}},{"type":"Feature","geometry":{"type":"Point","coordinates":[23.966677,49.844539]},"properties":{"name":"Лікувально-діагностичний центр \"Левандівка\" (176)","lines":"17, 18, 20, 23, 43, 32","arr":["А17","А18","А20","А23","А43","Тр32"],"terminus":0,"mode":"bus","color":"#0059a9","colorDark":"#00294f","angle":259.4,"snapDist":5,"label":1}},{"type":"Feature","geometry":{"type":"Point","coordinates":[23.968806,49.841851]},"properties":{"name":"Гніздовського (194)","lines":"17, 18, 20, 23, 34, 43, 32","arr":["А17","А18","А20","А23","А34","А43","Тр32"],"terminus":0,"mode":"bus","color":"#0059a9","colorDark":"#00294f","angle":175.4,"snapDist":8,"label":1}},{"type":"Feature","geometry":{"type":"Point","coordinates":[23.968825,49.836678]},"properties":{"name":"Протезний завод (756)","lines":"17","arr":["А17"],"terminus":0,"mode":"bus","color":"#0059a9","colorDark":"#00294f","angle":4.9,"snapDist":14,"label":1}},{"type":"Feature","geometry":{"type":"Point","coordinates":[23.960062,49.834542]},"properties":{"name":"Станція п'ятий парк (820)","lines":"17","arr":["А17"],"terminus":0,"mode":"bus","color":"#0059a9","colorDark":"#00294f","angle":318.5,"snapDist":0,"label":1}},{"type":"Feature","geometry":{"type":"Point","coordinates":[23.955536,49.831611]},"properties":{"name":"Колекторна (822)","lines":"17","arr":["А17"],"terminus":0,"mode":"bus","color":"#0059a9","colorDark":"#00294f","angle":322.6,"snapDist":2,"label":1}},{"type":"Feature","geometry":{"type":"Point","coordinates":[23.950313,49.830344]},"properties":{"name":"Львівтеплоенерго (831)","lines":"17","arr":["А17"],"terminus":1,"mode":"bus","color":"#0059a9","colorDark":"#00294f","angle":64.4,"snapDist":2,"label":1}},{"type":"Feature","geometry":{"type":"Point","coordinates":[23.94542,49.83098]},"properties":{"name":"Данила Апостола (832)","lines":"17","arr":["А17"],"terminus":1,"mode":"bus","color":"#0059a9","colorDark":"#00294f","angle":332.5,"snapDist":1,"label":1}},{"type":"Feature","geometry":{"type":"Point","coordinates":[23.948778,49.829334]},"properties":{"name":"Львівтеплоенерго (825)","lines":"17","arr":["А17"],"terminus":0,"mode":"bus","color":"#0059a9","colorDark":"#00294f","angle":153.6,"snapDist":2,"label":1}},{"type":"Feature","geometry":{"type":"Point","coordinates":[23.955832,49.831758]},"properties":{"name":"Колекторна (823)","lines":"17","arr":["А17"],"terminus":0,"mode":"bus","color":"#0059a9","colorDark":"#00294f","angle":141.3,"snapDist":2,"label":1}},{"type":"Feature","geometry":{"type":"Point","coordinates":[23.960639,49.834847]},"properties":{"name":"Станція П'ятий парк (821)","lines":"17","arr":["А17"],"terminus":0,"mode":"bus","color":"#0059a9","colorDark":"#00294f","angle":142.1,"snapDist":5,"label":1}},{"type":"Feature","geometry":{"type":"Point","coordinates":[23.968505,49.836693]},"properties":{"name":"Протезний завод (755)","lines":"17","arr":["А17"],"terminus":0,"mode":"bus","color":"#0059a9","colorDark":"#00294f","angle":182.2,"snapDist":2,"label":1}},{"type":"Feature","geometry":{"type":"Point","coordinates":[23.969592,49.839181]},"properties":{"name":"Низинна (460)","lines":"17","arr":["А17"],"terminus":0,"mode":"bus","color":"#0059a9","colorDark":"#00294f","angle":86.3,"snapDist":2,"label":1}},{"type":"Feature","geometry":{"type":"Point","coordinates":[23.967622,49.84237]},"properties":{"name":"Гніздовського (175)","lines":"17, 18, 20, 23, 43, 32","arr":["А17","А18","А20","А23","А43","Тр32"],"terminus":0,"mode":"bus","color":"#0059a9","colorDark":"#00294f","angle":79.1,"snapDist":3,"label":1}},{"type":"Feature","geometry":{"type":"Point","coordinates":[23.966666,49.845623]},"properties":{"name":"Лікувально-діагностичний центр \"Левандівка\" (178)","lines":"17, 18, 20, 23, 43, 32","arr":["А17","А18","А20","А23","А43","Тр32"],"terminus":0,"mode":"bus","color":"#0059a9","colorDark":"#00294f","angle":79.1,"snapDist":5,"label":1}},{"type":"Feature","geometry":{"type":"Point","coordinates":[23.965968,49.847959]},"properties":{"name":"Суботівська (182)","lines":"17, 18, 20, 23, 43, 32","arr":["А17","А18","А20","А23","А43","Тр32"],"terminus":1,"mode":"bus","color":"#0059a9","colorDark":"#00294f","angle":79.1,"snapDist":2,"label":1}},{"type":"Feature","geometry":{"type":"Point","coordinates":[23.969768,49.848039]},"properties":{"name":"Калнишевського (805)","lines":"17","arr":["А17"],"terminus":0,"mode":"bus","color":"#0059a9","colorDark":"#00294f","angle":260.2,"snapDist":2,"label":1}},{"type":"Feature","geometry":{"type":"Point","coordinates":[23.971692,49.844479]},"properties":{"name":"Пілотів (159)","lines":"17","arr":["А17"],"terminus":0,"mode":"bus","color":"#0059a9","colorDark":"#00294f","angle":180.9,"snapDist":3,"label":1}},{"type":"Feature","geometry":{"type":"Point","coordinates":[23.978174,49.845305]},"properties":{"name":"Олесницького (158)","lines":"17","arr":["А17"],"terminus":0,"mode":"bus","color":"#0059a9","colorDark":"#00294f","angle":171.7,"snapDist":6,"label":1}},{"type":"Feature","geometry":{"type":"Point","coordinates":[23.982664,49.84591]},"properties":{"name":"Бандрівського (730)","lines":"17","arr":["А17"],"terminus":0,"mode":"bus","color":"#0059a9","colorDark":"#00294f","angle":166.4,"snapDist":6,"label":1}},{"type":"Feature","geometry":{"type":"Point","coordinates":[23.985358,49.846311]},"properties":{"name":"Левандівське озеро (162)","lines":"17","arr":["А17"],"terminus":0,"mode":"bus","color":"#0059a9","colorDark":"#00294f","angle":167.2,"snapDist":7,"label":1}},{"type":"Feature","geometry":{"type":"Point","coordinates":[24.041275,49.875108]},"properties":{"name":"Лікарня святого Пантелеймона (659)","lines":"17, 19, 46, 55, 84","arr":["А17","А19","А46","А55","А84"],"terminus":0,"mode":"bus","color":"#0059a9","colorDark":"#00294f","angle":78,"snapDist":6,"label":1}},{"type":"Feature","geometry":{"type":"Point","coordinates":[24.042645,49.877872]},"properties":{"name":"Розточчя (763)","lines":"17, 19, 84","arr":["А17","А19","А84"],"terminus":1,"mode":"bus","color":"#0059a9","colorDark":"#00294f","angle":57.5,"snapDist":1,"label":1}},{"type":"Feature","geometry":{"type":"Point","coordinates":[24.040735,49.879142]},"properties":{"name":"Леннона (868)","lines":"17, 84","arr":["А17","А84"],"terminus":1,"mode":"bus","color":"#0059a9","colorDark":"#00294f","angle":17.2,"snapDist":0,"label":1}},{"type":"Feature","geometry":{"type":"Point","coordinates":[23.973497,49.842167]},"properties":{"name":"Низинна (195)","lines":"18, 20, 23, 34, 43, 32","arr":["А18","А20","А23","А34","А43","Тр32"],"terminus":0,"mode":"bus","color":"#0059a9","colorDark":"#00294f","angle":168.5,"snapDist":10,"label":1}},{"type":"Feature","geometry":{"type":"Point","coordinates":[24.07154,49.8359]},"properties":{"name":"Автостанція №6 (253)","lines":"18, 19, 23, 29, 40, 61","arr":["А18","А19","А23","А29","А40","А61"],"terminus":0,"mode":"bus","color":"#0059a9","colorDark":"#00294f","angle":183.8,"snapDist":4,"label":1}},{"type":"Feature","geometry":{"type":"Point","coordinates":[24.081495,49.83888]},"properties":{"name":"Дубова (751)","lines":"18, 23, 29, 61","arr":["А18","А23","А29","А61"],"terminus":0,"mode":"bus","color":"#0059a9","colorDark":"#00294f","angle":147.3,"snapDist":4,"label":1}},{"type":"Feature","geometry":{"type":"Point","coordinates":[24.086157,49.84026]},"properties":{"name":"Богданівська (205)","lines":"18, 23, 29, 61","arr":["А18","А23","А29","А61"],"terminus":0,"mode":"bus","color":"#0059a9","colorDark":"#00294f","angle":182.3,"snapDist":5,"label":1}},{"type":"Feature","geometry":{"type":"Point","coordinates":[24.096585,49.84136]},"properties":{"name":"Бігова (206)","lines":"18, 23, 29, 61","arr":["А18","А23","А29","А61"],"terminus":0,"mode":"bus","color":"#0059a9","colorDark":"#00294f","angle":171.5,"snapDist":6,"label":1}},{"type":"Feature","geometry":{"type":"Point","coordinates":[24.100936,49.841985]},"properties":{"name":"Глинянський Тракт (211)","lines":"18, 23, 29, 61","arr":["А18","А23","А29","А61"],"terminus":1,"mode":"bus","color":"#0059a9","colorDark":"#00294f","angle":165.7,"snapDist":6,"label":1}},{"type":"Feature","geometry":{"type":"Point","coordinates":[24.103053,49.842244]},"properties":{"name":"Провесінь (212)","lines":"18, 29, 61","arr":["А18","А29","А61"],"terminus":1,"mode":"bus","color":"#0059a9","colorDark":"#00294f","angle":169.7,"snapDist":7,"label":1}},{"type":"Feature","geometry":{"type":"Point","coordinates":[24.103552,49.842295]},"properties":{"name":"Провесінь (209)","lines":"18, 23, 29, 61","arr":["А18","А23","А29","А61"],"terminus":1,"mode":"bus","color":"#0059a9","colorDark":"#00294f","angle":351.1,"snapDist":0,"label":1}},{"type":"Feature","geometry":{"type":"Point","coordinates":[24.100952,49.841988]},"properties":{"name":"Глинянський Тракт (208)","lines":"18, 23, 29, 61","arr":["А18","А23","А29","А61"],"terminus":0,"mode":"bus","color":"#0059a9","colorDark":"#00294f","angle":345.7,"snapDist":3,"label":1}},{"type":"Feature","geometry":{"type":"Point","coordinates":[24.096733,49.841374]},"properties":{"name":"Бігова (207)","lines":"18, 23, 29, 61","arr":["А18","А23","А29","А61"],"terminus":0,"mode":"bus","color":"#0059a9","colorDark":"#00294f","angle":351.5,"snapDist":3,"label":1}},{"type":"Feature","geometry":{"type":"Point","coordinates":[24.083943,49.839974]},"properties":{"name":"Богданівська (213)","lines":"18, 19, 23, 29, 61","arr":["А18","А19","А23","А29","А61"],"terminus":0,"mode":"bus","color":"#0059a9","colorDark":"#00294f","angle":330.2,"snapDist":1,"label":1}},{"type":"Feature","geometry":{"type":"Point","coordinates":[24.079805,49.838172]},"properties":{"name":"Дубова (752)","lines":"18, 23, 29, 61","arr":["А18","А23","А29","А61"],"terminus":0,"mode":"bus","color":"#0059a9","colorDark":"#00294f","angle":328.4,"snapDist":3,"label":1}},{"type":"Feature","geometry":{"type":"Point","coordinates":[24.070971,49.83645]},"properties":{"name":"Автостанція № 6 (210)","lines":"18, 19, 23, 29, 61","arr":["А18","А19","А23","А29","А61"],"terminus":0,"mode":"bus","color":"#0059a9","colorDark":"#00294f","angle":345.2,"snapDist":2,"label":1}},{"type":"Feature","geometry":{"type":"Point","coordinates":[24.034909,49.836654]},"properties":{"name":"Шухевича (30)","lines":"18, 37, 39а, 99","arr":["А18","А37","А39а","А99"],"terminus":1,"mode":"bus","color":"#0059a9","colorDark":"#00294f","angle":270.2,"snapDist":1,"label":1}},{"type":"Feature","geometry":{"type":"Point","coordinates":[23.97861,49.842766]},"properties":{"name":"Широка (196)","lines":"18, 20, 23, 34, 43, 32","arr":["А18","А20","А23","А34","А43","Тр32"],"terminus":0,"mode":"bus","color":"#0059a9","colorDark":"#00294f","angle":13.6,"snapDist":3,"label":1}},{"type":"Feature","geometry":{"type":"Point","coordinates":[23.971511,49.842141]},"properties":{"name":"Низинна (192)","lines":"18, 20, 23, 34, 43, 32","arr":["А18","А20","А23","А34","А43","Тр32"],"terminus":0,"mode":"bus","color":"#0059a9","colorDark":"#00294f","angle":355.2,"snapDist":3,"label":1}},{"type":"Feature","geometry":{"type":"Point","coordinates":[24.069718,49.785172]},"properties":{"name":"Антонича (354)","lines":"19","arr":["А19"],"terminus":1,"mode":"bus","color":"#0059a9","colorDark":"#00294f","angle":246.7,"snapDist":2,"label":1}},{"type":"Feature","geometry":{"type":"Point","coordinates":[24.0673,49.78371]},"properties":{"name":"Трильовського (406)","lines":"19","arr":["А19"],"terminus":0,"mode":"bus","color":"#0059a9","colorDark":"#00294f","angle":89,"snapDist":3,"label":1}},{"type":"Feature","geometry":{"type":"Point","coordinates":[24.071881,49.797162]},"properties":{"name":"Сихівська (394)","lines":"19, 23, 37, 40, 46, 47, 24","arr":["А19","А23","А37","А40","А46","А47","Тр24"],"terminus":0,"mode":"bus","color":"#0059a9","colorDark":"#00294f","angle":65.9,"snapDist":4,"label":1}},{"type":"Feature","geometry":{"type":"Point","coordinates":[24.065256,49.802241]},"properties":{"name":"Зубрівська (378)","lines":"19, 23, 37, 40, 46, 47, 24, 31","arr":["А19","А23","А37","А40","А46","А47","Тр24","Тр31"],"terminus":0,"mode":"bus","color":"#0059a9","colorDark":"#00294f","angle":55,"snapDist":5,"label":1}},{"type":"Feature","geometry":{"type":"Point","coordinates":[24.06221,49.805912]},"properties":{"name":"ДБК (377)","lines":"19, 23, 37, 40, 46, 47, 24, 31","arr":["А19","А23","А37","А40","А46","А47","Тр24","Тр31"],"terminus":0,"mode":"bus","color":"#0059a9","colorDark":"#00294f","angle":67.2,"snapDist":7,"label":1}},{"type":"Feature","geometry":{"type":"Point","coordinates":[24.064455,49.806939]},"properties":{"name":"Модем (337)","lines":"19","arr":["А19"],"terminus":0,"mode":"bus","color":"#0059a9","colorDark":"#00294f","angle":171.5,"snapDist":6,"label":1}},{"type":"Feature","geometry":{"type":"Point","coordinates":[24.07022,49.807366]},"properties":{"name":"Трембіта (335)","lines":"19","arr":["А19"],"terminus":0,"mode":"bus","color":"#0059a9","colorDark":"#00294f","angle":181.6,"snapDist":2,"label":1}},{"type":"Feature","geometry":{"type":"Point","coordinates":[24.076451,49.807411]},"properties":{"name":"Пирогівка (333)","lines":"19","arr":["А19"],"terminus":0,"mode":"bus","color":"#0059a9","colorDark":"#00294f","angle":150.6,"snapDist":6,"label":1}},{"type":"Feature","geometry":{"type":"Point","coordinates":[24.078889,49.809208]},"properties":{"name":"Пимоненка (331)","lines":"19","arr":["А19"],"terminus":0,"mode":"bus","color":"#0059a9","colorDark":"#00294f","angle":121.5,"snapDist":5,"label":1}},{"type":"Feature","geometry":{"type":"Point","coordinates":[24.085647,49.840513]},"properties":{"name":"Богданівська (198)","lines":"19","arr":["А19"],"terminus":0,"mode":"bus","color":"#0059a9","colorDark":"#00294f","angle":137,"snapDist":5,"label":1}},{"type":"Feature","geometry":{"type":"Point","coordinates":[24.084226,49.848365]},"properties":{"name":"Старознесенська (201)","lines":"19, 39, 39а","arr":["А19","А39","А39а"],"terminus":0,"mode":"bus","color":"#0059a9","colorDark":"#00294f","angle":49.4,"snapDist":0,"label":1}},{"type":"Feature","geometry":{"type":"Point","coordinates":[24.07907,49.850725]},"properties":{"name":"Монгольська (731)","lines":"19, 39, 39а","arr":["А19","А39","А39а"],"terminus":0,"mode":"bus","color":"#0059a9","colorDark":"#00294f","angle":21.9,"snapDist":3,"label":1}},{"type":"Feature","geometry":{"type":"Point","coordinates":[24.076735,49.854249]},"properties":{"name":"Авторинок (200)","lines":"19, 39, 39а","arr":["А19","А39","А39а"],"terminus":1,"mode":"bus","color":"#0059a9","colorDark":"#00294f","angle":58.9,"snapDist":4,"label":1}},{"type":"Feature","geometry":{"type":"Point","coordinates":[24.059177,49.859]},"properties":{"name":"Ковельська (230)","lines":"19","arr":["А19"],"terminus":0,"mode":"bus","color":"#0059a9","colorDark":"#00294f","angle":311.3,"snapDist":10,"label":1}},{"type":"Feature","geometry":{"type":"Point","coordinates":[24.057316,49.857496]},"properties":{"name":"Милятинська (228)","lines":"19","arr":["А19"],"terminus":0,"mode":"bus","color":"#0059a9","colorDark":"#00294f","angle":301,"snapDist":4,"label":1}},{"type":"Feature","geometry":{"type":"Point","coordinates":[24.053626,49.855565]},"properties":{"name":"Корейська (274)","lines":"19","arr":["А19"],"terminus":0,"mode":"bus","color":"#0059a9","colorDark":"#00294f","angle":9.5,"snapDist":0,"label":1}},{"type":"Feature","geometry":{"type":"Point","coordinates":[24.045776,49.856205]},"properties":{"name":"Фабрика повидла (583)","lines":"19, 20, 25, 48, 62, 63","arr":["А19","А20","А25","А48","А62","А63"],"terminus":0,"mode":"bus","color":"#0059a9","colorDark":"#00294f","angle":118.6,"snapDist":2,"label":1}},{"type":"Feature","geometry":{"type":"Point","coordinates":[24.047557,49.858298]},"properties":{"name":"Височана (585)","lines":"19, 20, 25, 48, 62, 63","arr":["А19","А20","А25","А48","А62","А63"],"terminus":0,"mode":"bus","color":"#0059a9","colorDark":"#00294f","angle":118.5,"snapDist":2,"label":1}},{"type":"Feature","geometry":{"type":"Point","coordinates":[24.050991,49.862327]},"properties":{"name":"Автостанція №2 (587)","lines":"19, 20, 25, 48, 62, 63","arr":["А19","А20","А25","А48","А62","А63"],"terminus":0,"mode":"bus","color":"#0059a9","colorDark":"#00294f","angle":118.5,"snapDist":1,"label":1}},{"type":"Feature","geometry":{"type":"Point","coordinates":[24.038905,49.876293]},"properties":{"name":"Віри, Надії, Любові (664)","lines":"19","arr":["А19"],"terminus":0,"mode":"bus","color":"#0059a9","colorDark":"#00294f","angle":168.1,"snapDist":2,"label":1}},{"type":"Feature","geometry":{"type":"Point","coordinates":[24.052457,49.864109]},"properties":{"name":"Автостанція №2 (591)","lines":"19, 20, 25, 48, 58, 59, 62, 63","arr":["А19","А20","А25","А48","А58","А59","А62","А63"],"terminus":0,"mode":"bus","color":"#0059a9","colorDark":"#00294f","angle":297.9,"snapDist":2,"label":1}},{"type":"Feature","geometry":{"type":"Point","coordinates":[24.050586,49.861869]},"properties":{"name":"Радіоринок (590)","lines":"19, 20, 25, 48, 58, 59, 62, 63","arr":["А19","А20","А25","А48","А58","А59","А62","А63"],"terminus":0,"mode":"bus","color":"#0059a9","colorDark":"#00294f","angle":299.5,"snapDist":9,"label":1}},{"type":"Feature","geometry":{"type":"Point","coordinates":[24.047365,49.858077]},"properties":{"name":"Височана (588)","lines":"19, 20, 25, 48, 58, 59, 62, 63","arr":["А19","А20","А25","А48","А58","А59","А62","А63"],"terminus":0,"mode":"bus","color":"#0059a9","colorDark":"#00294f","angle":298.3,"snapDist":8,"label":1}},{"type":"Feature","geometry":{"type":"Point","coordinates":[24.046904,49.854947]},"properties":{"name":"Новознесенська (272)","lines":"19","arr":["А19"],"terminus":0,"mode":"bus","color":"#0059a9","colorDark":"#00294f","angle":137.6,"snapDist":4,"label":1}},{"type":"Feature","geometry":{"type":"Point","coordinates":[24.053455,49.855584]},"properties":{"name":"Корейська (273)","lines":"19","arr":["А19"],"terminus":0,"mode":"bus","color":"#0059a9","colorDark":"#00294f","angle":189.4,"snapDist":5,"label":1}},{"type":"Feature","geometry":{"type":"Point","coordinates":[24.05734,49.857522]},"properties":{"name":"Милятинська (229)","lines":"19","arr":["А19"],"terminus":0,"mode":"bus","color":"#0059a9","colorDark":"#00294f","angle":121,"snapDist":3,"label":1}},{"type":"Feature","geometry":{"type":"Point","coordinates":[24.060682,49.859456]},"properties":{"name":"Ковельська (288)","lines":"19, 20","arr":["А19","А20"],"terminus":1,"mode":"bus","color":"#0059a9","colorDark":"#00294f","angle":169.7,"snapDist":1,"label":1}},{"type":"Feature","geometry":{"type":"Point","coordinates":[24.076364,49.854645]},"properties":{"name":"Авторинок (199)","lines":"19, 39, 39а","arr":["А19","А39","А39а"],"terminus":1,"mode":"bus","color":"#0059a9","colorDark":"#00294f","angle":238.9,"snapDist":6,"label":1}},{"type":"Feature","geometry":{"type":"Point","coordinates":[24.07941,49.850661]},"properties":{"name":"Монгольська (732)","lines":"19, 39, 39а","arr":["А19","А39","А39а"],"terminus":0,"mode":"bus","color":"#0059a9","colorDark":"#00294f","angle":188.8,"snapDist":1,"label":1}},{"type":"Feature","geometry":{"type":"Point","coordinates":[24.08332,49.849044]},"properties":{"name":"Старознесенська (202)","lines":"19, 39, 39а","arr":["А19","А39","А39а"],"terminus":0,"mode":"bus","color":"#0059a9","colorDark":"#00294f","angle":229.3,"snapDist":10,"label":1}},{"type":"Feature","geometry":{"type":"Point","coordinates":[24.067945,49.834163]},"properties":{"name":"Пасічна (285)","lines":"19, 23, 27, 40, 47, 92","arr":["А19","А23","А27","А40","А47","А92"],"terminus":0,"mode":"bus","color":"#0059a9","colorDark":"#00294f","angle":279.3,"snapDist":5,"label":1}},{"type":"Feature","geometry":{"type":"Point","coordinates":[24.069625,49.82967]},"properties":{"name":"Таджицька (279)","lines":"19, 23, 27, 40, 47, 92","arr":["А19","А23","А27","А40","А47","А92"],"terminus":0,"mode":"bus","color":"#0059a9","colorDark":"#00294f","angle":241.3,"snapDist":8,"label":1}},{"type":"Feature","geometry":{"type":"Point","coordinates":[24.073272,49.826045]},"properties":{"name":"Майорівка (281)","lines":"19, 23, 27, 40, 47, 92","arr":["А19","А23","А27","А40","А47","А92"],"terminus":0,"mode":"bus","color":"#0059a9","colorDark":"#00294f","angle":215.5,"snapDist":9,"label":1}},{"type":"Feature","geometry":{"type":"Point","coordinates":[24.075187,49.822269]},"properties":{"name":"Ярошинської (287)","lines":"19, 23, 27, 40, 47, 92","arr":["А19","А23","А27","А40","А47","А92"],"terminus":0,"mode":"bus","color":"#0059a9","colorDark":"#00294f","angle":256.4,"snapDist":8,"label":1}},{"type":"Feature","geometry":{"type":"Point","coordinates":[24.076809,49.817988]},"properties":{"name":"Лисинецька (283)","lines":"19, 23, 27, 40, 47, 92","arr":["А19","А23","А27","А40","А47","А92"],"terminus":0,"mode":"bus","color":"#0059a9","colorDark":"#00294f","angle":256.1,"snapDist":7,"label":1}},{"type":"Feature","geometry":{"type":"Point","coordinates":[24.078954,49.809276]},"properties":{"name":"Пимоненка (332)","lines":"19","arr":["А19"],"terminus":0,"mode":"bus","color":"#0059a9","colorDark":"#00294f","angle":301.4,"snapDist":2,"label":1}},{"type":"Feature","geometry":{"type":"Point","coordinates":[24.076283,49.807361]},"properties":{"name":"Пирогівка (334)","lines":"19","arr":["А19"],"terminus":0,"mode":"bus","color":"#0059a9","colorDark":"#00294f","angle":335.3,"snapDist":4,"label":1}},{"type":"Feature","geometry":{"type":"Point","coordinates":[24.069575,49.807374]},"properties":{"name":"Трембіта (336)","lines":"19","arr":["А19"],"terminus":0,"mode":"bus","color":"#0059a9","colorDark":"#00294f","angle":359.7,"snapDist":4,"label":1}},{"type":"Feature","geometry":{"type":"Point","coordinates":[24.064453,49.806939]},"properties":{"name":"Модем (338)","lines":"19","arr":["А19"],"terminus":0,"mode":"bus","color":"#0059a9","colorDark":"#00294f","angle":351.5,"snapDist":8,"label":1}},{"type":"Feature","geometry":{"type":"Point","coordinates":[24.06288,49.805003]},"properties":{"name":"ДБК (376)","lines":"19, 23, 37, 40, 46, 47, 24, 31","arr":["А19","А23","А37","А40","А46","А47","Тр24","Тр31"],"terminus":0,"mode":"bus","color":"#0059a9","colorDark":"#00294f","angle":239,"snapDist":14,"label":1}},{"type":"Feature","geometry":{"type":"Point","coordinates":[24.066028,49.801572]},"properties":{"name":"Зубрівська (379)","lines":"19, 23, 37, 40, 46, 47, 24, 31","arr":["А19","А23","А37","А40","А46","А47","Тр24","Тр31"],"terminus":0,"mode":"bus","color":"#0059a9","colorDark":"#00294f","angle":232.4,"snapDist":12,"label":1}},{"type":"Feature","geometry":{"type":"Point","coordinates":[24.071942,49.797074]},"properties":{"name":"Сихівська (380)","lines":"19, 23, 37, 40, 46, 47, 24","arr":["А19","А23","А37","А40","А46","А47","Тр24"],"terminus":0,"mode":"bus","color":"#0059a9","colorDark":"#00294f","angle":246.6,"snapDist":10,"label":1}},{"type":"Feature","geometry":{"type":"Point","coordinates":[24.06728,49.783667]},"properties":{"name":"Трильовського (405)","lines":"19","arr":["А19"],"terminus":1,"mode":"bus","color":"#0059a9","colorDark":"#00294f","angle":180.7,"snapDist":8,"label":1}},{"type":"Feature","geometry":{"type":"Point","coordinates":[24.026082,49.850439]},"properties":{"name":"Площа 700-річчя Львова (55)","lines":"20, 48, 56, 58, 59, 63","arr":["А20","А48","А56","А58","А59","А63"],"terminus":1,"mode":"bus","color":"#0059a9","colorDark":"#00294f","angle":183.5,"snapDist":1,"label":1}},{"type":"Feature","geometry":{"type":"Point","coordinates":[24.031959,49.851929]},"properties":{"name":"Залізничний вокзал Підзамче (579)","lines":"20, 48, 58, 63","arr":["А20","А48","А58","А63"],"terminus":0,"mode":"bus","color":"#0059a9","colorDark":"#00294f","angle":155,"snapDist":8,"label":1}},{"type":"Feature","geometry":{"type":"Point","coordinates":[24.03647,49.853193]},"properties":{"name":"Остряниці (580)","lines":"20, 48, 58, 59, 62, 63","arr":["А20","А48","А58","А59","А62","А63"],"terminus":0,"mode":"bus","color":"#0059a9","colorDark":"#00294f","angle":171.4,"snapDist":3,"label":1}},{"type":"Feature","geometry":{"type":"Point","coordinates":[24.041777,49.853748]},"properties":{"name":"Промислова (582)","lines":"20, 25, 48, 62, 63","arr":["А20","А25","А48","А62","А63"],"terminus":0,"mode":"bus","color":"#0059a9","colorDark":"#00294f","angle":169.2,"snapDist":2,"label":1}},{"type":"Feature","geometry":{"type":"Point","coordinates":[24.060651,49.862433]},"properties":{"name":"Кукурудзяна (236)","lines":"20","arr":["А20"],"terminus":0,"mode":"bus","color":"#0059a9","colorDark":"#00294f","angle":187.2,"snapDist":8,"label":1}},{"type":"Feature","geometry":{"type":"Point","coordinates":[24.060868,49.860952]},"properties":{"name":"Ковельська (766)","lines":"20","arr":["А20"],"terminus":0,"mode":"bus","color":"#0059a9","colorDark":"#00294f","angle":291.5,"snapDist":4,"label":1}},{"type":"Feature","geometry":{"type":"Point","coordinates":[24.063681,49.856889]},"properties":{"name":"Польова, Завод (289)","lines":"20","arr":["А20"],"terminus":1,"mode":"bus","color":"#0059a9","colorDark":"#00294f","angle":-89.1,"snapDist":9,"label":1}},{"type":"Feature","geometry":{"type":"Point","coordinates":[24.060254,49.859988]},"properties":{"name":"Ковельська (231)","lines":"20","arr":["А20"],"terminus":0,"mode":"bus","color":"#0059a9","colorDark":"#00294f","angle":117.8,"snapDist":4,"label":1}},{"type":"Feature","geometry":{"type":"Point","coordinates":[24.060384,49.862455]},"properties":{"name":"Кукурудзяна (237)","lines":"20","arr":["А20"],"terminus":0,"mode":"bus","color":"#0059a9","colorDark":"#00294f","angle":7.2,"snapDist":1,"label":1}},{"type":"Feature","geometry":{"type":"Point","coordinates":[24.045049,49.855353]},"properties":{"name":"Фабрика повидла (586)","lines":"20, 25, 48, 58, 59, 62, 63","arr":["А20","А25","А48","А58","А59","А62","А63"],"terminus":0,"mode":"bus","color":"#0059a9","colorDark":"#00294f","angle":298.2,"snapDist":6,"label":1}},{"type":"Feature","geometry":{"type":"Point","coordinates":[24.038435,49.853406]},"properties":{"name":"Остряниці (584)","lines":"20, 48, 58, 59, 62, 63","arr":["А20","А48","А58","А59","А62","А63"],"terminus":0,"mode":"bus","color":"#0059a9","colorDark":"#00294f","angle":351,"snapDist":4,"label":1}},{"type":"Feature","geometry":{"type":"Point","coordinates":[24.033328,49.852355]},"properties":{"name":"Залізничний вокзал Підзамче (581)","lines":"20, 48, 58, 59, 62, 63","arr":["А20","А48","А58","А59","А62","А63"],"terminus":1,"mode":"bus","color":"#0059a9","colorDark":"#00294f","angle":332.2,"snapDist":5,"label":1}},{"type":"Feature","geometry":{"type":"Point","coordinates":[24.029323,49.852006]},"properties":{"name":"Гайдамацька (630)","lines":"20, 48, 58, 59, 63","arr":["А20","А48","А58","А59","А63"],"terminus":0,"mode":"bus","color":"#0059a9","colorDark":"#00294f","angle":64.2,"snapDist":2,"label":1}},{"type":"Feature","geometry":{"type":"Point","coordinates":[24.027539,49.852255]},"properties":{"name":"Палац культури Гната Хоткевича (640)","lines":"20, 48, 58, 59, 63","arr":["А20","А48","А58","А59","А63"],"terminus":0,"mode":"bus","color":"#0059a9","colorDark":"#00294f","angle":289.7,"snapDist":5,"label":1}},{"type":"Feature","geometry":{"type":"Point","coordinates":[24.025576,49.850453]},"properties":{"name":"Площа 700-річчя Львова (56)","lines":"20, 48, 56, 58, 59, 63","arr":["А20","А48","А56","А58","А59","А63"],"terminus":1,"mode":"bus","color":"#0059a9","colorDark":"#00294f","angle":2.2,"snapDist":0,"label":1}},{"type":"Feature","geometry":{"type":"Point","coordinates":[23.905931,49.830061]},"properties":{"name":"Три слони (314)","lines":"21","arr":["А21"],"terminus":1,"mode":"bus","color":"#0059a9","colorDark":"#00294f","angle":245.4,"snapDist":7,"label":1}},{"type":"Feature","geometry":{"type":"Point","coordinates":[23.910366,49.824243]},"properties":{"name":"Епіцентр (316)","lines":"21, 52, 84","arr":["А21","А52","А84"],"terminus":0,"mode":"bus","color":"#0059a9","colorDark":"#00294f","angle":243.9,"snapDist":10,"label":1}},{"type":"Feature","geometry":{"type":"Point","coordinates":[24.015074,49.867301]},"properties":{"name":"Варшавська (670)","lines":"21, 37","arr":["А21","А37"],"terminus":0,"mode":"bus","color":"#0059a9","colorDark":"#00294f","angle":65.5,"snapDist":0,"label":1}},{"type":"Feature","geometry":{"type":"Point","coordinates":[24.013334,49.8684]},"properties":{"name":"Кругла (862)","lines":"21","arr":["А21"],"terminus":0,"mode":"bus","color":"#0059a9","colorDark":"#00294f","angle":337.7,"snapDist":1,"label":1}},{"type":"Feature","geometry":{"type":"Point","coordinates":[24.006602,49.867247]},"properties":{"name":"Щепова (864)","lines":"21","arr":["А21"],"terminus":1,"mode":"bus","color":"#0059a9","colorDark":"#00294f","angle":11.8,"snapDist":0,"label":1}},{"type":"Feature","geometry":{"type":"Point","coordinates":[24.007146,49.867245]},"properties":{"name":"Щепова (865)","lines":"21","arr":["А21"],"terminus":1,"mode":"bus","color":"#0059a9","colorDark":"#00294f","angle":170.1,"snapDist":2,"label":1}},{"type":"Feature","geometry":{"type":"Point","coordinates":[24.012759,49.868248]},"properties":{"name":"Кругла (863)","lines":"21","arr":["А21"],"terminus":0,"mode":"bus","color":"#0059a9","colorDark":"#00294f","angle":157.6,"snapDist":4,"label":1}},{"type":"Feature","geometry":{"type":"Point","coordinates":[24.016525,49.831522]},"properties":{"name":"Площа Лема (470)","lines":"21, 45","arr":["А21","А45"],"terminus":0,"mode":"bus","color":"#0059a9","colorDark":"#00294f","angle":318.5,"snapDist":4,"label":1}},{"type":"Feature","geometry":{"type":"Point","coordinates":[23.910219,49.824436]},"properties":{"name":"Епіцентр (315)","lines":"21, 52, 84","arr":["А21","А52","А84"],"terminus":0,"mode":"bus","color":"#0059a9","colorDark":"#00294f","angle":63.9,"snapDist":4,"label":1}},{"type":"Feature","geometry":{"type":"Point","coordinates":[23.906375,49.830676]},"properties":{"name":"Три слони (307)","lines":"21","arr":["А21"],"terminus":1,"mode":"bus","color":"#0059a9","colorDark":"#00294f","angle":151.2,"snapDist":2,"label":1}},{"type":"Feature","geometry":{"type":"Point","coordinates":[23.946692,49.894829]},"properties":{"name":"Брюховичі, Смолиста (1071)","lines":"22, 67","arr":["А22","А67"],"terminus":0,"mode":"bus","color":"#0059a9","colorDark":"#00294f","angle":3.3,"snapDist":1,"label":1}},{"type":"Feature","geometry":{"type":"Point","coordinates":[23.965436,49.914066]},"properties":{"name":"Брюховичі, Вербова (1089)","lines":"22","arr":["А22"],"terminus":0,"mode":"bus","color":"#0059a9","colorDark":"#00294f","angle":96.8,"snapDist":2,"label":1}},{"type":"Feature","geometry":{"type":"Point","coordinates":[23.968261,49.917333]},"properties":{"name":"Брюховичі, Січових Стрільців (1075)","lines":"22","arr":["А22"],"terminus":0,"mode":"bus","color":"#0059a9","colorDark":"#00294f","angle":133.7,"snapDist":5,"label":1}},{"type":"Feature","geometry":{"type":"Point","coordinates":[23.982478,49.922092]},"properties":{"name":"Брюховичі, під Осовою (1091)","lines":"22","arr":["А22"],"terminus":1,"mode":"bus","color":"#0059a9","colorDark":"#00294f","angle":150.1,"snapDist":2,"label":1}},{"type":"Feature","geometry":{"type":"Point","coordinates":[23.98187,49.921879]},"properties":{"name":"Брюховичі, під Осовою (1090)","lines":"22","arr":["А22"],"terminus":1,"mode":"bus","color":"#0059a9","colorDark":"#00294f","angle":336.6,"snapDist":1,"label":1}},{"type":"Feature","geometry":{"type":"Point","coordinates":[23.968503,49.917465]},"properties":{"name":"Брюховичі, Січових Стрільців (1076)","lines":"22","arr":["А22"],"terminus":0,"mode":"bus","color":"#0059a9","colorDark":"#00294f","angle":321.2,"snapDist":2,"label":1}},{"type":"Feature","geometry":{"type":"Point","coordinates":[23.965425,49.914007]},"properties":{"name":"Брюховичі, Вербова (1088)","lines":"22","arr":["А22"],"terminus":0,"mode":"bus","color":"#0059a9","colorDark":"#00294f","angle":276.8,"snapDist":3,"label":1}},{"type":"Feature","geometry":{"type":"Point","coordinates":[23.960046,49.904519]},"properties":{"name":"Брюховичі, Курортна (1060)","lines":"22","arr":["А22"],"terminus":0,"mode":"bus","color":"#0059a9","colorDark":"#00294f","angle":68.5,"snapDist":2,"label":1}},{"type":"Feature","geometry":{"type":"Point","coordinates":[23.941661,49.901808]},"properties":{"name":"Брюховичі, Івасюка (1072)","lines":"22, 67","arr":["А22","А67"],"terminus":0,"mode":"bus","color":"#0059a9","colorDark":"#00294f","angle":243,"snapDist":5,"label":1}},{"type":"Feature","geometry":{"type":"Point","coordinates":[23.946635,49.894831]},"properties":{"name":"Брюховичі, Смолиста (1077)","lines":"22","arr":["А22"],"terminus":0,"mode":"bus","color":"#0059a9","colorDark":"#00294f","angle":183.3,"snapDist":8,"label":1}},{"type":"Feature","geometry":{"type":"Point","coordinates":[24.061031,49.811403]},"properties":{"name":"Фрезерний завод (371)","lines":"23, 27, 37, 40, 46, 47, 24, 31","arr":["А23","А27","А37","А40","А46","А47","Тр24","Тр31"],"terminus":0,"mode":"bus","color":"#0059a9","colorDark":"#00294f","angle":87.3,"snapDist":3,"label":1}},{"type":"Feature","geometry":{"type":"Point","coordinates":[24.060218,49.813618]},"properties":{"name":"Бузкова (370)","lines":"23, 27, 37, 40, 46, 47, 24, 31","arr":["А23","А27","А37","А40","А46","А47","Тр24","Тр31"],"terminus":0,"mode":"bus","color":"#0059a9","colorDark":"#00294f","angle":69.2,"snapDist":6,"label":1}},{"type":"Feature","geometry":{"type":"Point","coordinates":[24.077919,49.815136]},"properties":{"name":"Коледж (750)","lines":"23, 27, 40, 47, 92","arr":["А23","А27","А40","А47","А92"],"terminus":0,"mode":"bus","color":"#0059a9","colorDark":"#00294f","angle":255.9,"snapDist":5,"label":1}},{"type":"Feature","geometry":{"type":"Point","coordinates":[24.075908,49.814362]},"properties":{"name":"ТЦ Метро-2 (214)","lines":"23, 27, 40, 47, 92","arr":["А23","А27","А40","А47","А92"],"terminus":0,"mode":"bus","color":"#0059a9","colorDark":"#00294f","angle":23.3,"snapDist":15,"label":1}},{"type":"Feature","geometry":{"type":"Point","coordinates":[24.069288,49.816044]},"properties":{"name":"Перинатальний центр (215)","lines":"23, 27, 40, 47, 92","arr":["А23","А27","А40","А47","А92"],"terminus":0,"mode":"bus","color":"#0059a9","colorDark":"#00294f","angle":12.5,"snapDist":12,"label":1}},{"type":"Feature","geometry":{"type":"Point","coordinates":[24.062746,49.81598]},"properties":{"name":"Вашингтона (216)","lines":"23, 27, 40, 47, 92","arr":["А23","А27","А40","А47","А92"],"terminus":1,"mode":"bus","color":"#0059a9","colorDark":"#00294f","angle":177.9,"snapDist":0,"label":1}},{"type":"Feature","geometry":{"type":"Point","coordinates":[24.060134,49.813767]},"properties":{"name":"Бузкова (373)","lines":"23, 27, 37, 40, 46, 47, 24, 31","arr":["А23","А27","А37","А40","А46","А47","Тр24","Тр31"],"terminus":0,"mode":"bus","color":"#0059a9","colorDark":"#00294f","angle":251,"snapDist":7,"label":1}},{"type":"Feature","geometry":{"type":"Point","coordinates":[24.060905,49.812009]},"properties":{"name":"Фрезерний завод (374)","lines":"23, 27, 37, 40, 46, 47, 24, 31","arr":["А23","А27","А37","А40","А46","А47","Тр24","Тр31"],"terminus":0,"mode":"bus","color":"#0059a9","colorDark":"#00294f","angle":260,"snapDist":6,"label":1}},{"type":"Feature","geometry":{"type":"Point","coordinates":[24.061587,49.807558]},"properties":{"name":"Автостанція №5 (375)","lines":"23, 37, 40, 46, 47, 24, 31","arr":["А23","А37","А40","А46","А47","Тр24","Тр31"],"terminus":0,"mode":"bus","color":"#0059a9","colorDark":"#00294f","angle":259.6,"snapDist":9,"label":1}},{"type":"Feature","geometry":{"type":"Point","coordinates":[23.983587,49.826689]},"properties":{"name":"Окружна (554)","lines":"25, 33, 51, 92, 30","arr":["А25","А33","А51","А92","Тр30"],"terminus":0,"mode":"bus","color":"#0059a9","colorDark":"#00294f","angle":211.6,"snapDist":9,"label":1}},{"type":"Feature","geometry":{"type":"Point","coordinates":[24.041327,49.853342]},"properties":{"name":"Промислова (275)","lines":"25","arr":["А25"],"terminus":0,"mode":"bus","color":"#0059a9","colorDark":"#00294f","angle":247.2,"snapDist":5,"label":1}},{"type":"Feature","geometry":{"type":"Point","coordinates":[24.044687,49.850888]},"properties":{"name":"Кордуби (265)","lines":"25","arr":["А25"],"terminus":0,"mode":"bus","color":"#0059a9","colorDark":"#00294f","angle":174.8,"snapDist":4,"label":1}},{"type":"Feature","geometry":{"type":"Point","coordinates":[24.050019,49.850871]},"properties":{"name":"Заклинських (264)","lines":"25","arr":["А25"],"terminus":1,"mode":"bus","color":"#0059a9","colorDark":"#00294f","angle":180.9,"snapDist":9,"label":1}},{"type":"Feature","geometry":{"type":"Point","coordinates":[24.056624,49.850456]},"properties":{"name":"Старе Знесіння (300)","lines":"25","arr":["А25"],"terminus":1,"mode":"bus","color":"#0059a9","colorDark":"#00294f","angle":325.5,"snapDist":2,"label":1}},{"type":"Feature","geometry":{"type":"Point","coordinates":[24.049469,49.850877]},"properties":{"name":"Заклинських (263)","lines":"25","arr":["А25"],"terminus":0,"mode":"bus","color":"#0059a9","colorDark":"#00294f","angle":1,"snapDist":1,"label":1}},{"type":"Feature","geometry":{"type":"Point","coordinates":[24.044467,49.850876]},"properties":{"name":"Кордуби (266)","lines":"25","arr":["А25"],"terminus":0,"mode":"bus","color":"#0059a9","colorDark":"#00294f","angle":354.8,"snapDist":2,"label":1}},{"type":"Feature","geometry":{"type":"Point","coordinates":[23.987164,49.829065]},"properties":{"name":"Стадіон Сільмаш (707)","lines":"25, 33, 51, 92, 30","arr":["А25","А33","А51","А92","Тр30"],"terminus":0,"mode":"bus","color":"#0059a9","colorDark":"#00294f","angle":322.4,"snapDist":0,"label":1}},{"type":"Feature","geometry":{"type":"Point","coordinates":[23.936628,49.822022]},"properties":{"name":"Станція Скнилів (85)","lines":"27","arr":["А27","Тр27"],"terminus":1,"mode":"bus","color":"#0059a9","colorDark":"#00294f","angle":247.7,"snapDist":1,"label":1}},{"type":"Feature","geometry":{"type":"Point","coordinates":[23.939373,49.824885]},"properties":{"name":"Авіаційна (86)","lines":"27","arr":["А27","Тр27"],"terminus":0,"mode":"bus","color":"#0059a9","colorDark":"#00294f","angle":145.1,"snapDist":4,"label":1}},{"type":"Feature","geometry":{"type":"Point","coordinates":[24.050549,49.811299]},"properties":{"name":"Лікарня Святого Луки (355)","lines":"27","arr":["А27"],"terminus":0,"mode":"bus","color":"#0059a9","colorDark":"#00294f","angle":190.6,"snapDist":8,"label":1}},{"type":"Feature","geometry":{"type":"Point","coordinates":[24.050431,49.811314]},"properties":{"name":"Лікарня Святого Луки (356)","lines":"27","arr":["А27"],"terminus":0,"mode":"bus","color":"#0059a9","colorDark":"#00294f","angle":10.6,"snapDist":2,"label":1}},{"type":"Feature","geometry":{"type":"Point","coordinates":[24.030479,49.815558]},"properties":{"name":"Енергетична (711)","lines":"27, 53","arr":["А27","А53"],"terminus":0,"mode":"bus","color":"#0059a9","colorDark":"#00294f","angle":25.9,"snapDist":11,"label":1}},{"type":"Feature","geometry":{"type":"Point","coordinates":[23.941745,49.826524]},"properties":{"name":"Курмановича (306)","lines":"27","arr":["А27","Тр27"],"terminus":0,"mode":"bus","color":"#0059a9","colorDark":"#00294f","angle":329.5,"snapDist":1,"label":1}},{"type":"Feature","geometry":{"type":"Point","coordinates":[23.936431,49.822028]},"properties":{"name":"Станція Скнилів (85-01)","lines":"27","arr":["А27","Тр27"],"terminus":1,"mode":"bus","color":"#0059a9","colorDark":"#00294f","angle":299.2,"snapDist":10,"label":1}},{"type":"Feature","geometry":{"type":"Point","coordinates":[24.03163,49.844545]},"properties":{"name":"Театр ляльок (21)","lines":"29, 37, 39, 61","arr":["А29","А37","А39","А61"],"terminus":0,"mode":"bus","color":"#0059a9","colorDark":"#00294f","angle":187.2,"snapDist":5,"label":1}},{"type":"Feature","geometry":{"type":"Point","coordinates":[24.035044,49.842775]},"properties":{"name":"Підвальна (59)","lines":"29, 37, 39, 45, 61","arr":["А29","А37","А39","А45","А61"],"terminus":0,"mode":"bus","color":"#0059a9","colorDark":"#00294f","angle":256.2,"snapDist":8,"label":1}},{"type":"Feature","geometry":{"type":"Point","coordinates":[24.111934,49.843918]},"properties":{"name":"Лисиничі, Коновальця (1194)","lines":"29, 61","arr":["А29","А61"],"terminus":0,"mode":"bus","color":"#0059a9","colorDark":"#00294f","angle":170.4,"snapDist":6,"label":1}},{"type":"Feature","geometry":{"type":"Point","coordinates":[24.118394,49.843002]},"properties":{"name":"Лисиничі, Квіткова (1196)","lines":"29","arr":["А29"],"terminus":0,"mode":"bus","color":"#0059a9","colorDark":"#00294f","angle":268,"snapDist":3,"label":1}},{"type":"Feature","geometry":{"type":"Point","coordinates":[24.120456,49.8379]},"properties":{"name":"Лисиничі, Івасюка (1185)","lines":"29","arr":["А29"],"terminus":0,"mode":"bus","color":"#0059a9","colorDark":"#00294f","angle":250.2,"snapDist":8,"label":1}},{"type":"Feature","geometry":{"type":"Point","coordinates":[24.120456,49.837901]},"properties":{"name":"Лисиничі, Львівська (1198)","lines":"29","arr":["А29"],"terminus":0,"mode":"bus","color":"#0059a9","colorDark":"#00294f","angle":250.2,"snapDist":3,"label":1}},{"type":"Feature","geometry":{"type":"Point","coordinates":[24.121615,49.835441]},"properties":{"name":"Лисиничі Центр (1183)","lines":"29","arr":["А29"],"terminus":0,"mode":"bus","color":"#0059a9","colorDark":"#00294f","angle":207.3,"snapDist":7,"label":1}},{"type":"Feature","geometry":{"type":"Point","coordinates":[24.126869,49.83434]},"properties":{"name":"Лисиничі.Героїв Крут (1182)","lines":"29","arr":["А29"],"terminus":0,"mode":"bus","color":"#0059a9","colorDark":"#00294f","angle":215.7,"snapDist":3,"label":1}},{"type":"Feature","geometry":{"type":"Point","coordinates":[24.131096,49.832239]},"properties":{"name":"Лисиничі, Полуботка (1188)","lines":"29","arr":["А29"],"terminus":0,"mode":"bus","color":"#0059a9","colorDark":"#00294f","angle":220.7,"snapDist":6,"label":1}},{"type":"Feature","geometry":{"type":"Point","coordinates":[24.135567,49.82667]},"properties":{"name":"Винники, Госпіталь (1024)","lines":"29","arr":["А29"],"terminus":0,"mode":"bus","color":"#0059a9","colorDark":"#00294f","angle":254.9,"snapDist":10,"label":1}},{"type":"Feature","geometry":{"type":"Point","coordinates":[24.136997,49.823068]},"properties":{"name":"Винники, Винна Гора (1021)","lines":"29","arr":["А29"],"terminus":0,"mode":"bus","color":"#0059a9","colorDark":"#00294f","angle":266.9,"snapDist":7,"label":1}},{"type":"Feature","geometry":{"type":"Point","coordinates":[24.137208,49.81985]},"properties":{"name":"Винники, Винниченка (1022)","lines":"29","arr":["А29"],"terminus":1,"mode":"bus","color":"#0059a9","colorDark":"#00294f","angle":268.4,"snapDist":1,"label":1}},{"type":"Feature","geometry":{"type":"Point","coordinates":[24.137206,49.819874]},"properties":{"name":"Винники, Винниченка (1023)","lines":"29","arr":["А29"],"terminus":1,"mode":"bus","color":"#0059a9","colorDark":"#00294f","angle":88.4,"snapDist":1,"label":1}},{"type":"Feature","geometry":{"type":"Point","coordinates":[24.136871,49.823608]},"properties":{"name":"Винники, Винна Гора (1020)","lines":"29","arr":["А29"],"terminus":0,"mode":"bus","color":"#0059a9","colorDark":"#00294f","angle":74.8,"snapDist":3,"label":1}},{"type":"Feature","geometry":{"type":"Point","coordinates":[24.135695,49.826364]},"properties":{"name":"Винники, Госпіталь (1025)","lines":"29","arr":["А29"],"terminus":0,"mode":"bus","color":"#0059a9","colorDark":"#00294f","angle":74.9,"snapDist":6,"label":1}},{"type":"Feature","geometry":{"type":"Point","coordinates":[24.130662,49.83247]},"properties":{"name":"Лисиничі, Полуботка (1187)","lines":"29","arr":["А29"],"terminus":0,"mode":"bus","color":"#0059a9","colorDark":"#00294f","angle":38.6,"snapDist":7,"label":1}},{"type":"Feature","geometry":{"type":"Point","coordinates":[24.126416,49.83454]},"properties":{"name":"Лисиничі.Героїв Крут (1181)","lines":"29","arr":["А29"],"terminus":0,"mode":"bus","color":"#0059a9","colorDark":"#00294f","angle":26.8,"snapDist":2,"label":1}},{"type":"Feature","geometry":{"type":"Point","coordinates":[24.12159,49.835449]},"properties":{"name":"Лисиничі Центр (1184)","lines":"29","arr":["А29"],"terminus":0,"mode":"bus","color":"#0059a9","colorDark":"#00294f","angle":27.3,"snapDist":4,"label":1}},{"type":"Feature","geometry":{"type":"Point","coordinates":[24.120264,49.838204]},"properties":{"name":"Лисиничі, Львівська (1197)","lines":"29","arr":["А29"],"terminus":0,"mode":"bus","color":"#0059a9","colorDark":"#00294f","angle":66.7,"snapDist":1,"label":1}},{"type":"Feature","geometry":{"type":"Point","coordinates":[24.120372,49.838043]},"properties":{"name":"Лисиничі, Івасюка (1186)","lines":"29","arr":["А29"],"terminus":0,"mode":"bus","color":"#0059a9","colorDark":"#00294f","angle":66.7,"snapDist":2,"label":1}},{"type":"Feature","geometry":{"type":"Point","coordinates":[24.117965,49.843414]},"properties":{"name":"Лисиничі, Квіткова (1195)","lines":"29, 61","arr":["А29","А61"],"terminus":0,"mode":"bus","color":"#0059a9","colorDark":"#00294f","angle":9.8,"snapDist":0,"label":1}},{"type":"Feature","geometry":{"type":"Point","coordinates":[24.111137,49.843777]},"properties":{"name":"Лисиничі, Коновальця (1193)","lines":"29, 61","arr":["А29","А61"],"terminus":0,"mode":"bus","color":"#0059a9","colorDark":"#00294f","angle":342.4,"snapDist":4,"label":1}},{"type":"Feature","geometry":{"type":"Point","coordinates":[24.060123,49.87388]},"properties":{"name":"Галицьке перехрестя (741)","lines":"31, 41, 48, 51, 53","arr":["А31","А41","А48","А51","А53"],"terminus":1,"mode":"bus","color":"#0059a9","colorDark":"#00294f","angle":117.4,"snapDist":0,"label":1}},{"type":"Feature","geometry":{"type":"Point","coordinates":[23.978416,49.832448]},"properties":{"name":"Богданівка (498)","lines":"32, 52, 84, 27","arr":["А32","А52","А84","Тр27"],"terminus":0,"mode":"bus","color":"#0059a9","colorDark":"#00294f","angle":344.7,"snapDist":5,"label":1}},{"type":"Feature","geometry":{"type":"Point","coordinates":[24.023228,49.839655]},"properties":{"name":"Січових Стрільців (71)","lines":"33","arr":["А33"],"terminus":1,"mode":"bus","color":"#0059a9","colorDark":"#00294f","angle":131.9,"snapDist":6,"label":1}},{"type":"Feature","geometry":{"type":"Point","coordinates":[24.011528,49.836949]},"properties":{"name":"Собор Святого Юра (781)","lines":"33","arr":["А33"],"terminus":0,"mode":"bus","color":"#0059a9","colorDark":"#00294f","angle":329.1,"snapDist":1,"label":1}},{"type":"Feature","geometry":{"type":"Point","coordinates":[24.005877,49.83558]},"properties":{"name":"Бандери (49)","lines":"33","arr":["А33"],"terminus":0,"mode":"bus","color":"#0059a9","colorDark":"#00294f","angle":348.1,"snapDist":1,"label":1}},{"type":"Feature","geometry":{"type":"Point","coordinates":[24.00421,49.836712]},"properties":{"name":"Площа Кропивницького (47)","lines":"33, 41, 43","arr":["А33","А41","А43"],"terminus":0,"mode":"bus","color":"#0059a9","colorDark":"#00294f","angle":67,"snapDist":2,"label":1}},{"type":"Feature","geometry":{"type":"Point","coordinates":[23.97834,49.823096]},"properties":{"name":"Будинок меблів (170)","lines":"33, 51","arr":["А33","А51"],"terminus":0,"mode":"bus","color":"#0059a9","colorDark":"#00294f","angle":236.6,"snapDist":4,"label":1}},{"type":"Feature","geometry":{"type":"Point","coordinates":[23.980799,49.819844]},"properties":{"name":"Петлюри (172)","lines":"33, 51","arr":["А33","А51"],"terminus":0,"mode":"bus","color":"#0059a9","colorDark":"#00294f","angle":246.7,"snapDist":8,"label":1}},{"type":"Feature","geometry":{"type":"Point","coordinates":[23.982198,49.816871]},"properties":{"name":"Вітряна (716)","lines":"33","arr":["А33"],"terminus":0,"mode":"bus","color":"#0059a9","colorDark":"#00294f","angle":291.4,"snapDist":2,"label":1}},{"type":"Feature","geometry":{"type":"Point","coordinates":[23.984727,49.815363]},"properties":{"name":"Вітряна-Кульпарківська (578)","lines":"33","arr":["А33"],"terminus":0,"mode":"bus","color":"#0059a9","colorDark":"#00294f","angle":306.6,"snapDist":2,"label":1}},{"type":"Feature","geometry":{"type":"Point","coordinates":[23.987873,49.801967]},"properties":{"name":"Технічний коледж (710)","lines":"33","arr":["А33"],"terminus":1,"mode":"bus","color":"#0059a9","colorDark":"#00294f","angle":280,"snapDist":1,"label":1}},{"type":"Feature","geometry":{"type":"Point","coordinates":[23.989082,49.801169]},"properties":{"name":"Пулюя (507)","lines":"33","arr":["А33"],"terminus":1,"mode":"bus","color":"#0059a9","colorDark":"#00294f","angle":189.2,"snapDist":4,"label":1}},{"type":"Feature","geometry":{"type":"Point","coordinates":[23.991695,49.801308]},"properties":{"name":"Коледж харчових технологій (506)","lines":"33","arr":["А33"],"terminus":0,"mode":"bus","color":"#0059a9","colorDark":"#00294f","angle":98.9,"snapDist":0,"label":1}},{"type":"Feature","geometry":{"type":"Point","coordinates":[23.993107,49.803398]},"properties":{"name":"Ринок Наукова (869)","lines":"33","arr":["А33"],"terminus":0,"mode":"bus","color":"#0059a9","colorDark":"#00294f","angle":189.4,"snapDist":8,"label":1}},{"type":"Feature","geometry":{"type":"Point","coordinates":[23.981377,49.814055]},"properties":{"name":"Три Корони (768)","lines":"33","arr":["А33"],"terminus":0,"mode":"bus","color":"#0059a9","colorDark":"#00294f","angle":115.3,"snapDist":3,"label":1}},{"type":"Feature","geometry":{"type":"Point","coordinates":[23.982322,49.817075]},"properties":{"name":"Вітряна (715)","lines":"33","arr":["А33"],"terminus":0,"mode":"bus","color":"#0059a9","colorDark":"#00294f","angle":111.4,"snapDist":2,"label":1}},{"type":"Feature","geometry":{"type":"Point","coordinates":[23.980701,49.819991]},"properties":{"name":"Петлюри (173)","lines":"33, 51","arr":["А33","А51"],"terminus":0,"mode":"bus","color":"#0059a9","colorDark":"#00294f","angle":66.6,"snapDist":5,"label":1}},{"type":"Feature","geometry":{"type":"Point","coordinates":[23.979284,49.822093]},"properties":{"name":"Садова (171)","lines":"33, 51","arr":["А33","А51"],"terminus":0,"mode":"bus","color":"#0059a9","colorDark":"#00294f","angle":66.3,"snapDist":4,"label":1}},{"type":"Feature","geometry":{"type":"Point","coordinates":[23.990416,49.82565]},"properties":{"name":"Антоновича (477)","lines":"33, 92, 22, 30","arr":["А33","А92","Тр22","Тр30"],"terminus":0,"mode":"bus","color":"#0059a9","colorDark":"#00294f","angle":148.8,"snapDist":6,"label":1}},{"type":"Feature","geometry":{"type":"Point","coordinates":[23.998071,49.829877]},"properties":{"name":"Залізняка (476)","lines":"33, 92, 22, 30","arr":["А33","А92","Тр22","Тр30"],"terminus":0,"mode":"bus","color":"#0059a9","colorDark":"#00294f","angle":139.9,"snapDist":7,"label":1}},{"type":"Feature","geometry":{"type":"Point","coordinates":[24.001195,49.831679]},"properties":{"name":"Мельника (475)","lines":"33, 92, 22, 30","arr":["А33","А92","Тр22","Тр30"],"terminus":0,"mode":"bus","color":"#0059a9","colorDark":"#00294f","angle":138,"snapDist":1,"label":1}},{"type":"Feature","geometry":{"type":"Point","coordinates":[24.006867,49.834584]},"properties":{"name":"Бандери (474)","lines":"33, 92, 22, 30","arr":["А33","А92","Тр22","Тр30"],"terminus":0,"mode":"bus","color":"#0059a9","colorDark":"#00294f","angle":148.5,"snapDist":8,"label":1}},{"type":"Feature","geometry":{"type":"Point","coordinates":[24.013071,49.837006]},"properties":{"name":"Собор Святого Юра (70)","lines":"33, 92, 22, 27, 30, 32","arr":["А33","А92","Тр22","Тр27","Тр30","Тр32"],"terminus":0,"mode":"bus","color":"#0059a9","colorDark":"#00294f","angle":209.8,"snapDist":10,"label":1}},{"type":"Feature","geometry":{"type":"Point","coordinates":[24.015996,49.836366]},"properties":{"name":"Устияновича (48)","lines":"33, 92, 22, 27, 30, 32","arr":["А33","А92","Тр22","Тр27","Тр30","Тр32"],"terminus":1,"mode":"bus","color":"#0059a9","colorDark":"#00294f","angle":220.1,"snapDist":3,"label":1}},{"type":"Feature","geometry":{"type":"Point","coordinates":[23.929722,49.845768]},"properties":{"name":"Білогорща (90)","lines":"34","arr":["А34"],"terminus":1,"mode":"bus","color":"#0059a9","colorDark":"#00294f","angle":198.4,"snapDist":9,"label":1}},{"type":"Feature","geometry":{"type":"Point","coordinates":[23.932635,49.844968]},"properties":{"name":"Лаврівського (89)","lines":"34","arr":["А34"],"terminus":0,"mode":"bus","color":"#0059a9","colorDark":"#00294f","angle":269.6,"snapDist":9,"label":1}},{"type":"Feature","geometry":{"type":"Point","coordinates":[23.938026,49.844469]},"properties":{"name":"Народний дім Білогорща (87)","lines":"34","arr":["А34"],"terminus":0,"mode":"bus","color":"#0059a9","colorDark":"#00294f","angle":191.1,"snapDist":6,"label":1}},{"type":"Feature","geometry":{"type":"Point","coordinates":[23.945675,49.844814]},"properties":{"name":"Гайовської (93)","lines":"34","arr":["А34"],"terminus":0,"mode":"bus","color":"#0059a9","colorDark":"#00294f","angle":191.6,"snapDist":8,"label":1}},{"type":"Feature","geometry":{"type":"Point","coordinates":[23.958413,49.843972]},"properties":{"name":"Роксоляни (165)","lines":"34","arr":["А34"],"terminus":0,"mode":"bus","color":"#0059a9","colorDark":"#00294f","angle":302.9,"snapDist":5,"label":1}},{"type":"Feature","geometry":{"type":"Point","coordinates":[23.961992,49.841942]},"properties":{"name":"Лісопарк Білогорща (803)","lines":"34","arr":["А34"],"terminus":0,"mode":"bus","color":"#0059a9","colorDark":"#00294f","angle":183.5,"snapDist":3,"label":1}},{"type":"Feature","geometry":{"type":"Point","coordinates":[23.966655,49.841728]},"properties":{"name":"Гніздовського (193)","lines":"34","arr":["А34"],"terminus":0,"mode":"bus","color":"#0059a9","colorDark":"#00294f","angle":4.1,"snapDist":4,"label":1}},{"type":"Feature","geometry":{"type":"Point","coordinates":[23.960123,49.842015]},"properties":{"name":"Лісопарк Білогорща (802)","lines":"34","arr":["А34"],"terminus":0,"mode":"bus","color":"#0059a9","colorDark":"#00294f","angle":4.9,"snapDist":2,"label":1}},{"type":"Feature","geometry":{"type":"Point","coordinates":[23.958463,49.844024]},"properties":{"name":"Роксоляни (164)","lines":"34","arr":["А34"],"terminus":0,"mode":"bus","color":"#0059a9","colorDark":"#00294f","angle":121.8,"snapDist":5,"label":1}},{"type":"Feature","geometry":{"type":"Point","coordinates":[23.945254,49.84478]},"properties":{"name":"Гайовської (88)","lines":"34","arr":["А34"],"terminus":0,"mode":"bus","color":"#0059a9","colorDark":"#00294f","angle":336.3,"snapDist":1,"label":1}},{"type":"Feature","geometry":{"type":"Point","coordinates":[23.938159,49.844455]},"properties":{"name":"Народний дім Білогорща (91)","lines":"34","arr":["А34"],"terminus":0,"mode":"bus","color":"#0059a9","colorDark":"#00294f","angle":10.4,"snapDist":4,"label":1}},{"type":"Feature","geometry":{"type":"Point","coordinates":[23.932702,49.845089]},"properties":{"name":"Лаврівського (92)","lines":"34","arr":["А34"],"terminus":0,"mode":"bus","color":"#0059a9","colorDark":"#00294f","angle":348.6,"snapDist":3,"label":1}},{"type":"Feature","geometry":{"type":"Point","coordinates":[23.929488,49.845824]},"properties":{"name":"Білогорща (90-01)","lines":"34","arr":["А34"],"terminus":1,"mode":"bus","color":"#0059a9","colorDark":"#00294f","angle":24.8,"snapDist":0,"label":1}},{"type":"Feature","geometry":{"type":"Point","coordinates":[24.003402,49.870732]},"properties":{"name":"Під Голоском (668)","lines":"37","arr":["А37"],"terminus":1,"mode":"bus","color":"#0059a9","colorDark":"#00294f","angle":206.2,"snapDist":4,"label":1}},{"type":"Feature","geometry":{"type":"Point","coordinates":[24.008784,49.870019]},"properties":{"name":"Академія друкарства (815)","lines":"37","arr":["А37"],"terminus":0,"mode":"bus","color":"#0059a9","colorDark":"#00294f","angle":201.5,"snapDist":0,"label":1}},{"type":"Feature","geometry":{"type":"Point","coordinates":[24.012584,49.869014]},"properties":{"name":"Заозерні провулки (770)","lines":"37","arr":["А37"],"terminus":0,"mode":"bus","color":"#0059a9","colorDark":"#00294f","angle":202.8,"snapDist":10,"label":1}},{"type":"Feature","geometry":{"type":"Point","coordinates":[24.043287,49.798054]},"properties":{"name":"Чукаріна, Школа (303)","lines":"37","arr":["А37"],"terminus":0,"mode":"bus","color":"#0059a9","colorDark":"#00294f","angle":23.7,"snapDist":1,"label":1}},{"type":"Feature","geometry":{"type":"Point","coordinates":[24.039264,49.796593]},"properties":{"name":"Річка Зубра (743)","lines":"37","arr":["А37"],"terminus":1,"mode":"bus","color":"#0059a9","colorDark":"#00294f","angle":245.3,"snapDist":5,"label":1}},{"type":"Feature","geometry":{"type":"Point","coordinates":[24.044579,49.794642]},"properties":{"name":"Хоткевича (310)","lines":"37","arr":["А37"],"terminus":1,"mode":"bus","color":"#0059a9","colorDark":"#00294f","angle":346.4,"snapDist":0,"label":1}},{"type":"Feature","geometry":{"type":"Point","coordinates":[24.039366,49.796451]},"properties":{"name":"Річка Зубра (360)","lines":"37","arr":["А37"],"terminus":0,"mode":"bus","color":"#0059a9","colorDark":"#00294f","angle":65,"snapDist":5,"label":1}},{"type":"Feature","geometry":{"type":"Point","coordinates":[24.039074,49.798225]},"properties":{"name":"Данилюка (322)","lines":"37","arr":["А37"],"terminus":0,"mode":"bus","color":"#0059a9","colorDark":"#00294f","angle":102.4,"snapDist":4,"label":1}},{"type":"Feature","geometry":{"type":"Point","coordinates":[24.042432,49.798384]},"properties":{"name":"Чукаріна, Школа (302)","lines":"37","arr":["А37"],"terminus":0,"mode":"bus","color":"#0059a9","colorDark":"#00294f","angle":215.1,"snapDist":3,"label":1}},{"type":"Feature","geometry":{"type":"Point","coordinates":[24.049486,49.798144]},"properties":{"name":"Шувар (324)","lines":"37","arr":["А37"],"terminus":0,"mode":"bus","color":"#0059a9","colorDark":"#00294f","angle":219.2,"snapDist":7,"label":1}},{"type":"Feature","geometry":{"type":"Point","coordinates":[24.059846,49.817579]},"properties":{"name":"Дністерська (224)","lines":"37, 46, 24, 31","arr":["А37","А46","Тр24","Тр31"],"terminus":0,"mode":"bus","color":"#0059a9","colorDark":"#00294f","angle":220.2,"snapDist":5,"label":1}},{"type":"Feature","geometry":{"type":"Point","coordinates":[24.054363,49.822373]},"properties":{"name":"Липова Алея (223)","lines":"37, 43, 46, 24, 31","arr":["А37","А43","А46","Тр24","Тр31"],"terminus":0,"mode":"bus","color":"#0059a9","colorDark":"#00294f","angle":53.8,"snapDist":3,"label":1}},{"type":"Feature","geometry":{"type":"Point","coordinates":[24.051537,49.823848]},"properties":{"name":"Керченська (222)","lines":"37, 43, 46, 24, 31","arr":["А37","А43","А46","Тр24","Тр31"],"terminus":0,"mode":"bus","color":"#0059a9","colorDark":"#00294f","angle":32,"snapDist":3,"label":1}},{"type":"Feature","geometry":{"type":"Point","coordinates":[24.045135,49.82715]},"properties":{"name":"Водогінна (221)","lines":"37, 43, 46, 24, 31","arr":["А37","А43","А46","Тр24","Тр31"],"terminus":0,"mode":"bus","color":"#0059a9","colorDark":"#00294f","angle":161.9,"snapDist":2,"label":1}},{"type":"Feature","geometry":{"type":"Point","coordinates":[24.044413,49.829812]},"properties":{"name":"Львівводоканал (220)","lines":"37, 43, 46, 24, 31","arr":["А37","А43","А46","Тр24","Тр31"],"terminus":0,"mode":"bus","color":"#0059a9","colorDark":"#00294f","angle":56.8,"snapDist":5,"label":1}},{"type":"Feature","geometry":{"type":"Point","coordinates":[24.041295,49.83233]},"properties":{"name":"Вагилевича (779)","lines":"37, 43, 46, 24, 31","arr":["А37","А43","А46","Тр24","Тр31"],"terminus":0,"mode":"bus","color":"#0059a9","colorDark":"#00294f","angle":43.6,"snapDist":8,"label":1}},{"type":"Feature","geometry":{"type":"Point","coordinates":[24.035967,49.834144]},"properties":{"name":"Шота Руставелі (218)","lines":"37, 43, 46, 24, 25, 31","arr":["А37","А43","А46","Тр24","Тр25","Тр31"],"terminus":1,"mode":"bus","color":"#0059a9","colorDark":"#00294f","angle":22.6,"snapDist":8,"label":1}},{"type":"Feature","geometry":{"type":"Point","coordinates":[24.012474,49.869044]},"properties":{"name":"Заозерні провулки (769)","lines":"37","arr":["А37"],"terminus":0,"mode":"bus","color":"#0059a9","colorDark":"#00294f","angle":202.8,"snapDist":3,"label":1}},{"type":"Feature","geometry":{"type":"Point","coordinates":[24.008729,49.870033]},"properties":{"name":"Академія друкарства (816)","lines":"37","arr":["А37"],"terminus":0,"mode":"bus","color":"#0059a9","colorDark":"#00294f","angle":21.5,"snapDist":1,"label":1}},{"type":"Feature","geometry":{"type":"Point","coordinates":[24.005234,49.870871]},"properties":{"name":"Під Голоском (669)","lines":"37","arr":["А37"],"terminus":1,"mode":"bus","color":"#0059a9","colorDark":"#00294f","angle":20.6,"snapDist":5,"label":1}},{"type":"Feature","geometry":{"type":"Point","coordinates":[24.077485,49.853245]},"properties":{"name":"Гайдучка (204)","lines":"39","arr":["А39"],"terminus":0,"mode":"bus","color":"#0059a9","colorDark":"#00294f","angle":258.9,"snapDist":8,"label":1}},{"type":"Feature","geometry":{"type":"Point","coordinates":[24.081443,49.847127]},"properties":{"name":"Духновича (764)","lines":"39, 39а","arr":["А39","А39а"],"terminus":0,"mode":"bus","color":"#0059a9","colorDark":"#00294f","angle":334.8,"snapDist":0,"label":1}},{"type":"Feature","geometry":{"type":"Point","coordinates":[24.073849,49.844235]},"properties":{"name":"Кривчиці (234)","lines":"39, 39а","arr":["А39","А39а"],"terminus":0,"mode":"bus","color":"#0059a9","colorDark":"#00294f","angle":327.4,"snapDist":3,"label":1}},{"type":"Feature","geometry":{"type":"Point","coordinates":[24.069097,49.842263]},"properties":{"name":"Шевченківський гай (235)","lines":"39, 39а","arr":["А39","А39а"],"terminus":0,"mode":"bus","color":"#0059a9","colorDark":"#00294f","angle":327.9,"snapDist":9,"label":1}},{"type":"Feature","geometry":{"type":"Point","coordinates":[24.06673,49.839379]},"properties":{"name":"Професорська колонія (277)","lines":"39, 39а","arr":["А39","А39а"],"terminus":0,"mode":"bus","color":"#0059a9","colorDark":"#00294f","angle":251.9,"snapDist":1,"label":1}},{"type":"Feature","geometry":{"type":"Point","coordinates":[24.02661,49.862131]},"properties":{"name":"Торф’яна (647)","lines":"39","arr":["А39"],"terminus":0,"mode":"bus","color":"#0059a9","colorDark":"#00294f","angle":84.7,"snapDist":2,"label":1}},{"type":"Feature","geometry":{"type":"Point","coordinates":[24.028324,49.864641]},"properties":{"name":"Міртова (571)","lines":"39","arr":["А39"],"terminus":0,"mode":"bus","color":"#0059a9","colorDark":"#00294f","angle":136.3,"snapDist":6,"label":1}},{"type":"Feature","geometry":{"type":"Point","coordinates":[24.041211,49.866622]},"properties":{"name":"Лінкольна (572)","lines":"39","arr":["А39"],"terminus":0,"mode":"bus","color":"#0059a9","colorDark":"#00294f","angle":174.4,"snapDist":5,"label":1}},{"type":"Feature","geometry":{"type":"Point","coordinates":[24.049856,49.873163]},"properties":{"name":"Грінченка (639)","lines":"39","arr":["А39"],"terminus":1,"mode":"bus","color":"#0059a9","colorDark":"#00294f","angle":322.7,"snapDist":1,"label":1}},{"type":"Feature","geometry":{"type":"Point","coordinates":[24.041174,49.86662]},"properties":{"name":"Лінкольна (570)","lines":"39","arr":["А39"],"terminus":0,"mode":"bus","color":"#0059a9","colorDark":"#00294f","angle":354.4,"snapDist":3,"label":1}},{"type":"Feature","geometry":{"type":"Point","coordinates":[24.028051,49.864472]},"properties":{"name":"Міртова (573)","lines":"39","arr":["А39"],"terminus":0,"mode":"bus","color":"#0059a9","colorDark":"#00294f","angle":316.2,"snapDist":1,"label":1}},{"type":"Feature","geometry":{"type":"Point","coordinates":[24.026769,49.861048]},"properties":{"name":"Торф’яна (704)","lines":"39","arr":["А39"],"terminus":0,"mode":"bus","color":"#0059a9","colorDark":"#00294f","angle":265.4,"snapDist":4,"label":1}},{"type":"Feature","geometry":{"type":"Point","coordinates":[24.0666,49.839697]},"properties":{"name":"Професорська колонія (276)","lines":"39, 39а","arr":["А39","А39а"],"terminus":0,"mode":"bus","color":"#0059a9","colorDark":"#00294f","angle":81.1,"snapDist":4,"label":1}},{"type":"Feature","geometry":{"type":"Point","coordinates":[24.069187,49.842299]},"properties":{"name":"Шевченківський гай (232)","lines":"39, 39а","arr":["А39","А39а"],"terminus":0,"mode":"bus","color":"#0059a9","colorDark":"#00294f","angle":147.9,"snapDist":3,"label":1}},{"type":"Feature","geometry":{"type":"Point","coordinates":[24.073653,49.844153]},"properties":{"name":"Кривчиці (233)","lines":"39, 39а","arr":["А39","А39а"],"terminus":0,"mode":"bus","color":"#0059a9","colorDark":"#00294f","angle":146.8,"snapDist":5,"label":1}},{"type":"Feature","geometry":{"type":"Point","coordinates":[24.081081,49.847018]},"properties":{"name":"Духновича (765)","lines":"39, 39а","arr":["А39","А39а"],"terminus":0,"mode":"bus","color":"#0059a9","colorDark":"#00294f","angle":154.8,"snapDist":3,"label":1}},{"type":"Feature","geometry":{"type":"Point","coordinates":[24.077506,49.852855]},"properties":{"name":"Гайдучка (203)","lines":"39","arr":["А39"],"terminus":0,"mode":"bus","color":"#0059a9","colorDark":"#00294f","angle":91.1,"snapDist":3,"label":1}},{"type":"Feature","geometry":{"type":"Point","coordinates":[24.102089,49.826462]},"properties":{"name":"Біля лева (806)","lines":"40","arr":["А40"],"terminus":0,"mode":"bus","color":"#0059a9","colorDark":"#00294f","angle":238.7,"snapDist":9,"label":1}},{"type":"Feature","geometry":{"type":"Point","coordinates":[24.106123,49.823841]},"properties":{"name":"Млинівці (808)","lines":"40","arr":["А40"],"terminus":0,"mode":"bus","color":"#0059a9","colorDark":"#00294f","angle":215,"snapDist":1,"label":1}},{"type":"Feature","geometry":{"type":"Point","coordinates":[24.128308,49.816079]},"properties":{"name":"Стежка Шептицького (1038)","lines":"40","arr":["А40"],"terminus":0,"mode":"bus","color":"#0059a9","colorDark":"#00294f","angle":173.1,"snapDist":1,"label":1}},{"type":"Feature","geometry":{"type":"Point","coordinates":[24.136902,49.816863]},"properties":{"name":"Винники, Івасюка (1009)","lines":"40","arr":["А40"],"terminus":0,"mode":"bus","color":"#0059a9","colorDark":"#00294f","angle":174.6,"snapDist":5,"label":1}},{"type":"Feature","geometry":{"type":"Point","coordinates":[24.14394,49.817351]},"properties":{"name":"Винники, Галицька (1005)","lines":"40","arr":["А40"],"terminus":1,"mode":"bus","color":"#0059a9","colorDark":"#00294f","angle":173.9,"snapDist":5,"label":1}},{"type":"Feature","geometry":{"type":"Point","coordinates":[24.146451,49.82199]},"properties":{"name":"Винники, Лисика (1016)","lines":"40","arr":["А40"],"terminus":1,"mode":"bus","color":"#0059a9","colorDark":"#00294f","angle":284.1,"snapDist":1,"label":1}},{"type":"Feature","geometry":{"type":"Point","coordinates":[24.10626,49.823779]},"properties":{"name":"Млинівці (809)","lines":"40","arr":["А40"],"terminus":0,"mode":"bus","color":"#0059a9","colorDark":"#00294f","angle":35,"snapDist":4,"label":1}},{"type":"Feature","geometry":{"type":"Point","coordinates":[24.101753,49.826835]},"properties":{"name":"Біля лева (807)","lines":"40","arr":["А40"],"terminus":0,"mode":"bus","color":"#0059a9","colorDark":"#00294f","angle":54.9,"snapDist":0,"label":1}},{"type":"Feature","geometry":{"type":"Point","coordinates":[23.998986,49.806645]},"properties":{"name":"Аквапарк (520)","lines":"41, 45, 51","arr":["А41","А45","А51"],"terminus":0,"mode":"bus","color":"#0059a9","colorDark":"#00294f","angle":99.1,"snapDist":8,"label":1}},{"type":"Feature","geometry":{"type":"Point","coordinates":[24.00793,49.830267]},"properties":{"name":"Фабрика Левинського (490)","lines":"41","arr":["А41"],"terminus":0,"mode":"bus","color":"#0059a9","colorDark":"#00294f","angle":141.8,"snapDist":6,"label":1}},{"type":"Feature","geometry":{"type":"Point","coordinates":[24.011182,49.831922]},"properties":{"name":"Київська (487)","lines":"41","arr":["А41"],"terminus":0,"mode":"bus","color":"#0059a9","colorDark":"#00294f","angle":141.3,"snapDist":1,"label":1}},{"type":"Feature","geometry":{"type":"Point","coordinates":[24.016444,49.834557]},"properties":{"name":"Львівська політехніка (12)","lines":"41","arr":["А41"],"terminus":0,"mode":"bus","color":"#0059a9","colorDark":"#00294f","angle":142.2,"snapDist":2,"label":1}},{"type":"Feature","geometry":{"type":"Point","coordinates":[24.015311,49.834693]},"properties":{"name":"Львівська політехніка (64)","lines":"41, 43","arr":["А41","А43"],"terminus":0,"mode":"bus","color":"#0059a9","colorDark":"#00294f","angle":359.7,"snapDist":2,"label":1}},{"type":"Feature","geometry":{"type":"Point","coordinates":[24.009686,49.834737]},"properties":{"name":"Старосольських (66)","lines":"41, 43","arr":["А41","А43"],"terminus":0,"mode":"bus","color":"#0059a9","colorDark":"#00294f","angle":2.2,"snapDist":3,"label":1}},{"type":"Feature","geometry":{"type":"Point","coordinates":[23.998815,49.807241]},"properties":{"name":"Аквапарк (522)","lines":"41, 45, 51","arr":["А41","А45","А51"],"terminus":0,"mode":"bus","color":"#0059a9","colorDark":"#00294f","angle":278.3,"snapDist":9,"label":1}},{"type":"Feature","geometry":{"type":"Point","coordinates":[24.057811,49.818133]},"properties":{"name":"Дністерська (760)","lines":"43","arr":["А43"],"terminus":0,"mode":"bus","color":"#0059a9","colorDark":"#00294f","angle":341.5,"snapDist":3,"label":1}},{"type":"Feature","geometry":{"type":"Point","coordinates":[24.050569,49.816599]},"properties":{"name":"Дунайська (368)","lines":"43","arr":["А43"],"terminus":1,"mode":"bus","color":"#0059a9","colorDark":"#00294f","angle":342.7,"snapDist":4,"label":1}},{"type":"Feature","geometry":{"type":"Point","coordinates":[24.050901,49.814119]},"properties":{"name":"Лікарня Святого Луки (367)","lines":"43","arr":["А43"],"terminus":1,"mode":"bus","color":"#0059a9","colorDark":"#00294f","angle":84.2,"snapDist":2,"label":1}},{"type":"Feature","geometry":{"type":"Point","coordinates":[24.050844,49.816654]},"properties":{"name":"Дунайська (366)","lines":"43","arr":["А43"],"terminus":0,"mode":"bus","color":"#0059a9","colorDark":"#00294f","angle":162.7,"snapDist":4,"label":1}},{"type":"Feature","geometry":{"type":"Point","coordinates":[24.057938,49.81816]},"properties":{"name":"Дністерська (759)","lines":"43","arr":["А43"],"terminus":0,"mode":"bus","color":"#0059a9","colorDark":"#00294f","angle":161.6,"snapDist":5,"label":1}},{"type":"Feature","geometry":{"type":"Point","coordinates":[24.034226,49.834104]},"properties":{"name":"Саксаганського (36)","lines":"43, 53","arr":["А43","А53"],"terminus":0,"mode":"bus","color":"#0059a9","colorDark":"#00294f","angle":280.2,"snapDist":0,"label":1}},{"type":"Feature","geometry":{"type":"Point","coordinates":[24.032167,49.830541]},"properties":{"name":"Площа Франка (31)","lines":"43","arr":["А43"],"terminus":0,"mode":"bus","color":"#0059a9","colorDark":"#00294f","angle":313.2,"snapDist":5,"label":1}},{"type":"Feature","geometry":{"type":"Point","coordinates":[24.023825,49.830221]},"properties":{"name":"Парк культури (20)","lines":"43","arr":["А43"],"terminus":0,"mode":"bus","color":"#0059a9","colorDark":"#00294f","angle":20.8,"snapDist":3,"label":1}},{"type":"Feature","geometry":{"type":"Point","coordinates":[23.980331,49.805952]},"properties":{"name":"Вікторія Гарденс (547)","lines":"45, 51","arr":["А45","А51"],"terminus":1,"mode":"bus","color":"#0059a9","colorDark":"#00294f","angle":8.8,"snapDist":1,"label":1}},{"type":"Feature","geometry":{"type":"Point","coordinates":[24.036181,49.842491]},"properties":{"name":"Підвальна (851)","lines":"45","arr":["А45"],"terminus":0,"mode":"bus","color":"#0059a9","colorDark":"#00294f","angle":79.7,"snapDist":0,"label":1}},{"type":"Feature","geometry":{"type":"Point","coordinates":[24.040966,49.846171]},"properties":{"name":"Княжа (853)","lines":"45","arr":["А45"],"terminus":1,"mode":"bus","color":"#0059a9","colorDark":"#00294f","angle":113.4,"snapDist":6,"label":1}},{"type":"Feature","geometry":{"type":"Point","coordinates":[24.044035,49.844166]},"properties":{"name":"Барвінських (854)","lines":"45","arr":["А45"],"terminus":1,"mode":"bus","color":"#0059a9","colorDark":"#00294f","angle":92.9,"snapDist":2,"label":1}},{"type":"Feature","geometry":{"type":"Point","coordinates":[24.041016,49.846246]},"properties":{"name":"Княжа (852)","lines":"45","arr":["А45"],"terminus":0,"mode":"bus","color":"#0059a9","colorDark":"#00294f","angle":293.4,"snapDist":3,"label":1}},{"type":"Feature","geometry":{"type":"Point","coordinates":[24.033554,49.83926]},"properties":{"name":"Площа Галицька (855)","lines":"45","arr":["А45"],"terminus":0,"mode":"bus","color":"#0059a9","colorDark":"#00294f","angle":20.2,"snapDist":1,"label":1}},{"type":"Feature","geometry":{"type":"Point","coordinates":[24.036407,49.876329]},"properties":{"name":"Віри, Надії, Любові (665)","lines":"46","arr":["А46"],"terminus":0,"mode":"bus","color":"#0059a9","colorDark":"#00294f","angle":85.1,"snapDist":1,"label":1}},{"type":"Feature","geometry":{"type":"Point","coordinates":[24.03515,49.879726]},"properties":{"name":"Щурата (680)","lines":"46, 55","arr":["А46","А55"],"terminus":0,"mode":"bus","color":"#0059a9","colorDark":"#00294f","angle":40.7,"snapDist":1,"label":1}},{"type":"Feature","geometry":{"type":"Point","coordinates":[24.03267,49.881]},"properties":{"name":"Незламні (849)","lines":"46","arr":["А46"],"terminus":0,"mode":"bus","color":"#0059a9","colorDark":"#00294f","angle":37.8,"snapDist":0,"label":1}},{"type":"Feature","geometry":{"type":"Point","coordinates":[24.030063,49.884573]},"properties":{"name":"Голосківський цвинтар, 36 поле (817)","lines":"46, 55","arr":["А46","А55"],"terminus":0,"mode":"bus","color":"#0059a9","colorDark":"#00294f","angle":79.4,"snapDist":2,"label":1}},{"type":"Feature","geometry":{"type":"Point","coordinates":[24.026426,49.886501]},"properties":{"name":"Центр протезування (837)","lines":"46, 55","arr":["А46","А55"],"terminus":0,"mode":"bus","color":"#0059a9","colorDark":"#00294f","angle":17.3,"snapDist":1,"label":1}},{"type":"Feature","geometry":{"type":"Point","coordinates":[24.020696,49.887964]},"properties":{"name":"Голосківський цвинтар (295)","lines":"46, 55","arr":["А46","А55"],"terminus":1,"mode":"bus","color":"#0059a9","colorDark":"#00294f","angle":35,"snapDist":1,"label":1}},{"type":"Feature","geometry":{"type":"Point","coordinates":[24.020692,49.887966]},"properties":{"name":"Голосківський цвинтар (819)","lines":"46, 55","arr":["А46","А55"],"terminus":1,"mode":"bus","color":"#0059a9","colorDark":"#00294f","angle":215,"snapDist":2,"label":1}},{"type":"Feature","geometry":{"type":"Point","coordinates":[24.026525,49.886482]},"properties":{"name":"Центр протезування (836)","lines":"46, 55","arr":["А46","А55"],"terminus":0,"mode":"bus","color":"#0059a9","colorDark":"#00294f","angle":197.3,"snapDist":6,"label":1}},{"type":"Feature","geometry":{"type":"Point","coordinates":[24.030114,49.884432]},"properties":{"name":"Голосківський цвинтар, 36 поле (818)","lines":"46, 55","arr":["А46","А55"],"terminus":0,"mode":"bus","color":"#0059a9","colorDark":"#00294f","angle":256.3,"snapDist":2,"label":1}},{"type":"Feature","geometry":{"type":"Point","coordinates":[24.033292,49.880706]},"properties":{"name":"Незламні (850)","lines":"46","arr":["А46"],"terminus":0,"mode":"bus","color":"#0059a9","colorDark":"#00294f","angle":215.7,"snapDist":8,"label":1}},{"type":"Feature","geometry":{"type":"Point","coordinates":[24.065963,49.787621]},"properties":{"name":"Коломийська - Трильовського (410)","lines":"46","arr":["А46"],"terminus":0,"mode":"bus","color":"#0059a9","colorDark":"#00294f","angle":342.4,"snapDist":6,"label":1}},{"type":"Feature","geometry":{"type":"Point","coordinates":[24.061052,49.787987]},"properties":{"name":"Коломийська (409)","lines":"46","arr":["А46"],"terminus":0,"mode":"bus","color":"#0059a9","colorDark":"#00294f","angle":359.6,"snapDist":6,"label":1}},{"type":"Feature","geometry":{"type":"Point","coordinates":[23.976464,49.818368]},"properties":{"name":"Насінна (774)","lines":"51","arr":["А51"],"terminus":0,"mode":"bus","color":"#0059a9","colorDark":"#00294f","angle":157.9,"snapDist":7,"label":1}},{"type":"Feature","geometry":{"type":"Point","coordinates":[23.979454,49.821848]},"properties":{"name":"Точинського (174)","lines":"51","arr":["А51"],"terminus":0,"mode":"bus","color":"#0059a9","colorDark":"#00294f","angle":244.9,"snapDist":5,"label":1}},{"type":"Feature","geometry":{"type":"Point","coordinates":[23.977029,49.818516]},"properties":{"name":"Насінна (773)","lines":"51","arr":["А51"],"terminus":0,"mode":"bus","color":"#0059a9","colorDark":"#00294f","angle":337.9,"snapDist":8,"label":1}},{"type":"Feature","geometry":{"type":"Point","coordinates":[23.972712,49.817377]},"properties":{"name":"Скнилівський парк (772)","lines":"51","arr":["А51"],"terminus":0,"mode":"bus","color":"#0059a9","colorDark":"#00294f","angle":337.9,"snapDist":9,"label":1}},{"type":"Feature","geometry":{"type":"Point","coordinates":[23.979705,49.806015]},"properties":{"name":"Вікторія Гарденс (866)","lines":"51","arr":["А51"],"terminus":1,"mode":"bus","color":"#0059a9","colorDark":"#00294f","angle":8.8,"snapDist":2,"label":1}},{"type":"Feature","geometry":{"type":"Point","coordinates":[23.86067,49.842661]},"properties":{"name":"Рудно, Семінарія (1129)","lines":"52, 84","arr":["А52","А84"],"terminus":1,"mode":"bus","color":"#0059a9","colorDark":"#00294f","angle":225.6,"snapDist":4,"label":1}},{"type":"Feature","geometry":{"type":"Point","coordinates":[23.865555,49.840319]},"properties":{"name":"Рудно, Шевченка (1127)","lines":"52, 84","arr":["А52","А84"],"terminus":0,"mode":"bus","color":"#0059a9","colorDark":"#00294f","angle":214.8,"snapDist":3,"label":1}},{"type":"Feature","geometry":{"type":"Point","coordinates":[23.863858,49.838426]},"properties":{"name":"Рудно, Лисенка (1123)","lines":"52, 84","arr":["А52","А84"],"terminus":0,"mode":"bus","color":"#0059a9","colorDark":"#00294f","angle":305,"snapDist":3,"label":1}},{"type":"Feature","geometry":{"type":"Point","coordinates":[23.868364,49.838069]},"properties":{"name":"Рудно, Стадіон (1121)","lines":"52, 84","arr":["А52","А84"],"terminus":0,"mode":"bus","color":"#0059a9","colorDark":"#00294f","angle":185,"snapDist":7,"label":1}},{"type":"Feature","geometry":{"type":"Point","coordinates":[23.873377,49.837052]},"properties":{"name":"Рудно, Народний дім (1119)","lines":"52, 84","arr":["А52","А84"],"terminus":0,"mode":"bus","color":"#0059a9","colorDark":"#00294f","angle":218.7,"snapDist":10,"label":1}},{"type":"Feature","geometry":{"type":"Point","coordinates":[23.876764,49.835547]},"properties":{"name":"Рудно, Володимира Великого (1117)","lines":"52, 84","arr":["А52","А84"],"terminus":0,"mode":"bus","color":"#0059a9","colorDark":"#00294f","angle":214,"snapDist":11,"label":1}},{"type":"Feature","geometry":{"type":"Point","coordinates":[23.878247,49.836426]},"properties":{"name":"Рудно, Центральна (1112)","lines":"52","arr":["А52"],"terminus":0,"mode":"bus","color":"#0059a9","colorDark":"#00294f","angle":89.5,"snapDist":3,"label":1}},{"type":"Feature","geometry":{"type":"Point","coordinates":[23.8848,49.837527]},"properties":{"name":"Рудно, Лугова (1110)","lines":"52","arr":["А52"],"terminus":0,"mode":"bus","color":"#0059a9","colorDark":"#00294f","angle":92.8,"snapDist":3,"label":1}},{"type":"Feature","geometry":{"type":"Point","coordinates":[23.886948,49.839731]},"properties":{"name":"Рудно, Лесі Українки (1107)","lines":"52","arr":["А52"],"terminus":0,"mode":"bus","color":"#0059a9","colorDark":"#00294f","angle":154.7,"snapDist":5,"label":1}},{"type":"Feature","geometry":{"type":"Point","coordinates":[23.890878,49.839561]},"properties":{"name":"Рудно, Мазепи (1105)","lines":"52","arr":["А52"],"terminus":0,"mode":"bus","color":"#0059a9","colorDark":"#00294f","angle":212,"snapDist":5,"label":1}},{"type":"Feature","geometry":{"type":"Point","coordinates":[23.89551,49.838262]},"properties":{"name":"Рудно, Коновальця (1103)","lines":"52","arr":["А52"],"terminus":0,"mode":"bus","color":"#0059a9","colorDark":"#00294f","angle":176.4,"snapDist":6,"label":1}},{"type":"Feature","geometry":{"type":"Point","coordinates":[23.899141,49.838923]},"properties":{"name":"Рудно, Кільцева (1101)","lines":"52","arr":["А52"],"terminus":0,"mode":"bus","color":"#0059a9","colorDark":"#00294f","angle":247.1,"snapDist":6,"label":1}},{"type":"Feature","geometry":{"type":"Point","coordinates":[23.95849,49.828895]},"properties":{"name":"Вільхова (104)","lines":"52, 84, 27","arr":["А52","А84","Тр27"],"terminus":0,"mode":"bus","color":"#0059a9","colorDark":"#00294f","angle":164.5,"snapDist":7,"label":1}},{"type":"Feature","geometry":{"type":"Point","coordinates":[23.964635,49.830018]},"properties":{"name":"Вівсяна (101)","lines":"52, 84, 27","arr":["А52","А84","Тр27"],"terminus":0,"mode":"bus","color":"#0059a9","colorDark":"#00294f","angle":164.2,"snapDist":6,"label":1}},{"type":"Feature","geometry":{"type":"Point","coordinates":[24.01949,49.856134]},"properties":{"name":"Окуневського (596)","lines":"52","arr":["А52"],"terminus":0,"mode":"bus","color":"#0059a9","colorDark":"#00294f","angle":336.1,"snapDist":10,"label":1}},{"type":"Feature","geometry":{"type":"Point","coordinates":[24.014381,49.855058]},"properties":{"name":"Бальзака (621)","lines":"52","arr":["А52"],"terminus":0,"mode":"bus","color":"#0059a9","colorDark":"#00294f","angle":84.3,"snapDist":7,"label":1}},{"type":"Feature","geometry":{"type":"Point","coordinates":[24.011591,49.85785]},"properties":{"name":"Струмок (622)","lines":"52","arr":["А52"],"terminus":0,"mode":"bus","color":"#0059a9","colorDark":"#00294f","angle":58.8,"snapDist":3,"label":1}},{"type":"Feature","geometry":{"type":"Point","coordinates":[24.007557,49.862152]},"properties":{"name":"Панча (627)","lines":"52","arr":["А52"],"terminus":0,"mode":"bus","color":"#0059a9","colorDark":"#00294f","angle":70.6,"snapDist":7,"label":1}},{"type":"Feature","geometry":{"type":"Point","coordinates":[23.966924,49.830431]},"properties":{"name":"Мотозавод (97)","lines":"52, 84, 27","arr":["А52","А84","Тр27"],"terminus":0,"mode":"bus","color":"#0059a9","colorDark":"#00294f","angle":344.5,"snapDist":5,"label":1}},{"type":"Feature","geometry":{"type":"Point","coordinates":[23.962884,49.829696]},"properties":{"name":"Вівсяна (98)","lines":"52, 84, 27","arr":["А52","А84","Тр27"],"terminus":0,"mode":"bus","color":"#0059a9","colorDark":"#00294f","angle":343.3,"snapDist":4,"label":1}},{"type":"Feature","geometry":{"type":"Point","coordinates":[23.956957,49.828615]},"properties":{"name":"Вільхова (99)","lines":"52, 84, 27","arr":["А52","А84","Тр27"],"terminus":0,"mode":"bus","color":"#0059a9","colorDark":"#00294f","angle":344.2,"snapDist":2,"label":1}},{"type":"Feature","geometry":{"type":"Point","coordinates":[23.899096,49.838992]},"properties":{"name":"Рудно, Кільцева (1102)","lines":"52","arr":["А52"],"terminus":0,"mode":"bus","color":"#0059a9","colorDark":"#00294f","angle":67.1,"snapDist":2,"label":1}},{"type":"Feature","geometry":{"type":"Point","coordinates":[23.895462,49.83826]},"properties":{"name":"Рудно, Коновальця (1104)","lines":"52","arr":["А52"],"terminus":0,"mode":"bus","color":"#0059a9","colorDark":"#00294f","angle":356.4,"snapDist":5,"label":1}},{"type":"Feature","geometry":{"type":"Point","coordinates":[23.890781,49.8396]},"properties":{"name":"Рудно, Мазепи (1106)","lines":"52","arr":["А52"],"terminus":0,"mode":"bus","color":"#0059a9","colorDark":"#00294f","angle":32,"snapDist":1,"label":1}},{"type":"Feature","geometry":{"type":"Point","coordinates":[23.8869,49.839717]},"properties":{"name":"Рудно, Лесі Українки (1108)","lines":"52","arr":["А52"],"terminus":0,"mode":"bus","color":"#0059a9","colorDark":"#00294f","angle":334.7,"snapDist":2,"label":1}},{"type":"Feature","geometry":{"type":"Point","coordinates":[23.877045,49.839667]},"properties":{"name":"Рудно, Нагірних (1125)","lines":"52","arr":["А52"],"terminus":0,"mode":"bus","color":"#0059a9","colorDark":"#00294f","angle":4.4,"snapDist":1,"label":1}},{"type":"Feature","geometry":{"type":"Point","coordinates":[23.874665,49.839783]},"properties":{"name":"Рудно, Амбулаторія (1131)","lines":"52","arr":["А52"],"terminus":0,"mode":"bus","color":"#0059a9","colorDark":"#00294f","angle":4,"snapDist":5,"label":1}},{"type":"Feature","geometry":{"type":"Point","coordinates":[23.869837,49.840046]},"properties":{"name":"Рудно, Купера (1132)","lines":"52","arr":["А52"],"terminus":0,"mode":"bus","color":"#0059a9","colorDark":"#00294f","angle":4.2,"snapDist":4,"label":1}},{"type":"Feature","geometry":{"type":"Point","coordinates":[23.865161,49.840496]},"properties":{"name":"Рудно, Шевченка (1128)","lines":"52, 84","arr":["А52","А84"],"terminus":0,"mode":"bus","color":"#0059a9","colorDark":"#00294f","angle":34.8,"snapDist":0,"label":1}},{"type":"Feature","geometry":{"type":"Point","coordinates":[23.860691,49.842647]},"properties":{"name":"Рудно, Семінарія (1130)","lines":"52, 84","arr":["А52","А84"],"terminus":1,"mode":"bus","color":"#0059a9","colorDark":"#00294f","angle":45.6,"snapDist":2,"label":1}},{"type":"Feature","geometry":{"type":"Point","coordinates":[24.025286,49.817741]},"properties":{"name":"Католицький університет (402)","lines":"53","arr":["А53"],"terminus":0,"mode":"bus","color":"#0059a9","colorDark":"#00294f","angle":64,"snapDist":6,"label":1}},{"type":"Feature","geometry":{"type":"Point","coordinates":[24.027398,49.820419]},"properties":{"name":"Карманського (401)","lines":"53","arr":["А53"],"terminus":0,"mode":"bus","color":"#0059a9","colorDark":"#00294f","angle":125.9,"snapDist":8,"label":1}},{"type":"Feature","geometry":{"type":"Point","coordinates":[24.032465,49.822212]},"properties":{"name":"Музей Франка (713)","lines":"53","arr":["А53"],"terminus":0,"mode":"bus","color":"#0059a9","colorDark":"#00294f","angle":161.8,"snapDist":10,"label":1}},{"type":"Feature","geometry":{"type":"Point","coordinates":[24.034052,49.827065]},"properties":{"name":"Стрийський парк (28)","lines":"53","arr":["А53"],"terminus":0,"mode":"bus","color":"#0059a9","colorDark":"#00294f","angle":193.6,"snapDist":8,"label":1}},{"type":"Feature","geometry":{"type":"Point","coordinates":[24.032182,49.829226]},"properties":{"name":"Стрийський ринок (32)","lines":"53","arr":["А53"],"terminus":0,"mode":"bus","color":"#0059a9","colorDark":"#00294f","angle":43.1,"snapDist":1,"label":1}},{"type":"Feature","geometry":{"type":"Point","coordinates":[24.034322,49.834424]},"properties":{"name":"Саксаганського (35)","lines":"53","arr":["А53"],"terminus":0,"mode":"bus","color":"#0059a9","colorDark":"#00294f","angle":102.4,"snapDist":1,"label":1}},{"type":"Feature","geometry":{"type":"Point","coordinates":[24.031606,49.829701]},"properties":{"name":"Площа Франка (311)","lines":"53","arr":["А53"],"terminus":0,"mode":"bus","color":"#0059a9","colorDark":"#00294f","angle":271.9,"snapDist":2,"label":1}},{"type":"Feature","geometry":{"type":"Point","coordinates":[24.033465,49.825955]},"properties":{"name":"Стрийський парк (706)","lines":"53","arr":["А53"],"terminus":0,"mode":"bus","color":"#0059a9","colorDark":"#00294f","angle":280.2,"snapDist":5,"label":1}},{"type":"Feature","geometry":{"type":"Point","coordinates":[24.032289,49.822175]},"properties":{"name":"Музей Франка (33)","lines":"53","arr":["А53"],"terminus":0,"mode":"bus","color":"#0059a9","colorDark":"#00294f","angle":341.8,"snapDist":7,"label":1}},{"type":"Feature","geometry":{"type":"Point","coordinates":[24.027402,49.820423]},"properties":{"name":"Карманського (38)","lines":"53","arr":["А53"],"terminus":0,"mode":"bus","color":"#0059a9","colorDark":"#00294f","angle":305.9,"snapDist":4,"label":1}},{"type":"Feature","geometry":{"type":"Point","coordinates":[24.025323,49.817558]},"properties":{"name":"Католицький університет (301)","lines":"53","arr":["А53"],"terminus":0,"mode":"bus","color":"#0059a9","colorDark":"#00294f","angle":221.1,"snapDist":2,"label":1}},{"type":"Feature","geometry":{"type":"Point","coordinates":[24.03013,49.815667]},"properties":{"name":"Енергетична (712)","lines":"53","arr":["А53"],"terminus":0,"mode":"bus","color":"#0059a9","colorDark":"#00294f","angle":205.9,"snapDist":8,"label":1}},{"type":"Feature","geometry":{"type":"Point","coordinates":[24.018124,49.900221]},"properties":{"name":"Збиранка, Центр (1442)","lines":"55","arr":["А55"],"terminus":1,"mode":"bus","color":"#0059a9","colorDark":"#00294f","angle":265.4,"snapDist":1,"label":1}},{"type":"Feature","geometry":{"type":"Point","coordinates":[24.019881,49.893542]},"properties":{"name":"Збиранка, Цех (1444)","lines":"55","arr":["А55"],"terminus":0,"mode":"bus","color":"#0059a9","colorDark":"#00294f","angle":267.2,"snapDist":1,"label":1}},{"type":"Feature","geometry":{"type":"Point","coordinates":[24.019874,49.893637]},"properties":{"name":"Збиранка, Цех (1443)","lines":"55","arr":["А55"],"terminus":0,"mode":"bus","color":"#0059a9","colorDark":"#00294f","angle":87.2,"snapDist":3,"label":1}},{"type":"Feature","geometry":{"type":"Point","coordinates":[24.018316,49.900584]},"properties":{"name":"Збиранка.Центр (1441)","lines":"55","arr":["А55"],"terminus":1,"mode":"bus","color":"#0059a9","colorDark":"#00294f","angle":263.6,"snapDist":1,"label":1}},{"type":"Feature","geometry":{"type":"Point","coordinates":[24.061723,49.879817]},"properties":{"name":"Малехів, Жовківська (1204)","lines":"56, 58, 59, 62, 63","arr":["А56","А58","А59","А62","А63"],"terminus":0,"mode":"bus","color":"#0059a9","colorDark":"#00294f","angle":67.3,"snapDist":5,"label":1}},{"type":"Feature","geometry":{"type":"Point","coordinates":[24.059353,49.88572]},"properties":{"name":"Малехів, Кобилянської (1212)","lines":"56, 58, 59, 62, 63","arr":["А56","А58","А59","А62","А63"],"terminus":0,"mode":"bus","color":"#0059a9","colorDark":"#00294f","angle":90.5,"snapDist":1,"label":1}},{"type":"Feature","geometry":{"type":"Point","coordinates":[24.054449,49.90899]},"properties":{"name":"Великі Грибовичі, АЗС (1175)","lines":"56, 58, 59, 62, 63","arr":["А56","А58","А59","А62","А63"],"terminus":0,"mode":"bus","color":"#0059a9","colorDark":"#00294f","angle":80.4,"snapDist":3,"label":1}},{"type":"Feature","geometry":{"type":"Point","coordinates":[24.069448,49.910336]},"properties":{"name":"Великі Грибовичі, Офіс громади (1177)","lines":"56, 58, 59, 62, 63, 80","arr":["А56","А58","А59","А62","А63","А80"],"terminus":0,"mode":"bus","color":"#0059a9","colorDark":"#00294f","angle":183.8,"snapDist":1,"label":1}},{"type":"Feature","geometry":{"type":"Point","coordinates":[24.05393,49.911088]},"properties":{"name":"Великі Грибовичі (1171)","lines":"56","arr":["А56"],"terminus":0,"mode":"bus","color":"#0059a9","colorDark":"#00294f","angle":81.6,"snapDist":5,"label":1}},{"type":"Feature","geometry":{"type":"Point","coordinates":[24.063608,49.910667]},"properties":{"name":"Великі Грибовичі, Дублянська (1173)","lines":"56, 80","arr":["А56","А80"],"terminus":0,"mode":"bus","color":"#0059a9","colorDark":"#00294f","angle":186.7,"snapDist":6,"label":1}},{"type":"Feature","geometry":{"type":"Point","coordinates":[24.086548,49.904556]},"properties":{"name":"Дубляни, Центр (1312)","lines":"56, 80","arr":["А56","А80"],"terminus":1,"mode":"bus","color":"#0059a9","colorDark":"#00294f","angle":191.7,"snapDist":0,"label":1}},{"type":"Feature","geometry":{"type":"Point","coordinates":[24.086541,49.904557]},"properties":{"name":"Дубляни, Центр (1311)","lines":"56, 80","arr":["А56","А80"],"terminus":1,"mode":"bus","color":"#0059a9","colorDark":"#00294f","angle":11.7,"snapDist":5,"label":1}},{"type":"Feature","geometry":{"type":"Point","coordinates":[24.063732,49.910662]},"properties":{"name":"Великі Грибовичі, Дублянська (1174)","lines":"56, 80","arr":["А56","А80"],"terminus":0,"mode":"bus","color":"#0059a9","colorDark":"#00294f","angle":357.6,"snapDist":1,"label":1}},{"type":"Feature","geometry":{"type":"Point","coordinates":[24.054254,49.911428]},"properties":{"name":"Великі Грибовичі, Садова (1172)","lines":"56, 80","arr":["А56","А80"],"terminus":1,"mode":"bus","color":"#0059a9","colorDark":"#00294f","angle":0.9,"snapDist":1,"label":1}},{"type":"Feature","geometry":{"type":"Point","coordinates":[24.069293,49.910343]},"properties":{"name":"Великі Грибовичі, Офіс громади (1178)","lines":"56, 58, 59, 62, 63, 80","arr":["А56","А58","А59","А62","А63","А80"],"terminus":0,"mode":"bus","color":"#0059a9","colorDark":"#00294f","angle":183.8,"snapDist":2,"label":1}},{"type":"Feature","geometry":{"type":"Point","coordinates":[24.054333,49.90946]},"properties":{"name":"Великі Грибовичі, АЗС (1176)","lines":"56, 58, 59, 62, 63","arr":["А56","А58","А59","А62","А63"],"terminus":0,"mode":"bus","color":"#0059a9","colorDark":"#00294f","angle":261,"snapDist":3,"label":1}},{"type":"Feature","geometry":{"type":"Point","coordinates":[24.059354,49.885758]},"properties":{"name":"Малехів, Кобилянської (1211)","lines":"56, 58, 59, 62, 63","arr":["А56","А58","А59","А62","А63"],"terminus":0,"mode":"bus","color":"#0059a9","colorDark":"#00294f","angle":270.5,"snapDist":5,"label":1}},{"type":"Feature","geometry":{"type":"Point","coordinates":[24.061717,49.879825]},"properties":{"name":"Малехів, Жовківська (1203)","lines":"56, 58, 59, 62, 63","arr":["А56","А58","А59","А62","А63"],"terminus":0,"mode":"bus","color":"#0059a9","colorDark":"#00294f","angle":247.3,"snapDist":4,"label":1}},{"type":"Feature","geometry":{"type":"Point","coordinates":[24.058169,49.870948]},"properties":{"name":"Назарука (592)","lines":"56, 63","arr":["А56","А63"],"terminus":0,"mode":"bus","color":"#0059a9","colorDark":"#00294f","angle":297.1,"snapDist":8,"label":1}},{"type":"Feature","geometry":{"type":"Point","coordinates":[24.021175,49.79368]},"properties":{"name":"Максимовича (417)","lines":"57","arr":["А57"],"terminus":1,"mode":"bus","color":"#0059a9","colorDark":"#00294f","angle":16,"snapDist":42,"label":1}},{"type":"Feature","geometry":{"type":"Point","coordinates":[24.021405,49.850527]},"properties":{"name":"Ветеранів (727)","lines":"58, 59, 63","arr":["А58","А59","А63"],"terminus":1,"mode":"bus","color":"#0059a9","colorDark":"#00294f","angle":181.8,"snapDist":5,"label":1}},{"type":"Feature","geometry":{"type":"Point","coordinates":[24.040896,49.854856]},"properties":{"name":"Промислова (671)","lines":"58, 59","arr":["А58","А59"],"terminus":0,"mode":"bus","color":"#0059a9","colorDark":"#00294f","angle":109.5,"snapDist":2,"label":1}},{"type":"Feature","geometry":{"type":"Point","coordinates":[24.042704,49.858033]},"properties":{"name":"Трамвайне депо (676)","lines":"58, 59","arr":["А58","А59"],"terminus":0,"mode":"bus","color":"#0059a9","colorDark":"#00294f","angle":110.8,"snapDist":4,"label":1}},{"type":"Feature","geometry":{"type":"Point","coordinates":[24.043794,49.861146]},"properties":{"name":"Бізнес центр Український капітал (675)","lines":"58, 59","arr":["А58","А59"],"terminus":0,"mode":"bus","color":"#0059a9","colorDark":"#00294f","angle":97.1,"snapDist":2,"label":1}},{"type":"Feature","geometry":{"type":"Point","coordinates":[24.044409,49.864227]},"properties":{"name":"Липинського (678)","lines":"58, 59","arr":["А58","А59"],"terminus":0,"mode":"bus","color":"#0059a9","colorDark":"#00294f","angle":98.5,"snapDist":2,"label":1}},{"type":"Feature","geometry":{"type":"Point","coordinates":[24.051307,49.933767]},"properties":{"name":"Гряда, Шевченка (1261)","lines":"58, 59","arr":["А58","А59"],"terminus":0,"mode":"bus","color":"#0059a9","colorDark":"#00294f","angle":97.1,"snapDist":4,"label":1}},{"type":"Feature","geometry":{"type":"Point","coordinates":[24.052414,49.937932]},"properties":{"name":"Гряда, Смеречанського (1263)","lines":"58, 59","arr":["А58","А59"],"terminus":0,"mode":"bus","color":"#0059a9","colorDark":"#00294f","angle":101.6,"snapDist":4,"label":1}},{"type":"Feature","geometry":{"type":"Point","coordinates":[24.022714,49.953011]},"properties":{"name":"Зашків, Журавлина (1221)","lines":"58, 59","arr":["А58","А59"],"terminus":0,"mode":"bus","color":"#0059a9","colorDark":"#00294f","angle":17.5,"snapDist":4,"label":1}},{"type":"Feature","geometry":{"type":"Point","coordinates":[24.017481,49.954051]},"properties":{"name":"Зашків, Під липою (1223)","lines":"58, 59","arr":["А58","А59"],"terminus":0,"mode":"bus","color":"#0059a9","colorDark":"#00294f","angle":15.8,"snapDist":2,"label":1}},{"type":"Feature","geometry":{"type":"Point","coordinates":[24.008235,49.954769]},"properties":{"name":"Зашків, Бригада (1225)","lines":"58, 59","arr":["А58","А59"],"terminus":0,"mode":"bus","color":"#0059a9","colorDark":"#00294f","angle":12.1,"snapDist":1,"label":1}},{"type":"Feature","geometry":{"type":"Point","coordinates":[23.993819,49.954658]},"properties":{"name":"Зашків, Цвинтар (1231)","lines":"58, 59","arr":["А58","А59"],"terminus":0,"mode":"bus","color":"#0059a9","colorDark":"#00294f","angle":15.7,"snapDist":0,"label":1}},{"type":"Feature","geometry":{"type":"Point","coordinates":[23.990514,49.955179]},"properties":{"name":"Зашків, Музей Коновальця (1233)","lines":"58, 59","arr":["А58","А59"],"terminus":0,"mode":"bus","color":"#0059a9","colorDark":"#00294f","angle":11.7,"snapDist":7,"label":1}},{"type":"Feature","geometry":{"type":"Point","coordinates":[23.992016,49.950433]},"properties":{"name":"Зашків, Дитсадок (1237)","lines":"58","arr":["А58"],"terminus":0,"mode":"bus","color":"#0059a9","colorDark":"#00294f","angle":345.6,"snapDist":0,"label":1}},{"type":"Feature","geometry":{"type":"Point","coordinates":[23.987915,49.94504]},"properties":{"name":"Завадів, Джерело (1251)","lines":"58","arr":["А58"],"terminus":0,"mode":"bus","color":"#0059a9","colorDark":"#00294f","angle":341,"snapDist":4,"label":1}},{"type":"Feature","geometry":{"type":"Point","coordinates":[23.977429,49.946174]},"properties":{"name":"Завадів, Співоче поле (1253)","lines":"58","arr":["А58"],"terminus":0,"mode":"bus","color":"#0059a9","colorDark":"#00294f","angle":13.2,"snapDist":0,"label":1}},{"type":"Feature","geometry":{"type":"Point","coordinates":[23.970863,49.945859]},"properties":{"name":"Завадів, Центр (1255)","lines":"58","arr":["А58"],"terminus":0,"mode":"bus","color":"#0059a9","colorDark":"#00294f","angle":351.9,"snapDist":2,"label":1}},{"type":"Feature","geometry":{"type":"Point","coordinates":[23.966028,49.94566]},"properties":{"name":"Завадів, Народний дім (1257)","lines":"58","arr":["А58"],"terminus":1,"mode":"bus","color":"#0059a9","colorDark":"#00294f","angle":11.3,"snapDist":1,"label":1}},{"type":"Feature","geometry":{"type":"Point","coordinates":[23.966065,49.945656]},"properties":{"name":"Завадів, Народний дім (1258)","lines":"58","arr":["А58"],"terminus":1,"mode":"bus","color":"#0059a9","colorDark":"#00294f","angle":191.3,"snapDist":1,"label":1}},{"type":"Feature","geometry":{"type":"Point","coordinates":[23.970117,49.945806]},"properties":{"name":"Завадів, Центр (1256)","lines":"58","arr":["А58"],"terminus":0,"mode":"bus","color":"#0059a9","colorDark":"#00294f","angle":176.5,"snapDist":3,"label":1}},{"type":"Feature","geometry":{"type":"Point","coordinates":[23.978385,49.94603]},"properties":{"name":"Завадів, Співоче поле (1254)","lines":"58","arr":["А58"],"terminus":0,"mode":"bus","color":"#0059a9","colorDark":"#00294f","angle":193.2,"snapDist":5,"label":1}},{"type":"Feature","geometry":{"type":"Point","coordinates":[23.987892,49.945035]},"properties":{"name":"Завадів, Джерело (1252)","lines":"58","arr":["А58"],"terminus":0,"mode":"bus","color":"#0059a9","colorDark":"#00294f","angle":161,"snapDist":1,"label":1}},{"type":"Feature","geometry":{"type":"Point","coordinates":[23.991927,49.950418]},"properties":{"name":"Зашків, Дитсадок (1238)","lines":"58","arr":["А58"],"terminus":0,"mode":"bus","color":"#0059a9","colorDark":"#00294f","angle":165.6,"snapDist":3,"label":1}},{"type":"Feature","geometry":{"type":"Point","coordinates":[24.001798,49.954756]},"properties":{"name":"Зашків, ЦНАП (1230)","lines":"58, 59","arr":["А58","А59"],"terminus":0,"mode":"bus","color":"#0059a9","colorDark":"#00294f","angle":170.5,"snapDist":2,"label":1}},{"type":"Feature","geometry":{"type":"Point","coordinates":[24.008828,49.954687]},"properties":{"name":"Зашків, Бригада (1226)","lines":"58, 59","arr":["А58","А59"],"terminus":0,"mode":"bus","color":"#0059a9","colorDark":"#00294f","angle":192.1,"snapDist":7,"label":1}},{"type":"Feature","geometry":{"type":"Point","coordinates":[24.017464,49.954054]},"properties":{"name":"Зашків, Під липою (1224)","lines":"58, 59","arr":["А58","А59"],"terminus":0,"mode":"bus","color":"#0059a9","colorDark":"#00294f","angle":195.8,"snapDist":5,"label":1}},{"type":"Feature","geometry":{"type":"Point","coordinates":[24.022526,49.95305]},"properties":{"name":"Зашків, Журавлина (1222)","lines":"58, 59","arr":["А58","А59"],"terminus":0,"mode":"bus","color":"#0059a9","colorDark":"#00294f","angle":17.9,"snapDist":4,"label":1}},{"type":"Feature","geometry":{"type":"Point","coordinates":[24.052398,49.937881]},"properties":{"name":"Гряда, Смеречанського (1264)","lines":"58, 59","arr":["А58","А59"],"terminus":0,"mode":"bus","color":"#0059a9","colorDark":"#00294f","angle":101.1,"snapDist":1,"label":1}},{"type":"Feature","geometry":{"type":"Point","coordinates":[24.051257,49.933456]},"properties":{"name":"Гряда, Шевченка (1262)","lines":"58, 59","arr":["А58","А59"],"terminus":0,"mode":"bus","color":"#0059a9","colorDark":"#00294f","angle":274,"snapDist":4,"label":1}},{"type":"Feature","geometry":{"type":"Point","coordinates":[23.996677,49.953074]},"properties":{"name":"Зашків, Млинівка (1236)","lines":"58","arr":["А58"],"terminus":0,"mode":"bus","color":"#0059a9","colorDark":"#00294f","angle":91,"snapDist":3,"label":1}},{"type":"Feature","geometry":{"type":"Point","coordinates":[23.99391,49.954642]},"properties":{"name":"Зашків, Цвинтар (1232)","lines":"58, 59","arr":["А58","А59"],"terminus":0,"mode":"bus","color":"#0059a9","colorDark":"#00294f","angle":15.7,"snapDist":1,"label":1}},{"type":"Feature","geometry":{"type":"Point","coordinates":[24.054682,49.946459]},"properties":{"name":"Великий Дорошів, поворт на Зашків (1212)","lines":"58","arr":["А58"],"terminus":0,"mode":"bus","color":"#0059a9","colorDark":"#00294f","angle":276.5,"snapDist":4,"label":1}},{"type":"Feature","geometry":{"type":"Point","coordinates":[24.054774,49.946977]},"properties":{"name":"Великий Дорошів, поворот на Зашків (1211)","lines":"59","arr":["А59"],"terminus":0,"mode":"bus","color":"#0059a9","colorDark":"#00294f","angle":96.5,"snapDist":10,"label":1}},{"type":"Feature","geometry":{"type":"Point","coordinates":[24.000697,49.954648]},"properties":{"name":"Зашків, ЦНАП (1229)","lines":"59","arr":["А59"],"terminus":0,"mode":"bus","color":"#0059a9","colorDark":"#00294f","angle":353.1,"snapDist":0,"label":1}},{"type":"Feature","geometry":{"type":"Point","coordinates":[24.00487,49.974673]},"properties":{"name":"Зарудці, Урожайна (1271)","lines":"59","arr":["А59"],"terminus":0,"mode":"bus","color":"#0059a9","colorDark":"#00294f","angle":320.9,"snapDist":4,"label":1}},{"type":"Feature","geometry":{"type":"Point","coordinates":[23.989323,49.972844]},"properties":{"name":"Зарудці, Біля Озимка (1273)","lines":"59","arr":["А59"],"terminus":1,"mode":"bus","color":"#0059a9","colorDark":"#00294f","angle":359.5,"snapDist":3,"label":1}},{"type":"Feature","geometry":{"type":"Point","coordinates":[23.974553,49.971672]},"properties":{"name":"Зарудці, Церква (1276)","lines":"59","arr":["А59"],"terminus":1,"mode":"bus","color":"#0059a9","colorDark":"#00294f","angle":163.5,"snapDist":27,"label":1}},{"type":"Feature","geometry":{"type":"Point","coordinates":[23.98938,49.972845]},"properties":{"name":"Зарудці, Біля Озимка (1274)","lines":"59","arr":["А59"],"terminus":0,"mode":"bus","color":"#0059a9","colorDark":"#00294f","angle":179.5,"snapDist":2,"label":1}},{"type":"Feature","geometry":{"type":"Point","coordinates":[24.005606,49.975058]},"properties":{"name":"Зарудці, Урожайна (1272)","lines":"59","arr":["А59"],"terminus":0,"mode":"bus","color":"#0059a9","colorDark":"#00294f","angle":140.9,"snapDist":3,"label":1}},{"type":"Feature","geometry":{"type":"Point","coordinates":[24.120667,49.926191]},"properties":{"name":"Ситихів, Народний дім (1351)","lines":"60","arr":["А60"],"terminus":1,"mode":"bus","color":"#0059a9","colorDark":"#00294f","angle":186.4,"snapDist":1,"label":1}},{"type":"Feature","geometry":{"type":"Point","coordinates":[24.154383,49.921866]},"properties":{"name":"Малі Підліски, Шевченка (1348)","lines":"60","arr":["А60"],"terminus":0,"mode":"bus","color":"#0059a9","colorDark":"#00294f","angle":255.5,"snapDist":2,"label":1}},{"type":"Feature","geometry":{"type":"Point","coordinates":[24.159948,49.918302]},"properties":{"name":"Малі Підліски, Школа (1342)","lines":"60","arr":["А60"],"terminus":0,"mode":"bus","color":"#0059a9","colorDark":"#00294f","angle":289.7,"snapDist":8,"label":1}},{"type":"Feature","geometry":{"type":"Point","coordinates":[24.155679,49.919887]},"properties":{"name":"Малі Підліски, Південна (1346)","lines":"60","arr":["А60"],"terminus":0,"mode":"bus","color":"#0059a9","colorDark":"#00294f","angle":173.7,"snapDist":2,"label":1}},{"type":"Feature","geometry":{"type":"Point","coordinates":[24.155924,49.919918]},"properties":{"name":"Малі Підліски, Південна (1345)","lines":"60","arr":["А60"],"terminus":0,"mode":"bus","color":"#0059a9","colorDark":"#00294f","angle":345.7,"snapDist":0,"label":1}},{"type":"Feature","geometry":{"type":"Point","coordinates":[24.160175,49.918765]},"properties":{"name":"Малі Підліски, Школа (1344)","lines":"60","arr":["А60"],"terminus":0,"mode":"bus","color":"#0059a9","colorDark":"#00294f","angle":107.9,"snapDist":4,"label":1}},{"type":"Feature","geometry":{"type":"Point","coordinates":[24.154074,49.922298]},"properties":{"name":"Малі Підліски, Шевченка (1347)","lines":"60","arr":["А60"],"terminus":0,"mode":"bus","color":"#0059a9","colorDark":"#00294f","angle":55.8,"snapDist":1,"label":1}},{"type":"Feature","geometry":{"type":"Point","coordinates":[24.122638,49.926085]},"properties":{"name":"Ситихів, Народний дім (1352)","lines":"60","arr":["А60"],"terminus":1,"mode":"bus","color":"#0059a9","colorDark":"#00294f","angle":1.5,"snapDist":2,"label":1}},{"type":"Feature","geometry":{"type":"Point","coordinates":[23.873722,49.875988]},"properties":{"name":"Підрясне, Смерекова (1424)","lines":"61","arr":["А61"],"terminus":1,"mode":"bus","color":"#0059a9","colorDark":"#00294f","angle":186.9,"snapDist":6,"label":1}},{"type":"Feature","geometry":{"type":"Point","coordinates":[23.881223,49.875384]},"properties":{"name":"Підрясне, Шевченка (1422)","lines":"61","arr":["А61"],"terminus":0,"mode":"bus","color":"#0059a9","colorDark":"#00294f","angle":187.4,"snapDist":8,"label":1}},{"type":"Feature","geometry":{"type":"Point","coordinates":[23.906247,49.873658]},"properties":{"name":"Рясне-Руське, Школа (1404)","lines":"61","arr":["А61"],"terminus":0,"mode":"bus","color":"#0059a9","colorDark":"#00294f","angle":177.8,"snapDist":7,"label":1}},{"type":"Feature","geometry":{"type":"Point","coordinates":[23.911892,49.873687]},"properties":{"name":"Рясне-Руське, Вишняк (1402)","lines":"61","arr":["А61"],"terminus":0,"mode":"bus","color":"#0059a9","colorDark":"#00294f","angle":183.3,"snapDist":4,"label":1}},{"type":"Feature","geometry":{"type":"Point","coordinates":[24.107039,49.842828]},"properties":{"name":"Лисиничі, Гайдамацька (1192)","lines":"61","arr":["А61"],"terminus":0,"mode":"bus","color":"#0059a9","colorDark":"#00294f","angle":160.5,"snapDist":6,"label":1}},{"type":"Feature","geometry":{"type":"Point","coordinates":[24.119881,49.843595]},"properties":{"name":"Лисиничі, Цвинтар (1189)","lines":"61","arr":["А61"],"terminus":0,"mode":"bus","color":"#0059a9","colorDark":"#00294f","angle":167.9,"snapDist":4,"label":1}},{"type":"Feature","geometry":{"type":"Point","coordinates":[24.130856,49.84328]},"properties":{"name":"Підбірці, Сонячна (1392)","lines":"61","arr":["А61"],"terminus":0,"mode":"bus","color":"#0059a9","colorDark":"#00294f","angle":197.6,"snapDist":8,"label":1}},{"type":"Feature","geometry":{"type":"Point","coordinates":[24.133556,49.84308]},"properties":{"name":"Підбірці, Злуки (1381)","lines":"61","arr":["А61"],"terminus":0,"mode":"bus","color":"#0059a9","colorDark":"#00294f","angle":174.6,"snapDist":2,"label":1}},{"type":"Feature","geometry":{"type":"Point","coordinates":[24.137816,49.846255]},"properties":{"name":"Підбірці, Залізнична (1383)","lines":"61","arr":["А61"],"terminus":0,"mode":"bus","color":"#0059a9","colorDark":"#00294f","angle":179.7,"snapDist":4,"label":1}},{"type":"Feature","geometry":{"type":"Point","coordinates":[24.145161,49.845721]},"properties":{"name":"Підбірці, Київська (1385)","lines":"61","arr":["А61"],"terminus":0,"mode":"bus","color":"#0059a9","colorDark":"#00294f","angle":197.5,"snapDist":3,"label":1}},{"type":"Feature","geometry":{"type":"Point","coordinates":[24.15236,49.844717]},"properties":{"name":"Підбірці, Арго (1387)","lines":"61","arr":["А61"],"terminus":0,"mode":"bus","color":"#0059a9","colorDark":"#00294f","angle":175.9,"snapDist":4,"label":1}},{"type":"Feature","geometry":{"type":"Point","coordinates":[24.155299,49.844938]},"properties":{"name":"Підбірці, Просвіти (1394)","lines":"61","arr":["А61"],"terminus":0,"mode":"bus","color":"#0059a9","colorDark":"#00294f","angle":177.8,"snapDist":2,"label":1}},{"type":"Feature","geometry":{"type":"Point","coordinates":[24.160471,49.844126]},"properties":{"name":"Підбірці, Народний дім (1389)","lines":"61","arr":["А61"],"terminus":1,"mode":"bus","color":"#0059a9","colorDark":"#00294f","angle":192.2,"snapDist":2,"label":1}},{"type":"Feature","geometry":{"type":"Point","coordinates":[24.159891,49.844205]},"properties":{"name":"Підбірці, Народний дім (1390)","lines":"61","arr":["А61"],"terminus":1,"mode":"bus","color":"#0059a9","colorDark":"#00294f","angle":11.5,"snapDist":1,"label":1}},{"type":"Feature","geometry":{"type":"Point","coordinates":[24.155464,49.844942]},"properties":{"name":"Підбірці, Просвіти (1391)","lines":"61","arr":["А61"],"terminus":0,"mode":"bus","color":"#0059a9","colorDark":"#00294f","angle":357.8,"snapDist":2,"label":1}},{"type":"Feature","geometry":{"type":"Point","coordinates":[24.152533,49.844725]},"properties":{"name":"Підбірці, Арго (1388)","lines":"61","arr":["А61"],"terminus":0,"mode":"bus","color":"#0059a9","colorDark":"#00294f","angle":351.7,"snapDist":0,"label":1}},{"type":"Feature","geometry":{"type":"Point","coordinates":[24.144404,49.84587]},"properties":{"name":"Підбірці, Київська (1386)","lines":"61","arr":["А61"],"terminus":0,"mode":"bus","color":"#0059a9","colorDark":"#00294f","angle":16.7,"snapDist":1,"label":1}},{"type":"Feature","geometry":{"type":"Point","coordinates":[24.137059,49.846253]},"properties":{"name":"Підбірці, Залізнична (1384)","lines":"61","arr":["А61"],"terminus":0,"mode":"bus","color":"#0059a9","colorDark":"#00294f","angle":359.7,"snapDist":2,"label":1}},{"type":"Feature","geometry":{"type":"Point","coordinates":[24.132933,49.843042]},"properties":{"name":"Підбірці, Злуки (1382)","lines":"61","arr":["А61"],"terminus":0,"mode":"bus","color":"#0059a9","colorDark":"#00294f","angle":354.6,"snapDist":3,"label":1}},{"type":"Feature","geometry":{"type":"Point","coordinates":[24.130566,49.843343]},"properties":{"name":"Підбірці, Сонячна (1393)","lines":"61","arr":["А61"],"terminus":0,"mode":"bus","color":"#0059a9","colorDark":"#00294f","angle":19.7,"snapDist":4,"label":1}},{"type":"Feature","geometry":{"type":"Point","coordinates":[24.120584,49.84369]},"properties":{"name":"Лисиничі, Цвинтар (1190)","lines":"61","arr":["А61"],"terminus":0,"mode":"bus","color":"#0059a9","colorDark":"#00294f","angle":348.6,"snapDist":6,"label":1}},{"type":"Feature","geometry":{"type":"Point","coordinates":[23.91146,49.873703]},"properties":{"name":"Рясне-Руське, Вишняк (1401)","lines":"61","arr":["А61"],"terminus":0,"mode":"bus","color":"#0059a9","colorDark":"#00294f","angle":3.3,"snapDist":2,"label":1}},{"type":"Feature","geometry":{"type":"Point","coordinates":[23.905565,49.873642]},"properties":{"name":"Рясне-Руське, Школа (1403)","lines":"61","arr":["А61"],"terminus":0,"mode":"bus","color":"#0059a9","colorDark":"#00294f","angle":358.2,"snapDist":4,"label":1}},{"type":"Feature","geometry":{"type":"Point","coordinates":[23.880432,49.87545]},"properties":{"name":"Підрясне, Шевченка (1421)","lines":"61","arr":["А61"],"terminus":0,"mode":"bus","color":"#0059a9","colorDark":"#00294f","angle":7.4,"snapDist":2,"label":1}},{"type":"Feature","geometry":{"type":"Point","coordinates":[23.873517,49.876005]},"properties":{"name":"Підрясне, М10 (1423)","lines":"61","arr":["А61"],"terminus":1,"mode":"bus","color":"#0059a9","colorDark":"#00294f","angle":7.8,"snapDist":5,"label":1}},{"type":"Feature","geometry":{"type":"Point","coordinates":[24.032971,49.852183]},"properties":{"name":"Залізничний вокзал Підзамче (312)","lines":"62","arr":["А62"],"terminus":1,"mode":"bus","color":"#0059a9","colorDark":"#00294f","angle":66.6,"snapDist":1,"label":1}},{"type":"Feature","geometry":{"type":"Point","coordinates":[24.04438,49.912442]},"properties":{"name":"Великі Грибовичі, Переїзд (1161)","lines":"62","arr":["А62"],"terminus":0,"mode":"bus","color":"#0059a9","colorDark":"#00294f","angle":4.3,"snapDist":4,"label":1}},{"type":"Feature","geometry":{"type":"Point","coordinates":[24.037407,49.911586]},"properties":{"name":"Великі Грибовичі, Церква (1163)","lines":"62","arr":["А62"],"terminus":0,"mode":"bus","color":"#0059a9","colorDark":"#00294f","angle":337.6,"snapDist":2,"label":1}},{"type":"Feature","geometry":{"type":"Point","coordinates":[24.030668,49.912015]},"properties":{"name":"Великі Грибовичі, Дачі (1165)","lines":"62","arr":["А62"],"terminus":0,"mode":"bus","color":"#0059a9","colorDark":"#00294f","angle":5.1,"snapDist":2,"label":1}},{"type":"Feature","geometry":{"type":"Point","coordinates":[24.017751,49.912536]},"properties":{"name":"Малі Грибовичі, Школа(1291)","lines":"62","arr":["А62"],"terminus":0,"mode":"bus","color":"#0059a9","colorDark":"#00294f","angle":33,"snapDist":1,"label":1}},{"type":"Feature","geometry":{"type":"Point","coordinates":[24.012755,49.918399]},"properties":{"name":"Малі Грибовичі, Центр (1293)","lines":"62","arr":["А62"],"terminus":1,"mode":"bus","color":"#0059a9","colorDark":"#00294f","angle":107.2,"snapDist":3,"label":1}},{"type":"Feature","geometry":{"type":"Point","coordinates":[24.012703,49.91809]},"properties":{"name":"Малі Грибовичі, Центр (1294)","lines":"62","arr":["А62"],"terminus":1,"mode":"bus","color":"#0059a9","colorDark":"#00294f","angle":271.8,"snapDist":6,"label":1}},{"type":"Feature","geometry":{"type":"Point","coordinates":[24.017758,49.912533]},"properties":{"name":"Малі Грибовичі, Школа (1292)","lines":"62","arr":["А62"],"terminus":0,"mode":"bus","color":"#0059a9","colorDark":"#00294f","angle":213,"snapDist":3,"label":1}},{"type":"Feature","geometry":{"type":"Point","coordinates":[24.030419,49.912029]},"properties":{"name":"Великі Грибовичі, Дачі (1166)","lines":"62","arr":["А62"],"terminus":0,"mode":"bus","color":"#0059a9","colorDark":"#00294f","angle":184.7,"snapDist":3,"label":1}},{"type":"Feature","geometry":{"type":"Point","coordinates":[24.037793,49.911679]},"properties":{"name":"Великі Грибовичі, Церква (1164)","lines":"62","arr":["А62"],"terminus":0,"mode":"bus","color":"#0059a9","colorDark":"#00294f","angle":159.9,"snapDist":3,"label":1}},{"type":"Feature","geometry":{"type":"Point","coordinates":[24.044162,49.912351]},"properties":{"name":"Великі Грибовичі, Переїзд (1162)","lines":"62","arr":["А62"],"terminus":0,"mode":"bus","color":"#0059a9","colorDark":"#00294f","angle":94,"snapDist":2,"label":1}},{"type":"Feature","geometry":{"type":"Point","coordinates":[24.04579,49.933831]},"properties":{"name":"Гряда, Центр (1266)","lines":"63","arr":["А63"],"terminus":0,"mode":"bus","color":"#0059a9","colorDark":"#00294f","angle":11.3,"snapDist":4,"label":1}},{"type":"Feature","geometry":{"type":"Point","coordinates":[24.03956,49.93448]},"properties":{"name":"Гряда, Школа (1268)","lines":"63","arr":["А63"],"terminus":0,"mode":"bus","color":"#0059a9","colorDark":"#00294f","angle":7.9,"snapDist":4,"label":1}},{"type":"Feature","geometry":{"type":"Point","coordinates":[24.031222,49.935098]},"properties":{"name":"Гряда, Палац (1270)","lines":"63","arr":["А63"],"terminus":0,"mode":"bus","color":"#0059a9","colorDark":"#00294f","angle":7.5,"snapDist":5,"label":1}},{"type":"Feature","geometry":{"type":"Point","coordinates":[24.006322,49.93151]},"properties":{"name":"Воля Гамулецька, Народний Дім (1320)","lines":"63","arr":["А63"],"terminus":0,"mode":"bus","color":"#0059a9","colorDark":"#00294f","angle":282.5,"snapDist":3,"label":1}},{"type":"Feature","geometry":{"type":"Point","coordinates":[24.005344,49.930046]},"properties":{"name":"Воля Гамулецька, Народний дім (1322)","lines":"63","arr":["А63"],"terminus":0,"mode":"bus","color":"#0059a9","colorDark":"#00294f","angle":316.2,"snapDist":6,"label":1}},{"type":"Feature","geometry":{"type":"Point","coordinates":[23.989919,49.927697]},"properties":{"name":"Воля Гамулецька, Церква (1324)","lines":"63","arr":["А63"],"terminus":1,"mode":"bus","color":"#0059a9","colorDark":"#00294f","angle":346,"snapDist":2,"label":1}},{"type":"Feature","geometry":{"type":"Point","coordinates":[23.988378,49.927369]},"properties":{"name":"Воля Гамулецька, Центр (1326)","lines":"63","arr":["А63"],"terminus":1,"mode":"bus","color":"#0059a9","colorDark":"#00294f","angle":153.2,"snapDist":4,"label":1}},{"type":"Feature","geometry":{"type":"Point","coordinates":[23.988373,49.927368]},"properties":{"name":"Воля Гамулецька, Зелена (1327)","lines":"63","arr":["А63"],"terminus":0,"mode":"bus","color":"#0059a9","colorDark":"#00294f","angle":153.2,"snapDist":2,"label":1}},{"type":"Feature","geometry":{"type":"Point","coordinates":[23.99026,49.927731]},"properties":{"name":"Воля Гамулецька, Центр (1325)","lines":"63","arr":["А63"],"terminus":0,"mode":"bus","color":"#0059a9","colorDark":"#00294f","angle":175.1,"snapDist":2,"label":1}},{"type":"Feature","geometry":{"type":"Point","coordinates":[24.005238,49.929981]},"properties":{"name":"Воля Гамулецька, Церква (1323)","lines":"63","arr":["А63"],"terminus":0,"mode":"bus","color":"#0059a9","colorDark":"#00294f","angle":136.2,"snapDist":7,"label":1}},{"type":"Feature","geometry":{"type":"Point","coordinates":[24.0063,49.931448]},"properties":{"name":"Воля Гамулецька, Народний Дім (1321)","lines":"63","arr":["А63"],"terminus":0,"mode":"bus","color":"#0059a9","colorDark":"#00294f","angle":102.5,"snapDist":5,"label":1}},{"type":"Feature","geometry":{"type":"Point","coordinates":[24.03122,49.935098]},"properties":{"name":"Гряда, Палац (1269)","lines":"63","arr":["А63"],"terminus":0,"mode":"bus","color":"#0059a9","colorDark":"#00294f","angle":187.5,"snapDist":2,"label":1}},{"type":"Feature","geometry":{"type":"Point","coordinates":[24.040204,49.934422]},"properties":{"name":"Гряда, Школа (1267)","lines":"63","arr":["А63"],"terminus":0,"mode":"bus","color":"#0059a9","colorDark":"#00294f","angle":187.9,"snapDist":2,"label":1}},{"type":"Feature","geometry":{"type":"Point","coordinates":[24.047874,49.933562]},"properties":{"name":"Гряда, Центр (1265)","lines":"63","arr":["А63"],"terminus":0,"mode":"bus","color":"#0059a9","colorDark":"#00294f","angle":191.3,"snapDist":5,"label":1}},{"type":"Feature","geometry":{"type":"Point","coordinates":[24.021117,49.85052]},"properties":{"name":"Ветеранів (727-1)","lines":"63","arr":["А63"],"terminus":1,"mode":"bus","color":"#0059a9","colorDark":"#00294f","angle":355.7,"snapDist":4,"label":1}},{"type":"Feature","geometry":{"type":"Point","coordinates":[24.024017,49.844556]},"properties":{"name":"Магнус (82)","lines":"67","arr":["А67"],"terminus":1,"mode":"bus","color":"#0059a9","colorDark":"#00294f","angle":33.8,"snapDist":3,"label":1}},{"type":"Feature","geometry":{"type":"Point","coordinates":[23.970861,49.85987]},"properties":{"name":"Брюховицька (718)","lines":"67","arr":["А67"],"terminus":0,"mode":"bus","color":"#0059a9","colorDark":"#00294f","angle":32.6,"snapDist":5,"label":1}},{"type":"Feature","geometry":{"type":"Point","coordinates":[23.969008,49.864723]},"properties":{"name":"Фанерний завод (720)","lines":"67","arr":["А67"],"terminus":0,"mode":"bus","color":"#0059a9","colorDark":"#00294f","angle":65.8,"snapDist":5,"label":1}},{"type":"Feature","geometry":{"type":"Point","coordinates":[23.963896,49.871527]},"properties":{"name":"Кам’янка (747)","lines":"67","arr":["А67"],"terminus":0,"mode":"bus","color":"#0059a9","colorDark":"#00294f","angle":16.7,"snapDist":3,"label":1}},{"type":"Feature","geometry":{"type":"Point","coordinates":[23.958148,49.872678]},"properties":{"name":"Школа №94 (721)","lines":"67","arr":["А67"],"terminus":0,"mode":"bus","color":"#0059a9","colorDark":"#00294f","angle":17.2,"snapDist":6,"label":1}},{"type":"Feature","geometry":{"type":"Point","coordinates":[23.951548,49.873831]},"properties":{"name":"Малковицька (723)","lines":"67","arr":["А67"],"terminus":0,"mode":"bus","color":"#0059a9","colorDark":"#00294f","angle":5,"snapDist":4,"label":1}},{"type":"Feature","geometry":{"type":"Point","coordinates":[23.94841,49.877746]},"properties":{"name":"Надії Мудрої (725)","lines":"67","arr":["А67"],"terminus":0,"mode":"bus","color":"#0059a9","colorDark":"#00294f","angle":82.6,"snapDist":4,"label":1}},{"type":"Feature","geometry":{"type":"Point","coordinates":[23.947281,49.88049]},"properties":{"name":"Дубровицька (304)","lines":"67","arr":["А67"],"terminus":0,"mode":"bus","color":"#0059a9","colorDark":"#00294f","angle":78.4,"snapDist":4,"label":1}},{"type":"Feature","geometry":{"type":"Point","coordinates":[23.931066,49.908499]},"properties":{"name":"Брюховичі, Невеличука (1049)","lines":"67","arr":["А67"],"terminus":0,"mode":"bus","color":"#0059a9","colorDark":"#00294f","angle":67.3,"snapDist":3,"label":1}},{"type":"Feature","geometry":{"type":"Point","coordinates":[23.949506,49.890578]},"properties":{"name":"Брюховичі, Пожежна частина (1084)","lines":"67","arr":["А67"],"terminus":0,"mode":"bus","color":"#0059a9","colorDark":"#00294f","angle":74.4,"snapDist":4,"label":1}},{"type":"Feature","geometry":{"type":"Point","coordinates":[23.94292,49.899662]},"properties":{"name":"Брюховичі, Малинова (1095)","lines":"67","arr":["А67"],"terminus":0,"mode":"bus","color":"#0059a9","colorDark":"#00294f","angle":72.7,"snapDist":7,"label":1}},{"type":"Feature","geometry":{"type":"Point","coordinates":[23.93957,49.90403]},"properties":{"name":"Брюховичі, Вокзал (1083)","lines":"67","arr":["А67"],"terminus":0,"mode":"bus","color":"#0059a9","colorDark":"#00294f","angle":231.7,"snapDist":2,"label":1}},{"type":"Feature","geometry":{"type":"Point","coordinates":[23.93117,49.90834]},"properties":{"name":"Брюховичі, ДОК (1086)","lines":"67","arr":["А67"],"terminus":0,"mode":"bus","color":"#0059a9","colorDark":"#00294f","angle":67.3,"snapDist":4,"label":1}},{"type":"Feature","geometry":{"type":"Point","coordinates":[23.925809,49.913388]},"properties":{"name":"Брюховичі, Центр святого Миколая (1080)","lines":"67","arr":["А67"],"terminus":1,"mode":"bus","color":"#0059a9","colorDark":"#00294f","angle":53.5,"snapDist":6,"label":1}},{"type":"Feature","geometry":{"type":"Point","coordinates":[23.925878,49.914034]},"properties":{"name":"Брюховичі, Центр святого Миколая (1079)","lines":"67","arr":["А67"],"terminus":1,"mode":"bus","color":"#0059a9","colorDark":"#00294f","angle":78.3,"snapDist":2,"label":1}},{"type":"Feature","geometry":{"type":"Point","coordinates":[23.931123,49.908412]},"properties":{"name":"Брюховичі, ДОК (1087)","lines":"67","arr":["А67"],"terminus":0,"mode":"bus","color":"#0059a9","colorDark":"#00294f","angle":247.3,"snapDist":3,"label":1}},{"type":"Feature","geometry":{"type":"Point","coordinates":[23.942919,49.899662]},"properties":{"name":"Брюховичі, Малинова (1096)","lines":"67","arr":["А67"],"terminus":0,"mode":"bus","color":"#0059a9","colorDark":"#00294f","angle":252.7,"snapDist":4,"label":1}},{"type":"Feature","geometry":{"type":"Point","coordinates":[23.939986,49.903993]},"properties":{"name":"Брюховичі. Смолиста (1078)","lines":"67","arr":["А67"],"terminus":0,"mode":"bus","color":"#0059a9","colorDark":"#00294f","angle":-26.1,"snapDist":28,"label":1}},{"type":"Feature","geometry":{"type":"Point","coordinates":[23.949822,49.889849]},"properties":{"name":"Брюховичі, Пожежна частина (1085)","lines":"67","arr":["А67"],"terminus":0,"mode":"bus","color":"#0059a9","colorDark":"#00294f","angle":254.4,"snapDist":4,"label":1}},{"type":"Feature","geometry":{"type":"Point","coordinates":[23.931173,49.908335]},"properties":{"name":"Брюховичі, Невеличука (1050)","lines":"67","arr":["А67"],"terminus":0,"mode":"bus","color":"#0059a9","colorDark":"#00294f","angle":247.3,"snapDist":6,"label":1}},{"type":"Feature","geometry":{"type":"Point","coordinates":[23.947496,49.880046]},"properties":{"name":"Дубровицька (305)","lines":"67","arr":["А67"],"terminus":0,"mode":"bus","color":"#0059a9","colorDark":"#00294f","angle":250.7,"snapDist":5,"label":1}},{"type":"Feature","geometry":{"type":"Point","coordinates":[23.948402,49.877787]},"properties":{"name":"Надії Мудрої (726)","lines":"67","arr":["А67"],"terminus":0,"mode":"bus","color":"#0059a9","colorDark":"#00294f","angle":262.6,"snapDist":5,"label":1}},{"type":"Feature","geometry":{"type":"Point","coordinates":[23.951237,49.873849]},"properties":{"name":"Малковицька (724)","lines":"67","arr":["А67"],"terminus":0,"mode":"bus","color":"#0059a9","colorDark":"#00294f","angle":186,"snapDist":8,"label":1}},{"type":"Feature","geometry":{"type":"Point","coordinates":[23.957621,49.872784]},"properties":{"name":"Школа №94 (722)","lines":"67","arr":["А67"],"terminus":0,"mode":"bus","color":"#0059a9","colorDark":"#00294f","angle":196.4,"snapDist":6,"label":1}},{"type":"Feature","geometry":{"type":"Point","coordinates":[23.964276,49.871446]},"properties":{"name":"Кам’янка (748)","lines":"67","arr":["А67"],"terminus":0,"mode":"bus","color":"#0059a9","colorDark":"#00294f","angle":199.9,"snapDist":5,"label":1}},{"type":"Feature","geometry":{"type":"Point","coordinates":[23.968962,49.864792]},"properties":{"name":"Фанерний завод (719)","lines":"67","arr":["А67"],"terminus":0,"mode":"bus","color":"#0059a9","colorDark":"#00294f","angle":249,"snapDist":7,"label":1}},{"type":"Feature","geometry":{"type":"Point","coordinates":[24.000139,49.848058]},"properties":{"name":"Єрошенка (183)","lines":"67","arr":["А67"],"terminus":0,"mode":"bus","color":"#0059a9","colorDark":"#00294f","angle":293.9,"snapDist":5,"label":1}},{"type":"Feature","geometry":{"type":"Point","coordinates":[24.084584,49.887979]},"properties":{"name":"Малехів, Перетин (1218)","lines":"80","arr":["А80"],"terminus":0,"mode":"bus","color":"#0059a9","colorDark":"#00294f","angle":154.9,"snapDist":4,"label":1}},{"type":"Feature","geometry":{"type":"Point","coordinates":[24.083881,49.907147]},"properties":{"name":"Дубляни, Підкови (1303)","lines":"80","arr":["А80"],"terminus":0,"mode":"bus","color":"#0059a9","colorDark":"#00294f","angle":93.7,"snapDist":4,"label":1}},{"type":"Feature","geometry":{"type":"Point","coordinates":[24.080632,49.908416]},"properties":{"name":"Дубляни, Грушевського (1318)","lines":"80","arr":["А80"],"terminus":0,"mode":"bus","color":"#0059a9","colorDark":"#00294f","angle":12.2,"snapDist":1,"label":1}},{"type":"Feature","geometry":{"type":"Point","coordinates":[24.07665,49.908757]},"properties":{"name":"Дубляни, Незалежності (1316)","lines":"80","arr":["А80"],"terminus":0,"mode":"bus","color":"#0059a9","colorDark":"#00294f","angle":5,"snapDist":0,"label":1}},{"type":"Feature","geometry":{"type":"Point","coordinates":[24.073894,49.909707]},"properties":{"name":"Дубляни, Бандери (1314)","lines":"80","arr":["А80"],"terminus":0,"mode":"bus","color":"#0059a9","colorDark":"#00294f","angle":15.8,"snapDist":2,"label":1}},{"type":"Feature","geometry":{"type":"Point","coordinates":[24.059459,49.911034]},"properties":{"name":"Великі Грибовичі, Шкільна (1168)","lines":"80","arr":["А80"],"terminus":1,"mode":"bus","color":"#0059a9","colorDark":"#00294f","angle":7.1,"snapDist":1,"label":1}},{"type":"Feature","geometry":{"type":"Point","coordinates":[24.059014,49.911071]},"properties":{"name":"Великі Грибовичі, Шкільна (1167)","lines":"80","arr":["А80"],"terminus":0,"mode":"bus","color":"#0059a9","colorDark":"#00294f","angle":188.1,"snapDist":4,"label":1}},{"type":"Feature","geometry":{"type":"Point","coordinates":[24.073913,49.909703]},"properties":{"name":"Дубляни, Бандери (1315)","lines":"80","arr":["А80"],"terminus":0,"mode":"bus","color":"#0059a9","colorDark":"#00294f","angle":195.8,"snapDist":6,"label":1}},{"type":"Feature","geometry":{"type":"Point","coordinates":[24.076504,49.908765]},"properties":{"name":"Дубляни, Незалежності (1317)","lines":"80","arr":["А80"],"terminus":0,"mode":"bus","color":"#0059a9","colorDark":"#00294f","angle":185,"snapDist":5,"label":1}},{"type":"Feature","geometry":{"type":"Point","coordinates":[24.080851,49.908382]},"properties":{"name":"Дубляни, Грушевського (1319)","lines":"80","arr":["А80"],"terminus":0,"mode":"bus","color":"#0059a9","colorDark":"#00294f","angle":193.9,"snapDist":5,"label":1}},{"type":"Feature","geometry":{"type":"Point","coordinates":[24.083862,49.906927]},"properties":{"name":"Дубляни, Підкови (1304)","lines":"80","arr":["А80"],"terminus":0,"mode":"bus","color":"#0059a9","colorDark":"#00294f","angle":273.1,"snapDist":8,"label":1}},{"type":"Feature","geometry":{"type":"Point","coordinates":[24.086503,49.888559]},"properties":{"name":"Малехів, Перетин (1217)","lines":"80","arr":["А80"],"terminus":0,"mode":"bus","color":"#0059a9","colorDark":"#00294f","angle":334.9,"snapDist":2,"label":1}},{"type":"Feature","geometry":{"type":"Point","coordinates":[23.88607,49.833011]},"properties":{"name":"Рудно, Стуса (1116)","lines":"84","arr":["А84"],"terminus":0,"mode":"bus","color":"#0059a9","colorDark":"#00294f","angle":180.5,"snapDist":5,"label":1}},{"type":"Feature","geometry":{"type":"Point","coordinates":[23.885994,49.833012]},"properties":{"name":"Рудно, Стуса (1115)","lines":"84","arr":["А84"],"terminus":0,"mode":"bus","color":"#0059a9","colorDark":"#00294f","angle":0.5,"snapDist":2,"label":1}},{"type":"Feature","geometry":{"type":"Point","coordinates":[23.876157,49.835809]},"properties":{"name":"Рудно, Володимира Великого (1118)","lines":"84","arr":["А84"],"terminus":0,"mode":"bus","color":"#0059a9","colorDark":"#00294f","angle":33.8,"snapDist":1,"label":1}},{"type":"Feature","geometry":{"type":"Point","coordinates":[23.873207,49.837139]},"properties":{"name":"Рудно, Народний дім (1120)","lines":"84","arr":["А84"],"terminus":0,"mode":"bus","color":"#0059a9","colorDark":"#00294f","angle":38.7,"snapDist":0,"label":1}},{"type":"Feature","geometry":{"type":"Point","coordinates":[23.868057,49.838086]},"properties":{"name":"Рудно, Стадіон (1122)","lines":"84","arr":["А84"],"terminus":0,"mode":"bus","color":"#0059a9","colorDark":"#00294f","angle":4.5,"snapDist":3,"label":1}},{"type":"Feature","geometry":{"type":"Point","coordinates":[23.864219,49.83879]},"properties":{"name":"Рудно, Лисенка (1124)","lines":"84","arr":["А84"],"terminus":0,"mode":"bus","color":"#0059a9","colorDark":"#00294f","angle":122.2,"snapDist":4,"label":1}},{"type":"Feature","geometry":{"type":"Point","coordinates":[24.022685,49.838528]},"properties":{"name":"Словацького (8)","lines":"92","arr":["А92"],"terminus":0,"mode":"bus","color":"#0059a9","colorDark":"#00294f","angle":138.2,"snapDist":8,"label":1}},{"type":"Feature","geometry":{"type":"Point","coordinates":[24.061665,49.842278]},"properties":{"name":"Музей народної архітектури (856)","lines":"99","arr":["А99"],"terminus":1,"mode":"bus","color":"#0059a9","colorDark":"#00294f","angle":201.2,"snapDist":0,"label":1}},{"type":"Feature","geometry":{"type":"Point","coordinates":[24.061334,49.842516]},"properties":{"name":"Музей народної архітектури (857)","lines":"99","arr":["А99"],"terminus":1,"mode":"bus","color":"#0059a9","colorDark":"#00294f","angle":21.1,"snapDist":0,"label":1}},{"type":"Feature","geometry":{"type":"Point","coordinates":[24.021912,49.840062]},"properties":{"name":"Університет (78)","lines":"22, 27, 30, 32","arr":["Тр22","Тр27","Тр30","Тр32"],"terminus":1,"mode":"bus","color":"#149a3f","colorDark":"#0a5121","angle":50.8,"snapDist":3,"label":1}},{"type":"Feature","geometry":{"type":"Point","coordinates":[24.011547,49.837331]},"properties":{"name":"Собор Святого Юра (771)","lines":"22, 27, 30, 32","arr":["Тр22","Тр27","Тр30","Тр32"],"terminus":0,"mode":"bus","color":"#149a3f","colorDark":"#0a5121","angle":15.6,"snapDist":2,"label":1}},{"type":"Feature","geometry":{"type":"Point","coordinates":[24.005368,49.837293]},"properties":{"name":"Площа Кропивницького (46)","lines":"22, 27, 30, 32, 38","arr":["Тр22","Тр27","Тр30","Тр32","Тр38"],"terminus":1,"mode":"bus","color":"#149a3f","colorDark":"#0a5121","angle":60.5,"snapDist":4,"label":1}},{"type":"Feature","geometry":{"type":"Point","coordinates":[24.017213,49.787435]},"properties":{"name":"Автовокзал (433-01)","lines":"22, 23, 25","arr":["Тр22","Тр23","Тр25"],"terminus":1,"mode":"bus","color":"#149a3f","colorDark":"#0a5121","angle":188.5,"snapDist":6,"label":1}},{"type":"Feature","geometry":{"type":"Point","coordinates":[24.022537,49.839564]},"properties":{"name":"Університет (78-01)","lines":"22, 27, 30, 32","arr":["Тр22","Тр27","Тр30","Тр32"],"terminus":1,"mode":"bus","color":"#149a3f","colorDark":"#0a5121","angle":51.1,"snapDist":1,"label":1}},{"type":"Feature","geometry":{"type":"Point","coordinates":[24.007467,49.807559]},"properties":{"name":"Тролейбусне депо (569)","lines":"23, 38","arr":["Тр23","Тр38"],"terminus":0,"mode":"bus","color":"#149a3f","colorDark":"#0a5121","angle":278.7,"snapDist":4,"label":1}},{"type":"Feature","geometry":{"type":"Point","coordinates":[24.011842,49.806097]},"properties":{"name":"Рубчака (299)","lines":"23, 38","arr":["Тр23","Тр38"],"terminus":0,"mode":"bus","color":"#149a3f","colorDark":"#0a5121","angle":189.6,"snapDist":7,"label":1}},{"type":"Feature","geometry":{"type":"Point","coordinates":[24.018239,49.805405]},"properties":{"name":"Боднарівка (509)","lines":"23, 38","arr":["Тр23","Тр38"],"terminus":0,"mode":"bus","color":"#149a3f","colorDark":"#0a5121","angle":189.5,"snapDist":10,"label":1}},{"type":"Feature","geometry":{"type":"Point","coordinates":[24.05888,49.785922]},"properties":{"name":"Санта Барбара (457-1)","lines":"24","arr":["Тр24"],"terminus":1,"mode":"bus","color":"#149a3f","colorDark":"#0a5121","angle":267.6,"snapDist":3,"label":1}},{"type":"Feature","geometry":{"type":"Point","coordinates":[24.036108,49.833159]},"properties":{"name":"Шота Руставелі (22)","lines":"25","arr":["Тр25"],"terminus":0,"mode":"bus","color":"#149a3f","colorDark":"#0a5121","angle":200.6,"snapDist":1,"label":1}},{"type":"Feature","geometry":{"type":"Point","coordinates":[24.003196,49.835969]},"properties":{"name":"Тобілевича (510)","lines":"27, 32, 38","arr":["Тр27","Тр32","Тр38"],"terminus":0,"mode":"bus","color":"#149a3f","colorDark":"#0a5121","angle":239.9,"snapDist":5,"label":1}},{"type":"Feature","geometry":{"type":"Point","coordinates":[24.005566,49.836497]},"properties":{"name":"Площа Кропивницького (79)","lines":"27, 32, 38","arr":["Тр27","Тр32","Тр38"],"terminus":1,"mode":"bus","color":"#149a3f","colorDark":"#0a5121","angle":142.3,"snapDist":3,"label":1}},{"type":"Feature","geometry":{"type":"Point","coordinates":[24.072657,49.796873]},"properties":{"name":"Сихівська (386)","lines":"31","arr":["Тр31"],"terminus":0,"mode":"bus","color":"#149a3f","colorDark":"#0a5121","angle":258.4,"snapDist":5,"label":1}},{"type":"Feature","geometry":{"type":"Point","coordinates":[24.074423,49.793052]},"properties":{"name":"Старий Сихів (381)","lines":"31","arr":["Тр31"],"terminus":0,"mode":"bus","color":"#149a3f","colorDark":"#0a5121","angle":272.1,"snapDist":6,"label":1}},{"type":"Feature","geometry":{"type":"Point","coordinates":[24.075324,49.787379]},"properties":{"name":"Станція Сихів (385)","lines":"31","arr":["Тр31"],"terminus":0,"mode":"bus","color":"#149a3f","colorDark":"#0a5121","angle":258.9,"snapDist":5,"label":1}},{"type":"Feature","geometry":{"type":"Point","coordinates":[24.090137,49.780065]},"properties":{"name":"Пасіки Зубрицькі (391)","lines":"31","arr":["Тр31"],"terminus":0,"mode":"bus","color":"#149a3f","colorDark":"#0a5121","angle":207.3,"snapDist":6,"label":1}},{"type":"Feature","geometry":{"type":"Point","coordinates":[24.10169,49.772391]},"properties":{"name":"Сихівський цвинтар (393)","lines":"31","arr":["Тр31"],"terminus":0,"mode":"bus","color":"#149a3f","colorDark":"#0a5121","angle":12.3,"snapDist":2,"label":1}},{"type":"Feature","geometry":{"type":"Point","coordinates":[24.090133,49.780777]},"properties":{"name":"Пасіки Зубрицькі (395)","lines":"31","arr":["Тр31"],"terminus":0,"mode":"bus","color":"#149a3f","colorDark":"#0a5121","angle":129.1,"snapDist":1,"label":1}},{"type":"Feature","geometry":{"type":"Point","coordinates":[24.097198,49.782993]},"properties":{"name":"Центр легеневого здоров’я (390)","lines":"31","arr":["Тр31"],"terminus":1,"mode":"bus","color":"#149a3f","colorDark":"#0a5121","angle":155.8,"snapDist":23,"label":1}},{"type":"Feature","geometry":{"type":"Point","coordinates":[24.096546,49.782805]},"properties":{"name":"Центр легеневого здоров’я (353)","lines":"31","arr":["Тр31"],"terminus":1,"mode":"bus","color":"#149a3f","colorDark":"#0a5121","angle":336.3,"snapDist":62,"label":1}},{"type":"Feature","geometry":{"type":"Point","coordinates":[24.087118,49.781015]},"properties":{"name":"Пасіки Зубрицькі (396)","lines":"31","arr":["Тр31"],"terminus":0,"mode":"bus","color":"#149a3f","colorDark":"#0a5121","angle":24.6,"snapDist":4,"label":1}},{"type":"Feature","geometry":{"type":"Point","coordinates":[24.075154,49.787914]},"properties":{"name":"Станція Сихів (389)","lines":"31","arr":["Тр31"],"terminus":0,"mode":"bus","color":"#149a3f","colorDark":"#0a5121","angle":78.1,"snapDist":4,"label":1}},{"type":"Feature","geometry":{"type":"Point","coordinates":[24.074382,49.792462]},"properties":{"name":"Старий Сихів (388)","lines":"31","arr":["Тр31"],"terminus":0,"mode":"bus","color":"#149a3f","colorDark":"#0a5121","angle":93.8,"snapDist":2,"label":1}},{"type":"Feature","geometry":{"type":"Point","coordinates":[24.073518,49.795605]},"properties":{"name":"Вулецька (387)","lines":"31","arr":["Тр31"],"terminus":0,"mode":"bus","color":"#149a3f","colorDark":"#0a5121","angle":66.9,"snapDist":2,"label":1}},{"type":"Feature","geometry":{"type":"Point","coordinates":[24.071694,49.798127]},"properties":{"name":"Сихівська (382)","lines":"31","arr":["Тр31"],"terminus":0,"mode":"bus","color":"#149a3f","colorDark":"#0a5121","angle":54.4,"snapDist":5,"label":1}},{"type":"Feature","geometry":{"type":"Point","coordinates":[24.045004,49.801785]},"properties":{"name":"Хуторівка (427)","lines":"38","arr":["Тр38"],"terminus":1,"mode":"bus","color":"#149a3f","colorDark":"#0a5121","angle":340.2,"snapDist":64,"label":1}},{"type":"Feature","geometry":{"type":"Point","coordinates":[24.044854,49.801515]},"properties":{"name":"Хуторівка (427-1)","lines":"38","arr":["Тр38"],"terminus":1,"mode":"bus","color":"#149a3f","colorDark":"#0a5121","angle":160.2,"snapDist":3,"label":1}},{"type":"Feature","geometry":{"type":"Point","coordinates":[23.996784,49.839013]},"properties":{"name":"Залізничний вокзал (118)","lines":"1, 4, 6, 9","arr":["Т01","Т04","Т06","Т09"],"terminus":1,"mode":"tram","color":"#d6212b","colorDark":"#7c1116","angle":209.9,"snapDist":1,"label":1}},{"type":"Feature","geometry":{"type":"Point","coordinates":[24.000305,49.837707]},"properties":{"name":"Приміський вокзал (188)","lines":"1, 4, 6, 9","arr":["Т01","Т04","Т06","Т09"],"terminus":0,"mode":"tram","color":"#d6212b","colorDark":"#7c1116","angle":209.9,"snapDist":2,"label":1}},{"type":"Feature","geometry":{"type":"Point","coordinates":[24.004454,49.836283]},"properties":{"name":"Площа Кропивницького (528)","lines":"1, 4, 9","arr":["Т01","Т04","Т09"],"terminus":0,"mode":"tram","color":"#d6212b","colorDark":"#7c1116","angle":247.9,"snapDist":9,"label":1}},{"type":"Feature","geometry":{"type":"Point","coordinates":[24.009239,49.834729]},"properties":{"name":"Старосольських (556)","lines":"1","arr":["Т01"],"terminus":0,"mode":"tram","color":"#d6212b","colorDark":"#7c1116","angle":182.4,"snapDist":5,"label":1}},{"type":"Feature","geometry":{"type":"Point","coordinates":[24.016139,49.834672]},"properties":{"name":"Львівська політехніка (65)","lines":"1","arr":["Т01"],"terminus":0,"mode":"tram","color":"#d6212b","colorDark":"#7c1116","angle":179.3,"snapDist":7,"label":1}},{"type":"Feature","geometry":{"type":"Point","coordinates":[24.021953,49.836789]},"properties":{"name":"Головна пошта (52)","lines":"1, 2","arr":["Т01","Т02"],"terminus":0,"mode":"tram","color":"#d6212b","colorDark":"#7c1116","angle":45.8,"snapDist":5,"label":1}},{"type":"Feature","geometry":{"type":"Point","coordinates":[24.027209,49.840264]},"properties":{"name":"Дорошенка (50)","lines":"1, 2","arr":["Т01","Т02"],"terminus":0,"mode":"tram","color":"#d6212b","colorDark":"#7c1116","angle":140.1,"snapDist":4,"label":1}},{"type":"Feature","geometry":{"type":"Point","coordinates":[24.032224,49.841547]},"properties":{"name":"Площа Ринок (61)","lines":"1, 2","arr":["Т01","Т02"],"terminus":0,"mode":"tram","color":"#d6212b","colorDark":"#7c1116","angle":160.3,"snapDist":10,"label":1}},{"type":"Feature","geometry":{"type":"Point","coordinates":[24.034796,49.842035]},"properties":{"name":"Руська (63)","lines":"1, 2","arr":["Т01","Т02"],"terminus":0,"mode":"tram","color":"#d6212b","colorDark":"#7c1116","angle":162,"snapDist":5,"label":1}},{"type":"Feature","geometry":{"type":"Point","coordinates":[24.037181,49.839786]},"properties":{"name":"Площа Митна (240)","lines":"1, 2, 7","arr":["Т01","Т02","Т07"],"terminus":0,"mode":"tram","color":"#d6212b","colorDark":"#7c1116","angle":177.2,"snapDist":1,"label":1}},{"type":"Feature","geometry":{"type":"Point","coordinates":[24.043299,49.840272]},"properties":{"name":"Військовий госпіталь (241)","lines":"1, 2, 7","arr":["Т01","Т02","Т07"],"terminus":0,"mode":"tram","color":"#d6212b","colorDark":"#7c1116","angle":160.5,"snapDist":6,"label":1}},{"type":"Feature","geometry":{"type":"Point","coordinates":[24.04987,49.839854]},"properties":{"name":"Медичний університет (243)","lines":"1, 2, 7","arr":["Т01","Т02","Т07"],"terminus":0,"mode":"tram","color":"#d6212b","colorDark":"#7c1116","angle":198.8,"snapDist":6,"label":1}},{"type":"Feature","geometry":{"type":"Point","coordinates":[24.054018,49.838757]},"properties":{"name":"Мечникова (246)","lines":"1, 2, 7","arr":["Т01","Т02","Т07"],"terminus":0,"mode":"tram","color":"#d6212b","colorDark":"#7c1116","angle":204.2,"snapDist":3,"label":1}},{"type":"Feature","geometry":{"type":"Point","coordinates":[24.053204,49.835588]},"properties":{"name":"Меморіал Героїв України (799)","lines":"1, 7","arr":["Т01","Т07"],"terminus":0,"mode":"tram","color":"#d6212b","colorDark":"#7c1116","angle":292.6,"snapDist":0,"label":1}},{"type":"Feature","geometry":{"type":"Point","coordinates":[24.052238,49.834068]},"properties":{"name":"Личаківський цвинтар (226)","lines":"1, 7","arr":["Т01","Т07"],"terminus":0,"mode":"tram","color":"#d6212b","colorDark":"#7c1116","angle":291.8,"snapDist":4,"label":1}},{"type":"Feature","geometry":{"type":"Point","coordinates":[24.050376,49.832785]},"properties":{"name":"Інфекційна лікарня (227)","lines":"1, 7","arr":["Т01","Т07"],"terminus":0,"mode":"tram","color":"#d6212b","colorDark":"#7c1116","angle":311.3,"snapDist":4,"label":1}},{"type":"Feature","geometry":{"type":"Point","coordinates":[24.049493,49.830368]},"properties":{"name":"Левицького (239)","lines":"1, 7","arr":["Т01","Т07"],"terminus":0,"mode":"tram","color":"#d6212b","colorDark":"#7c1116","angle":215,"snapDist":4,"label":1}},{"type":"Feature","geometry":{"type":"Point","coordinates":[24.056154,49.82899]},"properties":{"name":"Погулянка (197-01)","lines":"1, 7","arr":["Т01","Т07"],"terminus":1,"mode":"tram","color":"#d6212b","colorDark":"#7c1116","angle":204.9,"snapDist":1,"label":1}},{"type":"Feature","geometry":{"type":"Point","coordinates":[24.056912,49.829308]},"properties":{"name":"Погулянка (197)","lines":"1, 7","arr":["Т01","Т07"],"terminus":1,"mode":"tram","color":"#d6212b","colorDark":"#7c1116","angle":117,"snapDist":0,"label":1}},{"type":"Feature","geometry":{"type":"Point","coordinates":[24.049418,49.830441]},"properties":{"name":"Левицького (238)","lines":"1, 7","arr":["Т01","Т07"],"terminus":0,"mode":"tram","color":"#d6212b","colorDark":"#7c1116","angle":34.9,"snapDist":3,"label":1}},{"type":"Feature","geometry":{"type":"Point","coordinates":[24.052017,49.833681]},"properties":{"name":"Личаківський цвинтар (225)","lines":"1, 7","arr":["Т01","Т07"],"terminus":0,"mode":"tram","color":"#d6212b","colorDark":"#7c1116","angle":133,"snapDist":2,"label":1}},{"type":"Feature","geometry":{"type":"Point","coordinates":[24.053204,49.835424]},"properties":{"name":"Меморіал Героїв України (798)","lines":"1, 7","arr":["Т01","Т07"],"terminus":0,"mode":"tram","color":"#d6212b","colorDark":"#7c1116","angle":111,"snapDist":3,"label":1}},{"type":"Feature","geometry":{"type":"Point","coordinates":[24.054222,49.838703]},"properties":{"name":"Мечникова (247)","lines":"1, 2, 7","arr":["Т01","Т02","Т07"],"terminus":0,"mode":"tram","color":"#d6212b","colorDark":"#7c1116","angle":22.3,"snapDist":2,"label":1}},{"type":"Feature","geometry":{"type":"Point","coordinates":[24.049225,49.839996]},"properties":{"name":"Медичний університет (245)","lines":"1, 2, 7","arr":["Т01","Т02","Т07"],"terminus":0,"mode":"tram","color":"#d6212b","colorDark":"#7c1116","angle":18.9,"snapDist":5,"label":1}},{"type":"Feature","geometry":{"type":"Point","coordinates":[24.043161,49.84024]},"properties":{"name":"Військовий госпіталь (242)","lines":"1, 2, 7","arr":["Т01","Т02","Т07"],"terminus":0,"mode":"tram","color":"#d6212b","colorDark":"#7c1116","angle":340.5,"snapDist":2,"label":1}},{"type":"Feature","geometry":{"type":"Point","coordinates":[24.038006,49.839802]},"properties":{"name":"Площа Митна (42)","lines":"1, 2, 7","arr":["Т01","Т02","Т07"],"terminus":0,"mode":"tram","color":"#d6212b","colorDark":"#7c1116","angle":359.2,"snapDist":3,"label":1}},{"type":"Feature","geometry":{"type":"Point","coordinates":[24.034068,49.841883]},"properties":{"name":"Руська (58)","lines":"1, 2","arr":["Т01","Т02"],"terminus":0,"mode":"tram","color":"#d6212b","colorDark":"#7c1116","angle":342,"snapDist":3,"label":1}},{"type":"Feature","geometry":{"type":"Point","coordinates":[24.027067,49.840187]},"properties":{"name":"Дорошенка (51)","lines":"1, 2","arr":["Т01","Т02"],"terminus":0,"mode":"tram","color":"#d6212b","colorDark":"#7c1116","angle":320.1,"snapDist":1,"label":1}},{"type":"Feature","geometry":{"type":"Point","coordinates":[24.022399,49.836479]},"properties":{"name":"Головна пошта (43)","lines":"1, 2","arr":["Т01","Т02"],"terminus":0,"mode":"tram","color":"#d6212b","colorDark":"#7c1116","angle":226.4,"snapDist":6,"label":1}},{"type":"Feature","geometry":{"type":"Point","coordinates":[24.015312,49.834664]},"properties":{"name":"Львівська політехніка (64)","lines":"1","arr":["Т01"],"terminus":0,"mode":"tram","color":"#d6212b","colorDark":"#7c1116","angle":359.2,"snapDist":5,"label":1}},{"type":"Feature","geometry":{"type":"Point","coordinates":[24.009684,49.834715]},"properties":{"name":"Старосольських (66)","lines":"1","arr":["Т01"],"terminus":0,"mode":"tram","color":"#d6212b","colorDark":"#7c1116","angle":2.6,"snapDist":5,"label":1}},{"type":"Feature","geometry":{"type":"Point","coordinates":[24.004185,49.836705]},"properties":{"name":"Площа Кропивницького (47)","lines":"1, 4, 9","arr":["Т01","Т04","Т09"],"terminus":0,"mode":"tram","color":"#d6212b","colorDark":"#7c1116","angle":67,"snapDist":0,"label":1}},{"type":"Feature","geometry":{"type":"Point","coordinates":[24.000558,49.837645]},"properties":{"name":"Приміський вокзал (187)","lines":"1, 4, 6, 9","arr":["Т01","Т04","Т06","Т09"],"terminus":0,"mode":"tram","color":"#d6212b","colorDark":"#7c1116","angle":30.3,"snapDist":1,"label":1}},{"type":"Feature","geometry":{"type":"Point","coordinates":[23.995034,49.83989]},"properties":{"name":"Залізничний вокзал (117)","lines":"1, 4, 6, 9","arr":["Т01","Т04","Т06","Т09"],"terminus":1,"mode":"tram","color":"#d6212b","colorDark":"#7c1116","angle":272.7,"snapDist":1,"label":1}},{"type":"Feature","geometry":{"type":"Point","coordinates":[23.993194,49.824393]},"properties":{"name":"Коновальця, музей Труша (504)","lines":"2","arr":["Т02"],"terminus":1,"mode":"tram","color":"#d6212b","colorDark":"#7c1116","angle":135.5,"snapDist":1,"label":1}},{"type":"Feature","geometry":{"type":"Point","coordinates":[23.996894,49.826712]},"properties":{"name":"Гординських (502)","lines":"2","arr":["Т02"],"terminus":0,"mode":"tram","color":"#d6212b","colorDark":"#7c1116","angle":135.7,"snapDist":3,"label":1}},{"type":"Feature","geometry":{"type":"Point","coordinates":[23.99967,49.828437]},"properties":{"name":"Залізняка (501)","lines":"2","arr":["Т02"],"terminus":0,"mode":"tram","color":"#d6212b","colorDark":"#7c1116","angle":135.5,"snapDist":3,"label":1}},{"type":"Feature","geometry":{"type":"Point","coordinates":[24.003224,49.830677]},"properties":{"name":"Мельника (499)","lines":"2","arr":["Т02"],"terminus":0,"mode":"tram","color":"#d6212b","colorDark":"#7c1116","angle":135,"snapDist":2,"label":1}},{"type":"Feature","geometry":{"type":"Point","coordinates":[24.007915,49.83028]},"properties":{"name":"Фабрика Левинського (490)","lines":"2","arr":["Т02"],"terminus":0,"mode":"tram","color":"#d6212b","colorDark":"#7c1116","angle":142.1,"snapDist":8,"label":1}},{"type":"Feature","geometry":{"type":"Point","coordinates":[24.011173,49.83193]},"properties":{"name":"Київська (487)","lines":"2","arr":["Т02"],"terminus":0,"mode":"tram","color":"#d6212b","colorDark":"#7c1116","angle":141.5,"snapDist":2,"label":1}},{"type":"Feature","geometry":{"type":"Point","coordinates":[24.016421,49.834574]},"properties":{"name":"Львівська політехніка (12)","lines":"2","arr":["Т02"],"terminus":0,"mode":"tram","color":"#d6212b","colorDark":"#7c1116","angle":140.1,"snapDist":4,"label":1}},{"type":"Feature","geometry":{"type":"Point","coordinates":[24.060064,49.837329]},"properties":{"name":"Богдана Котика (248)","lines":"2","arr":["Т02"],"terminus":0,"mode":"tram","color":"#d6212b","colorDark":"#7c1116","angle":197.8,"snapDist":9,"label":1}},{"type":"Feature","geometry":{"type":"Point","coordinates":[24.067802,49.835527]},"properties":{"name":"Пасічна (286-1)","lines":"2","arr":["Т02"],"terminus":1,"mode":"tram","color":"#d6212b","colorDark":"#7c1116","angle":336.6,"snapDist":5,"label":1}},{"type":"Feature","geometry":{"type":"Point","coordinates":[24.068128,49.835601]},"properties":{"name":"Пасічна (286)","lines":"2","arr":["Т02"],"terminus":1,"mode":"tram","color":"#d6212b","colorDark":"#7c1116","angle":149.1,"snapDist":14,"label":1}},{"type":"Feature","geometry":{"type":"Point","coordinates":[24.059668,49.837411]},"properties":{"name":"Богдана Котика (251)","lines":"2","arr":["Т02"],"terminus":0,"mode":"tram","color":"#d6212b","colorDark":"#7c1116","angle":17.8,"snapDist":1,"label":1}},{"type":"Feature","geometry":{"type":"Point","coordinates":[24.016225,49.834469]},"properties":{"name":"Львівська політехніка (11)","lines":"2","arr":["Т02"],"terminus":0,"mode":"tram","color":"#d6212b","colorDark":"#7c1116","angle":320.1,"snapDist":2,"label":1}},{"type":"Feature","geometry":{"type":"Point","coordinates":[24.01214,49.83243]},"properties":{"name":"Київська (488)","lines":"2","arr":["Т02"],"terminus":0,"mode":"tram","color":"#d6212b","colorDark":"#7c1116","angle":320.6,"snapDist":1,"label":1}},{"type":"Feature","geometry":{"type":"Point","coordinates":[24.008737,49.830694]},"properties":{"name":"Фабрика Левинського (489)","lines":"2","arr":["Т02"],"terminus":0,"mode":"tram","color":"#d6212b","colorDark":"#7c1116","angle":322.1,"snapDist":4,"label":1}},{"type":"Feature","geometry":{"type":"Point","coordinates":[24.004966,49.830065]},"properties":{"name":"Мельника (465)","lines":"2","arr":["Т02"],"terminus":0,"mode":"tram","color":"#d6212b","colorDark":"#7c1116","angle":46.2,"snapDist":0,"label":1}},{"type":"Feature","geometry":{"type":"Point","coordinates":[24.000789,49.829144]},"properties":{"name":"Залізняка (500)","lines":"2","arr":["Т02"],"terminus":0,"mode":"tram","color":"#d6212b","colorDark":"#7c1116","angle":316,"snapDist":3,"label":1}},{"type":"Feature","geometry":{"type":"Point","coordinates":[23.99734,49.826989]},"properties":{"name":"Гординських (503)","lines":"2","arr":["Т02"],"terminus":0,"mode":"tram","color":"#d6212b","colorDark":"#7c1116","angle":316.4,"snapDist":1,"label":1}},{"type":"Feature","geometry":{"type":"Point","coordinates":[23.992904,49.824209]},"properties":{"name":"Коновальця (677)","lines":"2","arr":["Т02"],"terminus":1,"mode":"tram","color":"#d6212b","colorDark":"#7c1116","angle":315.5,"snapDist":1,"label":1}},{"type":"Feature","geometry":{"type":"Point","coordinates":[24.035016,49.838061]},"properties":{"name":"Соборна (74)","lines":"3, 8","arr":["Т03","Т08"],"terminus":1,"mode":"tram","color":"#d6212b","colorDark":"#7c1116","angle":253,"snapDist":3,"label":1}},{"type":"Feature","geometry":{"type":"Point","coordinates":[24.034879,49.836654]},"properties":{"name":"Шухевича (30)","lines":"3, 8, 9","arr":["Т03","Т08","Т09"],"terminus":0,"mode":"tram","color":"#d6212b","colorDark":"#7c1116","angle":269.8,"snapDist":1,"label":1}},{"type":"Feature","geometry":{"type":"Point","coordinates":[24.034202,49.834107]},"properties":{"name":"Саксаганського (36)","lines":"3, 8, 9","arr":["Т03","Т08","Т09"],"terminus":0,"mode":"tram","color":"#d6212b","colorDark":"#7c1116","angle":281,"snapDist":2,"label":1}},{"type":"Feature","geometry":{"type":"Point","coordinates":[24.032144,49.830556]},"properties":{"name":"Площа Франка (31)","lines":"3, 9","arr":["Т03","Т09"],"terminus":0,"mode":"tram","color":"#d6212b","colorDark":"#7c1116","angle":311.2,"snapDist":3,"label":1}},{"type":"Feature","geometry":{"type":"Point","coordinates":[24.023815,49.830202]},"properties":{"name":"Парк культури (20)","lines":"3, 4, 9","arr":["Т03","Т04","Т09"],"terminus":0,"mode":"tram","color":"#d6212b","colorDark":"#7c1116","angle":19.9,"snapDist":5,"label":1}},{"type":"Feature","geometry":{"type":"Point","coordinates":[24.017368,49.831887]},"properties":{"name":"Площа Лема (467)","lines":"3","arr":["Т03"],"terminus":0,"mode":"tram","color":"#d6212b","colorDark":"#7c1116","angle":318.1,"snapDist":8,"label":1}},{"type":"Feature","geometry":{"type":"Point","coordinates":[24.011317,49.827387]},"properties":{"name":"Горбачевського (469)","lines":"3","arr":["Т03"],"terminus":0,"mode":"tram","color":"#d6212b","colorDark":"#7c1116","angle":309.8,"snapDist":2,"label":1}},{"type":"Feature","geometry":{"type":"Point","coordinates":[24.006612,49.82266]},"properties":{"name":"Ісаєвича (293)","lines":"3","arr":["Т03"],"terminus":0,"mode":"tram","color":"#d6212b","colorDark":"#7c1116","angle":294.7,"snapDist":1,"label":1}},{"type":"Feature","geometry":{"type":"Point","coordinates":[24.003039,49.817358]},"properties":{"name":"Аркаса (525)","lines":"3","arr":["Т03"],"terminus":0,"mode":"tram","color":"#d6212b","colorDark":"#7c1116","angle":293.3,"snapDist":0,"label":1}},{"type":"Feature","geometry":{"type":"Point","coordinates":[24.000479,49.813019]},"properties":{"name":"Бойчука, Кіноцентр (517)","lines":"3","arr":["Т03"],"terminus":0,"mode":"tram","color":"#d6212b","colorDark":"#7c1116","angle":288.4,"snapDist":1,"label":1}},{"type":"Feature","geometry":{"type":"Point","coordinates":[23.998901,49.807153]},"properties":{"name":"Аквапарк-висадка (519-01)","lines":"3","arr":["Т03"],"terminus":1,"mode":"tram","color":"#d6212b","colorDark":"#7c1116","angle":278.8,"snapDist":5,"label":1}},{"type":"Feature","geometry":{"type":"Point","coordinates":[23.998959,49.807149]},"properties":{"name":"Аквапарк (519)","lines":"3","arr":["Т03"],"terminus":1,"mode":"tram","color":"#d6212b","colorDark":"#7c1116","angle":98.6,"snapDist":5,"label":1}},{"type":"Feature","geometry":{"type":"Point","coordinates":[24.000704,49.813353]},"properties":{"name":"Бойчука, Кіноцентр (516)","lines":"3","arr":["Т03"],"terminus":0,"mode":"tram","color":"#d6212b","colorDark":"#7c1116","angle":108.2,"snapDist":5,"label":1}},{"type":"Feature","geometry":{"type":"Point","coordinates":[24.00323,49.817569]},"properties":{"name":"Аркаса (524)","lines":"3","arr":["Т03"],"terminus":0,"mode":"tram","color":"#d6212b","colorDark":"#7c1116","angle":113.3,"snapDist":1,"label":1}},{"type":"Feature","geometry":{"type":"Point","coordinates":[24.006592,49.822528]},"properties":{"name":"Ісаєвича (294)","lines":"3","arr":["Т03"],"terminus":0,"mode":"tram","color":"#d6212b","colorDark":"#7c1116","angle":113.5,"snapDist":4,"label":1}},{"type":"Feature","geometry":{"type":"Point","coordinates":[24.010918,49.827035]},"properties":{"name":"Горбачевського (468)","lines":"3","arr":["Т03"],"terminus":0,"mode":"tram","color":"#d6212b","colorDark":"#7c1116","angle":129.8,"snapDist":0,"label":1}},{"type":"Feature","geometry":{"type":"Point","coordinates":[24.017702,49.832046]},"properties":{"name":"Площа Лема (466)","lines":"3","arr":["Т03"],"terminus":0,"mode":"tram","color":"#d6212b","colorDark":"#7c1116","angle":138.3,"snapDist":1,"label":1}},{"type":"Feature","geometry":{"type":"Point","coordinates":[24.023328,49.830312]},"properties":{"name":"Парк культури (19)","lines":"3, 4, 9","arr":["Т03","Т04","Т09"],"terminus":0,"mode":"tram","color":"#d6212b","colorDark":"#7c1116","angle":199.2,"snapDist":7,"label":1}},{"type":"Feature","geometry":{"type":"Point","coordinates":[24.031407,49.830161]},"properties":{"name":"Площа Франка (34)","lines":"3, 9","arr":["Т03","Т09"],"terminus":0,"mode":"tram","color":"#d6212b","colorDark":"#7c1116","angle":163,"snapDist":0,"label":1}},{"type":"Feature","geometry":{"type":"Point","coordinates":[24.034298,49.834427]},"properties":{"name":"Саксаганського (35)","lines":"3, 8, 9","arr":["Т03","Т08","Т09"],"terminus":0,"mode":"tram","color":"#d6212b","colorDark":"#7c1116","angle":101,"snapDist":3,"label":1}},{"type":"Feature","geometry":{"type":"Point","coordinates":[24.034936,49.837375]},"properties":{"name":"Шухевича (29)","lines":"3, 8, 9","arr":["Т03","Т08","Т09"],"terminus":0,"mode":"tram","color":"#d6212b","colorDark":"#7c1116","angle":97.1,"snapDist":6,"label":1}},{"type":"Feature","geometry":{"type":"Point","coordinates":[24.034755,49.838592]},"properties":{"name":"ПЛ. СОБОРНА","lines":"3, 8","arr":["Т03","Т08"],"terminus":1,"mode":"tram","color":"#d6212b","colorDark":"#7c1116","angle":252.1,"snapDist":0,"label":1}},{"type":"Feature","geometry":{"type":"Point","coordinates":[24.006943,49.834921]},"properties":{"name":"Бандери (557)","lines":"4, 9","arr":["Т04","Т09"],"terminus":0,"mode":"tram","color":"#d6212b","colorDark":"#7c1116","angle":205.2,"snapDist":8,"label":1}},{"type":"Feature","geometry":{"type":"Point","coordinates":[24.01185,49.832462]},"properties":{"name":"Київська (511)","lines":"4, 9","arr":["Т04","Т09"],"terminus":0,"mode":"tram","color":"#d6212b","colorDark":"#7c1116","angle":220.8,"snapDist":5,"label":1}},{"type":"Feature","geometry":{"type":"Point","coordinates":[24.017789,49.832452]},"properties":{"name":"Площа Лема (505)","lines":"4, 9","arr":["Т04","Т09"],"terminus":0,"mode":"tram","color":"#d6212b","colorDark":"#7c1116","angle":201.1,"snapDist":4,"label":1}},{"type":"Feature","geometry":{"type":"Point","coordinates":[24.031325,49.829774]},"properties":{"name":"Площа Франка (361)","lines":"4","arr":["Т04"],"terminus":0,"mode":"tram","color":"#d6212b","colorDark":"#7c1116","angle":220.7,"snapDist":7,"label":1}},{"type":"Feature","geometry":{"type":"Point","coordinates":[24.034164,49.826742]},"properties":{"name":"Стрийський парк (37)","lines":"4, 8","arr":["Т04","Т08"],"terminus":0,"mode":"tram","color":"#d6212b","colorDark":"#7c1116","angle":254.1,"snapDist":1,"label":1}},{"type":"Feature","geometry":{"type":"Point","coordinates":[24.036986,49.824782]},"properties":{"name":"Академія мистецтв (73)","lines":"4, 8","arr":["Т04","Т08"],"terminus":0,"mode":"tram","color":"#d6212b","colorDark":"#7c1116","angle":210.7,"snapDist":3,"label":1}},{"type":"Feature","geometry":{"type":"Point","coordinates":[24.042778,49.818587]},"properties":{"name":"Стадіон Україна (793)","lines":"4, 8","arr":["Т04","Т08"],"terminus":0,"mode":"tram","color":"#d6212b","colorDark":"#7c1116","angle":206.5,"snapDist":2,"label":1}},{"type":"Feature","geometry":{"type":"Point","coordinates":[24.046241,49.81062]},"properties":{"name":"Угорська (797)","lines":"4, 8","arr":["Т04","Т08"],"terminus":0,"mode":"tram","color":"#d6212b","colorDark":"#7c1116","angle":262.4,"snapDist":4,"label":1}},{"type":"Feature","geometry":{"type":"Point","coordinates":[24.049633,49.798381]},"properties":{"name":"Шувар (794)","lines":"4, 8","arr":["Т04","Т08"],"terminus":0,"mode":"tram","color":"#d6212b","colorDark":"#7c1116","angle":218.8,"snapDist":20,"label":1}},{"type":"Feature","geometry":{"type":"Point","coordinates":[24.051835,49.797239]},"properties":{"name":"Дитяча поліклініка (782)","lines":"4, 8","arr":["Т04","Т08"],"terminus":0,"mode":"tram","color":"#d6212b","colorDark":"#7c1116","angle":218.8,"snapDist":2,"label":1}},{"type":"Feature","geometry":{"type":"Point","coordinates":[24.056294,49.794938]},"properties":{"name":"Центр Довженка (791)","lines":"4, 8","arr":["Т04","Т08"],"terminus":0,"mode":"tram","color":"#d6212b","colorDark":"#7c1116","angle":216.8,"snapDist":3,"label":1}},{"type":"Feature","geometry":{"type":"Point","coordinates":[24.058914,49.79007]},"properties":{"name":"Лікувально-діагностичний центр \"Сихів\" (754)","lines":"4, 8","arr":["Т04","Т08"],"terminus":0,"mode":"tram","color":"#d6212b","colorDark":"#7c1116","angle":268.1,"snapDist":6,"label":1}},{"type":"Feature","geometry":{"type":"Point","coordinates":[24.058993,49.788109]},"properties":{"name":"Коломийська (788)","lines":"4, 8","arr":["Т04","Т08"],"terminus":0,"mode":"tram","color":"#d6212b","colorDark":"#7c1116","angle":268.3,"snapDist":5,"label":1}},{"type":"Feature","geometry":{"type":"Point","coordinates":[24.059108,49.78566]},"properties":{"name":"Санта Барбара (787)","lines":"4, 8","arr":["Т04","Т08"],"terminus":0,"mode":"tram","color":"#d6212b","colorDark":"#7c1116","angle":268.4,"snapDist":5,"label":1}},{"type":"Feature","geometry":{"type":"Point","coordinates":[24.059229,49.78241]},"properties":{"name":"Вернадського (784)","lines":"4, 8","arr":["Т04","Т08"],"terminus":1,"mode":"tram","color":"#d6212b","colorDark":"#7c1116","angle":268.5,"snapDist":3,"label":1}},{"type":"Feature","geometry":{"type":"Point","coordinates":[24.059225,49.782513]},"properties":{"name":"Вернадського (785)","lines":"4, 8","arr":["Т04","Т08"],"terminus":1,"mode":"tram","color":"#d6212b","colorDark":"#7c1116","angle":88.5,"snapDist":4,"label":1}},{"type":"Feature","geometry":{"type":"Point","coordinates":[24.059102,49.785814]},"properties":{"name":"Санта Барбара (786)","lines":"4, 8","arr":["Т04","Т08"],"terminus":0,"mode":"tram","color":"#d6212b","colorDark":"#7c1116","angle":88.4,"snapDist":4,"label":1}},{"type":"Feature","geometry":{"type":"Point","coordinates":[24.058996,49.788047]},"properties":{"name":"Коломийська (789)","lines":"4, 8","arr":["Т04","Т08"],"terminus":0,"mode":"tram","color":"#d6212b","colorDark":"#7c1116","angle":88.3,"snapDist":4,"label":1}},{"type":"Feature","geometry":{"type":"Point","coordinates":[24.058903,49.790271]},"properties":{"name":"Лікувально-діагностичний центр \"Сихів\" (754)","lines":"4, 8","arr":["Т04","Т08"],"terminus":0,"mode":"tram","color":"#d6212b","colorDark":"#7c1116","angle":88.1,"snapDist":6,"label":0}},{"type":"Feature","geometry":{"type":"Point","coordinates":[24.056191,49.795034]},"properties":{"name":"Центр Довженка (790)","lines":"4, 8","arr":["Т04","Т08"],"terminus":0,"mode":"tram","color":"#d6212b","colorDark":"#7c1116","angle":38.4,"snapDist":1,"label":1}},{"type":"Feature","geometry":{"type":"Point","coordinates":[24.052317,49.797029]},"properties":{"name":"Дитяча поліклініка (783)","lines":"4, 8","arr":["Т04","Т08"],"terminus":0,"mode":"tram","color":"#d6212b","colorDark":"#7c1116","angle":38.5,"snapDist":2,"label":1}},{"type":"Feature","geometry":{"type":"Point","coordinates":[24.047725,49.79956]},"properties":{"name":"Шувар (795)","lines":"4, 8","arr":["Т04","Т08"],"terminus":0,"mode":"tram","color":"#d6212b","colorDark":"#7c1116","angle":53,"snapDist":4,"label":1}},{"type":"Feature","geometry":{"type":"Point","coordinates":[24.046238,49.810928]},"properties":{"name":"Угорська (796)","lines":"4, 8","arr":["Т04","Т08"],"terminus":0,"mode":"tram","color":"#d6212b","colorDark":"#7c1116","angle":80.4,"snapDist":2,"label":1}},{"type":"Feature","geometry":{"type":"Point","coordinates":[24.04238,49.818749]},"properties":{"name":"Стадіон Україна (792)","lines":"4, 8","arr":["Т04","Т08"],"terminus":0,"mode":"tram","color":"#d6212b","colorDark":"#7c1116","angle":26.5,"snapDist":6,"label":1}},{"type":"Feature","geometry":{"type":"Point","coordinates":[24.03567,49.825514]},"properties":{"name":"Академія мистецтв (4)","lines":"4, 8","arr":["Т04","Т08"],"terminus":0,"mode":"tram","color":"#d6212b","colorDark":"#7c1116","angle":46.9,"snapDist":0,"label":1}},{"type":"Feature","geometry":{"type":"Point","coordinates":[24.034114,49.826999]},"properties":{"name":"Стрийський парк (28)","lines":"4, 8","arr":["Т04","Т08"],"terminus":0,"mode":"tram","color":"#d6212b","colorDark":"#7c1116","angle":74.5,"snapDist":0,"label":1}},{"type":"Feature","geometry":{"type":"Point","coordinates":[24.032197,49.829237]},"properties":{"name":"Стрийський ринок (32)","lines":"4, 8","arr":["Т04","Т08"],"terminus":0,"mode":"tram","color":"#d6212b","colorDark":"#7c1116","angle":42.6,"snapDist":0,"label":1}},{"type":"Feature","geometry":{"type":"Point","coordinates":[24.017111,49.832617]},"properties":{"name":"Площа Лема (27)","lines":"4, 9","arr":["Т04","Т09"],"terminus":0,"mode":"tram","color":"#d6212b","colorDark":"#7c1116","angle":20.6,"snapDist":3,"label":1}},{"type":"Feature","geometry":{"type":"Point","coordinates":[24.012497,49.832238]},"properties":{"name":"Київська (527)","lines":"4, 9","arr":["Т04","Т09"],"terminus":0,"mode":"tram","color":"#d6212b","colorDark":"#7c1116","angle":345.6,"snapDist":3,"label":1}},{"type":"Feature","geometry":{"type":"Point","coordinates":[24.007373,49.834538]},"properties":{"name":"Бандери (555)","lines":"4, 9","arr":["Т04","Т09"],"terminus":0,"mode":"tram","color":"#d6212b","colorDark":"#7c1116","angle":67.3,"snapDist":0,"label":1}},{"type":"Feature","geometry":{"type":"Point","coordinates":[24.004901,49.83743]},"properties":{"name":"Площа Кропивницького (18)","lines":"6","arr":["Т06"],"terminus":0,"mode":"tram","color":"#d6212b","colorDark":"#7c1116","angle":153.9,"snapDist":1,"label":1}},{"type":"Feature","geometry":{"type":"Point","coordinates":[24.016568,49.841975]},"properties":{"name":"Церква святої Анни (16)","lines":"6, 7","arr":["Т06","Т07"],"terminus":0,"mode":"tram","color":"#d6212b","colorDark":"#7c1116","angle":147.2,"snapDist":5,"label":1}},{"type":"Feature","geometry":{"type":"Point","coordinates":[24.022186,49.843149]},"properties":{"name":"Наливайка (14)","lines":"6, 7","arr":["Т06","Т07"],"terminus":0,"mode":"tram","color":"#d6212b","colorDark":"#7c1116","angle":169.7,"snapDist":4,"label":1}},{"type":"Feature","geometry":{"type":"Point","coordinates":[24.028638,49.847049]},"properties":{"name":"Площа Старий Ринок (2)","lines":"6, 9","arr":["Т06","Т09"],"terminus":0,"mode":"tram","color":"#d6212b","colorDark":"#7c1116","angle":66.9,"snapDist":4,"label":1}},{"type":"Feature","geometry":{"type":"Point","coordinates":[24.026822,49.850221]},"properties":{"name":"Під Дубом (23)","lines":"6, 9","arr":["Т06","Т09"],"terminus":0,"mode":"tram","color":"#d6212b","colorDark":"#7c1116","angle":73.8,"snapDist":3,"label":1}},{"type":"Feature","geometry":{"type":"Point","coordinates":[24.027543,49.852283]},"properties":{"name":"Палац культури Гната Хоткевича (642)","lines":"6, 9","arr":["Т06","Т09"],"terminus":0,"mode":"tram","color":"#d6212b","colorDark":"#7c1116","angle":110,"snapDist":2,"label":1}},{"type":"Feature","geometry":{"type":"Point","coordinates":[24.031951,49.85194]},"properties":{"name":"Залізничний вокзал Підзамче (579)","lines":"6","arr":["Т06"],"terminus":0,"mode":"tram","color":"#d6212b","colorDark":"#7c1116","angle":155.1,"snapDist":9,"label":1}},{"type":"Feature","geometry":{"type":"Point","coordinates":[24.036467,49.853203]},"properties":{"name":"Остряниці (580)","lines":"6","arr":["Т06"],"terminus":0,"mode":"tram","color":"#d6212b","colorDark":"#7c1116","angle":170.5,"snapDist":5,"label":1}},{"type":"Feature","geometry":{"type":"Point","coordinates":[24.040878,49.85486]},"properties":{"name":"Промислова (671)","lines":"6","arr":["Т06"],"terminus":0,"mode":"tram","color":"#d6212b","colorDark":"#7c1116","angle":109.7,"snapDist":3,"label":1}},{"type":"Feature","geometry":{"type":"Point","coordinates":[24.04267,49.858042]},"properties":{"name":"Трамвайне депо (676)","lines":"6","arr":["Т06"],"terminus":0,"mode":"tram","color":"#d6212b","colorDark":"#7c1116","angle":111.1,"snapDist":6,"label":1}},{"type":"Feature","geometry":{"type":"Point","coordinates":[24.043761,49.861149]},"properties":{"name":"Бізнес центр Український капітал (675)","lines":"6","arr":["Т06"],"terminus":0,"mode":"tram","color":"#d6212b","colorDark":"#7c1116","angle":97.4,"snapDist":4,"label":1}},{"type":"Feature","geometry":{"type":"Point","coordinates":[24.044385,49.864229]},"properties":{"name":"Липинського (678)","lines":"6","arr":["Т06"],"terminus":0,"mode":"tram","color":"#d6212b","colorDark":"#7c1116","angle":99,"snapDist":1,"label":1}},{"type":"Feature","geometry":{"type":"Point","coordinates":[24.044206,49.865903]},"properties":{"name":"Миколайчука (661-01)","lines":"6","arr":["Т06"],"terminus":1,"mode":"tram","color":"#d6212b","colorDark":"#7c1116","angle":81.2,"snapDist":2,"label":1}},{"type":"Feature","geometry":{"type":"Point","coordinates":[24.044541,49.866507]},"properties":{"name":"Миколайчука (661)","lines":"6","arr":["Т06"],"terminus":1,"mode":"tram","color":"#d6212b","colorDark":"#7c1116","angle":111.9,"snapDist":0,"label":1}},{"type":"Feature","geometry":{"type":"Point","coordinates":[24.043929,49.861983]},"properties":{"name":"Бізнес центр Український капітал (674)","lines":"6","arr":["Т06"],"terminus":0,"mode":"tram","color":"#d6212b","colorDark":"#7c1116","angle":277.4,"snapDist":5,"label":1}},{"type":"Feature","geometry":{"type":"Point","coordinates":[24.041845,49.856603]},"properties":{"name":"Трамвайне депо (673)","lines":"6","arr":["Т06"],"terminus":0,"mode":"tram","color":"#d6212b","colorDark":"#7c1116","angle":289.7,"snapDist":3,"label":1}},{"type":"Feature","geometry":{"type":"Point","coordinates":[24.04055,49.854259]},"properties":{"name":"Промислова (672)","lines":"6","arr":["Т06"],"terminus":0,"mode":"tram","color":"#d6212b","colorDark":"#7c1116","angle":286,"snapDist":4,"label":1}},{"type":"Feature","geometry":{"type":"Point","coordinates":[24.038433,49.853416]},"properties":{"name":"Остряниці (584)","lines":"6","arr":["Т06"],"terminus":0,"mode":"tram","color":"#d6212b","colorDark":"#7c1116","angle":350.5,"snapDist":3,"label":1}},{"type":"Feature","geometry":{"type":"Point","coordinates":[24.033322,49.852365]},"properties":{"name":"Залізничний вокзал Підзамче (581)","lines":"6","arr":["Т06"],"terminus":0,"mode":"tram","color":"#d6212b","colorDark":"#7c1116","angle":329.9,"snapDist":3,"label":1}},{"type":"Feature","geometry":{"type":"Point","coordinates":[24.029333,49.852009]},"properties":{"name":"Гайдамацька (630)","lines":"6","arr":["Т06"],"terminus":0,"mode":"tram","color":"#d6212b","colorDark":"#7c1116","angle":64.4,"snapDist":1,"label":1}},{"type":"Feature","geometry":{"type":"Point","coordinates":[24.027528,49.852257]},"properties":{"name":"Палац культури Гната Хоткевича (640)","lines":"6, 9","arr":["Т06","Т09"],"terminus":0,"mode":"tram","color":"#d6212b","colorDark":"#7c1116","angle":290,"snapDist":4,"label":1}},{"type":"Feature","geometry":{"type":"Point","coordinates":[24.02685,49.850158]},"properties":{"name":"Під Дубом (45)","lines":"6, 9","arr":["Т06","Т09"],"terminus":0,"mode":"tram","color":"#d6212b","colorDark":"#7c1116","angle":253.8,"snapDist":2,"label":1}},{"type":"Feature","geometry":{"type":"Point","coordinates":[24.028986,49.846522]},"properties":{"name":"Площа Старий Ринок (3)","lines":"6, 9","arr":["Т06","Т09"],"terminus":0,"mode":"tram","color":"#d6212b","colorDark":"#7c1116","angle":246.9,"snapDist":2,"label":1}},{"type":"Feature","geometry":{"type":"Point","coordinates":[24.027707,49.844791]},"properties":{"name":"Театральна (40)","lines":"6, 7","arr":["Т06","Т07"],"terminus":0,"mode":"tram","color":"#d6212b","colorDark":"#7c1116","angle":358.3,"snapDist":3,"label":1}},{"type":"Feature","geometry":{"type":"Point","coordinates":[24.024088,49.843947]},"properties":{"name":"Магнус (13)","lines":"6, 7","arr":["Т06","Т07"],"terminus":0,"mode":"tram","color":"#d6212b","colorDark":"#7c1116","angle":319.6,"snapDist":2,"label":1}},{"type":"Feature","geometry":{"type":"Point","coordinates":[24.018261,49.842761]},"properties":{"name":"Церква святої Анни (679)","lines":"6, 7","arr":["Т06","Т07"],"terminus":0,"mode":"tram","color":"#d6212b","colorDark":"#7c1116","angle":348.7,"snapDist":0,"label":1}},{"type":"Feature","geometry":{"type":"Point","coordinates":[24.015525,49.84203]},"properties":{"name":"Захисників України (60)","lines":"6, 7","arr":["Т06","Т07"],"terminus":0,"mode":"tram","color":"#d6212b","colorDark":"#7c1116","angle":267.4,"snapDist":1,"label":1}},{"type":"Feature","geometry":{"type":"Point","coordinates":[24.005565,49.837709]},"properties":{"name":"Площа Кропивницького (94)","lines":"6","arr":["Т06"],"terminus":0,"mode":"tram","color":"#d6212b","colorDark":"#7c1116","angle":331.3,"snapDist":0,"label":1}},{"type":"Feature","geometry":{"type":"Point","coordinates":[23.986695,49.853605]},"properties":{"name":"Отця Омеляна Ковча (703)","lines":"7","arr":["Т07"],"terminus":1,"mode":"tram","color":"#d6212b","colorDark":"#7c1116","angle":243.4,"snapDist":4,"label":1}},{"type":"Feature","geometry":{"type":"Point","coordinates":[23.991824,49.850977]},"properties":{"name":"Автостанція №4 (184)","lines":"7","arr":["Т07"],"terminus":0,"mode":"tram","color":"#d6212b","colorDark":"#7c1116","angle":214.7,"snapDist":1,"label":1}},{"type":"Feature","geometry":{"type":"Point","coordinates":[23.996634,49.849027]},"properties":{"name":"Янівський цвинтар (697)","lines":"7","arr":["Т07"],"terminus":0,"mode":"tram","color":"#d6212b","colorDark":"#7c1116","angle":207.2,"snapDist":3,"label":1}},{"type":"Feature","geometry":{"type":"Point","coordinates":[24.001437,49.847656]},"properties":{"name":"Єрошенка (683)","lines":"7","arr":["Т07"],"terminus":0,"mode":"tram","color":"#d6212b","colorDark":"#7c1116","angle":210.1,"snapDist":0,"label":1}},{"type":"Feature","geometry":{"type":"Point","coordinates":[24.00873,49.845231]},"properties":{"name":"Ярослава Мудрого (77)","lines":"7","arr":["Т07"],"terminus":0,"mode":"tram","color":"#d6212b","colorDark":"#7c1116","angle":208.2,"snapDist":2,"label":1}},{"type":"Feature","geometry":{"type":"Point","coordinates":[24.031631,49.844531]},"properties":{"name":"Театр ляльок (21)","lines":"7, 9","arr":["Т07","Т09"],"terminus":0,"mode":"tram","color":"#d6212b","colorDark":"#7c1116","angle":187.6,"snapDist":4,"label":1}},{"type":"Feature","geometry":{"type":"Point","coordinates":[24.035,49.842767]},"properties":{"name":"Підвальна (59)","lines":"7, 9","arr":["Т07","Т09"],"terminus":0,"mode":"tram","color":"#d6212b","colorDark":"#7c1116","angle":257.6,"snapDist":4,"label":1}},{"type":"Feature","geometry":{"type":"Point","coordinates":[24.035086,49.842515]},"properties":{"name":"Підвальна (57)","lines":"7, 9","arr":["Т07","Т09"],"terminus":0,"mode":"tram","color":"#d6212b","colorDark":"#7c1116","angle":77.6,"snapDist":5,"label":1}},{"type":"Feature","geometry":{"type":"Point","coordinates":[24.00846,49.845362]},"properties":{"name":"Ярослава Мудрого (681)","lines":"7","arr":["Т07"],"terminus":0,"mode":"tram","color":"#d6212b","colorDark":"#7c1116","angle":28.5,"snapDist":2,"label":1}},{"type":"Feature","geometry":{"type":"Point","coordinates":[24.001363,49.847723]},"properties":{"name":"Єрошенка (682)","lines":"7","arr":["Т07"],"terminus":0,"mode":"tram","color":"#d6212b","colorDark":"#7c1116","angle":30.3,"snapDist":0,"label":1}},{"type":"Feature","geometry":{"type":"Point","coordinates":[23.995362,49.84952]},"properties":{"name":"Янівський цвинтар (185)","lines":"7","arr":["Т07"],"terminus":0,"mode":"tram","color":"#d6212b","colorDark":"#7c1116","angle":29.5,"snapDist":1,"label":1}},{"type":"Feature","geometry":{"type":"Point","coordinates":[23.991403,49.851187]},"properties":{"name":"Автостанція №4 (646)","lines":"7","arr":["Т07"],"terminus":0,"mode":"tram","color":"#d6212b","colorDark":"#7c1116","angle":34.6,"snapDist":2,"label":1}},{"type":"Feature","geometry":{"type":"Point","coordinates":[23.987161,49.853804]},"properties":{"name":"Отця Омеляна Ковча-висадка (703-1)","lines":"7","arr":["Т07"],"terminus":1,"mode":"tram","color":"#d6212b","colorDark":"#7c1116","angle":113.9,"snapDist":1,"label":1}},{"type":"Feature","geometry":{"type":"Point","coordinates":[24.031577,49.829702]},"properties":{"name":"Площа Франка (311)","lines":"8","arr":["Т08"],"terminus":0,"mode":"tram","color":"#d6212b","colorDark":"#7c1116","angle":269.3,"snapDist":0,"label":1}},{"type":"Feature","geometry":{"type":"Point","coordinates":[24.028199,49.854411]},"properties":{"name":"Гайдамацька (244)","lines":"9","arr":["Т09"],"terminus":0,"mode":"tram","color":"#d6212b","colorDark":"#7c1116","angle":91.4,"snapDist":3,"label":1}},{"type":"Feature","geometry":{"type":"Point","coordinates":[24.027109,49.858444]},"properties":{"name":"ІТ СТЕП Університет (645)","lines":"9","arr":["Т09"],"terminus":0,"mode":"tram","color":"#d6212b","colorDark":"#7c1116","angle":79.9,"snapDist":2,"label":1}},{"type":"Feature","geometry":{"type":"Point","coordinates":[24.026695,49.861679]},"properties":{"name":"Торф'яна (704-01)","lines":"9","arr":["Т09"],"terminus":1,"mode":"tram","color":"#d6212b","colorDark":"#7c1116","angle":242.5,"snapDist":3,"label":1}},{"type":"Feature","geometry":{"type":"Point","coordinates":[24.02675,49.861041]},"properties":{"name":"Торф’яна (704)","lines":"9","arr":["Т09"],"terminus":1,"mode":"tram","color":"#d6212b","colorDark":"#7c1116","angle":265.2,"snapDist":3,"label":1}},{"type":"Feature","geometry":{"type":"Point","coordinates":[24.027092,49.858508]},"properties":{"name":"ІТ СТЕП Університет (644)","lines":"9","arr":["Т09"],"terminus":0,"mode":"tram","color":"#d6212b","colorDark":"#7c1116","angle":259.9,"snapDist":4,"label":1}},{"type":"Feature","geometry":{"type":"Point","coordinates":[24.028185,49.853828]},"properties":{"name":"Гайдамацька (641)","lines":"9","arr":["Т09"],"terminus":0,"mode":"tram","color":"#d6212b","colorDark":"#7c1116","angle":269.3,"snapDist":5,"label":1}}]}