{"type":"FeatureCollection","features":[{"type":"Feature","geometry":{"type":"LineString","coordinates":[[24.052886,49.865304],[24.05274,49.865234]]},"properties":{"name":"М-09","lines":"1, 9, 19, 20, 25, 39, 48, 53, 58, 59, 60, 62, 63, 80","arr":["А01","А09","А19","А20","А25","А39","А48","А53","А58","А59","А60","А62","А63","А80"],"roundabout":1,"mode":"bus","color":"#0059a9"}},{"type":"Feature","geometry":{"type":"LineString","coordinates":[[24.021774,49.856994],[24.021745,49.857001]]},"properties":{"name":"проспект Вʼячеслава Чорновола","lines":"1, 7, 8а, 9, 17, 21, 22, 25, 31, 37, 39, 41, 46, 47, 51, 52, 53, 55, 56, 60, 80, 84","arr":["А01","А07","А08а","А09","А17","А21","А22","А25","А31","А37","А39","А41","А46","А47","А51","А52","А53","А55","А56","А60","А80","А84"],"roundabout":1,"mode":"bus","color":"#0059a9"}},{"type":"Feature","geometry":{"type":"LineString","coordinates":[[24.021745,49.857001],[24.021686,49.857012],[24.021624,49.857016],[24.021563,49.857015],[24.021502,49.857008],[24.021443,49.856994],[24.021389,49.856975],[24.02134,49.856951],[24.021297,49.856922],[24.021261,49.85689],[24.021233,49.856854]]},"properties":{"name":"проспект Вʼячеслава Чорновола","lines":"1, 9, 25, 37, 39, 52, 53, 60, 80","arr":["А01","А09","А25","А37","А39","А52","А53","А60","А80"],"roundabout":1,"mode":"bus","color":"#0059a9"}},{"type":"Feature","geometry":{"type":"LineString","coordinates":[[24.021233,49.856854],[24.021221,49.856832]]},"properties":{"name":"проспект Вʼячеслава Чорновола","lines":"1, 7, 8а, 9, 17, 21, 22, 25, 31, 34, 37, 39, 41, 46, 47, 51, 52, 53, 55, 56, 60, 80, 84","arr":["А01","А07","А08а","А09","А17","А21","А22","А25","А31","А34","А37","А39","А41","А46","А47","А51","А52","А53","А55","А56","А60","А80","А84"],"roundabout":1,"mode":"bus","color":"#0059a9"}},{"type":"Feature","geometry":{"type":"LineString","coordinates":[[24.021221,49.856832],[24.021208,49.856795],[24.021204,49.856757],[24.021208,49.856719],[24.02122,49.856682],[24.021241,49.856646],[24.02127,49.856613],[24.021306,49.856583],[24.021349,49.856556],[24.021397,49.856534],[24.021449,49.856516]]},"properties":{"name":"проспект Вʼячеслава Чорновола","lines":"1, 7, 8а, 9, 17, 21, 22, 25, 31, 34, 37, 39, 41, 46, 47, 51, 52, 53, 55, 56, 60, 80, 84","arr":["А01","А07","А08а","А09","А17","А21","А22","А25","А31","А34","А37","А39","А41","А46","А47","А51","А52","А53","А55","А56","А60","А80","А84"],"roundabout":1,"mode":"bus","color":"#0059a9"}},{"type":"Feature","geometry":{"type":"LineString","coordinates":[[24.021449,49.856516],[24.021495,49.856506]]},"properties":{"name":"проспект Вʼячеслава Чорновола","lines":"1, 7, 8а, 9, 17, 21, 22, 25, 31, 34, 37, 39, 41, 46, 47, 51, 52, 53, 55, 56, 60, 80, 84","arr":["А01","А07","А08а","А09","А17","А21","А22","А25","А31","А34","А37","А39","А41","А46","А47","А51","А52","А53","А55","А56","А60","А80","А84"],"roundabout":1,"mode":"bus","color":"#0059a9"}},{"type":"Feature","geometry":{"type":"LineString","coordinates":[[24.02197,49.856642],[24.022004,49.856705]]},"properties":{"name":"проспект Вʼячеслава Чорновола","lines":"1, 7, 8а, 9, 17, 21, 22, 25, 31, 34, 37, 39, 41, 46, 47, 51, 52, 53, 55, 56, 60, 80, 84","arr":["А01","А07","А08а","А09","А17","А21","А22","А25","А31","А34","А37","А39","А41","А46","А47","А51","А52","А53","А55","А56","А60","А80","А84"],"roundabout":1,"mode":"bus","color":"#0059a9"}},{"type":"Feature","geometry":{"type":"LineString","coordinates":[[24.052677,49.864819],[24.052716,49.864784]]},"properties":{"name":"М-09","lines":"1, 9, 19, 20, 25, 34, 39, 48, 53, 58, 59, 60, 62, 63, 80","arr":["А01","А09","А19","А20","А25","А34","А39","А48","А53","А58","А59","А60","А62","А63","А80"],"roundabout":1,"mode":"bus","color":"#0059a9"}},{"type":"Feature","geometry":{"type":"LineString","coordinates":[[24.052716,49.864784],[24.052801,49.86473],[24.052901,49.864691],[24.053013,49.864666],[24.053131,49.864658],[24.053248,49.864667]]},"properties":{"name":"","lines":"1, 9, 20, 34, 39, 53, 58, 59, 60, 62, 63, 80","arr":["А01","А09","А20","А34","А39","А53","А58","А59","А60","А62","А63","А80"],"roundabout":1,"mode":"bus","color":"#0059a9"}},{"type":"Feature","geometry":{"type":"LineString","coordinates":[[24.053248,49.864667],[24.053324,49.864683]]},"properties":{"name":"М-09","lines":"1, 9, 19, 20, 25, 34, 39, 48, 53, 58, 59, 60, 62, 63, 80","arr":["А01","А09","А19","А20","А25","А34","А39","А48","А53","А58","А59","А60","А62","А63","А80"],"roundabout":1,"mode":"bus","color":"#0059a9"}},{"type":"Feature","geometry":{"type":"LineString","coordinates":[[24.053324,49.864683],[24.053436,49.864722],[24.05353,49.864778],[24.053601,49.864847],[24.053644,49.864925],[24.053657,49.865007],[24.053639,49.865089]]},"properties":{"name":"М-09","lines":"1, 9, 19, 20, 25, 34, 39, 48, 53, 58, 59, 60, 62, 63, 80","arr":["А01","А09","А19","А20","А25","А34","А39","А48","А53","А58","А59","А60","А62","А63","А80"],"roundabout":1,"mode":"bus","color":"#0059a9"}},{"type":"Feature","geometry":{"type":"LineString","coordinates":[[24.053639,49.865089],[24.053611,49.865139]]},"properties":{"name":"М-09","lines":"1, 9, 19, 20, 25, 34, 39, 48, 53, 58, 59, 60, 62, 63, 80","arr":["А01","А09","А19","А20","А25","А34","А39","А48","А53","А58","А59","А60","А62","А63","А80"],"roundabout":1,"mode":"bus","color":"#0059a9"}},{"type":"Feature","geometry":{"type":"LineString","coordinates":[[24.001992,49.837106],[24.001968,49.837081],[24.001938,49.837046]]},"properties":{"name":"М-11","lines":"7, 10, 15, 16, 20, 25, 29, 31, 32, 33, 34, 43, 49, 51, 52, 84, 92, 22, 27, 30, 38","arr":["А07","А10","А15","А16","А20","А25","А29","А31","А32","А33","А34","А43","А49","А51","А52","А84","А92","Тр22","Тр27","Тр30","Тр32","Тр38"],"roundabout":1,"mode":"bus","color":"#0059a9","trolley":"mix"}},{"type":"Feature","geometry":{"type":"LineString","coordinates":[[24.001938,49.837046],[24.001802,49.836888]]},"properties":{"name":"М-11","lines":"7, 10, 15, 20, 25, 33, 34, 43, 51, 52, 84, 92, 22, 27, 30, 32, 38","arr":["А07","А10","А15","А20","А25","А33","А34","А43","А51","А52","А84","А92","Тр22","Тр27","Тр30","Тр32","Тр38"],"roundabout":1,"mode":"bus","color":"#0059a9","trolley":"mix"}},{"type":"Feature","geometry":{"type":"LineString","coordinates":[[24.001802,49.836888],[24.00177,49.836848]]},"properties":{"name":"М-11","lines":"7, 10, 15, 20, 25, 29, 31, 33, 34, 43, 51, 52, 84, 92, 22, 27, 30, 32, 38","arr":["А07","А10","А15","А20","А25","А29","А31","А33","А34","А43","А51","А52","А84","А92","Тр22","Тр27","Тр30","Тр32","Тр38"],"roundabout":1,"mode":"bus","color":"#0059a9","trolley":"mix"}},{"type":"Feature","geometry":{"type":"LineString","coordinates":[[23.984377,49.812328],[23.984202,49.812394],[23.984069,49.812416],[23.983933,49.812417],[23.9838,49.812399]]},"properties":{"name":"","lines":"7, 10, 11, 14, 16, 18, 21, 23, 25, 27, 32, 33, 48, 51","arr":["А07","А10","А11","А14","А16","А18","А21","А23","А25","А27","А32","А33","А48","А51","Тр23"],"roundabout":1,"mode":"bus","color":"#0059a9","trolley":"mix"}},{"type":"Feature","geometry":{"type":"LineString","coordinates":[[23.9838,49.812399],[23.983676,49.812362],[23.983569,49.812308]]},"properties":{"name":"Т-14-16","lines":"7, 10, 11, 14, 16, 18, 21, 23, 25, 27, 32, 33, 48, 51, 22, 38","arr":["А07","А10","А11","А14","А16","А18","А21","А23","А25","А27","А32","А33","А48","А51","Тр22","Тр23","Тр38"],"roundabout":1,"mode":"bus","color":"#0059a9","trolley":"mix"}},{"type":"Feature","geometry":{"type":"LineString","coordinates":[[23.983569,49.812308],[23.983483,49.81224],[23.983424,49.812161],[23.983393,49.812075],[23.983393,49.811992],[23.98342,49.81191]]},"properties":{"name":"Т-14-16","lines":"7, 10, 11, 14, 18, 21, 23, 33, 51, 22, 38","arr":["А07","А10","А11","А14","А18","А21","А23","А33","А51","Тр22","Тр23","Тр38"],"roundabout":1,"mode":"bus","color":"#0059a9","trolley":"mix"}},{"type":"Feature","geometry":{"type":"LineString","coordinates":[[23.98342,49.81191],[23.983474,49.811834],[23.983551,49.811768]]},"properties":{"name":"Т-14-16","lines":"7, 10, 11, 14, 16, 18, 21, 23, 25, 27, 32, 33, 48, 51, 22, 38","arr":["А07","А10","А11","А14","А16","А18","А21","А23","А25","А27","А32","А33","А48","А51","Тр22","Тр23","Тр38"],"roundabout":1,"mode":"bus","color":"#0059a9","trolley":"mix"}},{"type":"Feature","geometry":{"type":"LineString","coordinates":[[23.983551,49.811768],[23.983649,49.811713],[23.983762,49.811674],[23.983973,49.811645],[23.984186,49.811666]]},"properties":{"name":"","lines":"7, 10, 11, 14, 16, 18, 21, 23, 33, 48, 51, 38","arr":["А07","А10","А11","А14","А16","А18","А21","А23","А33","А48","А51","Тр23","Тр38"],"roundabout":1,"mode":"bus","color":"#0059a9","trolley":"mix"}},{"type":"Feature","geometry":{"type":"LineString","coordinates":[[23.984186,49.811666],[23.984373,49.811734]]},"properties":{"name":"Т-14-16","lines":"7, 10, 11, 14, 16, 18, 21, 23, 25, 27, 32, 33, 48, 51, 22, 38","arr":["А07","А10","А11","А14","А16","А18","А21","А23","А25","А27","А32","А33","А48","А51","Тр22","Тр23","Тр38"],"roundabout":1,"mode":"bus","color":"#0059a9","trolley":"mix"}},{"type":"Feature","geometry":{"type":"LineString","coordinates":[[23.984373,49.811734],[23.984511,49.811841],[23.984582,49.811972],[23.984579,49.812104],[23.984508,49.812227]]},"properties":{"name":"Т-14-16","lines":"7, 10, 11, 14, 18, 21, 23, 25, 27, 32, 33, 51, 22","arr":["А07","А10","А11","А14","А18","А21","А23","А25","А27","А32","А33","А51","Тр22","Тр23"],"roundabout":1,"mode":"bus","color":"#0059a9","trolley":"mix"}},{"type":"Feature","geometry":{"type":"LineString","coordinates":[[23.984508,49.812227],[23.984377,49.812328]]},"properties":{"name":"Т-14-16","lines":"7, 10, 11, 14, 16, 18, 21, 23, 25, 27, 32, 33, 48, 51, 22, 38","arr":["А07","А10","А11","А14","А16","А18","А21","А23","А25","А27","А32","А33","А48","А51","Тр22","Тр23","Тр38"],"roundabout":1,"mode":"bus","color":"#0059a9","trolley":"mix"}},{"type":"Feature","geometry":{"type":"LineString","coordinates":[[23.981218,49.805938],[23.981131,49.80591]]},"properties":{"name":"Т-14-16","lines":"7, 10, 14, 23, 25, 27, 32, 33, 51, 22","arr":["А07","А10","А14","А23","А25","А27","А32","А33","А51","Тр22"],"roundabout":1,"mode":"bus","color":"#0059a9","trolley":"mix"}},{"type":"Feature","geometry":{"type":"LineString","coordinates":[[23.981131,49.80591],[23.981038,49.80586],[23.980966,49.805798],[23.980922,49.805725],[23.980906,49.805648],[23.980921,49.80557],[23.980966,49.805498]]},"properties":{"name":"Т-14-16","lines":"7, 10, 14, 23, 25, 27, 32, 33, 22","arr":["А07","А10","А14","А23","А25","А27","А32","А33","Тр22"],"roundabout":1,"mode":"bus","color":"#0059a9","trolley":"mix"}},{"type":"Feature","geometry":{"type":"LineString","coordinates":[[23.980966,49.805498],[23.981037,49.805435]]},"properties":{"name":"Т-14-16","lines":"7, 10, 14, 23, 25, 27, 32, 33, 45, 51, 22","arr":["А07","А10","А14","А23","А25","А27","А32","А33","А45","А51","Тр22"],"roundabout":1,"mode":"bus","color":"#0059a9","trolley":"mix"}},{"type":"Feature","geometry":{"type":"LineString","coordinates":[[23.981037,49.805435],[23.981154,49.805376],[23.981294,49.805343],[23.981442,49.80534],[23.981585,49.805366],[23.981709,49.805418]]},"properties":{"name":"","lines":"7, 10, 14, 23, 25, 27, 32, 33, 45, 51, 22","arr":["А07","А10","А14","А23","А25","А27","А32","А33","А45","А51","Тр22"],"roundabout":1,"mode":"bus","color":"#0059a9","trolley":"mix"}},{"type":"Feature","geometry":{"type":"LineString","coordinates":[[23.981709,49.805418],[23.981779,49.80547]]},"properties":{"name":"Т-14-16","lines":"7, 10, 14, 23, 25, 27, 32, 33, 45, 51, 22","arr":["А07","А10","А14","А23","А25","А27","А32","А33","А45","А51","Тр22"],"roundabout":1,"mode":"bus","color":"#0059a9","trolley":"mix"}},{"type":"Feature","geometry":{"type":"LineString","coordinates":[[23.981808,49.805794],[23.981748,49.805851]]},"properties":{"name":"Т-14-16","lines":"7, 10, 14, 23, 25, 27, 32, 33, 51, 22","arr":["А07","А10","А14","А23","А25","А27","А32","А33","А51","Тр22"],"roundabout":1,"mode":"bus","color":"#0059a9","trolley":"mix"}},{"type":"Feature","geometry":{"type":"LineString","coordinates":[[24.002006,49.836633],[24.002542,49.836735]]},"properties":{"name":"М-11","lines":"7, 10, 15, 16, 20, 25, 29, 31, 32, 33, 34, 43, 49, 51, 52, 84, 27, 38","arr":["А07","А10","А15","А16","А20","А25","А29","А31","А32","А33","А34","А43","А49","А51","А52","А84","Тр27","Тр32","Тр38"],"roundabout":1,"mode":"bus","color":"#0059a9","trolley":"mix"}},{"type":"Feature","geometry":{"type":"LineString","coordinates":[[24.002542,49.836735],[24.002682,49.836761]]},"properties":{"name":"М-11","lines":"7, 10, 15, 16, 20, 25, 29, 31, 32, 33, 34, 43, 49, 51, 52, 84","arr":["А07","А10","А15","А16","А20","А25","А29","А31","А32","А33","А34","А43","А49","А51","А52","А84"],"roundabout":1,"mode":"bus","color":"#0059a9"}},{"type":"Feature","geometry":{"type":"LineString","coordinates":[[24.022004,49.856705],[24.022011,49.856739],[24.022011,49.856774],[24.022003,49.856809],[24.021989,49.856843],[24.021967,49.856875],[24.021939,49.856905],[24.021905,49.856932],[24.021866,49.856957],[24.021822,49.856977],[24.021774,49.856994]]},"properties":{"name":"проспект Вʼячеслава Чорновола","lines":"7, 8а, 17, 21, 22, 31, 37, 39, 41, 46, 47, 51, 52, 55, 56, 84","arr":["А07","А08а","А17","А21","А22","А31","А37","А39","А41","А46","А47","А51","А52","А55","А56","А84"],"roundabout":1,"mode":"bus","color":"#0059a9"}},{"type":"Feature","geometry":{"type":"LineString","coordinates":[[24.000178,49.810577],[24.000128,49.810634]]},"properties":{"name":"вулиця Княгині Ольги","lines":"9, 11, 16, 18, 21, 41, 45, 48, 51, 23, 38","arr":["А09","А11","А16","А18","А21","А41","А45","А48","А51","Тр23","Тр38"],"roundabout":1,"mode":"bus","color":"#0059a9","trolley":"mix"}},{"type":"Feature","geometry":{"type":"LineString","coordinates":[[24.05274,49.865234],[24.052671,49.865174],[24.052623,49.865106],[24.052599,49.865033],[24.052601,49.864959],[24.052627,49.864886],[24.052677,49.864819]]},"properties":{"name":"М-09","lines":"9, 19, 20, 34, 39, 48, 58, 59, 62, 63, 80","arr":["А09","А19","А20","А34","А39","А48","А58","А59","А62","А63","А80"],"roundabout":1,"mode":"bus","color":"#0059a9"}},{"type":"Feature","geometry":{"type":"LineString","coordinates":[[24.053611,49.865139],[24.053548,49.865207],[24.053463,49.865264],[24.05336,49.865307],[24.053244,49.865333],[24.053122,49.865341],[24.053001,49.865332],[24.052886,49.865304]]},"properties":{"name":"","lines":"9, 20, 25, 34, 39, 58, 59, 62, 63, 80","arr":["А09","А20","А25","А34","А39","А58","А59","А62","А63","А80"],"roundabout":1,"mode":"bus","color":"#0059a9"}},{"type":"Feature","geometry":{"type":"LineString","coordinates":[[23.999469,49.810702],[23.999432,49.810683]]},"properties":{"name":"вулиця Княгині Ольги","lines":"9, 11, 16, 18, 21, 41, 45, 48, 51, 23, 38","arr":["А09","А11","А16","А18","А21","А41","А45","А48","А51","Тр23","Тр38"],"roundabout":1,"mode":"bus","color":"#0059a9","trolley":"mix"}},{"type":"Feature","geometry":{"type":"LineString","coordinates":[[23.999432,49.810683],[23.999363,49.810633],[23.999312,49.810575],[23.999282,49.810511],[23.999275,49.810444],[23.99929,49.810378],[23.999327,49.810316]]},"properties":{"name":"вулиця Княгині Ольги","lines":"9, 18, 41, 45, 51, 23","arr":["А09","А18","А41","А45","А51","Тр23"],"roundabout":1,"mode":"bus","color":"#0059a9","trolley":"mix"}},{"type":"Feature","geometry":{"type":"LineString","coordinates":[[23.999327,49.810316],[23.999338,49.810303],[23.999349,49.810291],[23.999362,49.810279]]},"properties":{"name":"вулиця Княгині Ольги","lines":"9, 11, 16, 18, 21, 41, 45, 48, 51, 23, 38","arr":["А09","А11","А16","А18","А21","А41","А45","А48","А51","Тр23","Тр38"],"roundabout":1,"mode":"bus","color":"#0059a9","trolley":"mix"}},{"type":"Feature","geometry":{"type":"LineString","coordinates":[[23.999362,49.810279],[23.999445,49.810221],[23.999549,49.810179],[23.999667,49.810156],[23.99979,49.810153],[23.999909,49.81017],[24.000018,49.810207]]},"properties":{"name":"вулиця Володимира Великого","lines":"9, 11, 16, 18, 21, 48, 51, 23, 38","arr":["А09","А11","А16","А18","А21","А48","А51","Тр23","Тр38"],"roundabout":1,"mode":"bus","color":"#0059a9","trolley":"mix"}},{"type":"Feature","geometry":{"type":"LineString","coordinates":[[24.000018,49.810207],[24.000055,49.810226],[24.000089,49.810247]]},"properties":{"name":"вулиця Княгині Ольги","lines":"9, 11, 16, 18, 21, 41, 45, 48, 51, 23, 38","arr":["А09","А11","А16","А18","А21","А41","А45","А48","А51","Тр23","Тр38"],"roundabout":1,"mode":"bus","color":"#0059a9","trolley":"mix"}},{"type":"Feature","geometry":{"type":"LineString","coordinates":[[24.000089,49.810247],[24.000154,49.810304],[24.000198,49.810369],[24.000216,49.810439],[24.00021,49.81051],[24.000178,49.810577]]},"properties":{"name":"вулиця Княгині Ольги","lines":"9, 18, 21, 41, 45, 48, 51, 23","arr":["А09","А18","А21","А41","А45","А48","А51","Тр23"],"roundabout":1,"mode":"bus","color":"#0059a9","trolley":"mix"}},{"type":"Feature","geometry":{"type":"LineString","coordinates":[[24.002682,49.836761],[24.00267,49.836776],[24.002657,49.836793],[24.002647,49.836806],[24.00262,49.836839],[24.002425,49.837082]]},"properties":{"name":"М-11","lines":"10, 15, 16, 29, 31, 32, 33, 43, 49, 52, 92","arr":["А10","А15","А16","А29","А31","А32","А33","А43","А49","А52","А92"],"roundabout":1,"mode":"bus","color":"#0059a9"}},{"type":"Feature","geometry":{"type":"LineString","coordinates":[[24.002425,49.837082],[24.002304,49.837126],[24.002198,49.837137],[24.002082,49.837123],[24.001992,49.837106]]},"properties":{"name":"М-11","lines":"10, 15, 16, 29, 31, 32, 33, 43, 49, 52, 92","arr":["А10","А15","А16","А29","А31","А32","А33","А43","А49","А52","А92"],"roundabout":1,"mode":"bus","color":"#0059a9"}},{"type":"Feature","geometry":{"type":"LineString","coordinates":[[24.000128,49.810634],[24.000045,49.810691],[23.999942,49.810732],[23.999827,49.810755],[23.999733,49.81076],[23.999639,49.810752],[23.99955,49.810732],[23.999469,49.810702]]},"properties":{"name":"вулиця Володимира Великого","lines":"11, 16, 18, 51, 23, 38","arr":["А11","А16","А18","А51","Тр23","Тр38"],"roundabout":1,"mode":"bus","color":"#0059a9","trolley":"mix"}},{"type":"Feature","geometry":{"type":"LineString","coordinates":[[24.061626,49.816107],[24.061609,49.816095],[24.061595,49.816082],[24.061583,49.816069],[24.061575,49.816053],[24.06157,49.816034]]},"properties":{"name":"","lines":"15, 23, 27, 37, 40, 46, 47, 24, 31","arr":["А15","А23","А27","А37","А40","А46","А47","Тр24","Тр31"],"roundabout":1,"mode":"bus","color":"#0059a9","trolley":"mix"}},{"type":"Feature","geometry":{"type":"LineString","coordinates":[[24.06157,49.816034],[24.061571,49.816017],[24.061576,49.816001],[24.061586,49.815986],[24.061599,49.815972],[24.061616,49.815959],[24.061636,49.815949],[24.06166,49.81594],[24.061684,49.815933]]},"properties":{"name":"","lines":"15, 23, 27, 37, 40, 46, 47, 31","arr":["А15","А23","А27","А37","А40","А46","А47","Тр31"],"roundabout":1,"mode":"bus","color":"#0059a9","trolley":"mix"}},{"type":"Feature","geometry":{"type":"LineString","coordinates":[[24.061684,49.815933],[24.061712,49.815932],[24.061737,49.815932],[24.061762,49.815934],[24.061785,49.81594]]},"properties":{"name":"","lines":"15, 23, 27, 37, 40, 46, 47, 24, 31","arr":["А15","А23","А27","А37","А40","А46","А47","Тр24","Тр31"],"roundabout":1,"mode":"bus","color":"#0059a9","trolley":"mix"}},{"type":"Feature","geometry":{"type":"LineString","coordinates":[[24.061785,49.81594],[24.061811,49.815949],[24.061832,49.815958],[24.061848,49.81597],[24.061861,49.815983],[24.061871,49.815997],[24.061877,49.816013],[24.061879,49.816031],[24.061876,49.816051]]},"properties":{"name":"","lines":"15, 23, 27, 37, 46, 47, 24, 31","arr":["А15","А23","А27","А37","А46","А47","Тр24","Тр31"],"roundabout":1,"mode":"bus","color":"#0059a9","trolley":"mix"}},{"type":"Feature","geometry":{"type":"LineString","coordinates":[[24.03719,49.813525],[24.037164,49.81355]]},"properties":{"name":"","lines":"16, 27, 53","arr":["А16","А27","А53"],"roundabout":1,"mode":"bus","color":"#0059a9"}},{"type":"Feature","geometry":{"type":"LineString","coordinates":[[24.037164,49.81355],[24.037127,49.813569],[24.037082,49.813578],[24.037035,49.813576]]},"properties":{"name":"","lines":"16, 27, 53","arr":["А16","А27","А53"],"roundabout":1,"mode":"bus","color":"#0059a9"}},{"type":"Feature","geometry":{"type":"LineString","coordinates":[[24.037035,49.813576],[24.036992,49.813565]]},"properties":{"name":"","lines":"16, 27, 53","arr":["А16","А27","А53"],"roundabout":1,"mode":"bus","color":"#0059a9"}},{"type":"Feature","geometry":{"type":"LineString","coordinates":[[24.03693,49.813487],[24.03694,49.813458]]},"properties":{"name":"","lines":"16, 27, 53","arr":["А16","А27","А53"],"roundabout":1,"mode":"bus","color":"#0059a9"}},{"type":"Feature","geometry":{"type":"LineString","coordinates":[[24.03694,49.813458],[24.036966,49.813432],[24.037003,49.813414],[24.037048,49.813405]]},"properties":{"name":"","lines":"16, 27, 53","arr":["А16","А27","А53"],"roundabout":1,"mode":"bus","color":"#0059a9"}},{"type":"Feature","geometry":{"type":"LineString","coordinates":[[24.037048,49.813405],[24.037095,49.813406]]},"properties":{"name":"","lines":"16, 27, 53","arr":["А16","А27","А53"],"roundabout":1,"mode":"bus","color":"#0059a9"}},{"type":"Feature","geometry":{"type":"LineString","coordinates":[[24.061635,49.806398],[24.061712,49.806373],[24.061796,49.806353],[24.061874,49.806342],[24.061942,49.806339],[24.062023,49.806342],[24.062104,49.80635],[24.062162,49.806363],[24.062212,49.806379],[24.062272,49.806407]]},"properties":{"name":"","lines":"19, 23, 37, 40, 47, 31","arr":["А19","А23","А37","А40","А47","Тр31"],"roundabout":1,"mode":"bus","color":"#0059a9","trolley":"mix"}},{"type":"Feature","geometry":{"type":"LineString","coordinates":[[24.062272,49.806407],[24.062332,49.806443],[24.062385,49.806481]]},"properties":{"name":"","lines":"19, 23, 37, 40, 46, 47, 24, 31","arr":["А19","А23","А37","А40","А46","А47","Тр24","Тр31"],"roundabout":1,"mode":"bus","color":"#0059a9","trolley":"mix"}},{"type":"Feature","geometry":{"type":"LineString","coordinates":[[24.062385,49.806481],[24.062417,49.806533],[24.062451,49.806589],[24.062462,49.806643],[24.062459,49.806701],[24.062443,49.806757],[24.062412,49.806809],[24.062369,49.806858],[24.062333,49.806887],[24.062296,49.806915]]},"properties":{"name":"","lines":"19, 23, 37, 40, 46, 47, 24, 31","arr":["А19","А23","А37","А40","А46","А47","Тр24","Тр31"],"roundabout":1,"mode":"bus","color":"#0059a9","trolley":"mix"}},{"type":"Feature","geometry":{"type":"LineString","coordinates":[[24.062296,49.806915],[24.062254,49.806939],[24.062205,49.806961]]},"properties":{"name":"","lines":"19, 23, 37, 40, 46, 47, 24, 31","arr":["А19","А23","А37","А40","А46","А47","Тр24","Тр31"],"roundabout":1,"mode":"bus","color":"#0059a9","trolley":"mix"}},{"type":"Feature","geometry":{"type":"LineString","coordinates":[[24.062205,49.806961],[24.062127,49.806982],[24.062051,49.806996],[24.061998,49.807001],[24.06195,49.807002],[24.061899,49.807003],[24.061849,49.806998],[24.06177,49.806983],[24.061683,49.806961],[24.06162,49.806935],[24.061562,49.806903]]},"properties":{"name":"","lines":"19, 23, 37, 40, 47, 31","arr":["А19","А23","А37","А40","А47","Тр31"],"roundabout":1,"mode":"bus","color":"#0059a9","trolley":"mix"}},{"type":"Feature","geometry":{"type":"LineString","coordinates":[[24.061562,49.806903],[24.061538,49.806882]]},"properties":{"name":"","lines":"19, 23, 37, 40, 46, 47, 24, 31","arr":["А19","А23","А37","А40","А46","А47","Тр24","Тр31"],"roundabout":1,"mode":"bus","color":"#0059a9","trolley":"mix"}},{"type":"Feature","geometry":{"type":"LineString","coordinates":[[24.061538,49.806882],[24.061475,49.80682],[24.06144,49.806766],[24.061427,49.806731],[24.061424,49.806696],[24.061421,49.806657],[24.061437,49.806592],[24.061451,49.806563],[24.061469,49.806532],[24.061536,49.806456]]},"properties":{"name":"","lines":"19, 23, 37, 40, 46, 47, 24, 31","arr":["А19","А23","А37","А40","А46","А47","Тр24","Тр31"],"roundabout":1,"mode":"bus","color":"#0059a9","trolley":"mix"}},{"type":"Feature","geometry":{"type":"LineString","coordinates":[[24.061536,49.806456],[24.061635,49.806398]]},"properties":{"name":"","lines":"19, 23, 37, 40, 46, 47, 24, 31","arr":["А19","А23","А37","А40","А46","А47","Тр24","Тр31"],"roundabout":1,"mode":"bus","color":"#0059a9","trolley":"mix"}},{"type":"Feature","geometry":{"type":"LineString","coordinates":[[24.071911,49.860517],[24.071889,49.860569],[24.071856,49.860609],[24.071821,49.860638],[24.071778,49.860664],[24.071728,49.860684],[24.071655,49.860695],[24.071584,49.860698]]},"properties":{"name":"","lines":"19","arr":["А19"],"roundabout":1,"mode":"bus","color":"#0059a9"}},{"type":"Feature","geometry":{"type":"LineString","coordinates":[[24.04351,49.854016],[24.043528,49.853963],[24.043616,49.853915]]},"properties":{"name":"","lines":"20, 48, 62, 63","arr":["А20","А48","А62","А63"],"roundabout":1,"mode":"bus","color":"#0059a9"}},{"type":"Feature","geometry":{"type":"LineString","coordinates":[[24.043616,49.853915],[24.043781,49.853949],[24.043929,49.85401]]},"properties":{"name":"вулиця Богдана Хмельницького","lines":"20, 25, 48, 62, 63","arr":["А20","А25","А48","А62","А63"],"roundabout":1,"mode":"bus","color":"#0059a9"}},{"type":"Feature","geometry":{"type":"LineString","coordinates":[[24.043929,49.85401],[24.04397,49.85404]]},"properties":{"name":"вулиця Богдана Хмельницького","lines":"20, 25, 48, 62, 63","arr":["А20","А25","А48","А62","А63"],"roundabout":1,"mode":"bus","color":"#0059a9"}},{"type":"Feature","geometry":{"type":"LineString","coordinates":[[24.04397,49.85404],[24.043955,49.85409],[24.04393,49.854121],[24.043873,49.854135],[24.043777,49.85412]]},"properties":{"name":"","lines":"20, 48, 62, 63","arr":["А20","А48","А62","А63"],"roundabout":1,"mode":"bus","color":"#0059a9"}},{"type":"Feature","geometry":{"type":"LineString","coordinates":[[24.043777,49.85412],[24.04351,49.854016]]},"properties":{"name":"вулиця Богдана Хмельницького","lines":"20, 25, 48, 58, 59, 62, 63","arr":["А20","А25","А48","А58","А59","А62","А63"],"roundabout":1,"mode":"bus","color":"#0059a9"}},{"type":"Feature","geometry":{"type":"LineString","coordinates":[[23.912626,49.820702],[23.912601,49.820666]]},"properties":{"name":"М-10-01;М-11","lines":"21, 52, 84","arr":["А21","А52","А84"],"roundabout":1,"mode":"bus","color":"#0059a9"}},{"type":"Feature","geometry":{"type":"LineString","coordinates":[[23.912601,49.820666],[23.912585,49.820628],[23.912579,49.820589],[23.912582,49.820549],[23.912595,49.820511],[23.912617,49.820474],[23.912647,49.82044],[23.912686,49.820409]]},"properties":{"name":"М-10-01","lines":"21, 52, 84","arr":["А21","А52","А84"],"roundabout":1,"mode":"bus","color":"#0059a9"}},{"type":"Feature","geometry":{"type":"LineString","coordinates":[[23.912686,49.820409],[23.912731,49.820383],[23.912782,49.820361],[23.912838,49.820345],[23.912897,49.820335]]},"properties":{"name":"М-10-01;М-11","lines":"21, 52, 84","arr":["А21","А52","А84"],"roundabout":1,"mode":"bus","color":"#0059a9"}},{"type":"Feature","geometry":{"type":"LineString","coordinates":[[23.912897,49.820335],[23.912958,49.820331],[23.913019,49.820333],[23.913078,49.820341],[23.913135,49.820355],[23.913188,49.820375],[23.913236,49.8204],[23.913277,49.820429]]},"properties":{"name":"М-11","lines":"21, 52, 84","arr":["А21","А52","А84"],"roundabout":1,"mode":"bus","color":"#0059a9"}},{"type":"Feature","geometry":{"type":"LineString","coordinates":[[23.913277,49.820429],[23.91331,49.820462],[23.913335,49.820498]]},"properties":{"name":"М-10-01;М-11","lines":"21, 52, 84","arr":["А21","А52","А84"],"roundabout":1,"mode":"bus","color":"#0059a9"}},{"type":"Feature","geometry":{"type":"LineString","coordinates":[[23.913154,49.820803],[23.913099,49.820819]]},"properties":{"name":"М-10-01;М-11","lines":"21, 52, 84","arr":["А21","А52","А84"],"roundabout":1,"mode":"bus","color":"#0059a9"}},{"type":"Feature","geometry":{"type":"LineString","coordinates":[[23.981748,49.805851],[23.981678,49.805893],[23.981595,49.805926],[23.981504,49.805948],[23.981408,49.805957],[23.981312,49.805953],[23.981218,49.805938]]},"properties":{"name":"","lines":"23, 51","arr":["А23","А51"],"roundabout":1,"mode":"bus","color":"#0059a9"}},{"type":"Feature","geometry":{"type":"LineString","coordinates":[[23.981779,49.80547],[23.98183,49.80553],[23.981859,49.805595],[23.981865,49.805664],[23.981848,49.805731],[23.981808,49.805794]]},"properties":{"name":"Т-14-16","lines":"23","arr":["А23"],"roundabout":1,"mode":"bus","color":"#0059a9"}},{"type":"Feature","geometry":{"type":"LineString","coordinates":[[24.061876,49.816051],[24.061867,49.816065],[24.061854,49.816079],[24.061838,49.816093]]},"properties":{"name":"","lines":"23, 27, 37, 40, 46, 47, 24, 31","arr":["А23","А27","А37","А40","А46","А47","Тр24","Тр31"],"roundabout":1,"mode":"bus","color":"#0059a9","trolley":"mix"}},{"type":"Feature","geometry":{"type":"LineString","coordinates":[[24.061838,49.816093],[24.061818,49.816105],[24.061801,49.816113],[24.06178,49.81612],[24.061758,49.816123],[24.061732,49.816125],[24.061702,49.816124],[24.061674,49.816122],[24.06165,49.816116],[24.061626,49.816107]]},"properties":{"name":"","lines":"23, 27, 37, 40, 46, 47","arr":["А23","А27","А37","А40","А46","А47"],"roundabout":1,"mode":"bus","color":"#0059a9"}},{"type":"Feature","geometry":{"type":"LineString","coordinates":[[23.936675,49.82195],[23.936614,49.821968],[23.936548,49.821975],[23.936482,49.821968],[23.936422,49.82195],[23.936372,49.82192],[23.936339,49.821883],[23.936324,49.821841]]},"properties":{"name":"","lines":"27","arr":["А27","Тр27"],"roundabout":1,"mode":"bus","color":"#0059a9","trolley":"mix"}},{"type":"Feature","geometry":{"type":"LineString","coordinates":[[23.936324,49.821841],[23.936326,49.82181],[23.936337,49.821781],[23.936375,49.821737],[23.936435,49.821705],[23.936508,49.821687],[23.936586,49.821687],[23.936659,49.821704],[23.936719,49.821736],[23.936758,49.821778],[23.936773,49.821825],[23.936763,49.821873]]},"properties":{"name":"","lines":"27","arr":["А27","Тр27"],"roundabout":1,"mode":"bus","color":"#0059a9","trolley":"mix"}},{"type":"Feature","geometry":{"type":"LineString","coordinates":[[23.936763,49.821873],[23.936729,49.821916],[23.936675,49.82195]]},"properties":{"name":"","lines":"27","arr":["А27","Тр27"],"roundabout":1,"mode":"bus","color":"#0059a9","trolley":"mix"}},{"type":"Feature","geometry":{"type":"LineString","coordinates":[[24.00177,49.836848],[24.001796,49.836781],[24.001809,49.836766],[24.00182,49.836754],[24.001862,49.836706],[24.00188,49.836697],[24.001952,49.836657],[24.002006,49.836633]]},"properties":{"name":"","lines":"29, 31, 33","arr":["А29","А31","А33"],"roundabout":1,"mode":"bus","color":"#0059a9"}},{"type":"Feature","geometry":{"type":"LineString","coordinates":[[23.978832,49.822605],[23.978845,49.822593]]},"properties":{"name":"","lines":"33, 51","arr":["А33","А51"],"roundabout":1,"mode":"bus","color":"#0059a9"}},{"type":"Feature","geometry":{"type":"LineString","coordinates":[[23.979175,49.822621],[23.979178,49.822628]]},"properties":{"name":"","lines":"33, 51","arr":["А33","А51"],"roundabout":1,"mode":"bus","color":"#0059a9"}},{"type":"Feature","geometry":{"type":"LineString","coordinates":[[23.979178,49.822628],[23.979189,49.822664],[23.979184,49.8227],[23.979161,49.822734],[23.979129,49.822759],[23.979088,49.822779],[23.97904,49.82279]]},"properties":{"name":"","lines":"33, 51","arr":["А33","А51"],"roundabout":1,"mode":"bus","color":"#0059a9"}},{"type":"Feature","geometry":{"type":"LineString","coordinates":[[23.97904,49.82279],[23.979016,49.822793]]},"properties":{"name":"","lines":"33, 51","arr":["А33","А51"],"roundabout":1,"mode":"bus","color":"#0059a9"}},{"type":"Feature","geometry":{"type":"LineString","coordinates":[[23.979016,49.822793],[23.978956,49.82279],[23.9789,49.822776],[23.978853,49.822752],[23.978821,49.822719],[23.978805,49.822681],[23.978809,49.822642],[23.978832,49.822605]]},"properties":{"name":"","lines":"33, 51","arr":["А33","А51"],"roundabout":1,"mode":"bus","color":"#0059a9"}},{"type":"Feature","geometry":{"type":"LineString","coordinates":[[24.021495,49.856506],[24.021549,49.856498],[24.021643,49.856497],[24.021736,49.856509],[24.021822,49.856535],[24.021896,49.856573],[24.021936,49.856607],[24.02197,49.856642]]},"properties":{"name":"проспект Вʼячеслава Чорновола","lines":"37, 39","arr":["А37","А39"],"roundabout":1,"mode":"bus","color":"#0059a9"}},{"type":"Feature","geometry":{"type":"LineString","coordinates":[[23.978845,49.822593],[23.978886,49.822568],[23.978938,49.822551],[23.978994,49.822545],[23.979051,49.82255],[23.979102,49.822565],[23.979145,49.82259],[23.979175,49.822621]]},"properties":{"name":"","lines":"51","arr":["А51"],"roundabout":1,"mode":"bus","color":"#0059a9"}},{"type":"Feature","geometry":{"type":"LineString","coordinates":[[23.878194,49.837377],[23.87821,49.837391]]},"properties":{"name":"","lines":"52","arr":["А52"],"roundabout":1,"mode":"bus","color":"#0059a9"}},{"type":"Feature","geometry":{"type":"LineString","coordinates":[[24.09313,49.90425],[24.092441,49.904277],[24.092388,49.904279],[24.091914,49.904297],[24.091443,49.904316],[24.090614,49.904348],[24.090083,49.904367],[24.089293,49.904394],[24.087712,49.904456]]},"properties":{"name":"вулиця Тараса Шевченка","lines":"1","arr":["А01"],"roundabout":0,"mode":"bus","color":"#0059a9"}},{"type":"Feature","geometry":{"type":"LineString","coordinates":[[24.087712,49.904456],[24.087766,49.90415],[24.08781,49.903933],[24.087893,49.903477],[24.087965,49.903103],[24.087969,49.903081],[24.088098,49.902437],[24.088142,49.902219],[24.088257,49.901734],[24.088262,49.901708],[24.088305,49.901515],[24.088398,49.901105],[24.088541,49.900477],[24.08857,49.900346],[24.088647,49.899962],[24.08866,49.899898],[24.088885,49.899479],[24.089971,49.897962],[24.09026,49.897627],[24.090322,49.897548],[24.090417,49.897444],[24.090535,49.897315],[24.090553,49.897294],[24.090796,49.897079],[24.091015,49.896931],[24.091187,49.896807],[24.091642,49.89648],[24.091718,49.896373],[24.091774,49.896256],[24.091795,49.896101],[24.091772,49.895974],[24.091329,49.894546],[24.091282,49.894424],[24.091237,49.894283],[24.090893,49.893219],[24.090661,49.892482],[24.090443,49.891827],[24.09015,49.890869],[24.089928,49.890164],[24.089838,49.889876],[24.08971,49.88953]]},"properties":{"name":"вулиця Володимира Великого","lines":"1, 80","arr":["А01","А80"],"roundabout":0,"mode":"bus","color":"#0059a9"}},{"type":"Feature","geometry":{"type":"LineString","coordinates":[[24.08971,49.88953],[24.088176,49.889067],[24.088003,49.889014],[24.087092,49.888744],[24.086687,49.888615]]},"properties":{"name":"Львівська вулиця","lines":"1, 60, 80","arr":["А01","А60","А80"],"roundabout":0,"mode":"bus","color":"#0059a9"}},{"type":"Feature","geometry":{"type":"LineString","coordinates":[[24.086687,49.888615],[24.081578,49.887071],[24.08109,49.886923],[24.081003,49.886897],[24.080374,49.886705],[24.080163,49.886641],[24.079607,49.886479],[24.079308,49.886391],[24.07902,49.886307],[24.078666,49.886177],[24.078232,49.885986],[24.077744,49.885702],[24.077163,49.885357],[24.07663,49.88501],[24.076332,49.884805],[24.076108,49.884605],[24.075802,49.884266],[24.07563,49.884054],[24.075452,49.883834],[24.075423,49.883799],[24.07532,49.88367],[24.075172,49.883484],[24.074764,49.882984],[24.074563,49.882735],[24.0742,49.882345],[24.074054,49.882189],[24.073586,49.881923],[24.072808,49.881608],[24.072259,49.881396],[24.071701,49.881191],[24.070841,49.880868],[24.070687,49.880813],[24.07064,49.880796],[24.070319,49.880675],[24.070257,49.880651],[24.069959,49.880539],[24.069802,49.880479],[24.069263,49.880276],[24.068654,49.880041],[24.067752,49.879683],[24.067692,49.879656],[24.067188,49.879406],[24.066913,49.879254],[24.066825,49.879203],[24.066623,49.879089],[24.065974,49.878672]]},"properties":{"name":"Київська вулиця","lines":"1, 60, 80","arr":["А01","А60","А80"],"roundabout":0,"mode":"bus","color":"#0059a9"}},{"type":"Feature","geometry":{"type":"LineString","coordinates":[[24.065974,49.878672],[24.065536,49.878356],[24.064063,49.877284]]},"properties":{"name":"вулиця Богдана Хмельницького","lines":"1, 60, 80","arr":["А01","А60","А80"],"roundabout":0,"mode":"bus","color":"#0059a9"}},{"type":"Feature","geometry":{"type":"LineString","coordinates":[[24.064063,49.877284],[24.063646,49.876941]]},"properties":{"name":"вулиця Богдана Хмельницького","lines":"1, 60, 62, 80","arr":["А01","А60","А62","А80"],"roundabout":0,"mode":"bus","color":"#0059a9"}},{"type":"Feature","geometry":{"type":"LineString","coordinates":[[24.063646,49.876941],[24.062649,49.876081]]},"properties":{"name":"вулиця Богдана Хмельницького","lines":"1, 9, 60, 62, 80","arr":["А01","А09","А60","А62","А80"],"roundabout":0,"mode":"bus","color":"#0059a9"}},{"type":"Feature","geometry":{"type":"LineString","coordinates":[[24.062649,49.876081],[24.062252,49.87566],[24.061941,49.875274],[24.061234,49.874447]]},"properties":{"name":"вулиця Богдана Хмельницького","lines":"1, 9, 56, 58, 59, 60, 62, 63, 80","arr":["А01","А09","А56","А58","А59","А60","А62","А63","А80"],"roundabout":0,"mode":"bus","color":"#0059a9"}},{"type":"Feature","geometry":{"type":"LineString","coordinates":[[24.061234,49.874447],[24.061141,49.874335],[24.06085,49.87399],[24.060678,49.87382],[24.060363,49.87351],[24.059962,49.87306]]},"properties":{"name":"вулиця Богдана Хмельницького","lines":"1, 9, 31, 48, 53, 56, 58, 59, 60, 62, 63, 80","arr":["А01","А09","А31","А48","А53","А56","А58","А59","А60","А62","А63","А80"],"roundabout":0,"mode":"bus","color":"#0059a9"}},{"type":"Feature","geometry":{"type":"LineString","coordinates":[[24.059962,49.87306],[24.059858,49.872948],[24.059356,49.872364],[24.058172,49.870952],[24.058152,49.870927],[24.05793,49.87067],[24.057679,49.8704],[24.057244,49.869878],[24.057234,49.869867]]},"properties":{"name":"вулиця Богдана Хмельницького","lines":"1, 9, 31, 41, 48, 51, 53, 56, 58, 59, 60, 62, 63, 80","arr":["А01","А09","А31","А41","А48","А51","А53","А56","А58","А59","А60","А62","А63","А80"],"roundabout":0,"mode":"bus","color":"#0059a9"}},{"type":"Feature","geometry":{"type":"LineString","coordinates":[[24.057234,49.869867],[24.057024,49.869619],[24.056957,49.869542],[24.056933,49.869515],[24.056768,49.869308]]},"properties":{"name":"вулиця Богдана Хмельницького","lines":"1, 9, 12, 19, 39, 48, 53, 58, 59, 60, 62, 63, 80","arr":["А01","А09","А12","А19","А39","А48","А53","А58","А59","А60","А62","А63","А80"],"roundabout":0,"mode":"bus","color":"#0059a9"}},{"type":"Feature","geometry":{"type":"LineString","coordinates":[[24.056768,49.869308],[24.056602,49.869113],[24.056311,49.868773],[24.056236,49.868684]]},"properties":{"name":"вулиця Богдана Хмельницького","lines":"1, 9, 19, 39, 48, 53, 58, 59, 60, 62, 63, 80","arr":["А01","А09","А19","А39","А48","А53","А58","А59","А60","А62","А63","А80"],"roundabout":0,"mode":"bus","color":"#0059a9"}},{"type":"Feature","geometry":{"type":"LineString","coordinates":[[24.053611,49.865139],[24.053564,49.865298],[24.053551,49.865402],[24.053581,49.865516],[24.053576,49.865576]]},"properties":{"name":"вулиця Богдана Хмельницького","lines":"1, 9, 19, 39, 48, 53, 58, 59, 60, 62, 63, 80","arr":["А01","А09","А19","А39","А48","А53","А58","А59","А60","А62","А63","А80"],"roundabout":0,"mode":"bus","color":"#0059a9"}},{"type":"Feature","geometry":{"type":"LineString","coordinates":[[24.056236,49.868684],[24.056049,49.868466],[24.055963,49.868365],[24.055522,49.867848],[24.05528,49.867565],[24.05473,49.866922],[24.054046,49.866138],[24.053983,49.866061],[24.053742,49.865775],[24.053658,49.865677],[24.053582,49.865582],[24.053576,49.865576]]},"properties":{"name":"вулиця Богдана Хмельницького","lines":"1, 9, 19, 34, 39, 48, 53, 58, 59, 60, 62, 63, 80","arr":["А01","А09","А19","А34","А39","А48","А53","А58","А59","А60","А62","А63","А80"],"roundabout":0,"mode":"bus","color":"#0059a9"}},{"type":"Feature","geometry":{"type":"LineString","coordinates":[[24.053576,49.865576],[24.053498,49.865545],[24.053363,49.865455],[24.05323,49.865404]]},"properties":{"name":"вулиця Богдана Хмельницького","lines":"1, 9, 19, 34, 39, 48, 53, 58, 59, 60, 62, 80","arr":["А01","А09","А19","А34","А39","А48","А53","А58","А59","А60","А62","А80"],"roundabout":0,"mode":"bus","color":"#0059a9"}},{"type":"Feature","geometry":{"type":"LineString","coordinates":[[24.05323,49.865404],[24.052886,49.865304]]},"properties":{"name":"вулиця Богдана Хмельницького","lines":"1, 9, 19, 20, 34, 39, 48, 53, 58, 59, 60, 62, 80","arr":["А01","А09","А19","А20","А34","А39","А48","А53","А58","А59","А60","А62","А80"],"roundabout":0,"mode":"bus","color":"#0059a9"}},{"type":"Feature","geometry":{"type":"LineString","coordinates":[[24.05274,49.865234],[24.052565,49.865155],[24.05239,49.86508],[24.052224,49.865037],[24.052036,49.865003],[24.051713,49.865029],[24.051318,49.865061],[24.051243,49.865066],[24.050815,49.865098]]},"properties":{"name":"вулиця Вʼячеслава Липинського","lines":"1, 9, 25, 34, 39, 53, 58, 59, 60, 80","arr":["А01","А09","А25","А34","А39","А53","А58","А59","А60","А80"],"roundabout":0,"mode":"bus","color":"#0059a9"}},{"type":"Feature","geometry":{"type":"LineString","coordinates":[[24.050815,49.865098],[24.050482,49.865124],[24.049886,49.865171],[24.049446,49.865208],[24.049076,49.865235],[24.049016,49.865241],[24.047981,49.865318],[24.047277,49.865371],[24.046573,49.865395],[24.045896,49.865393],[24.045485,49.865373],[24.0446,49.865286],[24.044385,49.865271],[24.044368,49.86527]]},"properties":{"name":"вулиця Вʼячеслава Липинського","lines":"1, 9, 12, 25, 34, 39, 53, 58, 59, 60, 80","arr":["А01","А09","А12","А25","А34","А39","А53","А58","А59","А60","А80"],"roundabout":0,"mode":"bus","color":"#0059a9"}},{"type":"Feature","geometry":{"type":"LineString","coordinates":[[24.044368,49.86527],[24.044349,49.865268],[24.044287,49.865262],[24.044041,49.865233],[24.043665,49.865192],[24.043152,49.865144],[24.043095,49.865139],[24.042638,49.865087],[24.042428,49.865064],[24.042019,49.865021],[24.041064,49.86492],[24.040994,49.864913],[24.040657,49.864877],[24.040176,49.864827],[24.03868,49.864618],[24.038153,49.864551],[24.037025,49.864406],[24.036362,49.864309],[24.035961,49.86425],[24.035805,49.864228],[24.035588,49.864201],[24.035426,49.864179],[24.034776,49.864049],[24.034485,49.863968],[24.03445,49.863958],[24.034275,49.863905],[24.033866,49.863768],[24.033444,49.863618],[24.033253,49.863557],[24.032524,49.863312],[24.031929,49.863107],[24.031567,49.862979],[24.031064,49.862809],[24.030715,49.862691],[24.030275,49.862542],[24.030104,49.862484],[24.029809,49.862384],[24.02929,49.862154],[24.029002,49.861991],[24.028796,49.861845],[24.028428,49.86151],[24.027778,49.86088],[24.027638,49.860745],[24.02747,49.860591],[24.027223,49.860368],[24.02713,49.860285],[24.026895,49.860102],[24.026881,49.86009]]},"properties":{"name":"вулиця Вʼячеслава Липинського","lines":"1, 9, 25, 34, 53, 60, 80","arr":["А01","А09","А25","А34","А53","А60","А80"],"roundabout":0,"mode":"bus","color":"#0059a9"}},{"type":"Feature","geometry":{"type":"LineString","coordinates":[[24.026881,49.86009],[24.026866,49.860083],[24.026692,49.859959],[24.026478,49.859801],[24.026267,49.85965],[24.026146,49.859563],[24.025786,49.859315],[24.024903,49.858673],[24.024736,49.858548],[24.024165,49.858122],[24.023609,49.857772],[24.023467,49.857701],[24.023176,49.85755],[24.022802,49.857353],[24.022739,49.857329],[24.022721,49.857321],[24.022351,49.857125],[24.022004,49.856705]]},"properties":{"name":"вулиця Вʼячеслава Липинського","lines":"1, 9, 25, 34, 39, 53, 60, 80","arr":["А01","А09","А25","А34","А39","А53","А60","А80"],"roundabout":0,"mode":"bus","color":"#0059a9"}},{"type":"Feature","geometry":{"type":"LineString","coordinates":[[24.022351,49.857125],[24.021774,49.856994]]},"properties":{"name":"вулиця Вʼячеслава Липинського","lines":"1, 9, 25, 39, 53, 60, 80","arr":["А01","А09","А25","А39","А53","А60","А80"],"roundabout":0,"mode":"bus","color":"#0059a9"}},{"type":"Feature","geometry":{"type":"LineString","coordinates":[[24.021495,49.856506],[24.021727,49.856311],[24.021756,49.856289],[24.021807,49.856197],[24.021938,49.855957],[24.021994,49.855851],[24.022342,49.855172],[24.022728,49.854413],[24.022794,49.854283],[24.02297,49.853936],[24.022989,49.8539],[24.023096,49.853682],[24.023882,49.851851],[24.023897,49.851817],[24.023925,49.851749],[24.024413,49.850606],[24.024427,49.850571],[24.024467,49.850471]]},"properties":{"name":"проспект Вʼячеслава Чорновола","lines":"1, 7, 8а, 9, 17, 21, 22, 25, 31, 34, 37, 39, 41, 46, 47, 51, 52, 53, 55, 56, 60, 80, 84","arr":["А01","А07","А08а","А09","А17","А21","А22","А25","А31","А34","А37","А39","А41","А46","А47","А51","А52","А53","А55","А56","А60","А80","А84"],"roundabout":0,"mode":"bus","color":"#0059a9"}},{"type":"Feature","geometry":{"type":"LineString","coordinates":[[24.024311,49.851217],[24.024086,49.851742],[24.024045,49.851839],[24.024029,49.851878],[24.023845,49.852317],[24.02349,49.853166],[24.023226,49.853769],[24.023143,49.853936],[24.023124,49.853974],[24.022917,49.854376],[24.022658,49.854883],[24.0224,49.855374],[24.022126,49.855929],[24.0221,49.85598],[24.021924,49.85632],[24.021925,49.856349],[24.02197,49.856642]]},"properties":{"name":"проспект Вʼячеслава Чорновола","lines":"1, 7, 8а, 9, 17, 21, 22, 25, 31, 34, 37, 39, 41, 46, 47, 51, 52, 53, 55, 56, 60, 80, 84","arr":["А01","А07","А08а","А09","А17","А21","А22","А25","А31","А34","А37","А39","А41","А46","А47","А51","А52","А53","А55","А56","А60","А80","А84"],"roundabout":0,"mode":"bus","color":"#0059a9"}},{"type":"Feature","geometry":{"type":"LineString","coordinates":[[24.024467,49.850471],[24.024485,49.850327],[24.024461,49.84988]]},"properties":{"name":"площа 700-річчя Львова","lines":"1, 7, 8а, 9, 17, 20, 21, 22, 25, 31, 37, 39, 46, 47, 48, 51, 52, 53, 55, 60, 80, 84","arr":["А01","А07","А08а","А09","А17","А20","А21","А22","А25","А31","А37","А39","А46","А47","А48","А51","А52","А53","А55","А60","А80","А84"],"roundabout":0,"mode":"bus","color":"#0059a9"}},{"type":"Feature","geometry":{"type":"LineString","coordinates":[[24.024461,49.84988],[24.024521,49.849827],[24.024589,49.849787],[24.024726,49.849757],[24.024789,49.849758],[24.024867,49.84976]]},"properties":{"name":"площа 700-річчя Львова","lines":"1, 7, 9, 17, 20, 21, 25, 31, 37, 46, 47, 48, 51, 52, 53, 55, 60, 80, 84","arr":["А01","А07","А09","А17","А20","А21","А25","А31","А37","А46","А47","А48","А51","А52","А53","А55","А60","А80","А84"],"roundabout":0,"mode":"bus","color":"#0059a9"}},{"type":"Feature","geometry":{"type":"LineString","coordinates":[[24.024867,49.84976],[24.024977,49.849731],[24.025061,49.849681],[24.025106,49.849624],[24.025165,49.849517],[24.025257,49.849349],[24.025528,49.848853],[24.02561,49.848693],[24.025639,49.848608],[24.025657,49.848507],[24.025656,49.848418],[24.0256,49.847888],[24.025593,49.847831],[24.025498,49.847147],[24.025368,49.846397]]},"properties":{"name":"проспект Вʼячеслава Чорновола","lines":"1, 7, 8а, 9, 17, 20, 21, 25, 31, 34, 37, 39, 41, 46, 47, 48, 51, 52, 53, 55, 60, 80, 84","arr":["А01","А07","А08а","А09","А17","А20","А21","А25","А31","А34","А37","А39","А41","А46","А47","А48","А51","А52","А53","А55","А60","А80","А84"],"roundabout":0,"mode":"bus","color":"#0059a9"}},{"type":"Feature","geometry":{"type":"LineString","coordinates":[[24.025368,49.846397],[24.025351,49.846318],[24.025282,49.845584]]},"properties":{"name":"проспект Вʼячеслава Чорновола","lines":"1, 7, 9, 17, 20, 21, 25, 31, 34, 37, 39, 41, 46, 47, 48, 51, 52, 53, 55, 60, 80, 84","arr":["А01","А07","А09","А17","А20","А21","А25","А31","А34","А37","А39","А41","А46","А47","А48","А51","А52","А53","А55","А60","А80","А84"],"roundabout":0,"mode":"bus","color":"#0059a9"}},{"type":"Feature","geometry":{"type":"LineString","coordinates":[[24.025282,49.845584],[24.025309,49.845287]]},"properties":{"name":"проспект Вʼячеслава Чорновола","lines":"1, 7, 9, 17, 20, 21, 25, 31, 34, 37, 39, 41, 46, 47, 48, 51, 52, 53, 84","arr":["А01","А07","А09","А17","А20","А21","А25","А31","А34","А37","А39","А41","А46","А47","А48","А51","А52","А53","А84"],"roundabout":0,"mode":"bus","color":"#0059a9"}},{"type":"Feature","geometry":{"type":"LineString","coordinates":[[24.025309,49.845287],[24.025368,49.845051],[24.025515,49.844576],[24.025557,49.844499]]},"properties":{"name":"проспект Вʼячеслава Чорновола","lines":"1, 3, 5, 7, 9, 17, 20, 21, 25, 31, 34, 37, 39, 41, 46, 47, 48, 51, 52, 53, 57, 84","arr":["А01","А03","А05","А07","А09","А17","А20","А21","А25","А31","А34","А37","А39","А41","А46","А47","А48","А51","А52","А53","А57","А84"],"roundabout":0,"mode":"bus","color":"#0059a9"}},{"type":"Feature","geometry":{"type":"LineString","coordinates":[[24.025557,49.844499],[24.025569,49.844474],[24.025597,49.844421]]},"properties":{"name":"","lines":"1, 3, 5, 9, 21, 37, 39, 46, 47, 48, 53, 57","arr":["А01","А03","А05","А09","А21","А37","А39","А46","А47","А48","А53","А57"],"roundabout":0,"mode":"bus","color":"#0059a9"}},{"type":"Feature","geometry":{"type":"LineString","coordinates":[[24.025597,49.844421],[24.025604,49.844405]]},"properties":{"name":"","lines":"1, 3, 5, 9, 21, 46, 47, 48, 53, 57","arr":["А01","А03","А05","А09","А21","А46","А47","А48","А53","А57"],"roundabout":0,"mode":"bus","color":"#0059a9"}},{"type":"Feature","geometry":{"type":"LineString","coordinates":[[24.025604,49.844405],[24.025642,49.844347],[24.02582,49.844038],[24.025881,49.843934],[24.0261,49.843529],[24.026186,49.843364],[24.026412,49.842953],[24.026584,49.842643],[24.026823,49.842221],[24.027282,49.841398],[24.027334,49.841312],[24.027419,49.841193],[24.027802,49.840628],[24.027842,49.840574],[24.027856,49.840555]]},"properties":{"name":"проспект Свободи","lines":"1, 3, 5, 6, 9, 21, 46, 47, 48, 53, 57","arr":["А01","А03","А05","А06","А09","А21","А46","А47","А48","А53","А57"],"roundabout":0,"mode":"bus","color":"#0059a9"}},{"type":"Feature","geometry":{"type":"LineString","coordinates":[[24.027856,49.840555],[24.027868,49.840542],[24.027905,49.840499],[24.028116,49.840237],[24.028255,49.840065]]},"properties":{"name":"проспект Свободи","lines":"1, 3, 5, 6, 15, 43, 45, 46, 47, 53, 57, 92","arr":["А01","А03","А05","А06","А15","А43","А45","А46","А47","А53","А57","А92"],"roundabout":0,"mode":"bus","color":"#0059a9"}},{"type":"Feature","geometry":{"type":"LineString","coordinates":[[24.028255,49.840065],[24.02842,49.839859],[24.028556,49.839744],[24.028843,49.839583],[24.02908,49.839495]]},"properties":{"name":"проспект Свободи","lines":"3, 5, 15, 43, 45, 46, 47, 53, 57, 92","arr":["А03","А05","А15","А43","А45","А46","А47","А53","А57","А92"],"roundabout":0,"mode":"bus","color":"#0059a9"}},{"type":"Feature","geometry":{"type":"LineString","coordinates":[[24.032813,49.839312],[24.033013,49.839311]]},"properties":{"name":"Галицька площа","lines":"1, 5, 6, 39а, 45, 47, 92, 99","arr":["А01","А05","А06","А39а","А45","А47","А92","А99"],"roundabout":0,"mode":"bus","color":"#0059a9"}},{"type":"Feature","geometry":{"type":"LineString","coordinates":[[24.033013,49.839311],[24.033173,49.839307],[24.033377,49.839292],[24.033517,49.839269],[24.033909,49.839176],[24.034061,49.839132],[24.034444,49.839037],[24.034802,49.838948],[24.035083,49.838878],[24.035099,49.838874],[24.035206,49.838848],[24.03521,49.838847],[24.035315,49.838821],[24.035345,49.838813]]},"properties":{"name":"Соборна площа","lines":"1, 5, 6, 39а, 45, 47, 92, 99","arr":["А01","А05","А06","А39а","А45","А47","А92","А99"],"roundabout":0,"mode":"bus","color":"#0059a9"}},{"type":"Feature","geometry":{"type":"LineString","coordinates":[[24.035345,49.838813],[24.035445,49.839001],[24.035674,49.839327],[24.035733,49.839389],[24.035909,49.83964],[24.03594,49.839691],[24.036013,49.839815]]},"properties":{"name":"вулиця Володимира Винниченка","lines":"1, 3, 5, 6, 18, 37, 39а, 45, 46, 47, 53, 57, 92, 99","arr":["А01","А03","А05","А06","А18","А37","А39а","А45","А46","А47","А53","А57","А92","А99"],"roundabout":0,"mode":"bus","color":"#0059a9","nolabel":1}},{"type":"Feature","geometry":{"type":"LineString","coordinates":[[24.036013,49.839815],[24.036144,49.839984],[24.036257,49.84013],[24.036401,49.840307]]},"properties":{"name":"площа Андрія Парубія","lines":"1, 3, 5, 6, 15, 29, 37, 39, 45, 46, 47, 53, 57, 61, 92","arr":["А01","А03","А05","А06","А15","А29","А37","А39","А45","А46","А47","А53","А57","А61","А92"],"roundabout":0,"mode":"bus","color":"#0059a9","nolabel":1}},{"type":"Feature","geometry":{"type":"LineString","coordinates":[[24.035691,49.841021],[24.035303,49.842034],[24.035301,49.842038],[24.035259,49.842168],[24.035133,49.842505],[24.035125,49.84253],[24.035046,49.842771],[24.035035,49.842799],[24.034803,49.843466],[24.034633,49.843896],[24.034605,49.843933],[24.034551,49.843966],[24.034498,49.843988],[24.0344,49.844009],[24.033827,49.844061]]},"properties":{"name":"Підвальна вулиця","lines":"1, 3, 5, 6, 15, 29, 37, 39, 45, 46, 47, 53, 57, 61, 92","arr":["А01","А03","А05","А06","А15","А29","А37","А39","А45","А46","А47","А53","А57","А61","А92"],"roundabout":0,"mode":"bus","color":"#0059a9","nolabel":1}},{"type":"Feature","geometry":{"type":"LineString","coordinates":[[24.035802,49.84078],[24.035851,49.840746],[24.035985,49.840679],[24.036175,49.840598],[24.03632,49.840519],[24.036384,49.840438],[24.036405,49.840372],[24.036401,49.840307]]},"properties":{"name":"Підвальна вулиця","lines":"1, 3, 5, 6, 15, 29, 37, 39, 45, 46, 47, 53, 57, 61, 92","arr":["А01","А03","А05","А06","А15","А29","А37","А39","А45","А46","А47","А53","А57","А61","А92"],"roundabout":0,"mode":"bus","color":"#0059a9","nolabel":1}},{"type":"Feature","geometry":{"type":"LineString","coordinates":[[24.035691,49.841021],[24.03575,49.840872],[24.035769,49.840818],[24.035802,49.84078]]},"properties":{"name":"Підвальна вулиця","lines":"1, 3, 5, 6, 15, 29, 39, 45, 46, 47, 53, 57, 61, 92","arr":["А01","А03","А05","А06","А15","А29","А39","А45","А46","А47","А53","А57","А61","А92"],"roundabout":0,"mode":"bus","color":"#0059a9"}},{"type":"Feature","geometry":{"type":"LineString","coordinates":[[24.033641,49.844164],[24.033827,49.844061]]},"properties":{"name":"площа Короля Данила","lines":"1, 3, 6, 15, 29, 37, 39, 45, 46, 47, 53, 57, 61, 92","arr":["А01","А03","А06","А15","А29","А37","А39","А45","А46","А47","А53","А57","А61","А92"],"roundabout":0,"mode":"bus","color":"#0059a9"}},{"type":"Feature","geometry":{"type":"LineString","coordinates":[[24.033641,49.844164],[24.033182,49.844417],[24.03196,49.844518],[24.031919,49.844521],[24.03182,49.844529],[24.031668,49.844543],[24.03163,49.844545],[24.031084,49.84459]]},"properties":{"name":"площа Короля Данила","lines":"1, 3, 6, 15, 29, 37, 39, 46, 47, 53, 57, 61, 92","arr":["А01","А03","А06","А15","А29","А37","А39","А46","А47","А53","А57","А61","А92"],"roundabout":0,"mode":"bus","color":"#0059a9","nolabel":1}},{"type":"Feature","geometry":{"type":"LineString","coordinates":[[24.031084,49.84459],[24.029635,49.844721]]},"properties":{"name":"вулиця Івана Ґонти","lines":"1, 3, 6, 15, 29, 37, 39, 46, 47, 53, 57, 61, 92","arr":["А01","А03","А06","А15","А29","А37","А39","А46","А47","А53","А57","А61","А92"],"roundabout":0,"mode":"bus","color":"#0059a9","nolabel":1}},{"type":"Feature","geometry":{"type":"LineString","coordinates":[[24.029635,49.844721],[24.029527,49.844731],[24.029252,49.844758]]},"properties":{"name":"вулиця Івана Ґонти","lines":"1, 3, 6, 15, 29, 46, 47, 53, 57, 61, 92","arr":["А01","А03","А06","А15","А29","А46","А47","А53","А57","А61","А92"],"roundabout":0,"mode":"bus","color":"#0059a9","nolabel":1}},{"type":"Feature","geometry":{"type":"LineString","coordinates":[[24.029252,49.844758],[24.029126,49.844758],[24.02843,49.84476],[24.028372,49.844788],[24.02832,49.844813],[24.027707,49.844814]]},"properties":{"name":"площа Князя Ярослава Осмомисла","lines":"1, 3, 5, 6, 15, 29, 37, 39, 46, 47, 53, 57, 61, 92","arr":["А01","А03","А05","А06","А15","А29","А37","А39","А46","А47","А53","А57","А61","А92"],"roundabout":0,"mode":"bus","color":"#0059a9","nolabel":1}},{"type":"Feature","geometry":{"type":"LineString","coordinates":[[24.027707,49.844814],[24.027225,49.844813]]},"properties":{"name":"площа Князя Ярослава Осмомисла","lines":"1, 6, 15, 29, 37, 39, 46, 47, 53, 61, 92","arr":["А01","А06","А15","А29","А37","А39","А46","А47","А53","А61","А92"],"roundabout":0,"mode":"bus","color":"#0059a9","nolabel":1}},{"type":"Feature","geometry":{"type":"LineString","coordinates":[[24.027225,49.844813],[24.02712,49.844863],[24.026899,49.845035]]},"properties":{"name":"Староміська вулиця","lines":"1, 37, 39, 46, 47, 53","arr":["А01","А37","А39","А46","А47","А53"],"roundabout":0,"mode":"bus","color":"#0059a9"}},{"type":"Feature","geometry":{"type":"LineString","coordinates":[[24.026899,49.845035],[24.026779,49.845168],[24.026588,49.845319]]},"properties":{"name":"Староміська вулиця","lines":"1, 7, 9, 20, 21, 25, 31, 37, 39, 41, 46, 47, 48, 52, 53, 84","arr":["А01","А07","А09","А20","А21","А25","А31","А37","А39","А41","А46","А47","А48","А52","А53","А84"],"roundabout":0,"mode":"bus","color":"#0059a9"}},{"type":"Feature","geometry":{"type":"LineString","coordinates":[[24.026588,49.845319],[24.026342,49.845405],[24.026231,49.84544],[24.026163,49.845457],[24.02598,49.8455],[24.025765,49.845564]]},"properties":{"name":"площа Різні","lines":"1, 7, 9, 20, 21, 25, 31, 37, 39, 41, 46, 47, 48, 52, 53, 84","arr":["А01","А07","А09","А20","А21","А25","А31","А37","А39","А41","А46","А47","А48","А52","А53","А84"],"roundabout":0,"mode":"bus","color":"#0059a9"}},{"type":"Feature","geometry":{"type":"LineString","coordinates":[[24.025765,49.845564],[24.02561,49.845628],[24.025513,49.845685],[24.025477,49.845732],[24.025463,49.845795]]},"properties":{"name":"площа Різні","lines":"1, 7, 9, 20, 21, 25, 31, 37, 39, 41, 46, 47, 48, 52, 53, 55, 60, 80, 84","arr":["А01","А07","А09","А20","А21","А25","А31","А37","А39","А41","А46","А47","А48","А52","А53","А55","А60","А80","А84"],"roundabout":0,"mode":"bus","color":"#0059a9"}},{"type":"Feature","geometry":{"type":"LineString","coordinates":[[24.025463,49.845795],[24.025515,49.846307],[24.025532,49.846395]]},"properties":{"name":"проспект Вʼячеслава Чорновола","lines":"1, 7, 9, 20, 21, 25, 31, 37, 39, 41, 46, 47, 48, 52, 53, 55, 60, 80, 84","arr":["А01","А07","А09","А20","А21","А25","А31","А37","А39","А41","А46","А47","А48","А52","А53","А55","А60","А80","А84"],"roundabout":0,"mode":"bus","color":"#0059a9"}},{"type":"Feature","geometry":{"type":"LineString","coordinates":[[24.025532,49.846395],[24.025546,49.846468],[24.025615,49.846864],[24.025629,49.846948],[24.025752,49.847881],[24.025815,49.848415],[24.025809,49.848524],[24.025792,49.848628],[24.025753,49.848732],[24.025673,49.848893],[24.025295,49.84957],[24.025246,49.849657],[24.025063,49.849991]]},"properties":{"name":"проспект Вʼячеслава Чорновола","lines":"1, 7, 9, 17, 20, 21, 22, 25, 31, 34, 37, 39, 41, 46, 47, 48, 51, 52, 53, 55, 60, 80, 84","arr":["А01","А07","А09","А17","А20","А21","А22","А25","А31","А34","А37","А39","А41","А46","А47","А48","А51","А52","А53","А55","А60","А80","А84"],"roundabout":0,"mode":"bus","color":"#0059a9"}},{"type":"Feature","geometry":{"type":"LineString","coordinates":[[24.025063,49.849991],[24.024962,49.850186]]},"properties":{"name":"проспект Вʼячеслава Чорновола","lines":"1, 7, 8а, 9, 17, 20, 21, 22, 25, 31, 34, 37, 39, 41, 46, 47, 48, 51, 52, 53, 55, 60, 80, 84","arr":["А01","А07","А08а","А09","А17","А20","А21","А22","А25","А31","А34","А37","А39","А41","А46","А47","А48","А51","А52","А53","А55","А60","А80","А84"],"roundabout":0,"mode":"bus","color":"#0059a9"}},{"type":"Feature","geometry":{"type":"LineString","coordinates":[[24.024962,49.850186],[24.024657,49.850482]]},"properties":{"name":"проспект Вʼячеслава Чорновола","lines":"1, 7, 8а, 9, 17, 21, 22, 25, 31, 34, 37, 39, 41, 46, 47, 51, 52, 53, 55, 60, 80, 84","arr":["А01","А07","А08а","А09","А17","А21","А22","А25","А31","А34","А37","А39","А41","А46","А47","А51","А52","А53","А55","А60","А80","А84"],"roundabout":0,"mode":"bus","color":"#0059a9"}},{"type":"Feature","geometry":{"type":"LineString","coordinates":[[24.024657,49.850482],[24.024574,49.850628],[24.024311,49.851217]]},"properties":{"name":"проспект Вʼячеслава Чорновола","lines":"1, 7, 8а, 9, 17, 21, 22, 25, 31, 34, 39, 41, 46, 47, 51, 52, 53, 55, 56, 60, 80, 84","arr":["А01","А07","А08а","А09","А17","А21","А22","А25","А31","А34","А39","А41","А46","А47","А51","А52","А53","А55","А56","А60","А80","А84"],"roundabout":0,"mode":"bus","color":"#0059a9"}},{"type":"Feature","geometry":{"type":"LineString","coordinates":[[24.052036,49.865003],[24.052259,49.864963],[24.052423,49.864923],[24.052558,49.864877],[24.052677,49.864819]]},"properties":{"name":"вулиця Вʼячеслава Липинського","lines":"1, 9, 25, 53, 60, 80","arr":["А01","А09","А25","А53","А60","А80"],"roundabout":0,"mode":"bus","color":"#0059a9"}},{"type":"Feature","geometry":{"type":"LineString","coordinates":[[24.012863,49.774147],[24.012959,49.77415],[24.013137,49.774155],[24.013281,49.77416],[24.013476,49.774166],[24.013723,49.774174],[24.013868,49.774179],[24.014077,49.774216],[24.014255,49.774217]]},"properties":{"name":"","lines":"3, 10, 25, 40","arr":["А03","А10","А25","А40"],"roundabout":0,"mode":"bus","color":"#0059a9"}},{"type":"Feature","geometry":{"type":"LineString","coordinates":[[24.017201,49.787436],[24.017543,49.787403],[24.017554,49.787402],[24.017623,49.78741]]},"properties":{"name":"","lines":"3, 10, 25, 40","arr":["А03","А10","А25","А40"],"roundabout":0,"mode":"bus","color":"#0059a9"}},{"type":"Feature","geometry":{"type":"LineString","coordinates":[[24.013861,49.774251],[24.012957,49.77423],[24.01259,49.774221]]},"properties":{"name":"","lines":"3, 10, 25, 40","arr":["А03","А10","А25","А40"],"roundabout":0,"mode":"bus","color":"#0059a9"}},{"type":"Feature","geometry":{"type":"LineString","coordinates":[[24.014255,49.774217],[24.014215,49.775163],[24.014177,49.777144],[24.014153,49.777632],[24.014134,49.778157],[24.014025,49.781544],[24.014036,49.781765],[24.01407,49.782434],[24.014164,49.783471],[24.014199,49.783712],[24.014284,49.784313],[24.01431,49.784485],[24.014446,49.785305],[24.014572,49.785936],[24.014776,49.786886],[24.014811,49.787089],[24.014927,49.787608],[24.014939,49.78767],[24.014972,49.787835]]},"properties":{"name":"Стрийська вулиця","lines":"3, 10, 25, 40","arr":["А03","А10","А25","А40"],"roundabout":0,"mode":"bus","color":"#0059a9"}},{"type":"Feature","geometry":{"type":"LineString","coordinates":[[24.014738,49.787854],[24.014701,49.787685],[24.014686,49.787631],[24.014642,49.787424],[24.014342,49.785953],[24.014203,49.785323],[24.014072,49.784488],[24.013974,49.783719],[24.013949,49.783479],[24.013915,49.783109],[24.013884,49.782553],[24.013879,49.782438],[24.01387,49.782207],[24.013851,49.781496],[24.01387,49.780127],[24.013877,49.779775],[24.013882,49.779536],[24.013894,49.779069],[24.013902,49.778744],[24.013925,49.778148],[24.01393,49.77782],[24.013932,49.777717],[24.013933,49.777632],[24.013953,49.776921],[24.014018,49.775809],[24.014047,49.774813],[24.014056,49.77461],[24.014066,49.774408]]},"properties":{"name":"Стрийська вулиця","lines":"3, 10, 25, 40","arr":["А03","А10","А25","А40"],"roundabout":0,"mode":"bus","color":"#0059a9"}},{"type":"Feature","geometry":{"type":"LineString","coordinates":[[24.014972,49.787835],[24.016462,49.787705]]},"properties":{"name":"вулиця Володимира Вернадського","lines":"3, 10, 25, 40, 22, 23","arr":["А03","А10","А25","А40","Тр22","Тр23","Тр25"],"roundabout":0,"mode":"bus","color":"#0059a9","trolley":"mix"}},{"type":"Feature","geometry":{"type":"LineString","coordinates":[[24.016462,49.787705],[24.017584,49.787604],[24.017842,49.787579]]},"properties":{"name":"вулиця Володимира Вернадського","lines":"3, 10, 25, 40, 23","arr":["А03","А10","А25","А40","Тр23","Тр25"],"roundabout":0,"mode":"bus","color":"#0059a9","trolley":"mix"}},{"type":"Feature","geometry":{"type":"LineString","coordinates":[[24.016462,49.787705],[24.016445,49.787591],[24.016561,49.787498],[24.017201,49.787436]]},"properties":{"name":"","lines":"3, 10, 25, 40, 22, 23","arr":["А03","А10","А25","А40","Тр22","Тр23","Тр25"],"roundabout":0,"mode":"bus","color":"#0059a9","trolley":"mix"}},{"type":"Feature","geometry":{"type":"LineString","coordinates":[[24.017623,49.78741],[24.017704,49.787431],[24.017748,49.787454],[24.017789,49.787488],[24.017819,49.787532],[24.017842,49.787579]]},"properties":{"name":"","lines":"3, 9, 10, 25, 40, 22, 23","arr":["А03","А09","А10","А25","А40","Тр22","Тр23","Тр25"],"roundabout":0,"mode":"bus","color":"#0059a9","trolley":"mix"}},{"type":"Feature","geometry":{"type":"LineString","coordinates":[[24.017842,49.787579],[24.017901,49.787827]]},"properties":{"name":"","lines":"3, 10, 25, 40, 22","arr":["А03","А10","А25","А40","Тр22"],"roundabout":0,"mode":"bus","color":"#0059a9","trolley":"mix"}},{"type":"Feature","geometry":{"type":"LineString","coordinates":[[24.017901,49.787827],[24.017635,49.787855],[24.017198,49.787897]]},"properties":{"name":"вулиця Володимира Вернадського","lines":"3, 9, 10, 25, 40, 22","arr":["А03","А09","А10","А25","А40","Тр22"],"roundabout":0,"mode":"bus","color":"#0059a9","trolley":"mix"}},{"type":"Feature","geometry":{"type":"LineString","coordinates":[[24.017198,49.787897],[24.016558,49.787957],[24.015172,49.788082],[24.015026,49.788101]]},"properties":{"name":"вулиця Володимира Вернадського","lines":"3, 9, 10, 25, 22","arr":["А03","А09","А10","А25","Тр22"],"roundabout":0,"mode":"bus","color":"#0059a9","trolley":"mix"}},{"type":"Feature","geometry":{"type":"LineString","coordinates":[[24.015026,49.788101],[24.015093,49.788382],[24.01548,49.790147],[24.015894,49.792044],[24.015913,49.79213],[24.016027,49.792645],[24.016389,49.794222]]},"properties":{"name":"Стрийська вулиця","lines":"3, 9, 10, 25, 40, 22, 23","arr":["А03","А09","А10","А25","А40","Тр22","Тр23","Тр25"],"roundabout":0,"mode":"bus","color":"#0059a9","trolley":"mix"}},{"type":"Feature","geometry":{"type":"LineString","coordinates":[[24.016918,49.797769],[24.016886,49.797622],[24.01676,49.797086],[24.016641,49.796533],[24.016494,49.795843],[24.016163,49.79436],[24.016135,49.794238],[24.016101,49.794085],[24.015859,49.792987],[24.015688,49.792187],[24.015661,49.792061],[24.015513,49.791387]]},"properties":{"name":"Стрийська вулиця","lines":"3, 9, 10, 25, 40, 22, 23","arr":["А03","А09","А10","А25","А40","Тр22","Тр23","Тр25"],"roundabout":0,"mode":"bus","color":"#0059a9","trolley":"mix"}},{"type":"Feature","geometry":{"type":"LineString","coordinates":[[24.016389,49.794222],[24.01641,49.79434],[24.016459,49.79461],[24.017035,49.797264],[24.01717,49.797887],[24.017217,49.798096],[24.017241,49.798201],[24.017868,49.800912],[24.018043,49.801664],[24.017998,49.801921],[24.017781,49.801694],[24.017776,49.801671],[24.017693,49.801304],[24.01762,49.800913],[24.017348,49.799675],[24.017207,49.799063],[24.01716,49.798853],[24.016976,49.798031],[24.016946,49.797903],[24.016918,49.797769]]},"properties":{"name":"Стрийська вулиця","lines":"3, 9, 10, 25, 40, 57, 22, 23","arr":["А03","А09","А10","А25","А40","А57","Тр22","Тр23","Тр25"],"roundabout":0,"mode":"bus","color":"#0059a9","trolley":"mix"}},{"type":"Feature","geometry":{"type":"LineString","coordinates":[[24.017998,49.801921],[24.018052,49.802155],[24.018056,49.802178],[24.018172,49.802678],[24.018246,49.803012],[24.018284,49.803186],[24.018416,49.80379],[24.018466,49.804021],[24.018572,49.804507],[24.018769,49.80534]]},"properties":{"name":"Стрийська вулиця","lines":"3, 9, 11, 27, 57, 23, 25, 38","arr":["А03","А09","А11","А27","А57","Тр23","Тр25","Тр38"],"roundabout":0,"mode":"bus","color":"#0059a9","trolley":"mix"}},{"type":"Feature","geometry":{"type":"LineString","coordinates":[[24.018769,49.80534],[24.018851,49.805723],[24.018893,49.805914],[24.018924,49.806109],[24.018976,49.80655],[24.019012,49.806938],[24.019055,49.807346],[24.019085,49.80762],[24.019101,49.807776],[24.01912,49.807961],[24.019136,49.808158]]},"properties":{"name":"Стрийська вулиця","lines":"3, 9, 11, 27, 57, 25","arr":["А03","А09","А11","А27","А57","Тр25"],"roundabout":0,"mode":"bus","color":"#0059a9","trolley":"mix"}},{"type":"Feature","geometry":{"type":"LineString","coordinates":[[24.019136,49.808158],[24.019169,49.808501],[24.019177,49.80858],[24.019221,49.809023],[24.019223,49.809044],[24.019298,49.809782],[24.019326,49.810061],[24.019385,49.810568],[24.019433,49.81105],[24.019453,49.811271],[24.019479,49.811556],[24.019495,49.811746],[24.019531,49.812172],[24.019554,49.812452],[24.019593,49.812873],[24.019664,49.813541],[24.019693,49.813806],[24.019749,49.814315],[24.019792,49.814701]]},"properties":{"name":"Стрийська вулиця","lines":"3, 16, 18, 27, 57, 25","arr":["А03","А16","А18","А27","А57","Тр25"],"roundabout":0,"mode":"bus","color":"#0059a9","trolley":"mix"}},{"type":"Feature","geometry":{"type":"LineString","coordinates":[[24.019792,49.814701],[24.019806,49.814852],[24.019819,49.814984],[24.01984,49.815196],[24.019868,49.815479],[24.019997,49.816775],[24.020035,49.817157],[24.020053,49.817338],[24.020181,49.818584],[24.020241,49.819239],[24.020359,49.819875],[24.020385,49.820157],[24.020412,49.82048],[24.020414,49.820506],[24.020441,49.820806],[24.020506,49.821548],[24.020668,49.823217],[24.020772,49.824136],[24.020789,49.824294],[24.02081,49.824521],[24.020841,49.824846],[24.020859,49.824917],[24.02091,49.824995],[24.020962,49.825046],[24.021029,49.8251],[24.021093,49.825139],[24.021171,49.82518],[24.021334,49.825241],[24.021502,49.825288],[24.021662,49.825324],[24.021844,49.825343],[24.022014,49.825346],[24.022483,49.825297],[24.022844,49.825226],[24.023138,49.825158],[24.024223,49.824933],[24.02442,49.824937],[24.024575,49.824961],[24.024726,49.825003],[24.024878,49.825094],[24.025283,49.825432],[24.025496,49.825545],[24.025739,49.825617],[24.026197,49.825704],[24.026986,49.825935],[24.027233,49.82608],[24.02791,49.826611],[24.028448,49.82702],[24.028515,49.827071],[24.028607,49.827141],[24.028668,49.82718],[24.02885,49.827235],[24.029039,49.82727],[24.030012,49.827351],[24.030232,49.827386],[24.030441,49.827485],[24.030763,49.827719],[24.030894,49.827834],[24.031052,49.828],[24.031334,49.828378],[24.031581,49.828728],[24.031963,49.829188],[24.03199,49.829218],[24.032044,49.82928],[24.03206,49.8293]]},"properties":{"name":"Стрийська вулиця","lines":"3, 18, 57, 25","arr":["А03","А18","А57","Тр25"],"roundabout":0,"mode":"bus","color":"#0059a9","trolley":"mix"}},{"type":"Feature","geometry":{"type":"LineString","coordinates":[[24.03206,49.8293],[24.032072,49.829314],[24.032094,49.829341],[24.032128,49.829381],[24.032183,49.829447],[24.032396,49.829716],[24.032452,49.829759],[24.032627,49.829873],[24.033271,49.830244],[24.033607,49.830531],[24.033886,49.830821],[24.034195,49.83119],[24.034802,49.831958],[24.034851,49.83202],[24.03505,49.832305],[24.035102,49.832482],[24.035244,49.83332]]},"properties":{"name":"вулиця Шота Руставелі","lines":"3, 18, 57, 25","arr":["А03","А18","А57","Тр25"],"roundabout":0,"mode":"bus","color":"#0059a9","trolley":"mix"}},{"type":"Feature","geometry":{"type":"LineString","coordinates":[[24.035279,49.833678],[24.035232,49.833508],[24.035204,49.833409]]},"properties":{"name":"вулиця Шота Руставелі","lines":"3, 18, 57, 25","arr":["А03","А18","А57","Тр25"],"roundabout":0,"mode":"bus","color":"#0059a9","trolley":"mix"}},{"type":"Feature","geometry":{"type":"LineString","coordinates":[[24.035244,49.83332],[24.03532,49.8334],[24.035347,49.833498],[24.035403,49.833704],[24.035487,49.83401],[24.035496,49.834044],[24.035527,49.834157],[24.035506,49.834264]]},"properties":{"name":"вулиця Шота Руставелі","lines":"3, 18, 57","arr":["А03","А18","А57"],"roundabout":0,"mode":"bus","color":"#0059a9"}},{"type":"Feature","geometry":{"type":"LineString","coordinates":[[24.034806,49.834878],[24.034823,49.834845],[24.034928,49.834645],[24.034971,49.834574],[24.035023,49.83451],[24.035097,49.834447],[24.035191,49.834383],[24.035367,49.834309],[24.035506,49.834264]]},"properties":{"name":"Зелена вулиця","lines":"3, 15, 18, 37, 43, 46, 57","arr":["А03","А15","А18","А37","А43","А46","А57"],"roundabout":0,"mode":"bus","color":"#0059a9"}},{"type":"Feature","geometry":{"type":"LineString","coordinates":[[24.034806,49.834878],[24.03487,49.834927],[24.034902,49.834962],[24.034925,49.835],[24.034951,49.835052],[24.034955,49.835301],[24.034958,49.835481],[24.034962,49.836078],[24.034945,49.836153]]},"properties":{"name":"вулиця Івана Франка","lines":"3, 15, 18, 37, 43, 46, 53, 57","arr":["А03","А15","А18","А37","А43","А46","А53","А57"],"roundabout":0,"mode":"bus","color":"#0059a9","nolabel":1}},{"type":"Feature","geometry":{"type":"LineString","coordinates":[[24.034908,49.836461],[24.03491,49.836915],[24.034914,49.836986],[24.034932,49.837185],[24.034957,49.837329],[24.034975,49.83741],[24.034998,49.837523],[24.035029,49.837641],[24.03508,49.837843]]},"properties":{"name":"вулиця Івана Франка","lines":"3, 18, 37, 39а, 46, 53, 57, 99","arr":["А03","А18","А37","А39а","А46","А53","А57","А99"],"roundabout":0,"mode":"bus","color":"#0059a9","nolabel":1}},{"type":"Feature","geometry":{"type":"LineString","coordinates":[[24.034908,49.836461],[24.034914,49.836405],[24.034945,49.836153]]},"properties":{"name":"вулиця Івана Франка","lines":"3, 18, 37, 46, 53, 57","arr":["А03","А18","А37","А46","А53","А57"],"roundabout":0,"mode":"bus","color":"#0059a9"}},{"type":"Feature","geometry":{"type":"LineString","coordinates":[[24.03508,49.837843],[24.035154,49.838134],[24.035165,49.838171],[24.035299,49.838649],[24.035321,49.838726],[24.035345,49.838813]]},"properties":{"name":"Соборна площа","lines":"3, 18, 37, 39а, 46, 53, 57, 99","arr":["А03","А18","А37","А39а","А46","А53","А57","А99"],"roundabout":0,"mode":"bus","color":"#0059a9","nolabel":1}},{"type":"Feature","geometry":{"type":"LineString","coordinates":[[24.025765,49.845564],[24.025622,49.84555],[24.025487,49.845503],[24.025332,49.845431],[24.025309,49.845287]]},"properties":{"name":"площа Різні","lines":"3, 5, 37, 39, 57","arr":["А03","А05","А37","А39","А57"],"roundabout":0,"mode":"bus","color":"#0059a9"}},{"type":"Feature","geometry":{"type":"LineString","coordinates":[[24.02908,49.839495],[24.029429,49.839391],[24.030495,49.839061],[24.030705,49.839091]]},"properties":{"name":"площа Адама Міцкевича","lines":"3, 5, 15, 43, 45, 46, 47, 53, 57, 92","arr":["А03","А05","А15","А43","А45","А46","А47","А53","А57","А92"],"roundabout":0,"mode":"bus","color":"#0059a9"}},{"type":"Feature","geometry":{"type":"LineString","coordinates":[[24.030705,49.839091],[24.03207,49.839299]]},"properties":{"name":"Галицька площа","lines":"3, 5, 15, 43, 45, 46, 47, 53, 57, 92","arr":["А03","А05","А15","А43","А45","А46","А47","А53","А57","А92"],"roundabout":0,"mode":"bus","color":"#0059a9"}},{"type":"Feature","geometry":{"type":"LineString","coordinates":[[24.03207,49.839299],[24.032188,49.839108],[24.032659,49.838356],[24.032674,49.838329],[24.032897,49.838014],[24.033105,49.837684],[24.033331,49.837317],[24.033557,49.836989],[24.033589,49.836932]]},"properties":{"name":"вулиця Князя Романа","lines":"3, 15, 43, 46, 53, 57","arr":["А03","А15","А43","А46","А53","А57"],"roundabout":0,"mode":"bus","color":"#0059a9"}},{"type":"Feature","geometry":{"type":"LineString","coordinates":[[24.034636,49.836401],[24.034695,49.836372],[24.034722,49.836359],[24.034834,49.83629],[24.034899,49.83621],[24.034945,49.836153]]},"properties":{"name":"вулиця Князя Романа","lines":"3, 15, 43, 46, 53, 57","arr":["А03","А15","А43","А46","А53","А57"],"roundabout":0,"mode":"bus","color":"#0059a9"}},{"type":"Feature","geometry":{"type":"LineString","coordinates":[[24.033589,49.836932],[24.033834,49.836738],[24.034061,49.83664],[24.034636,49.836401]]},"properties":{"name":"вулиця Князя Романа","lines":"3, 15, 39а, 43, 46, 53, 57","arr":["А03","А15","А39а","А43","А46","А53","А57"],"roundabout":0,"mode":"bus","color":"#0059a9"}},{"type":"Feature","geometry":{"type":"LineString","coordinates":[[24.035506,49.834264],[24.035418,49.834174],[24.035298,49.833747],[24.035279,49.833678]]},"properties":{"name":"вулиця Шота Руставелі","lines":"3, 18, 57, 25, 31","arr":["А03","А18","А57","Тр25","Тр31"],"roundabout":0,"mode":"bus","color":"#0059a9","trolley":"mix"}},{"type":"Feature","geometry":{"type":"LineString","coordinates":[[24.035204,49.833409],[24.035244,49.83332]]},"properties":{"name":"вулиця Шота Руставелі","lines":"3, 18, 57, 24, 25","arr":["А03","А18","А57","Тр24","Тр25"],"roundabout":0,"mode":"bus","color":"#0059a9","trolley":"mix"}},{"type":"Feature","geometry":{"type":"LineString","coordinates":[[24.015513,49.791387],[24.015484,49.791256],[24.015102,49.789506],[24.014978,49.788938],[24.014928,49.788711],[24.014883,49.788506],[24.014858,49.788405],[24.014796,49.78812],[24.014738,49.787854]]},"properties":{"name":"Стрийська вулиця","lines":"3, 10, 25, 40, 22, 23","arr":["А03","А10","А25","А40","Тр22","Тр23","Тр25"],"roundabout":0,"mode":"bus","color":"#0059a9","trolley":"mix"}},{"type":"Feature","geometry":{"type":"LineString","coordinates":[[24.014066,49.774408],[24.014077,49.774216]]},"properties":{"name":"Стрийська вулиця","lines":"3, 10","arr":["А03","А10"],"roundabout":0,"mode":"bus","color":"#0059a9"}},{"type":"Feature","geometry":{"type":"LineString","coordinates":[[24.014077,49.774216],[24.013861,49.774251]]},"properties":{"name":"","lines":"3, 10","arr":["А03","А10"],"roundabout":0,"mode":"bus","color":"#0059a9"}},{"type":"Feature","geometry":{"type":"LineString","coordinates":[[24.03207,49.839299],[24.032278,49.839312],[24.032813,49.839312]]},"properties":{"name":"Галицька площа","lines":"5, 45, 47, 92","arr":["А05","А45","А47","А92"],"roundabout":0,"mode":"bus","color":"#0059a9"}},{"type":"Feature","geometry":{"type":"LineString","coordinates":[[24.036013,49.839815],[24.03604,49.839811],[24.036225,49.839789],[24.036298,49.839784],[24.036348,49.839782],[24.03637,49.83978],[24.036703,49.839787],[24.036795,49.83979],[24.037565,49.839813],[24.038035,49.839817],[24.03823,49.839819],[24.038314,49.839819],[24.039136,49.839841],[24.03927,49.839847],[24.03969,49.839865],[24.039808,49.83987],[24.039924,49.839875],[24.04024,49.839888],[24.040636,49.839908],[24.040937,49.839923],[24.041464,49.839949],[24.0415,49.83995],[24.041826,49.839976],[24.042053,49.840001],[24.042083,49.840007],[24.042191,49.840024],[24.042728,49.840152],[24.042981,49.840213],[24.043079,49.840237],[24.043194,49.840263],[24.043795,49.840399],[24.04411,49.84047],[24.044678,49.840575],[24.045645,49.840717],[24.046011,49.840749],[24.046236,49.840757],[24.04644,49.84075],[24.046688,49.840719],[24.046993,49.840658],[24.047142,49.840617],[24.047228,49.840595],[24.048773,49.840118],[24.048949,49.840076],[24.049325,49.839993],[24.049414,49.839973],[24.049879,49.839871],[24.049946,49.839857],[24.050152,49.839812],[24.050717,49.839689],[24.051269,49.839567],[24.051884,49.839392],[24.052674,49.839165],[24.053216,49.839009],[24.053982,49.838786],[24.054047,49.838767],[24.05417,49.838735],[24.054749,49.838585],[24.054953,49.838538],[24.054968,49.838535],[24.055101,49.838501],[24.055198,49.838478],[24.055468,49.838413],[24.055838,49.838324]]},"properties":{"name":"Личаківська вулиця","lines":"5, 15, 18, 29, 39, 39а, 47, 61, 92, 99","arr":["А05","А15","А18","А29","А39","А39а","А47","А61","А92","А99"],"roundabout":0,"mode":"bus","color":"#0059a9","nolabel":1}},{"type":"Feature","geometry":{"type":"LineString","coordinates":[[24.055838,49.838324],[24.055957,49.838296],[24.056272,49.838219],[24.056673,49.838122],[24.057056,49.83804],[24.057158,49.838018],[24.057338,49.837981],[24.057559,49.837935],[24.057932,49.837855],[24.058509,49.837732],[24.059184,49.83759],[24.060303,49.837347],[24.060424,49.83732],[24.060654,49.837272],[24.060956,49.837206],[24.061492,49.83709],[24.062511,49.836859],[24.062844,49.836792],[24.063812,49.836605],[24.064767,49.83646]]},"properties":{"name":"Личаківська вулиця","lines":"5, 15, 18, 29, 39, 39а, 47, 61, 92","arr":["А05","А15","А18","А29","А39","А39а","А47","А61","А92"],"roundabout":0,"mode":"bus","color":"#0059a9","nolabel":1}},{"type":"Feature","geometry":{"type":"LineString","coordinates":[[24.064767,49.83646],[24.06654,49.836169],[24.066791,49.836136],[24.067029,49.836112],[24.067469,49.836081],[24.06773,49.836067],[24.067921,49.836057]]},"properties":{"name":"Личаківська вулиця","lines":"5, 15, 18, 29, 39, 47, 61, 92","arr":["А05","А15","А18","А29","А39","А47","А61","А92"],"roundabout":0,"mode":"bus","color":"#0059a9","nolabel":1}},{"type":"Feature","geometry":{"type":"LineString","coordinates":[[24.067921,49.836057],[24.068262,49.836039],[24.068342,49.836032],[24.068389,49.836027],[24.068475,49.836019],[24.068781,49.835989]]},"properties":{"name":"Личаківська вулиця","lines":"5, 18, 29, 39, 61","arr":["А05","А18","А29","А39","А61"],"roundabout":0,"mode":"bus","color":"#0059a9"}},{"type":"Feature","geometry":{"type":"LineString","coordinates":[[24.070304,49.835949],[24.069806,49.835952],[24.069252,49.835972],[24.068781,49.835989]]},"properties":{"name":"Личаківська вулиця","lines":"5, 18, 19, 23, 27, 29, 39, 40, 61","arr":["А05","А18","А19","А23","А27","А29","А39","А40","А61"],"roundabout":0,"mode":"bus","color":"#0059a9"}},{"type":"Feature","geometry":{"type":"LineString","coordinates":[[24.073989,49.835797],[24.073165,49.835833],[24.073054,49.835838],[24.072529,49.835858],[24.071579,49.835898],[24.071513,49.835901],[24.071019,49.835922]]},"properties":{"name":"Личаківська вулиця","lines":"5, 18, 19, 23, 29, 40, 61","arr":["А05","А18","А19","А23","А29","А40","А61"],"roundabout":0,"mode":"bus","color":"#0059a9"}},{"type":"Feature","geometry":{"type":"LineString","coordinates":[[24.071019,49.835922],[24.070866,49.835929],[24.070304,49.835949]]},"properties":{"name":"Личаківська вулиця","lines":"5, 18, 19, 23, 27, 29, 40, 61","arr":["А05","А18","А19","А23","А27","А29","А40","А61"],"roundabout":0,"mode":"bus","color":"#0059a9"}},{"type":"Feature","geometry":{"type":"LineString","coordinates":[[24.073989,49.835797],[24.074563,49.835772],[24.074982,49.835755],[24.075054,49.835751],[24.075185,49.835746]]},"properties":{"name":"Личаківська вулиця","lines":"5, 18, 19, 29, 40, 61","arr":["А05","А18","А19","А29","А40","А61"],"roundabout":0,"mode":"bus","color":"#0059a9"}},{"type":"Feature","geometry":{"type":"LineString","coordinates":[[24.075185,49.835746],[24.075301,49.835741],[24.075541,49.83573],[24.075972,49.835712],[24.076345,49.835697],[24.08025,49.835555],[24.080527,49.835542],[24.080583,49.835535],[24.08084,49.835496],[24.081089,49.835452],[24.081154,49.83544],[24.081545,49.835367],[24.083535,49.834984],[24.083802,49.83493],[24.08396,49.834899],[24.084116,49.834866],[24.084147,49.834859],[24.085594,49.834582],[24.085687,49.834564],[24.086342,49.834434],[24.08683,49.834338],[24.087483,49.834224],[24.087737,49.834164],[24.087823,49.834143],[24.088202,49.834034],[24.088359,49.833987],[24.0885,49.833945],[24.089043,49.833784],[24.089146,49.833751],[24.089268,49.833713],[24.089421,49.833655],[24.089574,49.833587],[24.089667,49.833531],[24.089763,49.833471],[24.089934,49.83336],[24.090844,49.832708],[24.091113,49.83255],[24.091246,49.832479],[24.091379,49.832415],[24.092674,49.831863],[24.093263,49.831608],[24.093904,49.83133],[24.094136,49.831232],[24.094361,49.831132],[24.095523,49.830575]]},"properties":{"name":"Личаківська вулиця","lines":"5, 40","arr":["А05","А40"],"roundabout":0,"mode":"bus","color":"#0059a9"}},{"type":"Feature","geometry":{"type":"LineString","coordinates":[[24.095523,49.830575],[24.09584,49.830422],[24.096138,49.830268],[24.09644,49.830115],[24.096735,49.829949],[24.0991,49.828604],[24.099671,49.828269],[24.100222,49.827929],[24.100697,49.827637],[24.101165,49.827323],[24.101367,49.827173],[24.101545,49.827025],[24.101753,49.826835],[24.101887,49.826685],[24.102014,49.826542],[24.102095,49.826455],[24.102603,49.826007],[24.102908,49.825751],[24.103927,49.824905],[24.104025,49.824831],[24.104122,49.824764],[24.104235,49.8247],[24.104339,49.824645],[24.108026,49.822983],[24.108687,49.822685],[24.109311,49.822402],[24.109916,49.822109],[24.11051,49.821817],[24.111104,49.821518],[24.1117,49.821227],[24.11191,49.821127],[24.112074,49.821036],[24.112391,49.820811],[24.112633,49.820611],[24.112991,49.820322],[24.113101,49.820235],[24.113571,49.819838],[24.113796,49.819651],[24.115045,49.818608],[24.115676,49.818101],[24.115828,49.818013],[24.115984,49.817939],[24.116141,49.817869],[24.116309,49.817811],[24.116675,49.817683],[24.116919,49.817621],[24.117117,49.817559],[24.117306,49.817491],[24.117478,49.817414],[24.117822,49.817213],[24.11891,49.816523],[24.1191,49.816427],[24.119296,49.816349],[24.119545,49.816275],[24.119799,49.816212],[24.120521,49.816088],[24.121233,49.815972],[24.121945,49.815861],[24.122945,49.815734],[24.123234,49.81571],[24.123523,49.815699],[24.123812,49.815698],[24.125238,49.815721],[24.126028,49.815872],[24.126288,49.815914],[24.126518,49.81594],[24.12726,49.815998],[24.128592,49.816102]]},"properties":{"name":"М-09","lines":"5, 40","arr":["А05","А40"],"roundabout":0,"mode":"bus","color":"#0059a9"}},{"type":"Feature","geometry":{"type":"LineString","coordinates":[[24.128592,49.816102],[24.129485,49.816177],[24.129871,49.816241],[24.130091,49.816325],[24.130225,49.816396],[24.130338,49.816491],[24.130432,49.816591],[24.130465,49.816659],[24.130512,49.816807],[24.130532,49.81696],[24.130529,49.817226],[24.130525,49.817429],[24.130523,49.817672],[24.130521,49.817791],[24.130562,49.817898],[24.130607,49.81797],[24.130709,49.818054],[24.130825,49.818106],[24.130947,49.818151],[24.131108,49.818183],[24.131247,49.818191],[24.131412,49.818175],[24.131548,49.818147],[24.131635,49.81812],[24.131767,49.818068],[24.13274,49.817654],[24.133576,49.817298],[24.133984,49.817123],[24.134253,49.817015],[24.134373,49.816977],[24.134545,49.816943],[24.134844,49.81691],[24.135437,49.816859],[24.135983,49.816825],[24.136139,49.81683],[24.136685,49.81685],[24.136847,49.81686],[24.13703,49.816871],[24.137444,49.816901],[24.137923,49.81693],[24.138219,49.816948],[24.1388,49.816986],[24.139572,49.817037],[24.141738,49.817199],[24.141778,49.817202],[24.143193,49.8173],[24.143907,49.817349],[24.143962,49.817352],[24.144219,49.81737],[24.144314,49.817377],[24.144361,49.81738],[24.144375,49.817381],[24.145675,49.817466]]},"properties":{"name":"Галицька вулиця","lines":"5, 40","arr":["А05","А40"],"roundabout":0,"mode":"bus","color":"#0059a9"}},{"type":"Feature","geometry":{"type":"LineString","coordinates":[[24.135983,49.816825],[24.135887,49.81665],[24.13584,49.816556],[24.135786,49.816454],[24.135774,49.816432],[24.135559,49.816052],[24.13549,49.815958],[24.135418,49.815887],[24.135278,49.815788],[24.135219,49.815742],[24.135171,49.815688],[24.135142,49.81563],[24.135139,49.815573],[24.13517,49.815521],[24.135244,49.815478],[24.135367,49.815449],[24.135517,49.815426],[24.136418,49.815379],[24.136508,49.815364],[24.13658,49.815334],[24.136596,49.815302],[24.136589,49.815266],[24.136549,49.81522],[24.13644,49.815167],[24.135346,49.814919],[24.1351,49.814841],[24.134934,49.814763],[24.134833,49.814696],[24.134742,49.8146],[24.134707,49.814523],[24.134682,49.814422],[24.134662,49.814297],[24.134654,49.814245],[24.134666,49.814074],[24.13468,49.813991]]},"properties":{"name":"вулиця Тараса Шевченка","lines":"5","arr":["А05"],"roundabout":0,"mode":"bus","color":"#0059a9"}},{"type":"Feature","geometry":{"type":"LineString","coordinates":[[24.13468,49.813991],[24.134742,49.813914],[24.134809,49.813862],[24.134901,49.813811],[24.135051,49.813752],[24.13524,49.813684],[24.135552,49.813576],[24.135692,49.813521],[24.13581,49.81346],[24.135927,49.813378],[24.136021,49.813291],[24.136137,49.813199],[24.136272,49.813126],[24.136471,49.81306],[24.136778,49.812989],[24.13698,49.812921],[24.137135,49.812845],[24.137188,49.812803],[24.13729,49.812676],[24.137311,49.812656],[24.137323,49.812642],[24.137637,49.812251],[24.138139,49.811726],[24.139019,49.811082],[24.139077,49.81104]]},"properties":{"name":"вулиця Василя Стуса","lines":"5","arr":["А05"],"roundabout":0,"mode":"bus","color":"#0059a9"}},{"type":"Feature","geometry":{"type":"LineString","coordinates":[[24.136073,49.802339],[24.136071,49.80243],[24.136068,49.802583],[24.136064,49.802694],[24.136054,49.802977],[24.136259,49.803618],[24.136494,49.804329],[24.136735,49.804554],[24.13679,49.804608],[24.136896,49.804708],[24.137025,49.805087],[24.137068,49.805383],[24.137079,49.805455],[24.13712,49.805634],[24.137128,49.805666],[24.137253,49.806381],[24.136991,49.807376],[24.136721,49.807746],[24.136978,49.80817],[24.137125,49.808335],[24.137283,49.808477],[24.137934,49.808783],[24.138174,49.808888],[24.138299,49.808944],[24.138412,49.809023],[24.138553,49.809207],[24.138657,49.809615],[24.138896,49.810441],[24.138908,49.810477],[24.138996,49.810764],[24.139077,49.81104],[24.139131,49.81118],[24.13917,49.811271],[24.13929,49.811543],[24.139725,49.812411],[24.140036,49.813007],[24.140281,49.813395],[24.140352,49.81353],[24.140392,49.813616],[24.140406,49.813653],[24.140407,49.81366],[24.140414,49.813689],[24.140421,49.81374],[24.140418,49.813789],[24.140363,49.814487],[24.140399,49.814718],[24.140548,49.815273],[24.140641,49.815421],[24.140859,49.81558],[24.141049,49.815702],[24.141512,49.816001],[24.142767,49.816755],[24.142946,49.816866],[24.14309,49.816954],[24.143313,49.817002],[24.144394,49.817232],[24.144838,49.81729],[24.145499,49.817346],[24.145585,49.817365],[24.145629,49.817399],[24.145653,49.817422],[24.145675,49.817466]]},"properties":{"name":"вулиця Івана Франка","lines":"5","arr":["А05"],"roundabout":0,"mode":"bus","color":"#0059a9"}},{"type":"Feature","geometry":{"type":"LineString","coordinates":[[24.136073,49.802339],[24.135671,49.80234],[24.13284,49.802347],[24.132782,49.802348],[24.131926,49.802321],[24.131051,49.802354],[24.130625,49.802422],[24.129793,49.802571],[24.1296,49.802606],[24.129272,49.802762],[24.129148,49.802821],[24.128801,49.802973],[24.128252,49.803185],[24.12798,49.803266],[24.127565,49.803398],[24.126791,49.803678],[24.126107,49.803926],[24.125383,49.804331],[24.125046,49.804481],[24.124991,49.804511],[24.123836,49.804915],[24.122914,49.805267],[24.122749,49.805296],[24.122384,49.805305],[24.122165,49.805328],[24.121955,49.805367],[24.121434,49.805565],[24.121183,49.805676],[24.12102,49.805767],[24.120953,49.805804],[24.120937,49.805813],[24.120234,49.806327],[24.11969,49.806673],[24.119449,49.806851],[24.119339,49.806971],[24.119145,49.807245],[24.119095,49.807348],[24.118947,49.807719],[24.118897,49.807923],[24.118921,49.807986],[24.119154,49.808265],[24.119346,49.808444],[24.119604,49.808657],[24.119615,49.808667],[24.119668,49.808716],[24.120139,49.809042]]},"properties":{"name":"вулиця Забава","lines":"5","arr":["А05"],"roundabout":0,"mode":"bus","color":"#0059a9"}},{"type":"Feature","geometry":{"type":"LineString","coordinates":[[24.033827,49.844061],[24.033771,49.844065],[24.033684,49.84407],[24.033415,49.84409],[24.032041,49.844202],[24.031151,49.844274],[24.031033,49.844284]]},"properties":{"name":"площа Короля Данила","lines":"5, 29, 37, 39, 61","arr":["А05","А29","А37","А39","А61"],"roundabout":0,"mode":"bus","color":"#0059a9"}},{"type":"Feature","geometry":{"type":"LineString","coordinates":[[24.029563,49.844388],[24.029621,49.844377],[24.031033,49.844284]]},"properties":{"name":"вулиця Сильвестра Гавришкевича","lines":"5, 29, 37, 39, 61","arr":["А05","А29","А37","А39","А61"],"roundabout":0,"mode":"bus","color":"#0059a9"}},{"type":"Feature","geometry":{"type":"LineString","coordinates":[[24.029252,49.844758],[24.02936,49.844716],[24.02939,49.844705],[24.029475,49.844664],[24.029518,49.844607],[24.029563,49.844388]]},"properties":{"name":"Краківська вулиця","lines":"5, 29, 37, 39, 61","arr":["А05","А29","А37","А39","А61"],"roundabout":0,"mode":"bus","color":"#0059a9"}},{"type":"Feature","geometry":{"type":"LineString","coordinates":[[23.938057,49.875419],[23.938058,49.875427],[23.938074,49.875627],[23.938088,49.875793],[23.938104,49.875921],[23.938091,49.876006]]},"properties":{"name":"вулиця Івана Величковського","lines":"6, 12","arr":["А06","А12"],"roundabout":0,"mode":"bus","color":"#0059a9"}},{"type":"Feature","geometry":{"type":"LineString","coordinates":[[23.938,49.875104],[23.938145,49.87517],[23.938252,49.875271],[23.938284,49.875303],[23.938348,49.875915]]},"properties":{"name":"","lines":"6, 12, 49","arr":["А06","А12","А49"],"roundabout":0,"mode":"bus","color":"#0059a9"}},{"type":"Feature","geometry":{"type":"LineString","coordinates":[[23.938348,49.875915],[23.938291,49.87598],[23.938091,49.876006]]},"properties":{"name":"","lines":"6, 12","arr":["А06","А12"],"roundabout":0,"mode":"bus","color":"#0059a9"}},{"type":"Feature","geometry":{"type":"LineString","coordinates":[[23.928492,49.873045],[23.928561,49.873603],[23.92857,49.873642],[23.928678,49.87417],[23.928706,49.874313],[23.928866,49.874977],[23.928914,49.875067],[23.928961,49.875121],[23.929009,49.875166],[23.929072,49.875216],[23.929139,49.87526],[23.929215,49.875299],[23.92929,49.875335],[23.92935,49.875363],[23.929395,49.875377],[23.929464,49.875398],[23.929586,49.875408],[23.929713,49.875402],[23.929895,49.87539],[23.930077,49.875378],[23.930451,49.87535],[23.931187,49.875295],[23.931554,49.875277],[23.932193,49.875248],[23.932436,49.87523],[23.932467,49.875229],[23.932495,49.875228],[23.932683,49.875217],[23.93289,49.875206],[23.93334,49.875165],[23.93366,49.875112],[23.933991,49.875049],[23.934149,49.875011],[23.934196,49.874999],[23.934223,49.87499],[23.93495,49.874703],[23.935196,49.87465],[23.935452,49.874618],[23.936157,49.874576],[23.93616,49.874576],[23.936163,49.874575],[23.936567,49.874589],[23.936832,49.874618],[23.937096,49.874648],[23.937279,49.874669],[23.93746,49.874691],[23.937588,49.87471],[23.937767,49.874765],[23.937826,49.874806],[23.937875,49.874856],[23.937941,49.874952],[23.937991,49.875067],[23.938,49.875104]]},"properties":{"name":"вулиця Івана Величковського","lines":"6, 11, 12, 47, 49","arr":["А06","А11","А12","А47","А49"],"roundabout":0,"mode":"bus","color":"#0059a9"}},{"type":"Feature","geometry":{"type":"LineString","coordinates":[[23.928492,49.873045],[23.928513,49.872818]]},"properties":{"name":"вулиця Івана Величковського","lines":"6, 49","arr":["А06","А49"],"roundabout":0,"mode":"bus","color":"#0059a9"}},{"type":"Feature","geometry":{"type":"LineString","coordinates":[[23.929062,49.872783],[23.928513,49.872818]]},"properties":{"name":"вулиця Тараса Шевченка","lines":"6, 49, 61","arr":["А06","А49","А61"],"roundabout":0,"mode":"bus","color":"#0059a9"}},{"type":"Feature","geometry":{"type":"LineString","coordinates":[[23.929062,49.872783],[23.930025,49.872725],[23.930576,49.872698],[23.930899,49.87268],[23.933185,49.872559],[23.933547,49.872536],[23.933821,49.872524],[23.934363,49.872492],[23.934516,49.872483],[23.935449,49.872429],[23.936627,49.872354],[23.937885,49.872238],[23.939797,49.871906],[23.941076,49.871687],[23.943373,49.871296],[23.944111,49.871139],[23.944568,49.871003],[23.944876,49.870885],[23.94504,49.870821],[23.945648,49.870582],[23.945932,49.870456],[23.945962,49.870443],[23.946171,49.870356],[23.946702,49.87014],[23.947418,49.869819],[23.94876,49.869188],[23.949272,49.868988],[23.949469,49.868916],[23.950301,49.86865],[23.950682,49.868527],[23.950936,49.868456],[23.951571,49.868279],[23.951799,49.868211],[23.952298,49.868076],[23.952543,49.868007],[23.952849,49.867918],[23.953138,49.867837],[23.954341,49.8675],[23.9547,49.867378],[23.955016,49.867253],[23.955349,49.867117],[23.955601,49.866988],[23.956256,49.866594],[23.956354,49.866527],[23.956437,49.866474],[23.956631,49.866348],[23.957048,49.86608],[23.957127,49.866028],[23.957139,49.866022],[23.958065,49.865464],[23.958635,49.865105],[23.958926,49.864934],[23.958934,49.864929],[23.959132,49.864814],[23.959585,49.864573],[23.959954,49.864387],[23.960095,49.864325],[23.960122,49.864314],[23.960176,49.86429],[23.9604,49.864191],[23.961909,49.863557],[23.961964,49.863534],[23.962533,49.863301],[23.962614,49.86327],[23.963277,49.863002],[23.963343,49.862974],[23.963503,49.862906],[23.963572,49.862878],[23.963624,49.862856],[23.963691,49.862826],[23.964206,49.862617],[23.964361,49.862554],[23.965383,49.862136],[23.966167,49.861814],[23.966489,49.861681],[23.966633,49.861621],[23.966675,49.861605],[23.966778,49.861562],[23.967019,49.861461],[23.967442,49.86128],[23.967743,49.861152],[23.968522,49.860824],[23.968948,49.860652],[23.969988,49.860228],[23.970359,49.860074]]},"properties":{"name":"вулиця Тараса Шевченка","lines":"6, 11, 12, 47, 49, 61","arr":["А06","А11","А12","А47","А49","А61"],"roundabout":0,"mode":"bus","color":"#0059a9"}},{"type":"Feature","geometry":{"type":"LineString","coordinates":[[23.970359,49.860074],[23.970473,49.86003],[23.97077,49.859908],[23.97086,49.859871],[23.970987,49.859818],[23.971903,49.85944],[23.972111,49.859354],[23.972467,49.859206],[23.972565,49.859166],[23.972693,49.859113],[23.973377,49.858829],[23.975979,49.857753],[23.977503,49.857123],[23.977962,49.85693],[23.978565,49.856678],[23.980047,49.856018],[23.980312,49.855911],[23.980422,49.855867],[23.980893,49.855665],[23.981332,49.855482],[23.982312,49.855076],[23.983137,49.854727],[23.983939,49.854384],[23.984824,49.854017],[23.984931,49.853972],[23.985029,49.853927],[23.98533,49.853804],[23.985956,49.853573],[23.986589,49.853431],[23.986832,49.853455],[23.986869,49.853459]]},"properties":{"name":"вулиця Тараса Шевченка","lines":"6, 11, 12, 47, 49, 61, 67","arr":["А06","А11","А12","А47","А49","А61","А67"],"roundabout":0,"mode":"bus","color":"#0059a9"}},{"type":"Feature","geometry":{"type":"LineString","coordinates":[[23.986869,49.853459],[23.987054,49.853326],[23.987794,49.85288],[23.98867,49.852386],[23.990804,49.851439],[23.991457,49.851152],[23.991703,49.851044],[23.991858,49.850972],[23.992469,49.850703],[23.992906,49.850508],[23.993898,49.850071],[23.994483,49.849808],[23.994619,49.849791],[23.9955,49.84948],[23.995816,49.849367],[23.995962,49.849319],[23.996021,49.849268]]},"properties":{"name":"вулиця Тараса Шевченка","lines":"6, 11, 49, 61, 67","arr":["А06","А11","А49","А61","А67"],"roundabout":0,"mode":"bus","color":"#0059a9","nolabel":1}},{"type":"Feature","geometry":{"type":"LineString","coordinates":[[23.996021,49.849268],[23.996106,49.849238],[23.997077,49.848912],[23.997256,49.848852],[23.997842,49.848681],[23.998007,49.848643],[23.999015,49.848332],[23.999163,49.848289],[23.999275,49.848264],[24.000156,49.848083],[24.000245,49.848062],[24.000531,49.847999],[24.000735,49.847929],[24.000968,49.847859],[24.001088,49.847813],[24.001853,49.847521],[24.001939,49.847488],[24.002228,49.847377],[24.002371,49.847323],[24.002454,49.847293],[24.002576,49.847248],[24.002725,49.847204],[24.002776,49.847185],[24.003003,49.847109],[24.003115,49.84708],[24.003533,49.84698],[24.004021,49.846889],[24.004076,49.846879],[24.004184,49.84686],[24.004354,49.846825],[24.004566,49.846787],[24.004765,49.846735],[24.004835,49.846715],[24.005328,49.846538],[24.005422,49.8465],[24.005909,49.846284],[24.006014,49.846241],[24.00629,49.846126],[24.006418,49.846075],[24.006553,49.846026],[24.006759,49.845943],[24.006872,49.845898],[24.007023,49.845841],[24.007162,49.845794],[24.007686,49.845616],[24.007788,49.845584],[24.007978,49.845517],[24.008275,49.84541],[24.00895,49.845178],[24.009102,49.845125],[24.009786,49.844887],[24.009826,49.844873],[24.009883,49.844854],[24.009942,49.844834],[24.010334,49.844697],[24.010472,49.844648],[24.010992,49.844466],[24.01103,49.844453],[24.012631,49.843888],[24.012756,49.843844],[24.013147,49.843707],[24.013238,49.843674],[24.013692,49.843524],[24.014181,49.843362],[24.014753,49.8432],[24.01491,49.843159],[24.015346,49.843055],[24.015538,49.843034],[24.015761,49.843004],[24.015786,49.843001],[24.015833,49.842994]]},"properties":{"name":"вулиця Тараса Шевченка","lines":"6, 17, 61, 67","arr":["А06","А17","А61","А67"],"roundabout":0,"mode":"bus","color":"#0059a9","nolabel":1}},{"type":"Feature","geometry":{"type":"LineString","coordinates":[[24.015346,49.843055],[24.015442,49.842972],[24.015511,49.842872],[24.015524,49.842859]]},"properties":{"name":"вулиця Захисників України","lines":"6, 17, 61, 67","arr":["А06","А17","А61","А67"],"roundabout":0,"mode":"bus","color":"#0059a9"}},{"type":"Feature","geometry":{"type":"LineString","coordinates":[[24.015524,49.842859],[24.015545,49.842439],[24.015561,49.842221],[24.015595,49.841741],[24.015597,49.841727],[24.015599,49.8416]]},"properties":{"name":"вулиця Захисників України","lines":"6, 7, 15, 17, 20, 25, 29, 31, 34, 41, 51, 52, 61, 67, 84, 92","arr":["А06","А07","А15","А17","А20","А25","А29","А31","А34","А41","А51","А52","А61","А67","А84","А92"],"roundabout":0,"mode":"bus","color":"#0059a9","nolabel":1}},{"type":"Feature","geometry":{"type":"LineString","coordinates":[[24.015599,49.8416],[24.015694,49.841635],[24.0159,49.841716],[24.016675,49.842044],[24.017546,49.842401],[24.017696,49.842457]]},"properties":{"name":"Городоцька вулиця","lines":"6, 7, 17, 20, 25, 29, 31, 34, 41, 51, 52, 61, 67, 84","arr":["А06","А07","А17","А20","А25","А29","А31","А34","А41","А51","А52","А61","А67","А84"],"roundabout":0,"mode":"bus","color":"#0059a9","nolabel":1}},{"type":"Feature","geometry":{"type":"LineString","coordinates":[[24.017696,49.842457],[24.017906,49.842524],[24.018201,49.842614],[24.018627,49.842714],[24.018803,49.842741],[24.019844,49.842864],[24.020305,49.842918]]},"properties":{"name":"Городоцька вулиця","lines":"6, 7, 17, 25, 29, 31, 41, 51, 52, 67, 84","arr":["А06","А07","А17","А25","А29","А31","А41","А51","А52","А67","А84"],"roundabout":0,"mode":"bus","color":"#0059a9","nolabel":1}},{"type":"Feature","geometry":{"type":"LineString","coordinates":[[24.020305,49.842918],[24.020864,49.842985]]},"properties":{"name":"Городоцька вулиця","lines":"6, 7, 17, 20, 25, 29, 31, 41, 51, 52, 67, 84","arr":["А06","А07","А17","А20","А25","А29","А31","А41","А51","А52","А67","А84"],"roundabout":0,"mode":"bus","color":"#0059a9","nolabel":1}},{"type":"Feature","geometry":{"type":"LineString","coordinates":[[24.020864,49.842985],[24.021003,49.843001]]},"properties":{"name":"Городоцька вулиця","lines":"6, 7, 17, 20, 25, 29, 31, 41, 51, 52, 67","arr":["А06","А07","А17","А20","А25","А29","А31","А41","А51","А52","А67"],"roundabout":0,"mode":"bus","color":"#0059a9"}},{"type":"Feature","geometry":{"type":"LineString","coordinates":[[24.021003,49.843001],[24.021327,49.843039]]},"properties":{"name":"Городоцька вулиця","lines":"6, 7, 20, 25, 29, 31, 41, 51, 52, 67","arr":["А06","А07","А20","А25","А29","А31","А41","А51","А52","А67"],"roundabout":0,"mode":"bus","color":"#0059a9"}},{"type":"Feature","geometry":{"type":"LineString","coordinates":[[24.021327,49.843039],[24.022024,49.843122]]},"properties":{"name":"Городоцька вулиця","lines":"6, 7, 20, 25, 29, 31, 41, 52, 67","arr":["А06","А07","А20","А25","А29","А31","А41","А52","А67"],"roundabout":0,"mode":"bus","color":"#0059a9","nolabel":1}},{"type":"Feature","geometry":{"type":"LineString","coordinates":[[24.022024,49.843122],[24.022313,49.843156]]},"properties":{"name":"Городоцька вулиця","lines":"6, 7, 20, 25, 29, 31, 34, 41, 52, 61, 67, 84","arr":["А06","А07","А20","А25","А29","А31","А34","А41","А52","А61","А67","А84"],"roundabout":0,"mode":"bus","color":"#0059a9"}},{"type":"Feature","geometry":{"type":"LineString","coordinates":[[24.022313,49.843156],[24.022765,49.843209],[24.02278,49.843218],[24.022851,49.843264]]},"properties":{"name":"Городоцька вулиця","lines":"6, 7, 17, 20, 25, 29, 31, 34, 41, 51, 52, 61, 84","arr":["А06","А07","А17","А20","А25","А29","А31","А34","А41","А51","А52","А61","А84"],"roundabout":0,"mode":"bus","color":"#0059a9","nolabel":1}},{"type":"Feature","geometry":{"type":"LineString","coordinates":[[24.022851,49.843264],[24.022976,49.843297],[24.023519,49.843591],[24.023676,49.843673],[24.024436,49.844094],[24.024557,49.844159],[24.024745,49.844253],[24.025054,49.844329],[24.025121,49.844367],[24.025214,49.844419],[24.025332,49.844447],[24.025557,49.844499]]},"properties":{"name":"Городоцька вулиця","lines":"6, 7, 15, 17, 20, 25, 29, 31, 34, 41, 51, 52, 61, 84, 92","arr":["А06","А07","А15","А17","А20","А25","А29","А31","А34","А41","А51","А52","А61","А84","А92"],"roundabout":0,"mode":"bus","color":"#0059a9","nolabel":1}},{"type":"Feature","geometry":{"type":"LineString","coordinates":[[24.025054,49.844329],[24.025216,49.84433],[24.025268,49.84433],[24.025376,49.844354],[24.025604,49.844405]]},"properties":{"name":"Городоцька вулиця","lines":"6, 7, 17, 20, 25, 31, 41, 51, 52, 84","arr":["А06","А07","А17","А20","А25","А31","А41","А51","А52","А84"],"roundabout":0,"mode":"bus","color":"#0059a9","nolabel":1}},{"type":"Feature","geometry":{"type":"LineString","coordinates":[[24.027225,49.844813],[24.026983,49.844793],[24.026874,49.844778]]},"properties":{"name":"площа Князя Ярослава Осмомисла","lines":"6, 15, 29, 61, 92","arr":["А06","А15","А29","А61","А92"],"roundabout":0,"mode":"bus","color":"#0059a9","nolabel":1}},{"type":"Feature","geometry":{"type":"LineString","coordinates":[[24.026874,49.844778],[24.026293,49.844661]]},"properties":{"name":"Торгова вулиця","lines":"6, 15, 29, 61, 92","arr":["А06","А15","А29","А61","А92"],"roundabout":0,"mode":"bus","color":"#0059a9","nolabel":1}},{"type":"Feature","geometry":{"type":"LineString","coordinates":[[24.026293,49.844661],[24.025557,49.844499]]},"properties":{"name":"Торгова вулиця","lines":"6, 15, 17, 29, 51, 61, 92","arr":["А06","А15","А17","А29","А51","А61","А92"],"roundabout":0,"mode":"bus","color":"#0059a9","nolabel":1}},{"type":"Feature","geometry":{"type":"LineString","coordinates":[[24.022851,49.843264],[24.02277,49.843282],[24.022743,49.843288],[24.022001,49.843199],[24.020975,49.843075],[24.020841,49.843059],[24.020566,49.843027],[24.020311,49.842996],[24.019824,49.842937],[24.018782,49.842816],[24.01861,49.842795]]},"properties":{"name":"Городоцька вулиця","lines":"6, 7, 15, 17, 20, 25, 29, 31, 34, 41, 51, 52, 61, 67, 84, 92","arr":["А06","А07","А15","А17","А20","А25","А29","А31","А34","А41","А51","А52","А61","А67","А84","А92"],"roundabout":0,"mode":"bus","color":"#0059a9","nolabel":1}},{"type":"Feature","geometry":{"type":"LineString","coordinates":[[24.01861,49.842795],[24.018159,49.842738],[24.017629,49.84276],[24.017502,49.842775],[24.017347,49.842792],[24.016878,49.842852],[24.01678,49.842863],[24.016624,49.842882],[24.015833,49.842994]]},"properties":{"name":"вулиця Тараса Шевченка","lines":"6, 7, 15, 17, 20, 25, 29, 31, 34, 41, 51, 52, 61, 67, 84, 92","arr":["А06","А07","А15","А17","А20","А25","А29","А31","А34","А41","А51","А52","А61","А67","А84","А92"],"roundabout":0,"mode":"bus","color":"#0059a9","nolabel":1}},{"type":"Feature","geometry":{"type":"LineString","coordinates":[[23.929062,49.872783],[23.928646,49.872923],[23.928492,49.873045]]},"properties":{"name":"","lines":"6, 11, 12, 47, 49","arr":["А06","А11","А12","А47","А49"],"roundabout":0,"mode":"bus","color":"#0059a9"}},{"type":"Feature","geometry":{"type":"LineString","coordinates":[[24.055476,49.870597],[24.055273,49.870685],[24.054968,49.870818],[24.054795,49.870893],[24.054529,49.871003],[24.054353,49.871076],[24.053621,49.871401],[24.05241,49.871932],[24.05235,49.871958],[24.052144,49.872046],[24.052067,49.872078],[24.051662,49.87225],[24.050769,49.872636],[24.050613,49.872704],[24.050518,49.872742],[24.050364,49.872809],[24.049973,49.872963],[24.049654,49.873064]]},"properties":{"name":"вулиця Бориса Грінченка","lines":"7, 12, 19, 31, 34, 39, 41, 51, 56","arr":["А07","А12","А19","А31","А34","А39","А41","А51","А56"],"roundabout":0,"mode":"bus","color":"#0059a9"}},{"type":"Feature","geometry":{"type":"LineString","coordinates":[[24.042207,49.872261],[24.042445,49.872301],[24.042692,49.872343],[24.04328,49.872442],[24.043405,49.872463],[24.043797,49.872528],[24.044593,49.872662],[24.045271,49.872729],[24.046278,49.872829],[24.046395,49.87284],[24.047362,49.872942],[24.048631,49.873068],[24.048832,49.873088],[24.049133,49.873101],[24.049416,49.873087],[24.049654,49.873064]]},"properties":{"name":"вулиця Гетьмана Івана Мазепи","lines":"7, 12, 19, 31, 34, 41, 51, 56","arr":["А07","А12","А19","А31","А34","А41","А51","А56"],"roundabout":0,"mode":"bus","color":"#0059a9"}},{"type":"Feature","geometry":{"type":"LineString","coordinates":[[24.042207,49.872261],[24.04194,49.872217],[24.041651,49.872169],[24.041173,49.872088],[24.039973,49.871892],[24.039758,49.871857],[24.039584,49.871828],[24.039298,49.87178],[24.038835,49.871704],[24.038783,49.871695],[24.038738,49.871688],[24.038219,49.871602],[24.036869,49.871379],[24.03671,49.871353],[24.035045,49.871078],[24.034955,49.871065],[24.033881,49.870888],[24.033491,49.870824],[24.03334,49.870799],[24.033299,49.870792],[24.033278,49.870789],[24.033234,49.870781],[24.032623,49.870683],[24.032321,49.870629],[24.031839,49.870546],[24.031297,49.870466],[24.028373,49.869981],[24.027587,49.869854],[24.027295,49.869807],[24.027186,49.869789],[24.026914,49.869744],[24.026551,49.869684],[24.025794,49.869563],[24.025343,49.869492],[24.025084,49.86945],[24.024968,49.86943],[24.024592,49.869367],[24.024535,49.869357],[24.024188,49.869297],[24.023723,49.869219],[24.023489,49.869199],[24.023262,49.869207],[24.023088,49.869225],[24.022913,49.869262]]},"properties":{"name":"вулиця Гетьмана Івана Мазепи","lines":"7, 12, 17, 31, 34, 41, 46, 51, 55, 56, 84","arr":["А07","А12","А17","А31","А34","А41","А46","А51","А55","А56","А84"],"roundabout":0,"mode":"bus","color":"#0059a9"}},{"type":"Feature","geometry":{"type":"LineString","coordinates":[[24.022913,49.869262],[24.021969,49.869684],[24.021813,49.869753],[24.021426,49.869922],[24.021399,49.869933],[24.020689,49.870244],[24.020492,49.870338],[24.020405,49.87038],[24.020239,49.870456],[24.020178,49.870483],[24.019817,49.870647],[24.019465,49.870809]]},"properties":{"name":"Замарстинівська вулиця","lines":"7, 12, 17, 31, 34, 41, 46, 51, 55, 56, 84","arr":["А07","А12","А17","А31","А34","А41","А46","А51","А55","А56","А84"],"roundabout":0,"mode":"bus","color":"#0059a9"}},{"type":"Feature","geometry":{"type":"LineString","coordinates":[[24.018827,49.870701],[24.019031,49.870799],[24.019247,49.870829],[24.019465,49.870809]]},"properties":{"name":"","lines":"7, 12, 17, 31, 34, 41, 46, 51, 55, 56, 84","arr":["А07","А12","А17","А31","А34","А41","А46","А51","А55","А56","А84"],"roundabout":0,"mode":"bus","color":"#0059a9"}},{"type":"Feature","geometry":{"type":"LineString","coordinates":[[24.017073,49.868202],[24.017354,49.868389],[24.017687,49.868635],[24.017844,49.868779],[24.017965,49.868921],[24.018,49.868968],[24.018048,49.869017],[24.0181,49.869096],[24.018136,49.869153],[24.018211,49.869284],[24.018232,49.869321],[24.018269,49.869422],[24.018316,49.869531],[24.01834,49.86963],[24.01837,49.869729],[24.018401,49.869837],[24.018417,49.869942],[24.018433,49.870049],[24.018457,49.870148],[24.018487,49.870233],[24.018533,49.870345],[24.018592,49.870428],[24.018827,49.870701]]},"properties":{"name":"Варшавська вулиця","lines":"7, 8а, 12, 17, 22, 31, 34, 41, 46, 51, 55, 56, 84","arr":["А07","А08а","А12","А17","А22","А31","А34","А41","А46","А51","А55","А56","А84"],"roundabout":0,"mode":"bus","color":"#0059a9"}},{"type":"Feature","geometry":{"type":"LineString","coordinates":[[24.017073,49.868202],[24.01665,49.867918],[24.016261,49.867683],[24.016207,49.867638]]},"properties":{"name":"Варшавська вулиця","lines":"7, 8а, 12, 17, 22, 31, 41, 46, 51, 55, 56, 84","arr":["А07","А08а","А12","А17","А22","А31","А41","А46","А51","А55","А56","А84"],"roundabout":0,"mode":"bus","color":"#0059a9"}},{"type":"Feature","geometry":{"type":"LineString","coordinates":[[24.016207,49.867638],[24.016086,49.867563]]},"properties":{"name":"Варшавська вулиця","lines":"7, 8а, 12, 17, 21, 22, 31, 37, 41, 46, 47, 51, 55, 56, 84","arr":["А07","А08а","А12","А17","А21","А22","А31","А37","А41","А46","А47","А51","А55","А56","А84"],"roundabout":0,"mode":"bus","color":"#0059a9"}},{"type":"Feature","geometry":{"type":"LineString","coordinates":[[24.016086,49.867563],[24.016015,49.867328]]},"properties":{"name":"проспект Вʼячеслава Чорновола","lines":"7, 8а, 17, 22, 31, 37, 41, 46, 51, 55, 56, 84","arr":["А07","А08а","А17","А22","А31","А37","А41","А46","А51","А55","А56","А84"],"roundabout":0,"mode":"bus","color":"#0059a9"}},{"type":"Feature","geometry":{"type":"LineString","coordinates":[[24.016015,49.867328],[24.015993,49.867196],[24.015992,49.866998]]},"properties":{"name":"проспект Вʼячеслава Чорновола","lines":"7, 8а, 17, 31, 37, 41, 46, 55, 56, 84","arr":["А07","А08а","А17","А31","А37","А41","А46","А55","А56","А84"],"roundabout":0,"mode":"bus","color":"#0059a9"}},{"type":"Feature","geometry":{"type":"LineString","coordinates":[[24.015992,49.866998],[24.016108,49.866768],[24.01618,49.866619]]},"properties":{"name":"проспект Вʼячеслава Чорновола","lines":"7, 8а, 12, 17, 21, 31, 37, 41, 46, 47, 55, 56, 84","arr":["А07","А08а","А12","А17","А21","А31","А37","А41","А46","А47","А55","А56","А84"],"roundabout":0,"mode":"bus","color":"#0059a9"}},{"type":"Feature","geometry":{"type":"LineString","coordinates":[[24.01618,49.866619],[24.016263,49.86646],[24.016276,49.866437]]},"properties":{"name":"проспект Вʼячеслава Чорновола","lines":"7, 8а, 17, 21, 22, 31, 34, 37, 41, 46, 47, 51, 55, 56, 84","arr":["А07","А08а","А17","А21","А22","А31","А34","А37","А41","А46","А47","А51","А55","А56","А84"],"roundabout":0,"mode":"bus","color":"#0059a9"}},{"type":"Feature","geometry":{"type":"LineString","coordinates":[[24.016276,49.866437],[24.016433,49.866158],[24.01649,49.866047],[24.016516,49.865994],[24.016705,49.865627],[24.0169,49.865249],[24.017142,49.864808],[24.017373,49.864379],[24.017565,49.864021],[24.017795,49.863589],[24.017891,49.863422],[24.018001,49.863226],[24.018017,49.863193],[24.018082,49.863076],[24.018112,49.863022],[24.018157,49.862939],[24.018467,49.862323],[24.018477,49.862305],[24.01857,49.862134],[24.01862,49.862042],[24.018631,49.862019],[24.018657,49.861972],[24.018669,49.86195],[24.018838,49.861635],[24.018848,49.861615],[24.018956,49.861413],[24.018984,49.861358],[24.019402,49.860567],[24.019484,49.860415],[24.0195,49.860389],[24.019515,49.860362],[24.019546,49.860299],[24.019729,49.859986],[24.019753,49.859941],[24.019814,49.859832],[24.020065,49.859361],[24.020272,49.858961],[24.020385,49.858729],[24.020751,49.858036],[24.020946,49.85767],[24.02119,49.857215],[24.0212,49.857195],[24.021249,49.857101],[24.02126,49.857041],[24.021233,49.856854]]},"properties":{"name":"проспект Вʼячеслава Чорновола","lines":"7, 8а, 17, 21, 22, 31, 34, 37, 41, 46, 47, 51, 52, 55, 56, 84","arr":["А07","А08а","А17","А21","А22","А31","А34","А37","А41","А46","А47","А51","А52","А55","А56","А84"],"roundabout":0,"mode":"bus","color":"#0059a9"}},{"type":"Feature","geometry":{"type":"LineString","coordinates":[[24.015833,49.842994],[24.015633,49.842935],[24.015524,49.842859]]},"properties":{"name":"вулиця Захисників України","lines":"7, 15, 20, 25, 29, 31, 34, 41, 51, 52, 84, 92","arr":["А07","А15","А20","А25","А29","А31","А34","А41","А51","А52","А84","А92"],"roundabout":0,"mode":"bus","color":"#0059a9"}},{"type":"Feature","geometry":{"type":"LineString","coordinates":[[24.015599,49.8416],[24.015403,49.841518],[24.014453,49.841137],[24.013919,49.840923],[24.013609,49.840803],[24.0128,49.840479],[24.012703,49.840441],[24.012254,49.840267],[24.01219,49.840243],[24.012027,49.84018],[24.011934,49.840144],[24.010902,49.839744],[24.0108,49.839704],[24.009215,49.839083],[24.009154,49.83906],[24.008676,49.838873],[24.008393,49.838762],[24.008224,49.838697],[24.008105,49.838649],[24.007394,49.838365],[24.006947,49.838187],[24.006848,49.838149],[24.00625,49.837928],[24.005598,49.837699],[24.005279,49.837588],[24.005118,49.837536],[24.005005,49.837498],[24.004484,49.837327],[24.004079,49.837191],[24.004031,49.837174],[24.003881,49.837121]]},"properties":{"name":"Городоцька вулиця","lines":"7, 15, 20, 25, 29, 31, 34, 41, 51, 52, 84, 92","arr":["А07","А15","А20","А25","А29","А31","А34","А41","А51","А52","А84","А92"],"roundabout":0,"mode":"bus","color":"#0059a9","nolabel":1}},{"type":"Feature","geometry":{"type":"LineString","coordinates":[[24.005118,49.837536],[24.005096,49.837551],[24.005051,49.837583],[24.005006,49.837605]]},"properties":{"name":"Хотинська вулиця","lines":"7, 20, 25, 34, 51, 84, 22, 27, 30, 32, 38","arr":["А07","А20","А25","А34","А51","А84","Тр22","Тр27","Тр30","Тр32","Тр38"],"roundabout":0,"mode":"bus","color":"#0059a9","trolley":"mix"}},{"type":"Feature","geometry":{"type":"LineString","coordinates":[[24.005006,49.837605],[24.004893,49.837629],[24.004769,49.837642],[24.004248,49.837654],[24.004087,49.837647],[24.003153,49.83756],[24.002883,49.837514],[24.002262,49.837409],[24.002204,49.83736],[24.002033,49.837159]]},"properties":{"name":"Коротка вулиця","lines":"7, 20, 25, 34, 51, 84, 22, 27, 30, 32, 38","arr":["А07","А20","А25","А34","А51","А84","Тр22","Тр27","Тр30","Тр32","Тр38"],"roundabout":0,"mode":"bus","color":"#0059a9","trolley":"mix"}},{"type":"Feature","geometry":{"type":"LineString","coordinates":[[24.002033,49.837159],[24.001992,49.837106]]},"properties":{"name":"Коротка вулиця","lines":"7, 20, 25, 34, 43, 51, 84, 22, 27, 30, 32, 38","arr":["А07","А20","А25","А34","А43","А51","А84","Тр22","Тр27","Тр30","Тр32","Тр38"],"roundabout":0,"mode":"bus","color":"#0059a9","trolley":"mix"}},{"type":"Feature","geometry":{"type":"LineString","coordinates":[[24.00177,49.836848],[24.001632,49.836779],[24.001533,49.836741],[24.001169,49.836669]]},"properties":{"name":"Городоцька вулиця","lines":"7, 10, 15, 20, 25, 33, 34, 43, 51, 52, 84, 92, 22, 27, 30, 32, 38","arr":["А07","А10","А15","А20","А25","А33","А34","А43","А51","А52","А84","А92","Тр22","Тр27","Тр30","Тр32","Тр38"],"roundabout":0,"mode":"bus","color":"#0059a9","trolley":"mix"}},{"type":"Feature","geometry":{"type":"LineString","coordinates":[[24.001169,49.836669],[24.000314,49.836523],[24.000273,49.836516],[24.000193,49.836503],[23.999199,49.836338]]},"properties":{"name":"Городоцька вулиця","lines":"7, 10, 15, 16, 20, 25, 32, 33, 34, 43, 49, 51, 52, 84, 92, 22, 27, 30, 38","arr":["А07","А10","А15","А16","А20","А25","А32","А33","А34","А43","А49","А51","А52","А84","А92","Тр22","Тр27","Тр30","Тр32","Тр38"],"roundabout":0,"mode":"bus","color":"#0059a9","trolley":"mix"}},{"type":"Feature","geometry":{"type":"LineString","coordinates":[[23.994606,49.835524],[23.99452,49.835509],[23.994472,49.835499],[23.994303,49.835477],[23.994123,49.835464],[23.993958,49.835461],[23.992754,49.835521],[23.992297,49.83554],[23.991463,49.835555],[23.991337,49.83555],[23.991266,49.835541],[23.990983,49.83547],[23.990704,49.835352],[23.990619,49.835289],[23.990578,49.835218],[23.990576,49.835094],[23.990703,49.834763],[23.99075,49.83465]]},"properties":{"name":"Городоцька вулиця","lines":"7, 10, 15, 16, 20, 25, 32, 33, 34, 43, 49, 51, 52, 84, 92, 22, 27, 30, 38","arr":["А07","А10","А15","А16","А20","А25","А32","А33","А34","А43","А49","А51","А52","А84","А92","Тр22","Тр27","Тр30","Тр32","Тр38"],"roundabout":0,"mode":"bus","color":"#0059a9","trolley":"mix"}},{"type":"Feature","geometry":{"type":"LineString","coordinates":[[23.999199,49.836338],[23.998496,49.836215],[23.998272,49.836176]]},"properties":{"name":"Городоцька вулиця","lines":"7, 10, 16, 20, 25, 32, 33, 34, 43, 49, 51, 52, 84, 92, 22, 27, 30, 38","arr":["А07","А10","А16","А20","А25","А32","А33","А34","А43","А49","А51","А52","А84","А92","Тр22","Тр27","Тр30","Тр32","Тр38"],"roundabout":0,"mode":"bus","color":"#0059a9","trolley":"mix"}},{"type":"Feature","geometry":{"type":"LineString","coordinates":[[23.998272,49.836176],[23.99689,49.83593],[23.995575,49.835696]]},"properties":{"name":"Городоцька вулиця","lines":"7, 10, 16, 20, 25, 32, 33, 34, 43, 49, 52, 84, 92, 22, 27, 30, 38","arr":["А07","А10","А16","А20","А25","А32","А33","А34","А43","А49","А52","А84","А92","Тр22","Тр27","Тр30","Тр32","Тр38"],"roundabout":0,"mode":"bus","color":"#0059a9","trolley":"mix"}},{"type":"Feature","geometry":{"type":"LineString","coordinates":[[23.995575,49.835696],[23.994606,49.835524]]},"properties":{"name":"Городоцька вулиця","lines":"7, 10, 15, 16, 20, 25, 32, 33, 34, 43, 49, 52, 84, 92, 22, 27, 30, 38","arr":["А07","А10","А15","А16","А20","А25","А32","А33","А34","А43","А49","А52","А84","А92","Тр22","Тр27","Тр30","Тр32","Тр38"],"roundabout":0,"mode":"bus","color":"#0059a9","trolley":"mix"}},{"type":"Feature","geometry":{"type":"LineString","coordinates":[[23.99075,49.83465],[23.990788,49.834597],[23.990803,49.834577],[23.990868,49.8345],[23.990892,49.834422],[23.990856,49.834212],[23.990828,49.834097],[23.990806,49.83403],[23.990786,49.833956],[23.990778,49.833471],[23.990778,49.833447],[23.990777,49.832099],[23.99078,49.83197],[23.990787,49.831688],[23.990764,49.831395],[23.990709,49.831122],[23.990701,49.831086],[23.990578,49.830581],[23.990525,49.830363],[23.990208,49.828933],[23.990188,49.828835]]},"properties":{"name":"Кульпарківська вулиця","lines":"7, 10, 25, 33, 51, 22, 30, 38","arr":["А07","А10","А25","А33","А51","Тр22","Тр30","Тр38"],"roundabout":0,"mode":"bus","color":"#0059a9","trolley":"mix"}},{"type":"Feature","geometry":{"type":"LineString","coordinates":[[23.990188,49.828835],[23.990127,49.828245],[23.990112,49.828065],[23.990034,49.827457],[23.990005,49.827197],[23.989932,49.826535],[23.989907,49.826317],[23.989887,49.826135],[23.989867,49.82595],[23.989849,49.825868],[23.989781,49.825398]]},"properties":{"name":"Кульпарківська вулиця","lines":"7, 10, 25, 22, 38","arr":["А07","А10","А25","Тр22","Тр38"],"roundabout":0,"mode":"bus","color":"#0059a9","trolley":"mix"}},{"type":"Feature","geometry":{"type":"LineString","coordinates":[[23.989781,49.825398],[23.989733,49.825224],[23.989662,49.824946],[23.989501,49.824359],[23.989234,49.823383],[23.988923,49.822304],[23.988702,49.821559],[23.988674,49.821466],[23.988601,49.821221],[23.98856,49.821087],[23.988469,49.820793],[23.988402,49.820604],[23.988132,49.819842],[23.988045,49.819586],[23.987934,49.819281],[23.987836,49.819006],[23.987803,49.818944],[23.98777,49.818882],[23.987718,49.818784],[23.987669,49.818684],[23.987517,49.818378],[23.987184,49.817772],[23.986847,49.817183],[23.986081,49.815799],[23.985729,49.815169],[23.985634,49.815008]]},"properties":{"name":"Кульпарківська вулиця","lines":"7, 10, 22, 38","arr":["А07","А10","Тр22","Тр38"],"roundabout":0,"mode":"bus","color":"#0059a9","trolley":"mix"}},{"type":"Feature","geometry":{"type":"LineString","coordinates":[[23.984403,49.81277],[23.984289,49.812664],[23.984148,49.812562]]},"properties":{"name":"Кульпарківська вулиця","lines":"7, 10, 22, 38","arr":["А07","А10","Тр22","Тр38"],"roundabout":0,"mode":"bus","color":"#0059a9","trolley":"mix"}},{"type":"Feature","geometry":{"type":"LineString","coordinates":[[23.985634,49.815008],[23.985415,49.814624],[23.985201,49.814233],[23.985068,49.814002],[23.984871,49.813656],[23.984821,49.813561],[23.984752,49.813425],[23.984731,49.813384],[23.984498,49.812947],[23.984403,49.81277],[23.984377,49.812328]]},"properties":{"name":"Кульпарківська вулиця","lines":"7, 10, 33, 22, 38","arr":["А07","А10","А33","Тр22","Тр38"],"roundabout":0,"mode":"bus","color":"#0059a9","trolley":"mix"}},{"type":"Feature","geometry":{"type":"LineString","coordinates":[[23.985164,49.81191],[23.98487,49.812031],[23.984508,49.812227]]},"properties":{"name":"вулиця Володимира Великого","lines":"7, 10, 11, 14, 16, 18, 21, 23, 33, 48, 51, 38","arr":["А07","А10","А11","А14","А16","А18","А21","А23","А33","А48","А51","Тр38"],"roundabout":0,"mode":"bus","color":"#0059a9","trolley":"mix"}},{"type":"Feature","geometry":{"type":"LineString","coordinates":[[23.984373,49.811734],[23.984807,49.811841],[23.985164,49.81191]]},"properties":{"name":"вулиця Володимира Великого","lines":"7, 10, 11, 14, 16, 18, 21, 23, 33, 48, 51, 38","arr":["А07","А10","А11","А14","А16","А18","А21","А23","А33","А48","А51","Тр23","Тр38"],"roundabout":0,"mode":"bus","color":"#0059a9","trolley":"mix"}},{"type":"Feature","geometry":{"type":"LineString","coordinates":[[23.984186,49.811666],[23.983884,49.811534],[23.983575,49.811258],[23.983621,49.811536],[23.983612,49.811667],[23.983551,49.811768]]},"properties":{"name":"Кульпарківська вулиця","lines":"7, 10, 11, 14, 18, 21, 23, 25, 27, 32, 33, 51, 22","arr":["А07","А10","А11","А14","А18","А21","А23","А25","А27","А32","А33","А51","Тр22","Тр23"],"roundabout":0,"mode":"bus","color":"#0059a9","trolley":"mix"}},{"type":"Feature","geometry":{"type":"LineString","coordinates":[[23.983575,49.811258],[23.98317,49.810532],[23.983043,49.810315],[23.982866,49.809974],[23.98274,49.809731],[23.982591,49.809428],[23.98258,49.809405],[23.98243,49.809091],[23.982372,49.808946],[23.982025,49.808052],[23.981808,49.807514],[23.98168,49.806901],[23.981668,49.806856],[23.981643,49.806716],[23.981566,49.806395],[23.981529,49.806258]]},"properties":{"name":"Кульпарківська вулиця","lines":"7, 10, 14, 23, 25, 27, 32, 33, 22","arr":["А07","А10","А14","А23","А25","А27","А32","А33","Тр22"],"roundabout":0,"mode":"bus","color":"#0059a9","trolley":"mix"}},{"type":"Feature","geometry":{"type":"LineString","coordinates":[[23.981218,49.805938],[23.981356,49.806062],[23.981382,49.806084],[23.981529,49.806258],[23.981597,49.806066],[23.98161,49.806048],[23.981748,49.805851]]},"properties":{"name":"Кульпарківська вулиця","lines":"7, 10, 14, 23, 25, 27, 32, 33, 22","arr":["А07","А10","А14","А23","А25","А27","А32","А33","Тр22"],"roundabout":0,"mode":"bus","color":"#0059a9","trolley":"mix"}},{"type":"Feature","geometry":{"type":"LineString","coordinates":[[23.981779,49.80547],[23.982038,49.805489],[23.982078,49.805488],[23.982191,49.805488],[23.9826,49.805435],[23.983068,49.805375],[23.985322,49.805141],[23.986376,49.805033],[23.986549,49.805015]]},"properties":{"name":"Наукова вулиця","lines":"7, 10, 14, 23, 25, 27, 32, 33, 45, 51, 22","arr":["А07","А10","А14","А23","А25","А27","А32","А33","А45","А51","Тр22"],"roundabout":0,"mode":"bus","color":"#0059a9","trolley":"mix"}},{"type":"Feature","geometry":{"type":"LineString","coordinates":[[23.993752,49.804307],[23.994278,49.804255],[23.995505,49.804133],[23.995525,49.80413],[23.995572,49.804126]]},"properties":{"name":"Наукова вулиця","lines":"7, 10, 14, 23, 25, 27, 32, 33, 45, 51, 22","arr":["А07","А10","А14","А23","А25","А27","А32","А33","А45","А51","Тр22"],"roundabout":0,"mode":"bus","color":"#0059a9","trolley":"mix"}},{"type":"Feature","geometry":{"type":"LineString","coordinates":[[23.995603,49.804279],[23.995558,49.804284],[23.995539,49.804286],[23.995164,49.804324],[23.994632,49.804378],[23.993338,49.804509],[23.992804,49.804563],[23.992219,49.804622],[23.991798,49.804665],[23.991616,49.804684],[23.989167,49.804933],[23.988785,49.804972],[23.988154,49.805037],[23.987248,49.805128],[23.986587,49.805195]]},"properties":{"name":"Наукова вулиця","lines":"7, 10, 14, 23, 25, 27, 32, 33, 45, 51, 22","arr":["А07","А10","А14","А23","А25","А27","А32","А33","А45","А51","Тр22"],"roundabout":0,"mode":"bus","color":"#0059a9","trolley":"mix"}},{"type":"Feature","geometry":{"type":"LineString","coordinates":[[23.986549,49.805015],[23.986527,49.804935],[23.987478,49.804835],[23.987704,49.804811],[23.98777,49.804804],[23.988541,49.804722]]},"properties":{"name":"","lines":"7, 10, 14, 23, 25, 27, 32, 33, 45, 51, 22","arr":["А07","А10","А14","А23","А25","А27","А32","А33","А45","А51","Тр22"],"roundabout":0,"mode":"bus","color":"#0059a9","trolley":"mix"}},{"type":"Feature","geometry":{"type":"LineString","coordinates":[[23.993752,49.804307],[23.993719,49.80417]]},"properties":{"name":"","lines":"7, 10, 14, 23, 25, 27, 32, 33, 45, 51, 22","arr":["А07","А10","А14","А23","А25","А27","А32","А33","А45","А51","Тр22"],"roundabout":0,"mode":"bus","color":"#0059a9","trolley":"mix"}},{"type":"Feature","geometry":{"type":"LineString","coordinates":[[23.986613,49.80533],[23.986445,49.805352],[23.985467,49.805451]]},"properties":{"name":"","lines":"7, 10, 14, 23, 25, 27, 32, 33, 45, 51, 22","arr":["А07","А10","А14","А23","А25","А27","А32","А33","А45","А51","Тр22"],"roundabout":0,"mode":"bus","color":"#0059a9","trolley":"mix"}},{"type":"Feature","geometry":{"type":"LineString","coordinates":[[23.988541,49.804722],[23.988711,49.804704],[23.989224,49.804638]]},"properties":{"name":"","lines":"7, 10, 14, 23, 25, 27, 32, 45, 51, 22","arr":["А07","А10","А14","А23","А25","А27","А32","А45","А51","Тр22"],"roundabout":0,"mode":"bus","color":"#0059a9","trolley":"mix"}},{"type":"Feature","geometry":{"type":"LineString","coordinates":[[23.992948,49.80425],[23.993719,49.80417]]},"properties":{"name":"","lines":"7, 10, 14, 23, 25, 27, 32, 45, 51, 22","arr":["А07","А10","А14","А23","А25","А27","А32","А45","А51","Тр22"],"roundabout":0,"mode":"bus","color":"#0059a9","trolley":"mix"}},{"type":"Feature","geometry":{"type":"LineString","coordinates":[[23.989224,49.804638],[23.992165,49.804332],[23.992452,49.804302],[23.992948,49.80425]]},"properties":{"name":"","lines":"7, 23, 25, 45","arr":["А07","А23","А25","А45"],"roundabout":0,"mode":"bus","color":"#0059a9"}},{"type":"Feature","geometry":{"type":"LineString","coordinates":[[23.995572,49.804126],[23.995718,49.80411],[23.996083,49.804069],[23.996545,49.804018],[23.996747,49.803996],[23.997649,49.803898],[23.99851,49.803809],[23.998908,49.803769],[24.000016,49.803658]]},"properties":{"name":"Наукова вулиця","lines":"7, 10, 14, 23, 25, 27, 32, 33, 41, 45, 51, 22","arr":["А07","А10","А14","А23","А25","А27","А32","А33","А41","А45","А51","Тр22"],"roundabout":0,"mode":"bus","color":"#0059a9","trolley":"mix"}},{"type":"Feature","geometry":{"type":"LineString","coordinates":[[23.997161,49.804123],[23.997123,49.804127],[23.996258,49.804214],[23.995603,49.804279]]},"properties":{"name":"Наукова вулиця","lines":"7, 10, 14, 23, 25, 27, 32, 33, 41, 45, 51, 22","arr":["А07","А10","А14","А23","А25","А27","А32","А33","А41","А45","А51","Тр22"],"roundabout":0,"mode":"bus","color":"#0059a9","trolley":"mix"}},{"type":"Feature","geometry":{"type":"LineString","coordinates":[[24.000016,49.803658],[24.000173,49.803642]]},"properties":{"name":"Наукова вулиця","lines":"7, 10, 14, 23, 25, 27, 32, 33, 41, 45, 22","arr":["А07","А10","А14","А23","А25","А27","А32","А33","А41","А45","Тр22"],"roundabout":0,"mode":"bus","color":"#0059a9","trolley":"mix"}},{"type":"Feature","geometry":{"type":"LineString","coordinates":[[24.000212,49.803823],[24.000046,49.803841],[23.999483,49.803893],[23.999264,49.803913],[23.999076,49.803931]]},"properties":{"name":"Наукова вулиця","lines":"7, 10, 14, 23, 25, 27, 32, 33, 41, 45, 22","arr":["А07","А10","А14","А23","А25","А27","А32","А33","А41","А45","Тр22"],"roundabout":0,"mode":"bus","color":"#0059a9","trolley":"mix"}},{"type":"Feature","geometry":{"type":"LineString","coordinates":[[24.000173,49.803642],[24.000353,49.803623],[24.000395,49.803619],[24.000819,49.803575],[24.001079,49.803548],[24.001258,49.803529],[24.00201,49.80345],[24.00228,49.803422],[24.002403,49.803409],[24.003246,49.803326],[24.004536,49.803197],[24.006154,49.803036],[24.006192,49.803032],[24.006327,49.803021],[24.00659,49.802995],[24.006867,49.802967],[24.008777,49.802775],[24.009244,49.802728],[24.009533,49.802699],[24.010507,49.802601],[24.011282,49.802514],[24.011611,49.802481],[24.013526,49.802289],[24.014195,49.802223],[24.014765,49.802174],[24.014791,49.802171],[24.014833,49.802169],[24.015587,49.80216]]},"properties":{"name":"Наукова вулиця","lines":"7, 10, 14, 23, 25, 27, 32, 41, 22","arr":["А07","А10","А14","А23","А25","А27","А32","А41","Тр22"],"roundabout":0,"mode":"bus","color":"#0059a9","trolley":"mix"}},{"type":"Feature","geometry":{"type":"LineString","coordinates":[[24.017998,49.801921],[24.017645,49.801956],[24.01714,49.802006],[24.016401,49.802079],[24.015587,49.80216],[24.01486,49.802305],[24.014818,49.802312],[24.014777,49.80232],[24.014486,49.802347],[24.012855,49.802517],[24.011992,49.802607],[24.011099,49.8027],[24.010542,49.802757],[24.010182,49.802792],[24.009769,49.802832],[24.008292,49.802984],[24.007677,49.803048],[24.00668,49.803152],[24.006368,49.803184],[24.0062,49.803199],[24.006154,49.803203],[24.005446,49.803275],[24.004827,49.803339],[24.004624,49.803359],[24.003873,49.803437],[24.003297,49.803496],[24.00245,49.803584],[24.000433,49.8038],[24.000392,49.803805],[24.000212,49.803823]]},"properties":{"name":"Наукова вулиця","lines":"7, 10, 14, 23, 25, 27, 32, 41, 22","arr":["А07","А10","А14","А23","А25","А27","А32","А41","Тр22"],"roundabout":0,"mode":"bus","color":"#0059a9","trolley":"mix"}},{"type":"Feature","geometry":{"type":"LineString","coordinates":[[24.017998,49.801921],[24.018312,49.801889],[24.018356,49.801884],[24.018765,49.801837],[24.019179,49.80179],[24.020008,49.801699],[24.020612,49.801626],[24.020663,49.80162],[24.020846,49.801599],[24.022204,49.801437]]},"properties":{"name":"проспект Святого Івана Павла II","lines":"7, 11, 14, 23, 32, 40, 41, 38","arr":["А07","А11","А14","А23","А32","А40","А41","Тр38"],"roundabout":0,"mode":"bus","color":"#0059a9","trolley":"mix"}},{"type":"Feature","geometry":{"type":"LineString","coordinates":[[24.042498,49.800968],[24.040769,49.800564],[24.040576,49.800518],[24.040044,49.800402],[24.039456,49.800271],[24.038872,49.800173],[24.038262,49.800097],[24.037583,49.800016],[24.036351,49.79993],[24.036316,49.799926],[24.036252,49.799923],[24.036061,49.79992],[24.035643,49.799913],[24.035152,49.799913],[24.034597,49.799927],[24.033713,49.799988],[24.033288,49.800023],[24.032639,49.800092],[24.031319,49.800242],[24.031026,49.80027],[24.030764,49.800302],[24.030159,49.800376],[24.029386,49.800469],[24.02725,49.800727],[24.025108,49.800986],[24.024225,49.801122],[24.024008,49.801155],[24.02341,49.801245],[24.022669,49.801358],[24.022204,49.801437],[24.022679,49.801405],[24.023694,49.801316],[24.024046,49.801285],[24.024282,49.801264],[24.024478,49.801242],[24.029994,49.800606],[24.03032,49.800569],[24.030821,49.800511],[24.031573,49.80042],[24.031725,49.800402],[24.032694,49.800288],[24.033697,49.800191],[24.034617,49.800134],[24.035663,49.800119],[24.035766,49.80012],[24.036049,49.800124],[24.036379,49.800127],[24.036846,49.800158],[24.037759,49.800232],[24.03879,49.800364],[24.039693,49.800535],[24.040075,49.800614],[24.040485,49.800699],[24.040741,49.800753],[24.040912,49.800788],[24.041812,49.801001],[24.042295,49.801127],[24.042626,49.801212],[24.042849,49.80127],[24.043982,49.801549]]},"properties":{"name":"проспект Святого Івана Павла II","lines":"7, 11, 14, 23, 32, 40, 41, 38","arr":["А07","А11","А14","А23","А32","А40","А41","Тр38"],"roundabout":0,"mode":"bus","color":"#0059a9","trolley":"mix"}},{"type":"Feature","geometry":{"type":"LineString","coordinates":[[24.042498,49.800968],[24.042983,49.80097],[24.043278,49.800948],[24.043506,49.80091],[24.043758,49.800849],[24.044003,49.80075],[24.04421,49.800641],[24.044257,49.800616],[24.044803,49.800348],[24.045328,49.800074],[24.045695,49.799901],[24.045897,49.79983],[24.046334,49.799719],[24.046897,49.79957],[24.047245,49.799471]]},"properties":{"name":"проспект Святого Івана Павла II","lines":"7, 11, 14, 23, 32, 40, 41","arr":["А07","А11","А14","А23","А32","А40","А41"],"roundabout":0,"mode":"bus","color":"#0059a9"}},{"type":"Feature","geometry":{"type":"LineString","coordinates":[[24.045917,49.803788],[24.045888,49.803649],[24.045756,49.803238],[24.045617,49.802961],[24.04538,49.802665],[24.045038,49.802314],[24.044826,49.802149],[24.04455,49.80197],[24.04442,49.801886]]},"properties":{"name":"проспект Святого Івана Павла II","lines":"7, 11, 14, 23, 32, 40, 41","arr":["А07","А11","А14","А23","А32","А40","А41"],"roundabout":0,"mode":"bus","color":"#0059a9"}},{"type":"Feature","geometry":{"type":"LineString","coordinates":[[24.047245,49.799471],[24.047747,49.799271]]},"properties":{"name":"проспект Святого Івана Павла II","lines":"7, 11, 14, 23, 32, 37, 40, 41","arr":["А07","А11","А14","А23","А32","А37","А40","А41"],"roundabout":0,"mode":"bus","color":"#0059a9"}},{"type":"Feature","geometry":{"type":"LineString","coordinates":[[24.047747,49.799271],[24.047819,49.799216],[24.04806,49.799045],[24.048254,49.798947],[24.048825,49.798675],[24.048989,49.79858]]},"properties":{"name":"проспект Червоної Калини","lines":"7, 11, 14, 16, 23, 32, 37, 40, 41, 53","arr":["А07","А11","А14","А16","А23","А32","А37","А40","А41","А53"],"roundabout":0,"mode":"bus","color":"#0059a9","nolabel":1}},{"type":"Feature","geometry":{"type":"LineString","coordinates":[[24.057054,49.794875],[24.056732,49.795031],[24.055606,49.795475],[24.055194,49.795668],[24.054772,49.795882],[24.053947,49.796317],[24.053646,49.796474],[24.053567,49.796515],[24.053447,49.79658]]},"properties":{"name":"проспект Червоної Калини","lines":"7, 11, 14, 16, 23, 32, 37, 40, 41, 53","arr":["А07","А11","А14","А16","А23","А32","А37","А40","А41","А53"],"roundabout":0,"mode":"bus","color":"#0059a9"}},{"type":"Feature","geometry":{"type":"LineString","coordinates":[[24.048989,49.79858],[24.049486,49.79831],[24.051385,49.797316],[24.051622,49.797193],[24.051717,49.797144],[24.052133,49.796924],[24.053199,49.796378]]},"properties":{"name":"проспект Червоної Калини","lines":"7, 11, 16, 23, 32, 37, 40, 41, 53","arr":["А07","А11","А16","А23","А32","А37","А40","А41","А53"],"roundabout":0,"mode":"bus","color":"#0059a9","nolabel":1}},{"type":"Feature","geometry":{"type":"LineString","coordinates":[[24.053199,49.796378],[24.053323,49.796309],[24.054374,49.795749],[24.054989,49.795422],[24.05544,49.795167],[24.055568,49.79509],[24.056333,49.794631],[24.056504,49.794525]]},"properties":{"name":"проспект Червоної Калини","lines":"7, 11, 14, 16, 23, 32, 40, 41, 53","arr":["А07","А11","А14","А16","А23","А32","А40","А41","А53"],"roundabout":0,"mode":"bus","color":"#0059a9"}},{"type":"Feature","geometry":{"type":"LineString","coordinates":[[24.053447,49.79658],[24.052553,49.797046],[24.052395,49.79713],[24.051079,49.797797],[24.049948,49.798399],[24.049235,49.798768],[24.049078,49.798862],[24.048687,49.799082],[24.04842,49.799224],[24.048138,49.7994],[24.047899,49.799612],[24.047501,49.800009],[24.047215,49.800344],[24.046932,49.800832],[24.046792,49.801174],[24.046673,49.801679],[24.046558,49.80238],[24.046521,49.802568],[24.046452,49.803141],[24.046441,49.803298],[24.046454,49.803775],[24.046478,49.804154]]},"properties":{"name":"проспект Червоної Калини","lines":"7, 11, 14, 16, 23, 32, 40, 41, 53","arr":["А07","А11","А14","А16","А23","А32","А40","А41","А53"],"roundabout":0,"mode":"bus","color":"#0059a9","nolabel":1}},{"type":"Feature","geometry":{"type":"LineString","coordinates":[[24.056504,49.794525],[24.056816,49.794321],[24.057133,49.794097],[24.057283,49.793975],[24.057492,49.793789],[24.057559,49.793719],[24.057716,49.793531],[24.057855,49.793331],[24.057975,49.793139],[24.05807,49.792946],[24.058172,49.792695],[24.058254,49.792445]]},"properties":{"name":"проспект Червоної Калини","lines":"7, 11, 14, 16, 19, 23, 32, 40, 41, 47, 53, 24","arr":["А07","А11","А14","А16","А19","А23","А32","А40","А41","А47","А53","Тр24"],"roundabout":0,"mode":"bus","color":"#0059a9","trolley":"mix"}},{"type":"Feature","geometry":{"type":"LineString","coordinates":[[24.058254,49.792445],[24.058336,49.792212],[24.05843,49.791933],[24.058459,49.79185],[24.058505,49.791716],[24.058566,49.791535],[24.05862,49.791354],[24.058655,49.791189],[24.058683,49.791039],[24.058715,49.790346],[24.058715,49.790335],[24.058723,49.790033],[24.058752,49.789225]]},"properties":{"name":"проспект Червоної Калини","lines":"7, 11, 19, 32, 47, 53, 24","arr":["А07","А11","А19","А32","А47","А53","Тр24"],"roundabout":0,"mode":"bus","color":"#0059a9","trolley":"mix"}},{"type":"Feature","geometry":{"type":"LineString","coordinates":[[24.058752,49.789225],[24.058758,49.789022],[24.058766,49.788735],[24.05877,49.788647],[24.058805,49.787852],[24.058806,49.787833],[24.058807,49.787805],[24.058856,49.786789],[24.058876,49.785994],[24.058882,49.785904]]},"properties":{"name":"проспект Червоної Калини","lines":"7, 11, 14, 19, 32, 46, 47, 53, 24","arr":["А07","А11","А14","А19","А32","А46","А47","А53","Тр24"],"roundabout":0,"mode":"bus","color":"#0059a9","trolley":"mix","nolabel":1}},{"type":"Feature","geometry":{"type":"LineString","coordinates":[[24.059289,49.785746],[24.059284,49.785897],[24.059283,49.785911],[24.059215,49.787576]]},"properties":{"name":"проспект Червоної Калини","lines":"7, 11, 14, 19, 32, 46, 47, 53, 24","arr":["А07","А11","А14","А19","А32","А46","А47","А53","Тр24"],"roundabout":0,"mode":"bus","color":"#0059a9","trolley":"mix","nolabel":1}},{"type":"Feature","geometry":{"type":"LineString","coordinates":[[24.058882,49.785904],[24.058882,49.785887],[24.058908,49.785435]]},"properties":{"name":"проспект Червоної Калини","lines":"7, 11, 14, 19, 32, 46, 47, 53","arr":["А07","А11","А14","А19","А32","А46","А47","А53"],"roundabout":0,"mode":"bus","color":"#0059a9","nolabel":1}},{"type":"Feature","geometry":{"type":"LineString","coordinates":[[24.058908,49.785435],[24.058916,49.785309]]},"properties":{"name":"проспект Червоної Калини","lines":"7, 14, 19, 32, 46, 47, 53","arr":["А07","А14","А19","А32","А46","А47","А53"],"roundabout":0,"mode":"bus","color":"#0059a9"}},{"type":"Feature","geometry":{"type":"LineString","coordinates":[[24.051856,49.786612],[24.05177,49.78624],[24.051737,49.786064],[24.051719,49.785911],[24.05187,49.785209],[24.052,49.784568],[24.052141,49.783845],[24.052193,49.783553],[24.052199,49.783523],[24.052247,49.78331]]},"properties":{"name":"вулиця Михайла Гориня","lines":"7","arr":["А07"],"roundabout":0,"mode":"bus","color":"#0059a9"}},{"type":"Feature","geometry":{"type":"LineString","coordinates":[[24.058932,49.784924],[24.058587,49.784919],[24.058509,49.784917],[24.057728,49.784906],[24.057338,49.7849],[24.05721,49.784898],[24.056145,49.784878],[24.055954,49.784866],[24.055701,49.784837],[24.055479,49.784795],[24.055227,49.784711],[24.054946,49.78458],[24.054797,49.784511],[24.054709,49.784468],[24.054595,49.784409],[24.054405,49.784316],[24.054133,49.784187],[24.053596,49.78393],[24.053419,49.783846],[24.052694,49.7835],[24.052459,49.783388],[24.052247,49.78331]]},"properties":{"name":"вулиця Михайла Драгана","lines":"7","arr":["А07"],"roundabout":0,"mode":"bus","color":"#0059a9"}},{"type":"Feature","geometry":{"type":"LineString","coordinates":[[24.059333,49.78493],[24.059187,49.784928],[24.059132,49.784926],[24.058932,49.784924]]},"properties":{"name":"","lines":"7, 24","arr":["А07","Тр24"],"roundabout":0,"mode":"bus","color":"#0059a9","trolley":"mix"}},{"type":"Feature","geometry":{"type":"LineString","coordinates":[[24.059333,49.78493],[24.0593,49.785483],[24.059296,49.785552]]},"properties":{"name":"проспект Червоної Калини","lines":"7, 14, 19, 24","arr":["А07","А14","А19","Тр24"],"roundabout":0,"mode":"bus","color":"#0059a9","trolley":"mix","nolabel":1}},{"type":"Feature","geometry":{"type":"LineString","coordinates":[[24.059296,49.785552],[24.059289,49.785746]]},"properties":{"name":"проспект Червоної Калини","lines":"7, 14, 19, 47, 24","arr":["А07","А14","А19","А47","Тр24"],"roundabout":0,"mode":"bus","color":"#0059a9","trolley":"mix"}},{"type":"Feature","geometry":{"type":"LineString","coordinates":[[24.059215,49.787576],[24.059204,49.787813],[24.059202,49.787845],[24.059197,49.787955]]},"properties":{"name":"проспект Червоної Калини","lines":"7, 11, 19, 32, 46, 47, 53, 24","arr":["А07","А11","А19","А32","А46","А47","А53","Тр24"],"roundabout":0,"mode":"bus","color":"#0059a9","trolley":"mix","nolabel":1}},{"type":"Feature","geometry":{"type":"LineString","coordinates":[[24.059197,49.787955],[24.05915,49.789028],[24.059145,49.789229]]},"properties":{"name":"проспект Червоної Калини","lines":"7, 11, 14, 19, 32, 46, 53, 24","arr":["А07","А11","А14","А19","А32","А46","А53","Тр24"],"roundabout":0,"mode":"bus","color":"#0059a9","trolley":"mix","nolabel":1}},{"type":"Feature","geometry":{"type":"LineString","coordinates":[[24.059145,49.789229],[24.059119,49.790074],[24.059111,49.790332],[24.05911,49.790343],[24.059094,49.790728],[24.059091,49.790798],[24.059046,49.791793],[24.058995,49.792368],[24.058965,49.792539]]},"properties":{"name":"проспект Червоної Калини","lines":"7, 11, 19, 32, 53, 24","arr":["А07","А11","А19","А32","А53","Тр24"],"roundabout":0,"mode":"bus","color":"#0059a9","trolley":"mix","nolabel":1}},{"type":"Feature","geometry":{"type":"LineString","coordinates":[[24.058965,49.792539],[24.058922,49.792703],[24.058862,49.792877],[24.058811,49.792997],[24.058746,49.793143],[24.058606,49.793413],[24.058484,49.793642]]},"properties":{"name":"проспект Червоної Калини","lines":"7, 11, 14, 16, 19, 23, 32, 37, 40, 41, 53, 24","arr":["А07","А11","А14","А16","А19","А23","А32","А37","А40","А41","А53","Тр24"],"roundabout":0,"mode":"bus","color":"#0059a9","trolley":"mix"}},{"type":"Feature","geometry":{"type":"LineString","coordinates":[[24.058484,49.793642],[24.058166,49.794101]]},"properties":{"name":"проспект Червоної Калини","lines":"7, 11, 14, 32, 53","arr":["А07","А11","А14","А32","А53"],"roundabout":0,"mode":"bus","color":"#0059a9"}},{"type":"Feature","geometry":{"type":"LineString","coordinates":[[24.058166,49.794101],[24.05793,49.794306],[24.057437,49.794651],[24.057054,49.794875]]},"properties":{"name":"проспект Червоної Калини","lines":"7, 11, 14, 16, 19, 23, 32, 37, 40, 41, 47, 53, 24","arr":["А07","А11","А14","А16","А19","А23","А32","А37","А40","А41","А47","А53","Тр24"],"roundabout":0,"mode":"bus","color":"#0059a9","trolley":"mix"}},{"type":"Feature","geometry":{"type":"LineString","coordinates":[[24.046478,49.804154],[24.046622,49.804261],[24.046775,49.804401],[24.047091,49.805794],[24.047111,49.806],[24.047036,49.806122],[24.046929,49.806184]]},"properties":{"name":"","lines":"7, 11, 14, 23, 32, 40, 41","arr":["А07","А11","А14","А23","А32","А40","А41"],"roundabout":0,"mode":"bus","color":"#0059a9"}},{"type":"Feature","geometry":{"type":"LineString","coordinates":[[24.046929,49.806184],[24.046125,49.806332],[24.046041,49.806332],[24.045961,49.806322],[24.045875,49.806275],[24.045824,49.806209],[24.045749,49.8059],[24.045687,49.805637],[24.045511,49.804889],[24.045485,49.80475],[24.045461,49.804623],[24.045419,49.80437],[24.045405,49.804179],[24.045444,49.804082],[24.045521,49.803999],[24.045751,49.803875],[24.045917,49.803788]]},"properties":{"name":"проспект Червоної Калини","lines":"7, 11, 14, 23, 32, 40, 41","arr":["А07","А11","А14","А23","А32","А40","А41"],"roundabout":0,"mode":"bus","color":"#0059a9"}},{"type":"Feature","geometry":{"type":"LineString","coordinates":[[24.04442,49.801886],[24.044168,49.801784],[24.043954,49.801698],[24.043949,49.801647],[24.043982,49.801549]]},"properties":{"name":"проспект Святого Івана Павла II","lines":"11, 14","arr":["А11","А14"],"roundabout":0,"mode":"bus","color":"#0059a9"}},{"type":"Feature","geometry":{"type":"LineString","coordinates":[[24.04442,49.801886],[24.044356,49.801738],[24.044303,49.801624]]},"properties":{"name":"","lines":"7, 23, 32, 40, 41","arr":["А07","А23","А32","А40","А41"],"roundabout":0,"mode":"bus","color":"#0059a9"}},{"type":"Feature","geometry":{"type":"LineString","coordinates":[[24.045004,49.801785],[24.044495,49.801667],[24.044303,49.801624]]},"properties":{"name":"проспект Святого Івана Павла II","lines":"38","arr":["Тр38"],"roundabout":0,"mode":"bus","color":"#149a3f","trolley":"all"}},{"type":"Feature","geometry":{"type":"LineString","coordinates":[[24.042741,49.801026],[24.042961,49.801076],[24.043356,49.801164],[24.044609,49.801461],[24.044685,49.801476]]},"properties":{"name":"проспект Святого Івана Павла II","lines":"38","arr":["Тр38"],"roundabout":0,"mode":"bus","color":"#149a3f","trolley":"all"}},{"type":"Feature","geometry":{"type":"LineString","coordinates":[[24.044303,49.801624],[24.044125,49.801583],[24.043982,49.801549]]},"properties":{"name":"проспект Святого Івана Павла II","lines":"7, 23, 32, 40, 41, 38","arr":["А07","А23","А32","А40","А41","Тр38"],"roundabout":0,"mode":"bus","color":"#0059a9","trolley":"mix"}},{"type":"Feature","geometry":{"type":"LineString","coordinates":[[23.999076,49.803931],[23.997981,49.804053],[23.997161,49.804123]]},"properties":{"name":"Наукова вулиця","lines":"7, 10, 14, 23, 25, 27, 32, 33, 51, 22","arr":["А07","А10","А14","А23","А25","А27","А32","А33","А51","Тр22"],"roundabout":0,"mode":"bus","color":"#0059a9","trolley":"mix"}},{"type":"Feature","geometry":{"type":"LineString","coordinates":[[23.984862,49.805462],[23.98478,49.805379],[23.982674,49.805606],[23.98257,49.805617],[23.982237,49.805652],[23.982121,49.805676],[23.982084,49.805686],[23.981808,49.805794]]},"properties":{"name":"Наукова вулиця","lines":"7, 10, 14, 23, 25, 27, 32, 33, 51, 22","arr":["А07","А10","А14","А23","А25","А27","А32","А33","А51","Тр22"],"roundabout":0,"mode":"bus","color":"#0059a9","trolley":"mix"}},{"type":"Feature","geometry":{"type":"LineString","coordinates":[[23.986613,49.80533],[23.986587,49.805195]]},"properties":{"name":"вулиця Василя Симоненка","lines":"7, 10, 14, 23, 25, 27, 32, 33, 45, 51, 22","arr":["А07","А10","А14","А23","А25","А27","А32","А33","А45","А51","Тр22"],"roundabout":0,"mode":"bus","color":"#0059a9","trolley":"mix"}},{"type":"Feature","geometry":{"type":"LineString","coordinates":[[23.985467,49.805451],[23.985219,49.805477],[23.984862,49.805462]]},"properties":{"name":"","lines":"7, 10, 14, 23, 25, 27, 32, 33, 51, 22","arr":["А07","А10","А14","А23","А25","А27","А32","А33","А51","Тр22"],"roundabout":0,"mode":"bus","color":"#0059a9","trolley":"mix"}},{"type":"Feature","geometry":{"type":"LineString","coordinates":[[23.984148,49.812562],[23.9838,49.812399]]},"properties":{"name":"Кульпарківська вулиця","lines":"7, 10, 23, 22, 38","arr":["А07","А10","А23","Тр22","Тр23","Тр38"],"roundabout":0,"mode":"bus","color":"#0059a9","trolley":"mix"}},{"type":"Feature","geometry":{"type":"LineString","coordinates":[[23.99075,49.83465],[23.990859,49.834667],[23.990974,49.834682],[23.991719,49.834817],[23.992523,49.834961],[23.993808,49.835198],[23.993965,49.83522],[23.994098,49.835237],[23.994233,49.835257],[23.994614,49.835324],[23.994634,49.835328],[23.99508,49.835407],[23.995129,49.835415],[23.995581,49.835496],[23.995653,49.835509],[23.996507,49.835668],[23.996971,49.835754],[23.997598,49.83587],[23.998374,49.836014],[23.99841,49.836021],[23.998572,49.836049],[23.998859,49.8361],[23.999132,49.836149],[23.9998,49.836253],[24.000382,49.836359],[24.000944,49.836455],[24.001616,49.836572],[24.002006,49.836633]]},"properties":{"name":"Городоцька вулиця","lines":"7, 10, 15, 16, 20, 25, 32, 34, 43, 49, 51, 52, 84, 27, 38","arr":["А07","А10","А15","А16","А20","А25","А32","А34","А43","А49","А51","А52","А84","Тр27","Тр32","Тр38"],"roundabout":0,"mode":"bus","color":"#0059a9","trolley":"mix"}},{"type":"Feature","geometry":{"type":"LineString","coordinates":[[24.002682,49.836761],[24.002729,49.836775],[24.002745,49.83678],[24.00287,49.83681],[24.003693,49.837062]]},"properties":{"name":"Городоцька вулиця","lines":"7, 15, 20, 25, 29, 31, 33, 34, 43, 51, 52, 84, 92","arr":["А07","А15","А20","А25","А29","А31","А33","А34","А43","А51","А52","А84","А92"],"roundabout":0,"mode":"bus","color":"#0059a9","nolabel":1}},{"type":"Feature","geometry":{"type":"LineString","coordinates":[[24.003881,49.837121],[24.003758,49.837082],[24.003693,49.837062]]},"properties":{"name":"Городоцька вулиця","lines":"7, 15, 20, 25, 29, 31, 34, 43, 51, 52, 84, 92","arr":["А07","А15","А20","А25","А29","А31","А34","А43","А51","А52","А84","А92"],"roundabout":0,"mode":"bus","color":"#0059a9"}},{"type":"Feature","geometry":{"type":"LineString","coordinates":[[24.025604,49.844405],[24.026348,49.84458],[24.0268,49.844682]]},"properties":{"name":"Торгова вулиця","lines":"7, 17, 20, 25, 31, 41, 51, 52, 84","arr":["А07","А17","А20","А25","А31","А41","А51","А52","А84"],"roundabout":0,"mode":"bus","color":"#0059a9","nolabel":1}},{"type":"Feature","geometry":{"type":"LineString","coordinates":[[24.0268,49.844682],[24.026815,49.844702],[24.02686,49.844761],[24.026874,49.844778]]},"properties":{"name":"","lines":"7, 9, 20, 21, 25, 31, 41, 48, 52, 84","arr":["А07","А09","А20","А21","А25","А31","А41","А48","А52","А84"],"roundabout":0,"mode":"bus","color":"#0059a9"}},{"type":"Feature","geometry":{"type":"LineString","coordinates":[[24.026874,49.844778],[24.026883,49.844846],[24.026899,49.845035]]},"properties":{"name":"Староміська вулиця","lines":"7, 9, 20, 21, 25, 31, 41, 48, 52, 84","arr":["А07","А09","А20","А21","А25","А31","А41","А48","А52","А84"],"roundabout":0,"mode":"bus","color":"#0059a9"}},{"type":"Feature","geometry":{"type":"LineString","coordinates":[[24.021745,49.857001],[24.02154,49.857142],[24.02144,49.857242],[24.021424,49.857264],[24.021146,49.857777],[24.020803,49.85842],[24.020083,49.859808],[24.020061,49.859854],[24.019981,49.86],[24.019958,49.860042],[24.019752,49.860411],[24.019736,49.860441],[24.019722,49.860465],[24.01971,49.860486],[24.019483,49.860908],[24.019451,49.860967],[24.019277,49.861293],[24.01919,49.861458],[24.019144,49.861545],[24.019095,49.861638],[24.018859,49.862073],[24.018846,49.862096],[24.018751,49.862272],[24.018706,49.862354],[24.018696,49.862374],[24.018582,49.862585],[24.018577,49.862593],[24.018572,49.862603],[24.018539,49.86267],[24.018496,49.862756],[24.018396,49.862939],[24.018302,49.863105],[24.01828,49.863153],[24.018231,49.863246],[24.018218,49.863271],[24.016956,49.865688],[24.016843,49.865895],[24.016804,49.865965],[24.016742,49.866074],[24.016685,49.866203],[24.016633,49.866346],[24.016597,49.866478],[24.01659,49.866505],[24.01656,49.866671]]},"properties":{"name":"проспект Вʼячеслава Чорновола","lines":"7, 8а, 17, 21, 22, 31, 37, 41, 46, 47, 51, 55, 56, 84","arr":["А07","А08а","А17","А21","А22","А31","А37","А41","А46","А47","А51","А55","А56","А84"],"roundabout":0,"mode":"bus","color":"#0059a9"}},{"type":"Feature","geometry":{"type":"LineString","coordinates":[[24.01656,49.866671],[24.016544,49.866897],[24.016542,49.867131],[24.016548,49.867222],[24.016557,49.867317],[24.016571,49.867463]]},"properties":{"name":"проспект Вʼячеслава Чорновола","lines":"7, 8а, 12, 17, 21, 22, 31, 34, 37, 41, 46, 47, 51, 55, 56, 84","arr":["А07","А08а","А12","А17","А21","А22","А31","А34","А37","А41","А46","А47","А51","А55","А56","А84"],"roundabout":0,"mode":"bus","color":"#0059a9"}},{"type":"Feature","geometry":{"type":"LineString","coordinates":[[24.016571,49.867463],[24.016634,49.86756],[24.016697,49.867658],[24.016802,49.867828],[24.017073,49.868202]]},"properties":{"name":"проспект Вʼячеслава Чорновола","lines":"7, 8а, 12, 17, 22, 31, 34, 41, 46, 51, 55, 56, 84","arr":["А07","А08а","А12","А17","А22","А31","А34","А41","А46","А51","А55","А56","А84"],"roundabout":0,"mode":"bus","color":"#0059a9"}},{"type":"Feature","geometry":{"type":"LineString","coordinates":[[24.025048,49.846405],[24.025279,49.846399],[24.025368,49.846397]]},"properties":{"name":"Зернова вулиця","lines":"8а, 17, 22, 34, 51","arr":["А08а","А17","А22","А34","А51"],"roundabout":0,"mode":"bus","color":"#0059a9"}},{"type":"Feature","geometry":{"type":"LineString","coordinates":[[24.024867,49.84976],[24.025001,49.849835],[24.025063,49.849991]]},"properties":{"name":"","lines":"8а, 20, 34, 37, 39, 41, 47, 51","arr":["А08а","А20","А34","А37","А39","А41","А47","А51"],"roundabout":0,"mode":"bus","color":"#0059a9"}},{"type":"Feature","geometry":{"type":"LineString","coordinates":[[24.018728,49.871126],[24.01883,49.871022],[24.018856,49.870933],[24.018861,49.870852],[24.018827,49.870701]]},"properties":{"name":"","lines":"8а, 22","arr":["А08а","А22"],"roundabout":0,"mode":"bus","color":"#0059a9"}},{"type":"Feature","geometry":{"type":"LineString","coordinates":[[24.001663,49.879495],[24.001371,49.879904],[24.001093,49.880333],[24.000534,49.881174],[24.000406,49.881342],[24.000114,49.881661],[23.99993,49.881843],[23.999716,49.882017],[23.999041,49.88249],[23.99867,49.882709],[23.998274,49.882914],[23.996192,49.883871],[23.994394,49.884604],[23.991998,49.885531],[23.989599,49.886427],[23.988953,49.886664],[23.988218,49.886892],[23.986607,49.887325],[23.984546,49.887871],[23.984105,49.887988],[23.983514,49.888193],[23.98294,49.88841],[23.982615,49.888548],[23.982325,49.888691],[23.982049,49.888857],[23.981809,49.889038],[23.98143,49.889364],[23.981066,49.889707],[23.980309,49.89046],[23.980141,49.890625],[23.979957,49.890785],[23.979649,49.89102],[23.979325,49.891243],[23.97922,49.891321],[23.979085,49.891413],[23.978572,49.891735],[23.978051,49.892035],[23.977604,49.892286],[23.977101,49.892518],[23.975117,49.893267],[23.972624,49.894215],[23.97015,49.895162],[23.96818,49.895812],[23.966227,49.896471],[23.966017,49.896562]]},"properties":{"name":"","lines":"8а, 22","arr":["А08а","А22"],"roundabout":0,"mode":"bus","color":"#0059a9"}},{"type":"Feature","geometry":{"type":"LineString","coordinates":[[24.018728,49.871126],[24.018609,49.871176],[24.018455,49.871237],[24.018366,49.871272],[24.018338,49.871283],[24.01825,49.87132],[24.018023,49.871431],[24.017899,49.871513],[24.017804,49.871594],[24.01744,49.871983],[24.017401,49.872022],[24.017099,49.872356],[24.016731,49.872756],[24.016522,49.872971],[24.016307,49.87318],[24.016176,49.873259],[24.016047,49.873324],[24.015914,49.873375],[24.015887,49.873381],[24.015766,49.873406],[24.01556,49.873444],[24.0155,49.873454],[24.015058,49.87353],[24.014946,49.87355],[24.014723,49.873593],[24.0145,49.873642],[24.014241,49.873715],[24.013711,49.87387],[24.013549,49.873917],[24.013495,49.873934],[24.012462,49.87433],[24.012156,49.874471],[24.011993,49.874567],[24.011429,49.874937],[24.011333,49.874998],[24.011226,49.87506],[24.011108,49.875112],[24.010837,49.875199],[24.009398,49.875636],[24.007985,49.876087],[24.005643,49.876799],[24.004991,49.877014],[24.004748,49.877109],[24.004526,49.877227],[24.004167,49.877444],[24.004121,49.87747],[24.004099,49.877485],[24.00406,49.87751],[24.003962,49.877574],[24.00391,49.87761],[24.003512,49.877876],[24.003448,49.877918],[24.003088,49.878168],[24.002927,49.87828],[24.002202,49.878881],[24.00192,49.87918],[24.001663,49.879495]]},"properties":{"name":"Замарстинівська вулиця","lines":"8а, 22","arr":["А08а","А22"],"roundabout":0,"mode":"bus","color":"#0059a9"}},{"type":"Feature","geometry":{"type":"LineString","coordinates":[[23.966017,49.896562],[23.965797,49.896706],[23.965626,49.896782],[23.965561,49.896811],[23.965459,49.896856],[23.965133,49.897001],[23.964468,49.89726],[23.964389,49.897291],[23.964225,49.897354],[23.964127,49.897393],[23.964053,49.897427],[23.963965,49.897468],[23.963813,49.897538],[23.963403,49.897728],[23.963363,49.897752],[23.963143,49.897884],[23.963058,49.897935],[23.962934,49.898012],[23.962721,49.89818],[23.962438,49.898427],[23.961593,49.899212],[23.96149,49.899307],[23.961483,49.899315],[23.961417,49.899376],[23.961354,49.899435]]},"properties":{"name":"Львівська вулиця","lines":"8а, 22","arr":["А08а","А22"],"roundabout":0,"mode":"bus","color":"#0059a9"}},{"type":"Feature","geometry":{"type":"LineString","coordinates":[[23.961354,49.899435],[23.960638,49.9001],[23.960457,49.900355],[23.960116,49.901197],[23.960093,49.901247],[23.96004,49.901362],[23.960002,49.901451],[23.959866,49.901745],[23.959804,49.901996],[23.959769,49.902266],[23.959783,49.902503],[23.959798,49.902638],[23.959829,49.902834],[23.960101,49.903763],[23.960149,49.903927],[23.960193,49.904054],[23.960201,49.904123]]},"properties":{"name":"Львівська вулиця","lines":"8а","arr":["А08а"],"roundabout":0,"mode":"bus","color":"#0059a9"}},{"type":"Feature","geometry":{"type":"LineString","coordinates":[[23.960201,49.904123],[23.960182,49.904208],[23.960158,49.904272],[23.960138,49.904317],[23.960115,49.904372]]},"properties":{"name":"Курортна вулиця","lines":"8а","arr":["А08а"],"roundabout":0,"mode":"bus","color":"#0059a9"}},{"type":"Feature","geometry":{"type":"LineString","coordinates":[[23.960115,49.904372],[23.960077,49.904468],[23.960044,49.904522],[23.959916,49.904732],[23.959841,49.904817],[23.959804,49.904848],[23.959751,49.904894],[23.959661,49.90496],[23.959648,49.904969],[23.959558,49.905028],[23.959371,49.905125],[23.959132,49.905221],[23.959059,49.905248],[23.958852,49.905307],[23.957425,49.90566],[23.957416,49.905662],[23.957303,49.905691],[23.957171,49.905725],[23.956625,49.905865],[23.955247,49.906219],[23.954282,49.906428],[23.95363,49.9065],[23.953428,49.906523],[23.953281,49.906537],[23.951958,49.90667],[23.949222,49.907014],[23.949056,49.907033],[23.948941,49.907048],[23.948811,49.907056],[23.948732,49.907057],[23.948626,49.907057],[23.948483,49.907055],[23.948168,49.90705],[23.948042,49.90704],[23.947913,49.907026],[23.947814,49.907003],[23.947697,49.906964],[23.947577,49.906928],[23.94707,49.906735],[23.946656,49.906577],[23.94364,49.905426],[23.941271,49.904505],[23.941029,49.904411],[23.940551,49.904214],[23.940148,49.904045],[23.939972,49.903989]]},"properties":{"name":"Курортна вулиця","lines":"8а, 22","arr":["А08а","А22"],"roundabout":0,"mode":"bus","color":"#0059a9"}},{"type":"Feature","geometry":{"type":"LineString","coordinates":[[23.939972,49.903989],[23.939725,49.903903]]},"properties":{"name":"Курортна вулиця","lines":"8а, 22, 67","arr":["А08а","А22","А67"],"roundabout":0,"mode":"bus","color":"#0059a9"}},{"type":"Feature","geometry":{"type":"LineString","coordinates":[[23.939725,49.903903],[23.939882,49.903781],[23.940081,49.903627],[23.940525,49.903283],[23.941067,49.902873],[23.941189,49.902781],[23.941296,49.902657],[23.941309,49.902623],[23.941322,49.902535],[23.941343,49.902413],[23.941371,49.902247],[23.941384,49.902199],[23.941403,49.902155],[23.941427,49.902111],[23.941456,49.902068]]},"properties":{"name":"вулиця Незалежності України","lines":"8а, 22, 67","arr":["А08а","А22","А67"],"roundabout":0,"mode":"bus","color":"#0059a9"}},{"type":"Feature","geometry":{"type":"LineString","coordinates":[[23.92756,49.905169],[23.927693,49.905087],[23.929759,49.90349],[23.930144,49.903208],[23.930256,49.903132],[23.930806,49.902757],[23.930912,49.902685],[23.931017,49.902625],[23.932136,49.901991],[23.932255,49.901926],[23.932525,49.901779],[23.932791,49.901651],[23.933315,49.901502],[23.93398,49.901375],[23.934806,49.901232],[23.935077,49.901204],[23.93537,49.901198],[23.935762,49.90122],[23.935804,49.901223],[23.935947,49.901231],[23.936191,49.901245],[23.936681,49.901284],[23.936967,49.901329],[23.937221,49.901404],[23.937691,49.901559],[23.938132,49.90174],[23.938332,49.901803],[23.938455,49.901841],[23.938715,49.901908],[23.93892,49.90194],[23.939025,49.901947],[23.939157,49.901955],[23.939512,49.901963],[23.939596,49.901964],[23.939754,49.901963],[23.9403,49.901959],[23.940647,49.901956],[23.941043,49.901949],[23.941136,49.901955],[23.941158,49.90197],[23.941348,49.902025],[23.941456,49.902068]]},"properties":{"name":"вулиця Володимира Івасюка","lines":"8а","arr":["А08а"],"roundabout":0,"mode":"bus","color":"#0059a9"}},{"type":"Feature","geometry":{"type":"LineString","coordinates":[[23.92756,49.905169],[23.927449,49.905144],[23.927408,49.90513],[23.92736,49.905113],[23.926594,49.904645],[23.926504,49.904582]]},"properties":{"name":"","lines":"8а","arr":["А08а"],"roundabout":0,"mode":"bus","color":"#0059a9"}},{"type":"Feature","geometry":{"type":"LineString","coordinates":[[24.024461,49.84988],[24.024443,49.849654],[24.02444,49.849624],[24.024417,49.849334],[24.024415,49.849309],[24.024379,49.849021],[24.024368,49.848931],[24.024367,49.848924]]},"properties":{"name":"вулиця Пантелеймона Куліша","lines":"8а, 22","arr":["А08а","А22"],"roundabout":0,"mode":"bus","color":"#0059a9"}},{"type":"Feature","geometry":{"type":"LineString","coordinates":[[24.017842,49.787579],[24.019125,49.787461],[24.020645,49.787319],[24.021581,49.787217],[24.023563,49.786986],[24.024337,49.78685],[24.024485,49.786809],[24.025266,49.786595],[24.026497,49.786218]]},"properties":{"name":"вулиця Володимира Вернадського","lines":"9","arr":["А09"],"roundabout":0,"mode":"bus","color":"#0059a9"}},{"type":"Feature","geometry":{"type":"LineString","coordinates":[[24.026637,49.786417],[24.026192,49.786535],[24.025198,49.786867],[24.024836,49.786978],[24.024154,49.787142],[24.023823,49.787196],[24.022895,49.787293],[24.021837,49.787361],[24.018605,49.787678],[24.017901,49.787827]]},"properties":{"name":"вулиця Володимира Вернадського","lines":"9","arr":["А09"],"roundabout":0,"mode":"bus","color":"#0059a9"}},{"type":"Feature","geometry":{"type":"LineString","coordinates":[[24.026637,49.786417],[24.026497,49.786218]]},"properties":{"name":"","lines":"9","arr":["А09"],"roundabout":0,"mode":"bus","color":"#0059a9"}},{"type":"Feature","geometry":{"type":"LineString","coordinates":[[24.064134,49.876857],[24.063646,49.876941]]},"properties":{"name":"","lines":"9","arr":["А09"],"roundabout":0,"mode":"bus","color":"#0059a9"}},{"type":"Feature","geometry":{"type":"LineString","coordinates":[[24.083584,49.878353],[24.083427,49.878354],[24.083305,49.878362],[24.083236,49.878378],[24.083168,49.878386],[24.083051,49.878393],[24.082985,49.878391],[24.082927,49.878385],[24.082864,49.87837]]},"properties":{"name":"","lines":"9","arr":["А09"],"roundabout":0,"mode":"bus","color":"#0059a9"}},{"type":"Feature","geometry":{"type":"LineString","coordinates":[[24.110266,49.873946],[24.110259,49.873896]]},"properties":{"name":"","lines":"9","arr":["А09"],"roundabout":0,"mode":"bus","color":"#0059a9"}},{"type":"Feature","geometry":{"type":"LineString","coordinates":[[24.018769,49.80534],[24.018596,49.805361],[24.018345,49.805394],[24.018271,49.805402],[24.017981,49.805433],[24.017881,49.805444],[24.01779,49.805454],[24.017716,49.805462],[24.017583,49.805476],[24.016205,49.805625],[24.015308,49.805717],[24.014634,49.805794],[24.014371,49.805822],[24.013933,49.805868],[24.01383,49.80588],[24.012886,49.805983],[24.012256,49.80605],[24.011884,49.806092],[24.011855,49.806095],[24.0117,49.806112],[24.011558,49.806127],[24.011478,49.806136],[24.01135,49.80615],[24.01091,49.806197],[24.010006,49.806295],[24.009485,49.806351],[24.008686,49.806438],[24.007855,49.806528],[24.007438,49.806572],[24.007221,49.806594]]},"properties":{"name":"вулиця Івана Рубчака","lines":"9, 11, 23, 38","arr":["А09","А11","Тр23","Тр38"],"roundabout":0,"mode":"bus","color":"#0059a9","trolley":"mix"}},{"type":"Feature","geometry":{"type":"LineString","coordinates":[[24.007221,49.806594],[24.007255,49.806723],[24.007326,49.807008],[24.007453,49.8075],[24.007501,49.807705],[24.007518,49.807766],[24.007559,49.80794],[24.007622,49.808191],[24.007687,49.808459],[24.007707,49.808542],[24.007778,49.808838],[24.007843,49.8091],[24.007883,49.809238],[24.007931,49.809405],[24.007981,49.809621],[24.008022,49.809803]]},"properties":{"name":"вулиця Богдана Кріля «Пірата»","lines":"9, 11, 23, 38","arr":["А09","А11","Тр23","Тр38"],"roundabout":0,"mode":"bus","color":"#0059a9","trolley":"mix"}},{"type":"Feature","geometry":{"type":"LineString","coordinates":[[24.008022,49.809803],[24.007823,49.80984],[24.007673,49.809863],[24.00752,49.809884],[24.007434,49.809896],[24.007347,49.809906],[24.007264,49.809916],[24.00717,49.809926],[24.006882,49.809952],[24.006576,49.809969],[24.005076,49.810039],[24.004763,49.810052],[24.00412,49.810079],[24.00403,49.810083],[24.003936,49.810088],[24.002651,49.810165],[24.002366,49.810182],[24.002101,49.8102],[24.001052,49.810316],[24.000923,49.81033],[24.000888,49.810334],[24.000818,49.810341],[24.000774,49.810344],[24.000757,49.810346]]},"properties":{"name":"вулиця Володимира Великого","lines":"9, 11, 16, 18, 23, 38","arr":["А09","А11","А16","А18","Тр23","Тр38"],"roundabout":0,"mode":"bus","color":"#0059a9","trolley":"mix"}},{"type":"Feature","geometry":{"type":"LineString","coordinates":[[24.000757,49.810346],[24.000629,49.810377],[24.000507,49.810416],[24.000392,49.810464],[24.000287,49.810519]]},"properties":{"name":"вулиця Володимира Великого","lines":"9, 11, 16, 18, 38","arr":["А09","А11","А16","А18","Тр38"],"roundabout":0,"mode":"bus","color":"#0059a9","trolley":"mix"}},{"type":"Feature","geometry":{"type":"LineString","coordinates":[[24.000287,49.810519],[24.000178,49.810577]]},"properties":{"name":"вулиця Володимира Великого","lines":"9, 11, 16, 18, 51, 38","arr":["А09","А11","А16","А18","А51","Тр38"],"roundabout":0,"mode":"bus","color":"#0059a9","trolley":"mix"}},{"type":"Feature","geometry":{"type":"LineString","coordinates":[[24.000128,49.810634],[24.000101,49.810738],[24.000086,49.810827],[24.000079,49.810871],[24.000076,49.810937],[24.000081,49.811022],[24.000258,49.812043],[24.000318,49.812278],[24.000327,49.812303],[24.000408,49.812513],[24.000459,49.812638],[24.000962,49.813655],[24.001406,49.814543],[24.001674,49.81505],[24.001912,49.815425],[24.00217,49.815824],[24.002656,49.816555],[24.003279,49.817481],[24.00354,49.81788],[24.004233,49.81894],[24.004264,49.818987],[24.004699,49.819648],[24.006205,49.821809],[24.0064,49.822092],[24.006463,49.822184],[24.006727,49.82257],[24.007196,49.823247],[24.00729,49.823383],[24.007376,49.823507],[24.007442,49.823603],[24.007611,49.82384],[24.007686,49.823945],[24.007939,49.824295],[24.008092,49.824507],[24.008332,49.824791],[24.00859,49.825075],[24.008926,49.825407],[24.00932,49.825737],[24.009505,49.825893],[24.009526,49.825908],[24.009782,49.826105],[24.009825,49.826138],[24.009875,49.826181],[24.01039,49.826565]]},"properties":{"name":"вулиця Княгині Ольги","lines":"9, 21, 41, 45, 48","arr":["А09","А21","А41","А45","А48"],"roundabout":0,"mode":"bus","color":"#0059a9","nolabel":1}},{"type":"Feature","geometry":{"type":"LineString","coordinates":[[24.010395,49.826823],[24.009988,49.826503],[24.009796,49.826356],[24.009653,49.826239],[24.009602,49.826203],[24.00937,49.826031],[24.009288,49.825968],[24.009041,49.825768],[24.008732,49.825524],[24.008658,49.825445],[24.008386,49.825157],[24.008193,49.824949],[24.007872,49.824558],[24.007717,49.824364],[24.007222,49.823663],[24.007149,49.823568],[24.006969,49.823306],[24.006749,49.822986],[24.006674,49.822878],[24.006501,49.822627],[24.006439,49.822539],[24.006236,49.822249],[24.005716,49.821495],[24.005283,49.820866],[24.0049,49.820287],[24.004527,49.819707],[24.00408,49.819049],[24.004042,49.818986],[24.003267,49.817848],[24.003167,49.817705],[24.003063,49.817556],[24.002905,49.817327],[24.002462,49.816654],[24.001945,49.815883],[24.00145,49.815123],[24.0013,49.81486],[24.001122,49.814528],[24.000329,49.812979],[24.000181,49.812676],[24.000142,49.812556],[23.999971,49.812026],[23.999919,49.811864],[23.999685,49.811045],[23.999648,49.810963],[23.999629,49.810921],[23.999594,49.810877],[23.99953,49.810791],[23.999469,49.810702]]},"properties":{"name":"вулиця Княгині Ольги","lines":"9, 21, 41, 45, 48","arr":["А09","А21","А41","А45","А48"],"roundabout":0,"mode":"bus","color":"#0059a9","nolabel":1}},{"type":"Feature","geometry":{"type":"LineString","coordinates":[[24.01039,49.826565],[24.010391,49.826627],[24.010391,49.826674],[24.010395,49.826823],[24.010999,49.827277]]},"properties":{"name":"вулиця Академіка Андрія Сахарова","lines":"9, 21, 41, 45, 48","arr":["А09","А21","А41","А45","А48"],"roundabout":0,"mode":"bus","color":"#0059a9","nolabel":1}},{"type":"Feature","geometry":{"type":"LineString","coordinates":[[24.010999,49.827277],[24.011072,49.827333],[24.012008,49.828077],[24.01226,49.828304],[24.012367,49.828442],[24.012429,49.828533],[24.012668,49.828824],[24.012802,49.828953],[24.013411,49.829396],[24.013682,49.829597],[24.014351,49.830101],[24.014664,49.830386],[24.014958,49.830633],[24.01546,49.830927],[24.015719,49.831078],[24.016427,49.831466],[24.016528,49.831523],[24.016934,49.831751],[24.017148,49.831873],[24.017366,49.831999],[24.017825,49.832255],[24.017968,49.832335],[24.018061,49.832382],[24.018097,49.832401]]},"properties":{"name":"вулиця Академіка Андрія Сахарова","lines":"9, 21, 45, 48","arr":["А09","А21","А45","А48"],"roundabout":0,"mode":"bus","color":"#0059a9","nolabel":1}},{"type":"Feature","geometry":{"type":"LineString","coordinates":[[24.018097,49.832401],[24.018114,49.832411],[24.018279,49.832513],[24.018384,49.832586],[24.018552,49.832704]]},"properties":{"name":"вулиця Миколая Коперника","lines":"9, 21, 45, 48","arr":["А09","А21","А45","А48"],"roundabout":0,"mode":"bus","color":"#0059a9"}},{"type":"Feature","geometry":{"type":"LineString","coordinates":[[24.018826,49.833271],[24.018875,49.83334],[24.019063,49.833613],[24.019321,49.833873],[24.019601,49.834069],[24.019733,49.834167],[24.020175,49.834474]]},"properties":{"name":"вулиця Миколая Коперника","lines":"9, 21, 45, 48","arr":["А09","А21","А45","А48"],"roundabout":0,"mode":"bus","color":"#0059a9"}},{"type":"Feature","geometry":{"type":"LineString","coordinates":[[24.018552,49.832704],[24.018567,49.832735],[24.018826,49.833271]]},"properties":{"name":"вулиця Миколая Коперника","lines":"9, 21, 43, 45, 48","arr":["А09","А21","А43","А45","А48"],"roundabout":0,"mode":"bus","color":"#0059a9"}},{"type":"Feature","geometry":{"type":"LineString","coordinates":[[24.020175,49.834474],[24.020283,49.834542],[24.020441,49.83465],[24.02049,49.834707],[24.020512,49.834732]]},"properties":{"name":"вулиця Миколая Коперника","lines":"9, 45, 48","arr":["А09","А45","А48"],"roundabout":0,"mode":"bus","color":"#0059a9"}},{"type":"Feature","geometry":{"type":"LineString","coordinates":[[24.020512,49.834732],[24.020948,49.834999],[24.021854,49.835574],[24.022602,49.836042],[24.022756,49.836141]]},"properties":{"name":"вулиця Миколая Коперника","lines":"9, 15, 21, 43, 45, 48","arr":["А09","А15","А21","А43","А45","А48"],"roundabout":0,"mode":"bus","color":"#0059a9","nolabel":1}},{"type":"Feature","geometry":{"type":"LineString","coordinates":[[24.022756,49.836141],[24.022767,49.836175],[24.022769,49.836218],[24.022751,49.836256],[24.022733,49.836279],[24.022689,49.836307],[24.022428,49.836483],[24.022272,49.836589],[24.022015,49.836769],[24.021985,49.836789],[24.021825,49.836899],[24.021797,49.836936],[24.021777,49.836979],[24.02178,49.83702],[24.021793,49.837062],[24.021821,49.837108]]},"properties":{"name":"","lines":"9, 15, 21, 43, 45, 48","arr":["А09","А15","А21","А43","А45","А48"],"roundabout":0,"mode":"bus","color":"#0059a9","nolabel":1}},{"type":"Feature","geometry":{"type":"LineString","coordinates":[[24.021821,49.837108],[24.0224,49.837443],[24.023019,49.837804],[24.023469,49.838062],[24.023545,49.838114],[24.023617,49.838168],[24.023944,49.838371],[24.024485,49.838701],[24.025109,49.839084],[24.025284,49.839196],[24.02545,49.839299],[24.026032,49.839621],[24.026541,49.839892],[24.026612,49.83993],[24.026817,49.840039],[24.027043,49.84016],[24.027135,49.840209],[24.027228,49.840259],[24.027719,49.840521],[24.027856,49.840555]]},"properties":{"name":"вулиця Гетьмана Петра Дорошенка","lines":"9, 15, 21, 43, 45, 48, 92","arr":["А09","А15","А21","А43","А45","А48","А92"],"roundabout":0,"mode":"bus","color":"#0059a9","nolabel":1}},{"type":"Feature","geometry":{"type":"LineString","coordinates":[[24.027856,49.840555],[24.028004,49.840583],[24.028332,49.840645],[24.02873,49.840721]]},"properties":{"name":"","lines":"9, 21, 45, 48","arr":["А09","А21","А45","А48"],"roundabout":0,"mode":"bus","color":"#0059a9","nolabel":1}},{"type":"Feature","geometry":{"type":"LineString","coordinates":[[24.02873,49.840721],[24.028721,49.840738],[24.028705,49.840769],[24.028621,49.840919],[24.028405,49.841259],[24.028376,49.841313],[24.028364,49.841331],[24.028277,49.841471],[24.028219,49.841557],[24.028105,49.841754],[24.027477,49.842789],[24.027243,49.843153],[24.027197,49.843222],[24.026861,49.843712],[24.02685,49.843728],[24.0268,49.84384],[24.026684,49.844097]]},"properties":{"name":"проспект Свободи","lines":"9, 21, 48","arr":["А09","А21","А48"],"roundabout":0,"mode":"bus","color":"#0059a9"}},{"type":"Feature","geometry":{"type":"LineString","coordinates":[[24.026714,49.844456],[24.026749,49.844609],[24.0268,49.844682]]},"properties":{"name":"проспект Свободи","lines":"9, 21, 48","arr":["А09","А21","А48"],"roundabout":0,"mode":"bus","color":"#0059a9"}},{"type":"Feature","geometry":{"type":"LineString","coordinates":[[24.026684,49.844097],[24.026714,49.844456]]},"properties":{"name":"проспект Свободи","lines":"9, 48","arr":["А09","А48"],"roundabout":0,"mode":"bus","color":"#0059a9"}},{"type":"Feature","geometry":{"type":"LineString","coordinates":[[24.064134,49.876857],[24.064609,49.876797],[24.064959,49.87678],[24.065316,49.876786],[24.066607,49.876848],[24.066889,49.876865],[24.068131,49.87694],[24.068736,49.87697],[24.069345,49.876994],[24.070871,49.877039],[24.072783,49.877039],[24.076048,49.877021],[24.076261,49.877033],[24.076467,49.877055],[24.077316,49.877195],[24.078013,49.877319],[24.079476,49.877589],[24.080024,49.877694],[24.080091,49.877705],[24.080653,49.877798],[24.081138,49.877886],[24.082241,49.878121],[24.082413,49.878174],[24.082864,49.87837]]},"properties":{"name":"вулиця Тараса Дороша","lines":"9","arr":["А09"],"roundabout":0,"mode":"bus","color":"#0059a9"}},{"type":"Feature","geometry":{"type":"LineString","coordinates":[[24.083584,49.878353],[24.083753,49.878361],[24.083922,49.87838],[24.084069,49.878384],[24.084223,49.878378],[24.084356,49.878364],[24.084507,49.87834],[24.084652,49.878315],[24.08479,49.878286],[24.084931,49.878254],[24.085012,49.878233],[24.085043,49.878225],[24.085121,49.878204],[24.08525,49.87817],[24.085593,49.878074],[24.085866,49.877993],[24.086134,49.877917],[24.08689,49.877718],[24.087271,49.877623],[24.087646,49.877524],[24.087875,49.877451],[24.088091,49.877378],[24.088853,49.877105],[24.089119,49.877009],[24.089616,49.876828],[24.089882,49.876735],[24.090599,49.876485],[24.09158,49.876142],[24.091919,49.876027],[24.092071,49.875991],[24.092208,49.875972],[24.092373,49.875969],[24.092589,49.875976],[24.093658,49.876053],[24.094396,49.876088],[24.094907,49.876106],[24.095038,49.876102],[24.0951,49.8761],[24.095264,49.876087],[24.095404,49.876072],[24.096377,49.875937],[24.096855,49.875862],[24.096965,49.875836],[24.097076,49.875806],[24.097366,49.875721],[24.097751,49.875603],[24.09831,49.87544],[24.098562,49.875382],[24.098723,49.875344],[24.09877,49.875335],[24.098938,49.875301],[24.09942,49.875203],[24.099629,49.875161],[24.09984,49.875132],[24.099992,49.875116],[24.100199,49.875109],[24.100888,49.875101],[24.101213,49.875092],[24.101474,49.87508],[24.10175,49.875056],[24.101933,49.875036],[24.102114,49.875009],[24.102142,49.875004],[24.102323,49.874971],[24.102439,49.87495],[24.103957,49.874701],[24.104569,49.874618],[24.105216,49.874514],[24.105844,49.874422],[24.106522,49.874335],[24.108824,49.874078]]},"properties":{"name":"вулиця Січових Стрільців","lines":"9","arr":["А09"],"roundabout":0,"mode":"bus","color":"#0059a9"}},{"type":"Feature","geometry":{"type":"LineString","coordinates":[[24.109993,49.873957],[24.109141,49.874036],[24.108824,49.874078]]},"properties":{"name":"С141210","lines":"9","arr":["А09"],"roundabout":0,"mode":"bus","color":"#0059a9"}},{"type":"Feature","geometry":{"type":"LineString","coordinates":[[24.141657,49.872904],[24.143717,49.873188],[24.145936,49.873462],[24.147627,49.873681],[24.149461,49.8739],[24.150207,49.873968],[24.151371,49.87401],[24.157166,49.874214],[24.157998,49.874214],[24.159295,49.874217],[24.160819,49.874168],[24.163061,49.873781],[24.163461,49.873712]]},"properties":{"name":"С141210","lines":"9","arr":["А09"],"roundabout":0,"mode":"bus","color":"#0059a9"}},{"type":"Feature","geometry":{"type":"LineString","coordinates":[[24.109993,49.873957],[24.110266,49.873946],[24.110811,49.873957],[24.111648,49.87404],[24.111959,49.874034],[24.11259,49.873926],[24.11341,49.873784],[24.114199,49.873645],[24.114615,49.873573],[24.11481,49.873541],[24.114985,49.873522],[24.115138,49.873514],[24.115279,49.873511],[24.115401,49.873511],[24.115658,49.873522],[24.115996,49.873534],[24.116252,49.873548],[24.116652,49.873561],[24.117014,49.873559],[24.117752,49.873464],[24.118501,49.873391],[24.119225,49.873348],[24.120893,49.873313],[24.12419,49.873213],[24.125954,49.873077],[24.126052,49.873069],[24.127048,49.872991],[24.12756,49.872951],[24.127796,49.872932],[24.128527,49.872837],[24.12934,49.872731],[24.129763,49.872666],[24.130529,49.872523],[24.130983,49.872445],[24.131709,49.87229],[24.13249,49.872116],[24.132728,49.872062],[24.133264,49.871947],[24.133424,49.871927],[24.133599,49.871917],[24.133771,49.871915],[24.134003,49.871926],[24.134211,49.871951],[24.134452,49.871983],[24.135073,49.872068],[24.135201,49.872085],[24.136489,49.872252],[24.136681,49.872277],[24.137332,49.87236],[24.137578,49.872391],[24.138254,49.872473],[24.138868,49.872551],[24.139194,49.872593],[24.139535,49.872637],[24.140067,49.872705],[24.140747,49.872786],[24.141006,49.872821],[24.141657,49.872904]]},"properties":{"name":"вулиця Лукашевичів","lines":"9","arr":["А09"],"roundabout":0,"mode":"bus","color":"#0059a9"}},{"type":"Feature","geometry":{"type":"LineString","coordinates":[[24.020512,49.834732],[24.020376,49.834687],[24.020241,49.834654],[24.02019,49.834642],[24.020056,49.834622],[24.019906,49.834618],[24.01914,49.83469],[24.018887,49.834726],[24.018573,49.834731],[24.018487,49.834733],[24.017829,49.834723],[24.017072,49.834708]]},"properties":{"name":"вулиця Степана Бандери","lines":"9, 15, 21, 43, 45, 48","arr":["А09","А15","А21","А43","А45","А48"],"roundabout":0,"mode":"bus","color":"#0059a9","nolabel":1}},{"type":"Feature","geometry":{"type":"LineString","coordinates":[[24.016734,49.834701],[24.017072,49.834708]]},"properties":{"name":"вулиця Степана Бандери","lines":"9, 15, 43, 48","arr":["А09","А15","А43","А48"],"roundabout":0,"mode":"bus","color":"#0059a9"}},{"type":"Feature","geometry":{"type":"LineString","coordinates":[[24.016734,49.834701],[24.016683,49.834677],[24.016611,49.834645],[24.01649,49.834581],[24.016466,49.834568],[24.016118,49.834394],[24.015784,49.834216],[24.015321,49.833982],[24.014806,49.833727],[24.014758,49.833702],[24.014576,49.833612],[24.014466,49.833563],[24.014143,49.833398],[24.013712,49.833188],[24.0136,49.833133],[24.012179,49.832432],[24.012134,49.832409],[24.012035,49.83236],[24.012021,49.832353],[24.011998,49.832341],[24.011628,49.832151],[24.011619,49.832146],[24.011424,49.832047],[24.011189,49.831926],[24.010241,49.831437],[24.010186,49.831409],[24.009108,49.83086],[24.00899,49.830803],[24.008861,49.830735],[24.008328,49.830468],[24.007907,49.830255],[24.00774,49.83017],[24.007655,49.830128]]},"properties":{"name":"вулиця Генерала Чупринки","lines":"9, 41, 48","arr":["А09","А41","А48"],"roundabout":0,"mode":"bus","color":"#0059a9","nolabel":1}},{"type":"Feature","geometry":{"type":"LineString","coordinates":[[24.007655,49.830128],[24.007674,49.830115],[24.007721,49.83008],[24.007809,49.829996],[24.007969,49.829852],[24.008362,49.82953],[24.008417,49.829484],[24.008463,49.829439],[24.009297,49.828725],[24.009726,49.828357],[24.010098,49.828034],[24.010318,49.827848],[24.010899,49.827363],[24.010999,49.827277]]},"properties":{"name":"вулиця Івана Горбачевського","lines":"9, 41, 48","arr":["А09","А41","А48"],"roundabout":0,"mode":"bus","color":"#0059a9"}},{"type":"Feature","geometry":{"type":"LineString","coordinates":[[24.008022,49.809803],[24.008169,49.80977],[24.008279,49.809746],[24.008782,49.809639],[24.009807,49.809421],[24.009869,49.809408],[24.010214,49.809333],[24.01027,49.809321],[24.011149,49.809134],[24.011474,49.809065],[24.011766,49.809006],[24.011834,49.808993],[24.012158,49.808924],[24.012876,49.808798],[24.013489,49.808692],[24.01394,49.808611],[24.014198,49.808569],[24.014658,49.808485],[24.015223,49.808387],[24.015605,49.808342],[24.015979,49.808312],[24.016251,49.808294],[24.016747,49.808266],[24.016921,49.808257],[24.01752,49.808228],[24.017766,49.808215],[24.01823,49.808192],[24.01844,49.808182],[24.018954,49.808164],[24.019136,49.808158]]},"properties":{"name":"вулиця Володимира Великого","lines":"9, 11, 16, 18","arr":["А09","А11","А16","А18"],"roundabout":0,"mode":"bus","color":"#0059a9"}},{"type":"Feature","geometry":{"type":"LineString","coordinates":[[24.001938,49.837046],[24.001725,49.837052]]},"properties":{"name":"Чернівецька вулиця","lines":"10, 15, 16, 29, 31, 32, 49, 52","arr":["А10","А15","А16","А29","А31","А32","А49","А52"],"roundabout":0,"mode":"bus","color":"#0059a9"}},{"type":"Feature","geometry":{"type":"LineString","coordinates":[[24.001725,49.837052],[24.001636,49.837076],[24.000691,49.837439],[24.000495,49.83751],[23.999991,49.837699]]},"properties":{"name":"Чернівецька вулиця","lines":"10, 16, 29, 31, 32, 49","arr":["А10","А16","А29","А31","А32","А49"],"roundabout":0,"mode":"bus","color":"#0059a9","nolabel":1}},{"type":"Feature","geometry":{"type":"LineString","coordinates":[[23.996071,49.839192],[23.997392,49.838709],[23.998195,49.838408],[23.999358,49.837977],[23.999529,49.83791],[23.999541,49.837906],[23.99965,49.837864]]},"properties":{"name":"Чернівецька вулиця","lines":"10, 16, 29, 31, 32, 49","arr":["А10","А16","А29","А31","А32","А49"],"roundabout":0,"mode":"bus","color":"#0059a9","nolabel":1}},{"type":"Feature","geometry":{"type":"LineString","coordinates":[[23.999991,49.837699],[23.999825,49.837795],[23.999795,49.837812],[23.99965,49.837864]]},"properties":{"name":"Чернівецька вулиця","lines":"10","arr":["А10"],"roundabout":0,"mode":"bus","color":"#0059a9"}},{"type":"Feature","geometry":{"type":"LineString","coordinates":[[23.995118,49.839729],[23.995121,49.83979],[23.995134,49.83982],[23.995262,49.84001],[23.995362,49.840157],[23.995409,49.840211],[23.995455,49.840225],[23.995499,49.840231],[23.995552,49.840232],[23.995598,49.840229],[23.995638,49.840224],[23.995676,49.84022],[23.99574,49.840206],[23.995796,49.840185],[23.995839,49.840136],[23.995955,49.840039],[23.996067,49.839932],[23.9961,49.839891],[23.996128,49.839847],[23.996137,49.839824],[23.99614,49.839801],[23.996141,49.839778],[23.996136,49.839755],[23.99612,49.839715],[23.996014,49.83962],[23.995907,49.839429],[23.995902,49.839345],[23.995916,49.839283],[23.995955,49.839248],[23.996071,49.839192]]},"properties":{"name":"Двірцева площа","lines":"10, 16, 29, 31","arr":["А10","А16","А29","А31"],"roundabout":0,"mode":"bus","color":"#0059a9"}},{"type":"Feature","geometry":{"type":"LineString","coordinates":[[23.995118,49.839729],[23.995147,49.83963],[23.995154,49.839591],[23.995177,49.839552],[23.995198,49.839528],[23.995212,49.839517],[23.995225,49.839505],[23.995274,49.839477],[23.995686,49.839324],[23.995848,49.839264],[23.996071,49.839192]]},"properties":{"name":"Двірцева площа","lines":"32, 49","arr":["А32","А49"],"roundabout":0,"mode":"bus","color":"#0059a9"}},{"type":"Feature","geometry":{"type":"LineString","coordinates":[[23.990806,49.83403],[23.9907,49.834029]]},"properties":{"name":"","lines":"10","arr":["А10"],"roundabout":0,"mode":"bus","color":"#0059a9"}},{"type":"Feature","geometry":{"type":"LineString","coordinates":[[23.989224,49.804638],[23.989251,49.804745]]},"properties":{"name":"","lines":"10, 14, 27, 32, 51, 22","arr":["А10","А14","А27","А32","А51","Тр22"],"roundabout":0,"mode":"bus","color":"#0059a9","trolley":"mix"}},{"type":"Feature","geometry":{"type":"LineString","coordinates":[[23.989251,49.804745],[23.992189,49.804459],[23.992584,49.804421],[23.992915,49.804389],[23.992926,49.804387],[23.993752,49.804307]]},"properties":{"name":"Наукова вулиця","lines":"10, 14, 27, 32, 51, 22","arr":["А10","А14","А27","А32","А51","Тр22"],"roundabout":0,"mode":"bus","color":"#0059a9","trolley":"mix"}},{"type":"Feature","geometry":{"type":"LineString","coordinates":[[24.014833,49.802169],[24.014879,49.802204]]},"properties":{"name":"","lines":"10, 14, 25, 27, 32","arr":["А10","А14","А25","А27","А32"],"roundabout":0,"mode":"bus","color":"#0059a9"}},{"type":"Feature","geometry":{"type":"LineString","coordinates":[[24.048989,49.79858],[24.049094,49.798661],[24.049138,49.798694],[24.049235,49.798768]]},"properties":{"name":"","lines":"11","arr":["А11"],"roundabout":0,"mode":"bus","color":"#0059a9"}},{"type":"Feature","geometry":{"type":"LineString","coordinates":[[24.042741,49.801026],[24.042789,49.801088],[24.042803,49.801139],[24.042769,49.801174],[24.042712,49.801193],[24.042626,49.801212]]},"properties":{"name":"","lines":"11","arr":["А11"],"roundabout":0,"mode":"bus","color":"#0059a9"}},{"type":"Feature","geometry":{"type":"LineString","coordinates":[[24.042498,49.800968],[24.042741,49.801026]]},"properties":{"name":"проспект Святого Івана Павла II","lines":"11, 38","arr":["А11","Тр38"],"roundabout":0,"mode":"bus","color":"#0059a9","trolley":"mix"}},{"type":"Feature","geometry":{"type":"LineString","coordinates":[[23.999432,49.810683],[23.999244,49.810632],[23.999105,49.810601],[23.998963,49.810577],[23.998819,49.810559],[23.99871,49.810551],[23.998674,49.810548]]},"properties":{"name":"вулиця Володимира Великого","lines":"11, 16, 21, 48, 23, 38","arr":["А11","А16","А21","А48","Тр23","Тр38"],"roundabout":0,"mode":"bus","color":"#0059a9","trolley":"mix"}},{"type":"Feature","geometry":{"type":"LineString","coordinates":[[23.985164,49.81191],[23.985476,49.811879],[23.985903,49.811836],[23.985946,49.811831],[23.987076,49.811717],[23.98719,49.811706],[23.987558,49.811669],[23.987853,49.811639],[23.988311,49.811593],[23.988562,49.811568],[23.989041,49.811519],[23.989247,49.811499],[23.990103,49.811412],[23.990135,49.811409],[23.990769,49.811345],[23.991166,49.811305],[23.991773,49.811244],[23.993795,49.81104],[23.994185,49.811001],[23.995563,49.810862],[23.996281,49.810789],[23.996601,49.810757],[23.997199,49.810697],[23.997473,49.810669],[23.997602,49.810656],[23.997995,49.810617],[23.998234,49.810592],[23.998512,49.810564],[23.998674,49.810548],[23.998708,49.81054],[23.998802,49.810518],[23.998923,49.810483],[23.998995,49.810464],[23.999053,49.810443],[23.999159,49.81039],[23.999327,49.810316]]},"properties":{"name":"вулиця Володимира Великого","lines":"11, 16, 18, 21, 48, 51, 23, 38","arr":["А11","А16","А18","А21","А48","А51","Тр23","Тр38"],"roundabout":0,"mode":"bus","color":"#0059a9","trolley":"mix"}},{"type":"Feature","geometry":{"type":"LineString","coordinates":[[23.982662,49.812138],[23.982982,49.812075],[23.98317,49.812032],[23.98342,49.81191]]},"properties":{"name":"вулиця Івана Виговського","lines":"11, 14, 16, 18, 21, 23, 25, 27, 32, 33, 48, 51","arr":["А11","А14","А16","А18","А21","А23","А25","А27","А32","А33","А48","А51","Тр23"],"roundabout":0,"mode":"bus","color":"#0059a9","trolley":"mix"}},{"type":"Feature","geometry":{"type":"LineString","coordinates":[[23.982662,49.812138],[23.982224,49.812183],[23.982101,49.812198],[23.981864,49.812225],[23.981627,49.812251],[23.98133,49.812311],[23.980933,49.812357],[23.980244,49.812466],[23.979609,49.812596],[23.979004,49.81275],[23.978321,49.812955],[23.978125,49.81302],[23.978037,49.813048],[23.977473,49.813273],[23.977252,49.813369],[23.976815,49.813569],[23.976706,49.813622],[23.976432,49.813773],[23.976158,49.813915],[23.97578,49.814154],[23.975443,49.814365],[23.975356,49.814421],[23.975002,49.814649],[23.974649,49.814872],[23.974161,49.81519],[23.973994,49.815301],[23.973329,49.815731],[23.97312,49.815876],[23.972958,49.815997],[23.972803,49.816131],[23.972646,49.816282],[23.972497,49.816433],[23.972348,49.816585],[23.972236,49.81671],[23.971987,49.817011],[23.971876,49.817155]]},"properties":{"name":"вулиця Івана Виговського","lines":"11, 14, 16, 18, 21, 23, 25, 27, 32, 48, 51","arr":["А11","А14","А16","А18","А21","А23","А25","А27","А32","А48","А51","Тр23"],"roundabout":0,"mode":"bus","color":"#0059a9","trolley":"mix"}},{"type":"Feature","geometry":{"type":"LineString","coordinates":[[23.971876,49.817155],[23.971813,49.817225],[23.971681,49.817384],[23.970938,49.818282],[23.970443,49.818881],[23.969798,49.819647],[23.969598,49.819887],[23.969539,49.819954],[23.96911,49.820471],[23.968916,49.820698]]},"properties":{"name":"вулиця Івана Виговського","lines":"11, 14, 16, 18, 21, 23, 25, 27, 32, 48","arr":["А11","А14","А16","А18","А21","А23","А25","А27","А32","А48","Тр23"],"roundabout":0,"mode":"bus","color":"#0059a9","trolley":"mix"}},{"type":"Feature","geometry":{"type":"LineString","coordinates":[[23.968916,49.820698],[23.968733,49.820923],[23.968547,49.821155],[23.968053,49.821725],[23.967873,49.821945],[23.967709,49.82216],[23.967421,49.822624]]},"properties":{"name":"вулиця Івана Виговського","lines":"11, 14, 18, 21, 23, 27, 32, 48, 92, 30","arr":["А11","А14","А18","А21","А23","А27","А32","А48","А92","Тр23","Тр30"],"roundabout":0,"mode":"bus","color":"#0059a9","trolley":"mix"}},{"type":"Feature","geometry":{"type":"LineString","coordinates":[[23.967421,49.822624],[23.967438,49.822807],[23.967465,49.823116],[23.967497,49.823437],[23.967534,49.823817],[23.967577,49.82422],[23.967587,49.824309],[23.967597,49.82441],[23.967633,49.824733],[23.967663,49.825033],[23.967729,49.825649],[23.967748,49.825817],[23.967765,49.825978],[23.967773,49.826057],[23.967796,49.826279],[23.96784,49.826731],[23.967916,49.827458],[23.968038,49.828614],[23.96806,49.828844],[23.968101,49.829324],[23.96812,49.829497],[23.968179,49.830071],[23.968182,49.830104],[23.9682,49.830311],[23.968228,49.830657]]},"properties":{"name":"вулиця Івана Виговського","lines":"11, 18, 23, 32","arr":["А11","А18","А23","А32"],"roundabout":0,"mode":"bus","color":"#0059a9"}},{"type":"Feature","geometry":{"type":"LineString","coordinates":[[23.968228,49.830657],[23.968313,49.830672],[23.968574,49.830717],[23.969417,49.830863],[23.969585,49.830893],[23.96976,49.830923],[23.969886,49.830945],[23.970885,49.831121],[23.971066,49.831153],[23.971226,49.83118],[23.97215,49.831351],[23.972834,49.831471],[23.97299,49.831499],[23.973674,49.831616],[23.974824,49.831817],[23.975007,49.831849],[23.975302,49.831902],[23.975411,49.831922],[23.976056,49.832038],[23.976261,49.832077],[23.976611,49.832138],[23.977263,49.832258]]},"properties":{"name":"Городоцька вулиця","lines":"11, 18, 23, 32, 52, 84, 27","arr":["А11","А18","А23","А32","А52","А84","Тр27"],"roundabout":0,"mode":"bus","color":"#0059a9","trolley":"mix"}},{"type":"Feature","geometry":{"type":"LineString","coordinates":[[23.977263,49.832258],[23.977608,49.832458],[23.977765,49.83259],[23.97784,49.832706],[23.977895,49.832838],[23.977951,49.833047],[23.977947,49.83327],[23.977872,49.833507],[23.977732,49.833789]]},"properties":{"name":"вулиця Сяйво","lines":"11, 18, 23","arr":["А11","А18","А23"],"roundabout":0,"mode":"bus","color":"#0059a9"}},{"type":"Feature","geometry":{"type":"LineString","coordinates":[[23.977732,49.833789],[23.977682,49.833884],[23.977102,49.835068],[23.976995,49.8353]]},"properties":{"name":"вулиця Сяйво","lines":"11, 18, 20, 23, 34, 43, 49, 32","arr":["А11","А18","А20","А23","А34","А43","А49","Тр32"],"roundabout":0,"mode":"bus","color":"#0059a9","trolley":"mix"}},{"type":"Feature","geometry":{"type":"LineString","coordinates":[[23.976995,49.8353],[23.977014,49.835489],[23.977016,49.835873],[23.977043,49.836177],[23.977094,49.836483],[23.97717,49.837175],[23.977189,49.837298],[23.977206,49.837356],[23.977237,49.837655],[23.977211,49.838071],[23.977236,49.838273],[23.977294,49.838585],[23.977406,49.838879],[23.977897,49.839796],[23.978916,49.841527],[23.97903,49.841738],[23.979352,49.842417],[23.979372,49.84247],[23.979342,49.842624],[23.97926,49.842554],[23.979224,49.84251],[23.979191,49.842445],[23.979045,49.842153],[23.978838,49.84173],[23.978674,49.841448],[23.97813,49.840535],[23.977921,49.840181],[23.977731,49.839824],[23.977516,49.839451],[23.977212,49.838918],[23.977119,49.838679],[23.97707,49.838458],[23.977048,49.838256],[23.977027,49.837467],[23.977011,49.837355],[23.976941,49.836801],[23.976852,49.836178],[23.976843,49.835948],[23.976877,49.835501],[23.976995,49.8353]]},"properties":{"name":"вулиця Сяйво","lines":"11, 18, 20, 23, 34, 43, 49, 32","arr":["А11","А18","А20","А23","А34","А43","А49","Тр32"],"roundabout":0,"mode":"bus","color":"#0059a9","trolley":"mix"}},{"type":"Feature","geometry":{"type":"LineString","coordinates":[[23.979342,49.842624],[23.979616,49.842716],[23.980133,49.842966],[23.980354,49.843072],[23.980825,49.843299],[23.981355,49.843554],[23.981463,49.843599],[23.981907,49.843784],[23.982862,49.844142],[23.983049,49.844213],[23.983691,49.844447],[23.983771,49.844475],[23.983928,49.844535],[23.984052,49.84458],[23.984262,49.844655],[23.984712,49.844816],[23.984841,49.844862],[23.985151,49.844973],[23.985361,49.845046],[23.985785,49.845194],[23.985979,49.845261],[23.986145,49.845333],[23.986363,49.845395],[23.98655,49.845452],[23.988156,49.846042],[23.988444,49.84615],[23.988628,49.846222]]},"properties":{"name":"Левандівська вулиця","lines":"11, 49","arr":["А11","А49"],"roundabout":0,"mode":"bus","color":"#0059a9"}},{"type":"Feature","geometry":{"type":"LineString","coordinates":[[23.988628,49.846222],[23.989035,49.846385],[23.989192,49.846437],[23.989647,49.846599],[23.990356,49.846864],[23.990387,49.846875],[23.99074,49.847008],[23.991217,49.847184],[23.992116,49.847519],[23.992409,49.847628],[23.992657,49.847728],[23.993092,49.847927],[23.994055,49.848348],[23.994203,49.848423],[23.994303,49.848466],[23.994638,49.848637],[23.994676,49.848655],[23.994767,49.848694],[23.995571,49.849105],[23.995881,49.849211],[23.995972,49.849245],[23.996021,49.849268]]},"properties":{"name":"Левандівська вулиця","lines":"11, 17, 49","arr":["А11","А17","А49"],"roundabout":0,"mode":"bus","color":"#0059a9"}},{"type":"Feature","geometry":{"type":"LineString","coordinates":[[23.938,49.875104],[23.938029,49.875225],[23.938057,49.875419]]},"properties":{"name":"вулиця Івана Величковського","lines":"11, 12, 47, 49","arr":["А11","А12","А47","А49"],"roundabout":0,"mode":"bus","color":"#0059a9"}},{"type":"Feature","geometry":{"type":"LineString","coordinates":[[23.994483,49.849808],[23.994572,49.849739],[23.994838,49.849583],[23.995564,49.849308],[23.995621,49.849249],[23.99563,49.849186],[23.995571,49.849105]]},"properties":{"name":"вулиця Тараса Шевченка","lines":"11, 49","arr":["А11","А49"],"roundabout":0,"mode":"bus","color":"#0059a9","nolabel":1}},{"type":"Feature","geometry":{"type":"LineString","coordinates":[[23.982224,49.812183],[23.98221,49.812121]]},"properties":{"name":"вулиця Мелетія Смотрицького","lines":"11, 14, 18, 23, 25, 27","arr":["А11","А14","А18","А23","А25","А27"],"roundabout":0,"mode":"bus","color":"#0059a9"}},{"type":"Feature","geometry":{"type":"LineString","coordinates":[[23.983017,49.812173],[23.982662,49.812138]]},"properties":{"name":"вулиця Івана Виговського","lines":"11, 14, 16, 21, 23, 25, 27, 32, 33, 48","arr":["А11","А14","А16","А21","А23","А25","А27","А32","А33","А48","Тр23"],"roundabout":0,"mode":"bus","color":"#0059a9","trolley":"mix"}},{"type":"Feature","geometry":{"type":"LineString","coordinates":[[23.983569,49.812308],[23.983414,49.812248],[23.983182,49.812188],[23.983017,49.812173]]},"properties":{"name":"вулиця Івана Виговського","lines":"11, 14, 16, 21, 23, 25, 27, 32, 48","arr":["А11","А14","А16","А21","А23","А25","А27","А32","А48","Тр23"],"roundabout":0,"mode":"bus","color":"#0059a9","trolley":"mix"}},{"type":"Feature","geometry":{"type":"LineString","coordinates":[[23.999362,49.810279],[23.999398,49.810121]]},"properties":{"name":"вулиця Княгині Ольги","lines":"11, 41, 45, 51, 38","arr":["А11","А41","А45","А51","Тр38"],"roundabout":0,"mode":"bus","color":"#0059a9","trolley":"mix"}},{"type":"Feature","geometry":{"type":"LineString","coordinates":[[23.999398,49.810121],[23.999402,49.810097],[23.99941,49.810048],[23.999411,49.809959],[23.999395,49.80987],[23.999364,49.809717],[23.999254,49.809176],[23.999155,49.808711],[23.999141,49.808646],[23.999093,49.80841],[23.999042,49.808173],[23.99899,49.807961],[23.998952,49.807799],[23.998822,49.807273],[23.998783,49.807103],[23.998747,49.806957],[23.99874,49.806926],[23.99872,49.806856],[23.998637,49.806533],[23.998565,49.806219],[23.998454,49.806112],[23.998348,49.805997],[23.99832,49.805951],[23.998297,49.805898],[23.998273,49.805833],[23.998265,49.80581],[23.997998,49.804979],[23.997862,49.804569],[23.997838,49.804499],[23.997812,49.804432],[23.997793,49.8044],[23.997774,49.804364],[23.997758,49.804344],[23.997729,49.804321],[23.997698,49.8043],[23.997686,49.804293],[23.997608,49.804255],[23.997547,49.80423],[23.997511,49.804217],[23.997464,49.8042],[23.997434,49.80419],[23.99742,49.804186],[23.997391,49.804177],[23.997316,49.804156],[23.997239,49.804138],[23.997161,49.804123]]},"properties":{"name":"вулиця Княгині Ольги","lines":"41, 45, 51","arr":["А41","А45","А51"],"roundabout":0,"mode":"bus","color":"#0059a9"}},{"type":"Feature","geometry":{"type":"LineString","coordinates":[[23.999076,49.803931],[23.998989,49.803973],[23.998932,49.804008],[23.998896,49.804038],[23.998849,49.80407],[23.998806,49.804108],[23.998778,49.804137],[23.998767,49.804153],[23.998739,49.804192],[23.998697,49.804247],[23.998666,49.804304],[23.998646,49.804356],[23.998633,49.804411],[23.998625,49.804469],[23.998626,49.804533],[23.998652,49.804709],[23.998706,49.804935],[23.998746,49.805111],[23.998771,49.805286],[23.998789,49.805494],[23.998779,49.805696],[23.998776,49.805739],[23.998792,49.805849],[23.998812,49.805973],[23.998839,49.806085],[23.998925,49.806402],[23.999004,49.80672],[23.999045,49.806893],[23.999053,49.806926],[23.999128,49.807244],[23.999176,49.80743],[23.999264,49.807799],[23.99935,49.808144],[23.999488,49.808674],[23.999594,49.809051],[23.999655,49.809278],[23.999717,49.809503],[23.999782,49.80973],[23.999824,49.809871],[23.999884,49.810005],[23.999902,49.810031],[23.999916,49.810052],[24.000018,49.810207]]},"properties":{"name":"вулиця Княгині Ольги","lines":"41, 45, 51","arr":["А41","А45","А51"],"roundabout":0,"mode":"bus","color":"#0059a9"}},{"type":"Feature","geometry":{"type":"LineString","coordinates":[[24.000089,49.810247],[24.000317,49.810305],[24.000461,49.810328],[24.000608,49.810342],[24.000757,49.810346]]},"properties":{"name":"вулиця Володимира Великого","lines":"11, 16, 18, 23, 38","arr":["А11","А16","А18","Тр23","Тр38"],"roundabout":0,"mode":"bus","color":"#0059a9","trolley":"mix"}},{"type":"Feature","geometry":{"type":"LineString","coordinates":[[23.986869,49.853459],[23.98662,49.853775],[23.986597,49.853806],[23.986516,49.853913],[23.986377,49.8541],[23.986333,49.854152],[23.986154,49.854371],[23.985723,49.854882],[23.985582,49.855104],[23.985359,49.855591],[23.985242,49.855926],[23.985192,49.85624],[23.985172,49.856556],[23.985203,49.857517],[23.98524,49.857791],[23.985273,49.857907],[23.985318,49.85804],[23.985398,49.858174],[23.985507,49.858297],[23.985605,49.858379],[23.9858,49.858524],[23.986207,49.85879],[23.986511,49.858976],[23.987176,49.859382],[23.987649,49.859746],[23.987795,49.859861],[23.989098,49.860924],[23.989271,49.861044],[23.989517,49.861181],[23.989799,49.861285]]},"properties":{"name":"вулиця Омеляна Ковча","lines":"12, 47","arr":["А12","А47"],"roundabout":0,"mode":"bus","color":"#0059a9"}},{"type":"Feature","geometry":{"type":"LineString","coordinates":[[23.989799,49.861285],[23.990402,49.861458],[23.991587,49.861729],[23.991965,49.861801],[23.992381,49.861876],[23.992772,49.861945],[23.993122,49.862004],[23.994528,49.86223],[23.995184,49.86228],[23.995751,49.862287],[23.996671,49.862258],[23.997385,49.862212],[23.997904,49.862144],[23.99839,49.862055],[23.999104,49.86188],[23.999694,49.861713],[23.999916,49.861642],[24.000052,49.861598],[24.000355,49.861507],[24.000551,49.861452],[24.000934,49.861366],[24.001125,49.861348],[24.001269,49.861355],[24.001385,49.861374],[24.001572,49.861414]]},"properties":{"name":"вулиця Винниця","lines":"12, 47","arr":["А12","А47"],"roundabout":0,"mode":"bus","color":"#0059a9"}},{"type":"Feature","geometry":{"type":"LineString","coordinates":[[24.001572,49.861414],[24.001786,49.861515],[24.002016,49.861637],[24.002318,49.861807],[24.002858,49.862085],[24.003518,49.862489],[24.003731,49.862584],[24.003847,49.862646],[24.004108,49.862786],[24.004325,49.862913],[24.005254,49.863402],[24.005429,49.863496],[24.006208,49.863918],[24.006391,49.864021],[24.006777,49.864225]]},"properties":{"name":"Тунельна вулиця","lines":"12, 47","arr":["А12","А47"],"roundabout":0,"mode":"bus","color":"#0059a9"}},{"type":"Feature","geometry":{"type":"LineString","coordinates":[[24.006777,49.864225],[24.006934,49.864311],[24.00702,49.864354],[24.007313,49.864496],[24.00753,49.864602],[24.007996,49.864785],[24.008068,49.864813],[24.00821,49.864864],[24.008316,49.864904],[24.008638,49.864999],[24.009167,49.865119],[24.009257,49.865139],[24.009398,49.865167],[24.009766,49.865242],[24.010036,49.865293],[24.010461,49.865378],[24.010492,49.865385],[24.010828,49.865453],[24.010923,49.86547],[24.011177,49.865519]]},"properties":{"name":"Варшавська вулиця","lines":"12, 47, 52","arr":["А12","А47","А52"],"roundabout":0,"mode":"bus","color":"#0059a9"}},{"type":"Feature","geometry":{"type":"LineString","coordinates":[[24.011177,49.865519],[24.011233,49.86553],[24.01173,49.865631],[24.012135,49.865712],[24.012191,49.865724],[24.012764,49.865844],[24.013232,49.865942],[24.013416,49.865981],[24.013527,49.866018],[24.013804,49.866156],[24.0142,49.866391],[24.014435,49.866531],[24.014482,49.866559],[24.014577,49.866616],[24.014841,49.866764],[24.015018,49.866856],[24.015241,49.867011]]},"properties":{"name":"Варшавська вулиця","lines":"12, 47","arr":["А12","А47"],"roundabout":0,"mode":"bus","color":"#0059a9"}},{"type":"Feature","geometry":{"type":"LineString","coordinates":[[24.015241,49.867011],[24.015357,49.86708],[24.015395,49.867103],[24.015589,49.867233],[24.015625,49.867256],[24.016086,49.867563]]},"properties":{"name":"Варшавська вулиця","lines":"12, 21, 37, 47","arr":["А12","А21","А37","А47"],"roundabout":0,"mode":"bus","color":"#0059a9"}},{"type":"Feature","geometry":{"type":"LineString","coordinates":[[24.015395,49.867103],[24.015585,49.867119],[24.015727,49.867105],[24.015749,49.8671],[24.015812,49.867086],[24.015844,49.867079],[24.015992,49.866998]]},"properties":{"name":"","lines":"12, 21, 37, 47","arr":["А12","А21","А37","А47"],"roundabout":0,"mode":"bus","color":"#0059a9"}},{"type":"Feature","geometry":{"type":"LineString","coordinates":[[24.01618,49.866619],[24.016299,49.866602],[24.016397,49.866606],[24.016483,49.866628],[24.01656,49.866671]]},"properties":{"name":"","lines":"12, 22, 34, 51","arr":["А12","А22","А34","А51"],"roundabout":0,"mode":"bus","color":"#0059a9"}},{"type":"Feature","geometry":{"type":"LineString","coordinates":[[24.055476,49.870597],[24.055498,49.870587],[24.055708,49.870496],[24.056176,49.870307],[24.056234,49.870283],[24.056342,49.870238],[24.05673,49.870076],[24.057056,49.869941],[24.057234,49.869867]]},"properties":{"name":"вулиця Бориса Грінченка","lines":"12, 19, 31, 39, 41, 51, 56","arr":["А12","А19","А31","А39","А41","А51","А56"],"roundabout":0,"mode":"bus","color":"#0059a9"}},{"type":"Feature","geometry":{"type":"LineString","coordinates":[[24.044368,49.86527],[24.044335,49.865434],[24.044328,49.865463],[24.044214,49.865967],[24.044204,49.866003],[24.044169,49.866136],[24.044063,49.866629],[24.044024,49.866815]]},"properties":{"name":"вулиця Івана Миколайчука","lines":"12, 39","arr":["А12","А39"],"roundabout":0,"mode":"bus","color":"#0059a9","nolabel":1}},{"type":"Feature","geometry":{"type":"LineString","coordinates":[[24.044024,49.866815],[24.043983,49.866932],[24.043823,49.867407],[24.043668,49.867879],[24.043335,49.868863],[24.04325,49.869119],[24.043222,49.869206],[24.043129,49.869485],[24.04311,49.869534],[24.043097,49.869575],[24.04291,49.87019],[24.042897,49.870229],[24.042878,49.870284],[24.042834,49.870412],[24.042803,49.870527],[24.042684,49.8709],[24.042256,49.87212],[24.042207,49.872261]]},"properties":{"name":"вулиця Івана Миколайчука","lines":"12","arr":["А12"],"roundabout":0,"mode":"bus","color":"#0059a9"}},{"type":"Feature","geometry":{"type":"LineString","coordinates":[[24.042207,49.872261],[24.042141,49.872455],[24.041955,49.873032],[24.041906,49.873182],[24.041702,49.873816],[24.041613,49.874077],[24.041449,49.874577],[24.041423,49.874658],[24.041356,49.87486],[24.041354,49.874867],[24.041337,49.874918],[24.041264,49.875141],[24.041006,49.875926],[24.040975,49.876019],[24.040928,49.876157],[24.040922,49.876173],[24.040843,49.876415],[24.040729,49.876501],[24.040684,49.876535]]},"properties":{"name":"вулиця Івана Миколайчука","lines":"12, 17, 19, 34, 46, 51, 55, 84","arr":["А12","А17","А19","А34","А46","А51","А55","А84"],"roundabout":0,"mode":"bus","color":"#0059a9"}},{"type":"Feature","geometry":{"type":"LineString","coordinates":[[24.036399,49.875946],[24.03665,49.875981]]},"properties":{"name":"вулиця Пилипа Орлика","lines":"12, 19, 34, 46, 51, 84","arr":["А12","А19","А34","А46","А51","А84"],"roundabout":0,"mode":"bus","color":"#0059a9"}},{"type":"Feature","geometry":{"type":"LineString","coordinates":[[24.03665,49.875981],[24.038848,49.876285],[24.038917,49.876295],[24.039964,49.876437],[24.040199,49.876469],[24.040514,49.876509],[24.040684,49.876535]]},"properties":{"name":"вулиця Пилипа Орлика","lines":"12, 17, 19, 34, 46, 51, 84","arr":["А12","А17","А19","А34","А46","А51","А84"],"roundabout":0,"mode":"bus","color":"#0059a9"}},{"type":"Feature","geometry":{"type":"LineString","coordinates":[[24.036399,49.875946],[24.036247,49.875925],[24.035706,49.875834],[24.035127,49.875693],[24.034952,49.875624],[24.034797,49.875546],[24.034728,49.875502],[24.03456,49.875393],[24.034374,49.875232],[24.034326,49.87519],[24.034281,49.875151],[24.034001,49.874914],[24.033472,49.874433],[24.033129,49.873973],[24.032812,49.873409],[24.032662,49.873131],[24.032604,49.872976],[24.032597,49.872914],[24.032589,49.872881],[24.032587,49.872829],[24.03263,49.87265],[24.032697,49.872456],[24.032845,49.872015],[24.032865,49.871956],[24.032912,49.871814],[24.032943,49.871719],[24.033013,49.871519],[24.0332,49.870983],[24.033278,49.870789]]},"properties":{"name":"вулиця Пилипа Орлика","lines":"12, 17, 34, 51, 84","arr":["А12","А17","А34","А51","А84"],"roundabout":0,"mode":"bus","color":"#0059a9"}},{"type":"Feature","geometry":{"type":"LineString","coordinates":[[23.985033,49.853973],[23.985029,49.853927]]},"properties":{"name":"","lines":"12, 47, 61, 67","arr":["А12","А47","А61","А67"],"roundabout":0,"mode":"bus","color":"#0059a9"}},{"type":"Feature","geometry":{"type":"LineString","coordinates":[[23.960095,49.864325],[23.960103,49.864353]]},"properties":{"name":"Порічкова вулиця","lines":"12, 47, 61","arr":["А12","А47","А61"],"roundabout":0,"mode":"bus","color":"#0059a9"}},{"type":"Feature","geometry":{"type":"LineString","coordinates":[[23.938091,49.876006],[23.938088,49.876023],[23.938062,49.876104],[23.938025,49.87627],[23.937906,49.876563],[23.937807,49.876765],[23.93775,49.876884],[23.937728,49.876951],[23.937709,49.877027],[23.937698,49.877068],[23.937696,49.8771],[23.937699,49.877144],[23.937705,49.877173],[23.937718,49.877262],[23.937726,49.87731],[23.93773,49.877336]]},"properties":{"name":"вулиця Івана Величковського","lines":"12","arr":["А12"],"roundabout":0,"mode":"bus","color":"#0059a9"}},{"type":"Feature","geometry":{"type":"LineString","coordinates":[[23.916748,49.821132],[23.917202,49.821208],[23.91792,49.821328],[23.918748,49.821474],[23.919289,49.821568],[23.920189,49.821733],[23.920372,49.821767],[23.923028,49.822252],[23.924285,49.822477],[23.924621,49.822542],[23.92535,49.822679],[23.928468,49.823264],[23.929531,49.823448],[23.929831,49.823501],[23.930821,49.823684],[23.931346,49.823781],[23.931492,49.823808],[23.932564,49.824018],[23.933929,49.824285],[23.934381,49.824366],[23.934884,49.824521]]},"properties":{"name":"Городоцька вулиця","lines":"14, 21, 52, 84, 92","arr":["А14","А21","А52","А84","А92"],"roundabout":0,"mode":"bus","color":"#0059a9"}},{"type":"Feature","geometry":{"type":"LineString","coordinates":[[23.944884,49.826401],[23.943268,49.826102],[23.940194,49.825529],[23.937074,49.824935],[23.936566,49.824838],[23.934884,49.824521],[23.934328,49.824463],[23.933881,49.824392],[23.933166,49.824266],[23.932413,49.824123],[23.931425,49.823911],[23.9313,49.823888],[23.930888,49.823812],[23.930406,49.823724],[23.929783,49.823606],[23.929485,49.823552],[23.928852,49.823435],[23.926331,49.822973],[23.924758,49.822683],[23.924578,49.822651],[23.924231,49.822586],[23.92416,49.822573],[23.923121,49.822383],[23.921492,49.822083],[23.92099,49.82199],[23.920476,49.821897],[23.919068,49.821641],[23.9187,49.821577],[23.918181,49.821487]]},"properties":{"name":"Городоцька вулиця","lines":"14, 21, 52, 84, 92","arr":["А14","А21","А52","А84","А92"],"roundabout":0,"mode":"bus","color":"#0059a9"}},{"type":"Feature","geometry":{"type":"LineString","coordinates":[[23.944884,49.826401],[23.945175,49.826459],[23.946446,49.826679],[23.94656,49.826713],[23.946742,49.826768],[23.946905,49.826818],[23.947325,49.826894]]},"properties":{"name":"Городоцька вулиця","lines":"14, 21, 27, 52, 84, 92","arr":["А14","А21","А27","А52","А84","А92","Тр27"],"roundabout":0,"mode":"bus","color":"#0059a9","trolley":"mix"}},{"type":"Feature","geometry":{"type":"LineString","coordinates":[[23.94761,49.826826],[23.948057,49.826908],[23.948582,49.827018],[23.949213,49.827159],[23.949339,49.827187],[23.949624,49.827297]]},"properties":{"name":"Городоцька вулиця","lines":"14, 21, 27, 52, 84, 92","arr":["А14","А21","А27","А52","А84","А92","Тр27"],"roundabout":0,"mode":"bus","color":"#0059a9","trolley":"mix"}},{"type":"Feature","geometry":{"type":"LineString","coordinates":[[23.954565,49.82818],[23.953517,49.827988],[23.952781,49.827862],[23.952476,49.827811],[23.951736,49.82767],[23.950735,49.827493],[23.95042,49.827438],[23.949624,49.827297],[23.949283,49.827273],[23.948659,49.82715],[23.948238,49.82707],[23.947837,49.826993]]},"properties":{"name":"Городоцька вулиця","lines":"14, 21, 27, 52, 84, 92","arr":["А14","А21","А27","А52","А84","А92","Тр27"],"roundabout":0,"mode":"bus","color":"#0059a9","trolley":"mix"}},{"type":"Feature","geometry":{"type":"LineString","coordinates":[[23.947325,49.826894],[23.947399,49.826877],[23.947468,49.82686],[23.947523,49.826847],[23.94761,49.826826],[23.947684,49.826881],[23.947744,49.826925],[23.9478,49.826966],[23.947837,49.826993]]},"properties":{"name":"","lines":"14","arr":["А14"],"roundabout":0,"mode":"bus","color":"#0059a9"}},{"type":"Feature","geometry":{"type":"LineString","coordinates":[[24.051482,49.797097],[24.052019,49.796815],[24.052321,49.796657],[24.053065,49.796272]]},"properties":{"name":"","lines":"14","arr":["А14"],"roundabout":0,"mode":"bus","color":"#0059a9"}},{"type":"Feature","geometry":{"type":"LineString","coordinates":[[23.953517,49.827988],[23.953747,49.827925],[23.953927,49.827851],[23.954026,49.827757],[23.954136,49.827622],[23.954311,49.827371],[23.954416,49.827158],[23.95454,49.826876]]},"properties":{"name":"Ряшівська вулиця","lines":"14, 21, 27, 92","arr":["А14","А21","А27","А92"],"roundabout":0,"mode":"bus","color":"#0059a9"}},{"type":"Feature","geometry":{"type":"LineString","coordinates":[[23.954878,49.826741],[23.954826,49.826865],[23.954629,49.827326],[23.954601,49.827423],[23.954587,49.827535],[23.954565,49.827857],[23.954567,49.827943],[23.954571,49.828036],[23.954565,49.82818]]},"properties":{"name":"Ряшівська вулиця","lines":"14, 21, 27, 92","arr":["А14","А21","А27","А92"],"roundabout":0,"mode":"bus","color":"#0059a9"}},{"type":"Feature","geometry":{"type":"LineString","coordinates":[[23.95454,49.826876],[23.954576,49.826794],[23.955075,49.825666],[23.955136,49.825525],[23.955697,49.82423],[23.955768,49.824065],[23.955813,49.823962],[23.9559,49.823769],[23.955977,49.823598]]},"properties":{"name":"Ряшівська вулиця","lines":"14, 21, 27, 48, 92, 23, 30","arr":["А14","А21","А27","А48","А92","Тр23","Тр30"],"roundabout":0,"mode":"bus","color":"#0059a9","trolley":"mix"}},{"type":"Feature","geometry":{"type":"LineString","coordinates":[[23.956309,49.823563],[23.956179,49.823819],[23.956054,49.824071],[23.95596,49.824274],[23.95552,49.82527],[23.95529,49.825791],[23.954965,49.826533],[23.95491,49.826664],[23.954878,49.826741]]},"properties":{"name":"Ряшівська вулиця","lines":"14, 21, 27, 48, 92, 23, 30","arr":["А14","А21","А27","А48","А92","Тр23","Тр30"],"roundabout":0,"mode":"bus","color":"#0059a9","trolley":"mix"}},{"type":"Feature","geometry":{"type":"LineString","coordinates":[[23.955977,49.823598],[23.956309,49.823563],[23.956829,49.823503],[23.957256,49.823461],[23.957509,49.823429],[23.958056,49.823381],[23.958131,49.823374],[23.958334,49.823353],[23.958517,49.823335],[23.959086,49.823278],[23.959151,49.823272],[23.959639,49.823224],[23.959946,49.823193],[23.960035,49.823185],[23.960455,49.823147],[23.960933,49.823104],[23.961472,49.823056],[23.9616,49.823044],[23.962643,49.82295],[23.963498,49.822873],[23.964496,49.822782],[23.964767,49.82276],[23.965238,49.822716],[23.965448,49.822702],[23.965602,49.822691],[23.965886,49.822672],[23.966058,49.822661],[23.966291,49.82265],[23.966565,49.822638],[23.967106,49.822629],[23.967421,49.822624]]},"properties":{"name":"вулиця Євгена Патона","lines":"14, 21, 27, 48, 92, 23, 30","arr":["А14","А21","А27","А48","А92","Тр23","Тр30"],"roundabout":0,"mode":"bus","color":"#0059a9","trolley":"mix"}},{"type":"Feature","geometry":{"type":"LineString","coordinates":[[24.048989,49.79858],[24.048936,49.798541],[24.048851,49.798477],[24.051482,49.797097]]},"properties":{"name":"","lines":"14, 37","arr":["А14","А37"],"roundabout":0,"mode":"bus","color":"#0059a9"}},{"type":"Feature","geometry":{"type":"LineString","coordinates":[[24.053065,49.796272],[24.053199,49.796378]]},"properties":{"name":"вулиця Гната Хоткевича","lines":"14, 37","arr":["А14","А37"],"roundabout":0,"mode":"bus","color":"#0059a9"}},{"type":"Feature","geometry":{"type":"LineString","coordinates":[[24.058254,49.792445],[24.058424,49.792387],[24.058547,49.792373],[24.05865,49.792386],[24.058704,49.792399]]},"properties":{"name":"","lines":"14, 16, 23, 40, 41","arr":["А14","А16","А23","А40","А41"],"roundabout":0,"mode":"bus","color":"#0059a9"}},{"type":"Feature","geometry":{"type":"LineString","coordinates":[[24.058704,49.792399],[24.058832,49.792457],[24.058965,49.792539]]},"properties":{"name":"","lines":"14, 16, 23, 37, 40, 41","arr":["А14","А16","А23","А37","А40","А41"],"roundabout":0,"mode":"bus","color":"#0059a9"}},{"type":"Feature","geometry":{"type":"LineString","coordinates":[[24.058484,49.793642],[24.058571,49.79375],[24.058715,49.793852]]},"properties":{"name":"Сихівська вулиця","lines":"14, 16, 19, 23, 37, 40, 41, 24","arr":["А14","А16","А19","А23","А37","А40","А41","Тр24"],"roundabout":0,"mode":"bus","color":"#0059a9","trolley":"mix"}},{"type":"Feature","geometry":{"type":"LineString","coordinates":[[24.058715,49.793852],[24.059933,49.793882],[24.060008,49.793884],[24.060675,49.793915],[24.061136,49.793982],[24.061376,49.794025],[24.061836,49.794116],[24.062548,49.794257],[24.063188,49.794381],[24.063944,49.794527],[24.064096,49.794557]]},"properties":{"name":"Сихівська вулиця","lines":"14, 16, 19, 23, 37, 40, 41, 47, 24","arr":["А14","А16","А19","А23","А37","А40","А41","А47","Тр24"],"roundabout":0,"mode":"bus","color":"#0059a9","trolley":"mix"}},{"type":"Feature","geometry":{"type":"LineString","coordinates":[[24.064096,49.794557],[24.064174,49.794393],[24.06419,49.794358],[24.064293,49.794113],[24.064539,49.793564],[24.064565,49.793504],[24.06464,49.793349],[24.064751,49.793189],[24.065089,49.792938],[24.06518,49.792874],[24.065483,49.792661],[24.065891,49.792374],[24.065995,49.792298],[24.067137,49.791445],[24.067245,49.791353],[24.067451,49.791176],[24.067511,49.791126],[24.067607,49.791036],[24.067773,49.790889],[24.067831,49.790827],[24.067944,49.790722],[24.068404,49.790293],[24.068586,49.790123],[24.069151,49.789591]]},"properties":{"name":"вулиця Івана Кавалерідзе","lines":"14, 46, 47","arr":["А14","А46","А47"],"roundabout":0,"mode":"bus","color":"#0059a9"}},{"type":"Feature","geometry":{"type":"LineString","coordinates":[[24.069698,49.785203],[24.069655,49.78527],[24.069229,49.78593],[24.069172,49.786013],[24.069146,49.786051],[24.068772,49.786639],[24.068435,49.78717],[24.068289,49.787407],[24.068221,49.787517],[24.068166,49.787633],[24.068121,49.787781],[24.068089,49.787921],[24.068043,49.788178],[24.068013,49.788302],[24.067968,49.788395],[24.067746,49.788754]]},"properties":{"name":"вулиця Богдана-Ігоря Антонича","lines":"14","arr":["А14"],"roundabout":0,"mode":"bus","color":"#0059a9"}},{"type":"Feature","geometry":{"type":"LineString","coordinates":[[24.059197,49.787955],[24.05949,49.78796],[24.060341,49.787974],[24.060867,49.787987],[24.061032,49.787987],[24.061432,49.787989],[24.06173,49.787982],[24.062073,49.787949],[24.063317,49.787771],[24.063545,49.787738],[24.063654,49.787723],[24.064513,49.787602],[24.065156,49.787516],[24.065358,49.78751],[24.065567,49.78754],[24.065963,49.787621],[24.066419,49.787714],[24.066512,49.787775],[24.066532,49.787788],[24.066955,49.788045],[24.067145,49.788186],[24.067341,49.788415],[24.067746,49.788754],[24.068022,49.788984],[24.068335,49.789203],[24.068599,49.789346],[24.068794,49.78944],[24.069151,49.789591]]},"properties":{"name":"Коломийська вулиця","lines":"14, 46, 47","arr":["А14","А46","А47"],"roundabout":0,"mode":"bus","color":"#0059a9"}},{"type":"Feature","geometry":{"type":"LineString","coordinates":[[24.059145,49.789229],[24.058996,49.789227],[24.058945,49.789227],[24.058752,49.789225]]},"properties":{"name":"","lines":"14, 46","arr":["А14","А46"],"roundabout":0,"mode":"bus","color":"#0059a9"}},{"type":"Feature","geometry":{"type":"LineString","coordinates":[[24.058916,49.785309],[24.058932,49.784924]]},"properties":{"name":"проспект Червоної Калини","lines":"14, 19, 47, 24","arr":["А14","А19","А47","Тр24"],"roundabout":0,"mode":"bus","color":"#0059a9","trolley":"mix","nolabel":1}},{"type":"Feature","geometry":{"type":"LineString","coordinates":[[24.058932,49.784924],[24.05894,49.784757],[24.058987,49.783773],[24.058987,49.783759],[24.059025,49.782881]]},"properties":{"name":"проспект Червоної Калини","lines":"14, 19, 47","arr":["А14","А19","А47"],"roundabout":0,"mode":"bus","color":"#0059a9","nolabel":1}},{"type":"Feature","geometry":{"type":"LineString","coordinates":[[24.059025,49.782881],[24.059117,49.782838],[24.059217,49.782813]]},"properties":{"name":"","lines":"14, 19, 47","arr":["А14","А19","А47"],"roundabout":0,"mode":"bus","color":"#0059a9"}},{"type":"Feature","geometry":{"type":"LineString","coordinates":[[24.059217,49.782813],[24.059268,49.782814],[24.059361,49.782844],[24.059428,49.782887]]},"properties":{"name":"","lines":"14, 19","arr":["А14","А19"],"roundabout":0,"mode":"bus","color":"#0059a9"}},{"type":"Feature","geometry":{"type":"LineString","coordinates":[[24.059381,49.783854],[24.059475,49.783856],[24.05986,49.783865],[24.059965,49.783815],[24.06017,49.783723],[24.060319,49.783682],[24.060618,49.78365],[24.060739,49.783612],[24.060855,49.783529],[24.06094,49.783401],[24.061002,49.78336],[24.061091,49.783333],[24.061191,49.783313],[24.061835,49.783312],[24.061902,49.783311],[24.061898,49.783869],[24.061897,49.783947],[24.061906,49.783999],[24.061944,49.784037],[24.062013,49.784043],[24.062083,49.784026],[24.062643,49.783762],[24.062678,49.783744],[24.062796,49.783683],[24.062944,49.783657],[24.063227,49.783665],[24.0642,49.783682],[24.064221,49.783683],[24.064241,49.783683],[24.064397,49.783686]]},"properties":{"name":"","lines":"14, 19","arr":["А14","А19"],"roundabout":0,"mode":"bus","color":"#0059a9"}},{"type":"Feature","geometry":{"type":"LineString","coordinates":[[24.059428,49.782887],[24.059385,49.783765],[24.059384,49.783782],[24.059381,49.783854],[24.059369,49.784214],[24.059349,49.784652],[24.059344,49.784747],[24.059333,49.78493]]},"properties":{"name":"проспект Червоної Калини","lines":"14, 19","arr":["А14","А19"],"roundabout":0,"mode":"bus","color":"#0059a9","nolabel":1}},{"type":"Feature","geometry":{"type":"LineString","coordinates":[[24.064397,49.783686],[24.065764,49.783676],[24.066038,49.783674],[24.066791,49.783671],[24.067226,49.783668],[24.067301,49.783667],[24.067437,49.783667],[24.067598,49.783668],[24.067851,49.783663],[24.06798,49.783644],[24.068067,49.783631],[24.069127,49.783284]]},"properties":{"name":"вулиця Кирила Трильовського","lines":"14, 19","arr":["А14","А19"],"roundabout":0,"mode":"bus","color":"#0059a9"}},{"type":"Feature","geometry":{"type":"LineString","coordinates":[[24.069127,49.783284],[24.069618,49.78386],[24.069926,49.784265],[24.070049,49.784594],[24.070034,49.784699],[24.069698,49.785203]]},"properties":{"name":"вулиця Богдана-Ігоря Антонича","lines":"14, 19","arr":["А14","А19"],"roundabout":0,"mode":"bus","color":"#0059a9"}},{"type":"Feature","geometry":{"type":"LineString","coordinates":[[23.918181,49.821487],[23.916209,49.821157],[23.913984,49.820809],[23.913713,49.820773],[23.913498,49.820764],[23.913154,49.820803]]},"properties":{"name":"Городоцька вулиця","lines":"21, 52, 84","arr":["А21","А52","А84"],"roundabout":0,"mode":"bus","color":"#0059a9"}},{"type":"Feature","geometry":{"type":"LineString","coordinates":[[23.913335,49.820498],[23.913583,49.820606],[23.913774,49.820659],[23.914031,49.820711],[23.91431,49.820753],[23.915253,49.820895],[23.916022,49.821017],[23.916748,49.821132]]},"properties":{"name":"Городоцька вулиця","lines":"21, 52, 84","arr":["А21","А52","А84"],"roundabout":0,"mode":"bus","color":"#0059a9"}},{"type":"Feature","geometry":{"type":"LineString","coordinates":[[24.00461,49.836067],[24.004598,49.836099],[24.004587,49.836119],[24.00439,49.836426],[24.004479,49.836297],[24.004314,49.836554]]},"properties":{"name":"площа Марка Кропивницького","lines":"15, 33, 41, 43","arr":["А15","А33","А41","А43"],"roundabout":0,"mode":"bus","color":"#0059a9","nolabel":1}},{"type":"Feature","geometry":{"type":"LineString","coordinates":[[24.004314,49.836554],[24.004053,49.836951],[24.003994,49.837033],[24.00389,49.837107]]},"properties":{"name":"площа Марка Кропивницького","lines":"33, 41, 43","arr":["А33","А41","А43"],"roundabout":0,"mode":"bus","color":"#0059a9","nolabel":1}},{"type":"Feature","geometry":{"type":"LineString","coordinates":[[24.00461,49.836067],[24.004625,49.83598],[24.004977,49.835663],[24.005094,49.835564],[24.005171,49.835512],[24.005208,49.835486],[24.005279,49.83544]]},"properties":{"name":"вулиця Степана Бандери","lines":"15, 33, 41, 43","arr":["А15","А33","А41","А43"],"roundabout":0,"mode":"bus","color":"#0059a9","nolabel":1}},{"type":"Feature","geometry":{"type":"LineString","coordinates":[[24.005279,49.83544],[24.005404,49.835394],[24.006172,49.835135],[24.006934,49.834899],[24.007061,49.83486],[24.007076,49.834856],[24.007143,49.834838],[24.007196,49.834824],[24.007279,49.834803],[24.007348,49.8348],[24.007477,49.834794],[24.00752,49.834792],[24.009242,49.834749],[24.009435,49.834744],[24.009472,49.834743],[24.009518,49.834742],[24.009616,49.834739],[24.009634,49.834739],[24.010223,49.834724],[24.010249,49.834723],[24.010324,49.834722],[24.010365,49.83472],[24.011238,49.834699],[24.012829,49.834685],[24.012875,49.834685],[24.013923,49.834682],[24.014422,49.834685],[24.014521,49.834686],[24.015077,49.834692],[24.015306,49.834693],[24.015725,49.834694],[24.015803,49.834694],[24.016339,49.834697],[24.016659,49.8347],[24.016734,49.834701]]},"properties":{"name":"вулиця Степана Бандери","lines":"15, 41, 43","arr":["А15","А41","А43"],"roundabout":0,"mode":"bus","color":"#0059a9","nolabel":1}},{"type":"Feature","geometry":{"type":"LineString","coordinates":[[24.021821,49.837108],[24.02177,49.837078]]},"properties":{"name":"вулиця Гетьмана Петра Дорошенка","lines":"15, 43, 92","arr":["А15","А43","А92"],"roundabout":0,"mode":"bus","color":"#0059a9"}},{"type":"Feature","geometry":{"type":"LineString","coordinates":[[24.02177,49.837078],[24.021675,49.837023],[24.021362,49.836842],[24.02096,49.836609],[24.020572,49.836381],[24.020481,49.836332],[24.020064,49.83609],[24.020016,49.836061],[24.019497,49.835748],[24.019358,49.835657],[24.018886,49.835368],[24.018783,49.835316]]},"properties":{"name":"вулиця Гетьмана Петра Дорошенка","lines":"92","arr":["А92"],"roundabout":0,"mode":"bus","color":"#0059a9"}},{"type":"Feature","geometry":{"type":"LineString","coordinates":[[24.035506,49.834264],[24.035793,49.834191],[24.035964,49.834145]]},"properties":{"name":"Зелена вулиця","lines":"15, 37, 43, 46, 25, 31","arr":["А15","А37","А43","А46","Тр25","Тр31"],"roundabout":0,"mode":"bus","color":"#0059a9","trolley":"mix"}},{"type":"Feature","geometry":{"type":"LineString","coordinates":[[24.035964,49.834145],[24.036403,49.834027],[24.036843,49.833909],[24.036895,49.833895],[24.037007,49.833866],[24.037511,49.833731],[24.037728,49.833671],[24.037839,49.833642],[24.03851,49.833443],[24.038582,49.833422],[24.03932,49.833175],[24.039594,49.833082],[24.039656,49.833059],[24.039964,49.832954],[24.04023,49.832857],[24.040584,49.832717],[24.040928,49.832547],[24.040997,49.83251],[24.041028,49.832493],[24.041269,49.832345],[24.041383,49.832276],[24.041401,49.832263],[24.041725,49.832043],[24.042004,49.831834],[24.042503,49.831448],[24.042597,49.831372],[24.042842,49.831172],[24.04312,49.830953],[24.043202,49.830885],[24.043255,49.830843],[24.043321,49.830787],[24.04337,49.830747],[24.043728,49.830441],[24.043906,49.830276],[24.044065,49.830128],[24.044403,49.829821],[24.044536,49.82969],[24.04457,49.829662],[24.044616,49.829623],[24.044709,49.829539],[24.04486,49.829196],[24.044911,49.828864],[24.04492,49.828628],[24.045056,49.828467],[24.045617,49.828001],[24.04576,49.827882],[24.045821,49.827813],[24.045873,49.827743],[24.045907,49.827672],[24.045907,49.827584],[24.045846,49.827465],[24.045749,49.82737],[24.04557,49.827271],[24.045336,49.827192],[24.045067,49.827136],[24.045023,49.827134],[24.044812,49.827124],[24.044624,49.827136],[24.044596,49.827138],[24.044527,49.827146],[24.044349,49.827158],[24.044145,49.827154],[24.043926,49.827121],[24.043768,49.827071],[24.043639,49.826992],[24.043543,49.826901],[24.043481,49.826806],[24.043453,49.826735],[24.043438,49.82667],[24.043438,49.826613],[24.043455,49.826538],[24.04349,49.826471],[24.043538,49.82641],[24.043593,49.826359],[24.043695,49.826296],[24.043846,49.826228],[24.044021,49.826176],[24.045075,49.825946],[24.045338,49.825891],[24.04685,49.82556],[24.047818,49.825346],[24.048663,49.825157],[24.04892,49.825085],[24.049121,49.825007],[24.049179,49.824981],[24.049195,49.824973],[24.049369,49.824881],[24.049594,49.824748],[24.049767,49.824642],[24.04996,49.824533],[24.050112,49.824447],[24.050473,49.824274],[24.050966,49.824072],[24.05146,49.823879],[24.05171,49.823779],[24.052075,49.823618],[24.052125,49.823595],[24.052183,49.823571],[24.05249,49.82344],[24.052834,49.823285],[24.053269,49.823075],[24.053557,49.822919],[24.053831,49.822757],[24.054079,49.822595],[24.054306,49.822424],[24.05435,49.822385],[24.054415,49.822327],[24.054514,49.822227],[24.054858,49.821868],[24.055221,49.821478],[24.055612,49.821047],[24.055679,49.820973],[24.055756,49.820887],[24.055851,49.820775],[24.055933,49.820682],[24.057155,49.819363],[24.057509,49.818989],[24.057628,49.818874],[24.057745,49.81878],[24.057902,49.818673],[24.058587,49.818298]]},"properties":{"name":"Зелена вулиця","lines":"15, 37, 43, 46, 24, 31","arr":["А15","А37","А43","А46","Тр24","Тр31"],"roundabout":0,"mode":"bus","color":"#0059a9","trolley":"mix"}},{"type":"Feature","geometry":{"type":"LineString","coordinates":[[24.058587,49.818298],[24.058714,49.818223],[24.059097,49.817996],[24.059159,49.817963],[24.059398,49.817828],[24.059643,49.81769],[24.059798,49.817606],[24.060539,49.817203],[24.060871,49.817029],[24.061333,49.816778],[24.061429,49.816714],[24.061527,49.816649],[24.061602,49.816586],[24.061674,49.816492],[24.061686,49.816479],[24.061704,49.816435],[24.061712,49.816387],[24.061719,49.816246],[24.06172,49.816228],[24.061671,49.816165],[24.061626,49.816107]]},"properties":{"name":"Зелена вулиця","lines":"15, 37, 46, 24, 31","arr":["А15","А37","А46","Тр24","Тр31"],"roundabout":0,"mode":"bus","color":"#0059a9","trolley":"mix"}},{"type":"Feature","geometry":{"type":"LineString","coordinates":[[24.062116,49.815963],[24.061986,49.816002],[24.061942,49.816018],[24.061911,49.81603],[24.061876,49.816051]]},"properties":{"name":"вулиця Джорджа Вашингтона","lines":"15, 23, 40, 47","arr":["А15","А23","А40","А47"],"roundabout":0,"mode":"bus","color":"#0059a9"}},{"type":"Feature","geometry":{"type":"LineString","coordinates":[[24.062116,49.815963],[24.062699,49.815979]]},"properties":{"name":"вулиця Джорджа Вашингтона","lines":"15, 23, 27, 40, 47","arr":["А15","А23","А27","А40","А47"],"roundabout":0,"mode":"bus","color":"#0059a9"}},{"type":"Feature","geometry":{"type":"LineString","coordinates":[[24.062699,49.815979],[24.062861,49.815983],[24.063042,49.815985],[24.063089,49.815986],[24.063656,49.815993],[24.064463,49.816002],[24.064816,49.816019],[24.065308,49.816048],[24.065836,49.81608],[24.066011,49.81609],[24.06659,49.816125],[24.067581,49.816184],[24.067855,49.816196],[24.068271,49.816183],[24.068604,49.816143],[24.069228,49.816053],[24.069319,49.81604],[24.069625,49.815984],[24.069899,49.815932],[24.070484,49.815792],[24.072294,49.815326],[24.073381,49.815038],[24.07409,49.814847],[24.074623,49.814704],[24.074822,49.814652],[24.075359,49.814511],[24.075434,49.814492],[24.075532,49.814467],[24.076187,49.814284],[24.076766,49.814143],[24.077179,49.814065],[24.077625,49.814],[24.077802,49.813981],[24.077869,49.813975],[24.078011,49.813967],[24.078185,49.813969],[24.078373,49.813988]]},"properties":{"name":"вулиця Джорджа Вашингтона","lines":"15, 23, 27, 40, 47, 92","arr":["А15","А23","А27","А40","А47","А92"],"roundabout":0,"mode":"bus","color":"#0059a9"}},{"type":"Feature","geometry":{"type":"LineString","coordinates":[[24.078373,49.813988],[24.078311,49.814162],[24.078283,49.81424],[24.077925,49.81512],[24.077676,49.815756],[24.077655,49.815812],[24.077378,49.816518],[24.077361,49.816563],[24.07733,49.816642],[24.077263,49.816814],[24.077184,49.817018],[24.076883,49.817796],[24.07681,49.817987],[24.076719,49.818223],[24.076305,49.819332],[24.076148,49.819754],[24.076031,49.820066],[24.075889,49.820451],[24.075828,49.820616],[24.075387,49.821744],[24.075251,49.822099],[24.075176,49.822298],[24.075075,49.822565],[24.075019,49.822716],[24.074986,49.82282],[24.074972,49.822875],[24.074962,49.82293],[24.074955,49.823009],[24.074961,49.823091],[24.074999,49.823264],[24.075045,49.823435],[24.075091,49.82361],[24.075108,49.823695],[24.075121,49.823785],[24.075134,49.823923],[24.07513,49.824059],[24.075114,49.8242],[24.075088,49.824343],[24.075055,49.82447],[24.075005,49.824596],[24.074939,49.824729],[24.074857,49.824866],[24.074791,49.824967],[24.074712,49.825074],[24.07463,49.825165],[24.074533,49.825264],[24.074438,49.825349],[24.074341,49.825432],[24.074228,49.825529],[24.074065,49.825639],[24.073924,49.825725],[24.073757,49.825813],[24.073595,49.825897],[24.073273,49.826045],[24.073009,49.826166],[24.072885,49.82623],[24.072762,49.826294],[24.072523,49.826434],[24.072399,49.826525],[24.072228,49.826666],[24.071516,49.827465],[24.071485,49.8275],[24.07128,49.827739],[24.071233,49.827792],[24.070953,49.828114],[24.070675,49.82844],[24.070371,49.828793],[24.070103,49.8291],[24.069767,49.829502],[24.069389,49.829947],[24.069343,49.830001],[24.069072,49.83032],[24.068999,49.830394],[24.068917,49.830467],[24.068817,49.830539],[24.068729,49.830595],[24.068607,49.830659],[24.068472,49.830729],[24.068414,49.830758],[24.068366,49.830783],[24.067593,49.831156],[24.067387,49.831265],[24.067128,49.831394],[24.067032,49.831464],[24.066937,49.831556],[24.066861,49.831658],[24.066824,49.831757],[24.066812,49.831838],[24.066827,49.831947],[24.066836,49.832011],[24.066859,49.832088],[24.066886,49.832153],[24.066963,49.832257],[24.067043,49.832334],[24.067186,49.832439],[24.067312,49.832535],[24.067415,49.832622],[24.067463,49.832674],[24.067503,49.832718],[24.067537,49.832761],[24.067617,49.832891],[24.067648,49.832982],[24.067691,49.83316],[24.06773,49.833325],[24.067775,49.8335],[24.067794,49.833573],[24.067883,49.833919],[24.067975,49.834284],[24.068057,49.834607],[24.068131,49.834894],[24.068201,49.835177],[24.068211,49.835237],[24.068298,49.835599],[24.068305,49.835633]]},"properties":{"name":"Пасічна вулиця","lines":"15, 19, 23, 27, 40, 47, 92","arr":["А15","А19","А23","А27","А40","А47","А92"],"roundabout":0,"mode":"bus","color":"#0059a9"}},{"type":"Feature","geometry":{"type":"LineString","coordinates":[[24.072228,49.826666],[24.072443,49.826669],[24.07267,49.826665],[24.072723,49.826658],[24.073245,49.826539],[24.073285,49.826529],[24.073447,49.826488],[24.073633,49.826428],[24.073725,49.826398],[24.07398,49.826314],[24.074226,49.826234],[24.075492,49.82582],[24.075982,49.82566],[24.076413,49.825516],[24.077415,49.825192],[24.077497,49.825165],[24.078001,49.825],[24.078852,49.824722],[24.079083,49.824646],[24.07929,49.824579],[24.079437,49.824531],[24.079784,49.824417],[24.080564,49.824162],[24.080624,49.824143],[24.081006,49.824018],[24.081496,49.823858],[24.081753,49.823774],[24.082093,49.823663],[24.082263,49.823607],[24.082373,49.823571],[24.082529,49.82352],[24.083355,49.82325],[24.083502,49.823202],[24.083826,49.823096],[24.084142,49.822993]]},"properties":{"name":"вулиця Медової Печери","lines":"15","arr":["А15"],"roundabout":0,"mode":"bus","color":"#0059a9"}},{"type":"Feature","geometry":{"type":"LineString","coordinates":[[24.068305,49.835633],[24.06832,49.835702],[24.068332,49.835757]]},"properties":{"name":"Пасічна вулиця","lines":"15, 47, 92","arr":["А15","А47","А92"],"roundabout":0,"mode":"bus","color":"#0059a9"}},{"type":"Feature","geometry":{"type":"LineString","coordinates":[[24.067921,49.836057],[24.068042,49.836036],[24.068119,49.836016],[24.068195,49.835976],[24.068249,49.835937],[24.0683,49.835886],[24.06832,49.83582],[24.068332,49.835757]]},"properties":{"name":"","lines":"15, 47, 92","arr":["А15","А47","А92"],"roundabout":0,"mode":"bus","color":"#0059a9"}},{"type":"Feature","geometry":{"type":"LineString","coordinates":[[24.057054,49.794875],[24.05683,49.79485],[24.056749,49.794835],[24.056687,49.794813],[24.056649,49.794799],[24.056617,49.794777],[24.056552,49.794716],[24.056534,49.794679],[24.056516,49.79462],[24.056504,49.794525]]},"properties":{"name":"","lines":"16, 19, 47, 24","arr":["А16","А19","А47","Тр24"],"roundabout":0,"mode":"bus","color":"#0059a9","trolley":"mix"}},{"type":"Feature","geometry":{"type":"LineString","coordinates":[[24.053447,49.79658],[24.053347,49.796499],[24.053309,49.796466],[24.053199,49.796378]]},"properties":{"name":"вулиця Гната Хоткевича","lines":"16, 37","arr":["А16","А37"],"roundabout":0,"mode":"bus","color":"#0059a9"}},{"type":"Feature","geometry":{"type":"LineString","coordinates":[[24.046478,49.804154],[24.0465,49.804415],[24.046776,49.806071],[24.046916,49.807106],[24.046915,49.807216],[24.046924,49.807339],[24.046929,49.807462],[24.046934,49.807584],[24.046947,49.807909],[24.046934,49.80832],[24.046899,49.808627],[24.046843,49.808934],[24.046719,49.80948],[24.046591,49.80994],[24.046516,49.810221]]},"properties":{"name":"проспект Червоної Калини","lines":"16, 53","arr":["А16","А53"],"roundabout":0,"mode":"bus","color":"#0059a9","nolabel":1}},{"type":"Feature","geometry":{"type":"LineString","coordinates":[[24.046245,49.810216],[24.046325,49.80992],[24.046587,49.808911],[24.046679,49.808296],[24.046689,49.808096],[24.04668,49.807913],[24.046665,49.80759],[24.046657,49.807415],[24.046635,49.807122],[24.046617,49.806973],[24.046602,49.806875],[24.046468,49.806103],[24.046196,49.804436],[24.046148,49.803781],[24.046148,49.803621],[24.04615,49.803199],[24.046259,49.802346],[24.046371,49.801645],[24.046466,49.8012],[24.046535,49.800944],[24.046619,49.800692],[24.046737,49.80045],[24.046865,49.800243],[24.047092,49.799944],[24.047426,49.799596],[24.047747,49.799271]]},"properties":{"name":"проспект Червоної Калини","lines":"16, 53","arr":["А16","А53"],"roundabout":0,"mode":"bus","color":"#0059a9","nolabel":1}},{"type":"Feature","geometry":{"type":"LineString","coordinates":[[24.046516,49.810221],[24.046419,49.810218],[24.046334,49.810216],[24.046245,49.810216],[24.045879,49.81032]]},"properties":{"name":"Угорська вулиця","lines":"16, 53","arr":["А16","А53"],"roundabout":0,"mode":"bus","color":"#0059a9"}},{"type":"Feature","geometry":{"type":"LineString","coordinates":[[24.045879,49.81032],[24.045813,49.810335],[24.045793,49.810342],[24.045577,49.810417],[24.044695,49.810724],[24.044584,49.810763],[24.044218,49.81089],[24.043637,49.811093],[24.043244,49.81123],[24.043111,49.811274],[24.042631,49.811433],[24.042283,49.811554],[24.042099,49.811616],[24.042034,49.811638],[24.042014,49.811645],[24.041487,49.811829],[24.041385,49.811862],[24.04131,49.811888],[24.041107,49.81196],[24.040583,49.812143],[24.039907,49.812375],[24.039271,49.812599],[24.038715,49.812795],[24.038188,49.812987],[24.037247,49.813334],[24.037224,49.813343],[24.037174,49.813361],[24.037095,49.813406]]},"properties":{"name":"Угорська вулиця","lines":"16, 27, 53","arr":["А16","А27","А53"],"roundabout":0,"mode":"bus","color":"#0059a9"}},{"type":"Feature","geometry":{"type":"LineString","coordinates":[[24.042014,49.811645],[24.04193,49.8117],[24.041863,49.811751],[24.041834,49.811787],[24.04182,49.811826],[24.041822,49.811853],[24.041834,49.811886],[24.041845,49.8119],[24.042042,49.812141],[24.042082,49.812186],[24.042691,49.812891],[24.04287,49.813088],[24.043058,49.813294],[24.043119,49.813356],[24.043274,49.81352],[24.043481,49.813734]]},"properties":{"name":"Віденська вулиця","lines":"16, 27, 53","arr":["А16","А27","А53"],"roundabout":0,"mode":"bus","color":"#0059a9"}},{"type":"Feature","geometry":{"type":"LineString","coordinates":[[24.043481,49.813734],[24.04272,49.813707],[24.042508,49.8137],[24.042293,49.813693],[24.041783,49.813677],[24.041275,49.813661],[24.041196,49.813658],[24.040797,49.813645],[24.040683,49.813642],[24.040246,49.813628],[24.040207,49.813626],[24.039982,49.813618],[24.039707,49.813608],[24.038982,49.813582],[24.038665,49.81357],[24.038462,49.813563],[24.037797,49.813538],[24.037781,49.813537],[24.037528,49.813526],[24.037352,49.813519],[24.037337,49.813518],[24.037285,49.813516],[24.03719,49.813525]]},"properties":{"name":"вулиця Сергія Литвиненка","lines":"16, 27, 53","arr":["А16","А27","А53"],"roundabout":0,"mode":"bus","color":"#0059a9"}},{"type":"Feature","geometry":{"type":"LineString","coordinates":[[24.036992,49.813565],[24.036972,49.813569],[24.036899,49.813584],[24.036662,49.813633]]},"properties":{"name":"вулиця Панаса Мирного","lines":"16, 27, 53","arr":["А16","А27","А53"],"roundabout":0,"mode":"bus","color":"#0059a9"}},{"type":"Feature","geometry":{"type":"LineString","coordinates":[[24.025903,49.816918],[24.025943,49.816914],[24.025986,49.816909],[24.02603,49.816902],[24.026072,49.816895],[24.026115,49.816887],[24.026154,49.81688],[24.026198,49.816872],[24.026249,49.816861],[24.026493,49.816794],[24.026975,49.81664],[24.028393,49.816197],[24.029673,49.815809],[24.029888,49.815742],[24.03013,49.815667],[24.031469,49.815248],[24.032099,49.815054],[24.033448,49.814634],[24.034105,49.814429],[24.034311,49.814367],[24.034721,49.814239],[24.035377,49.814034],[24.035413,49.814023],[24.03566,49.813946],[24.035844,49.813888],[24.036592,49.813655],[24.036662,49.813633],[24.03685,49.813531],[24.036909,49.813499],[24.03693,49.813487]]},"properties":{"name":"вулиця Панаса Мирного","lines":"16, 27, 53","arr":["А16","А27","А53"],"roundabout":0,"mode":"bus","color":"#0059a9"}},{"type":"Feature","geometry":{"type":"LineString","coordinates":[[24.025903,49.816918],[24.025907,49.816895],[24.025911,49.816866],[24.025911,49.816837],[24.025908,49.816799],[24.02584,49.816404],[24.025808,49.816186],[24.025794,49.816096],[24.025775,49.815941],[24.025724,49.815583],[24.025692,49.815356],[24.025657,49.815113],[24.025589,49.814632],[24.025565,49.814493]]},"properties":{"name":"Козельницька вулиця","lines":"16, 27","arr":["А16","А27"],"roundabout":0,"mode":"bus","color":"#0059a9"}},{"type":"Feature","geometry":{"type":"LineString","coordinates":[[24.025565,49.814493],[24.025305,49.814502],[24.024596,49.814528],[24.024002,49.814549],[24.022984,49.814586],[24.022617,49.814599],[24.022549,49.814602],[24.022392,49.814607],[24.022055,49.81462],[24.02175,49.814631],[24.021284,49.814647],[24.020081,49.814691],[24.019792,49.814701]]},"properties":{"name":"вулиця Івана Чмоли","lines":"16, 27","arr":["А16","А27"],"roundabout":0,"mode":"bus","color":"#0059a9"}},{"type":"Feature","geometry":{"type":"LineString","coordinates":[[23.968916,49.820698],[23.969237,49.820809],[23.969404,49.820863],[23.969692,49.820955],[23.969769,49.820981],[23.969884,49.821018],[23.971374,49.821534],[23.97177,49.821686],[23.972025,49.821784],[23.972128,49.821823],[23.972617,49.82201],[23.973098,49.822198],[23.973219,49.822245],[23.973299,49.822278],[23.974075,49.822593],[23.974159,49.822633],[23.974364,49.822729],[23.974425,49.822759],[23.975408,49.823228],[23.976229,49.82362],[23.976486,49.823743],[23.97666,49.823826],[23.977038,49.824007],[23.977268,49.824114]]},"properties":{"name":"Любінська вулиця","lines":"16, 25, 92, 30","arr":["А16","А25","А92","Тр30"],"roundabout":0,"mode":"bus","color":"#0059a9","trolley":"mix"}},{"type":"Feature","geometry":{"type":"LineString","coordinates":[[23.977268,49.824114],[23.97752,49.824231],[23.977649,49.824298],[23.977728,49.824341],[23.97796,49.824468],[23.978247,49.824626],[23.978486,49.824758],[23.978852,49.82496],[23.979005,49.825044],[23.979041,49.825064],[23.97918,49.825147],[23.979988,49.825587],[23.980948,49.826095],[23.981612,49.826431],[23.981759,49.826504],[23.982124,49.826689],[23.982754,49.827065],[23.982968,49.827179],[23.983243,49.827294],[23.983594,49.827437],[23.984386,49.827784],[23.985321,49.828181],[23.986264,49.828618],[23.987267,49.829116],[23.987347,49.829156],[23.98759,49.829276]]},"properties":{"name":"Любінська вулиця","lines":"16, 25, 33, 51, 92, 30","arr":["А16","А25","А33","А51","А92","Тр30"],"roundabout":0,"mode":"bus","color":"#0059a9","trolley":"mix"}},{"type":"Feature","geometry":{"type":"LineString","coordinates":[[23.982754,49.827065],[23.982564,49.827202],[23.982151,49.827554],[23.981998,49.827684],[23.98145,49.828154],[23.980958,49.828575],[23.98053,49.828938],[23.980316,49.82911],[23.980282,49.829141],[23.980093,49.82931],[23.979704,49.82964],[23.979656,49.829705],[23.979628,49.829744],[23.979609,49.829779],[23.979226,49.830438],[23.978491,49.831706],[23.978126,49.832321],[23.978123,49.832331],[23.978093,49.832387]]},"properties":{"name":"Окружна вулиця","lines":"16","arr":["А16"],"roundabout":0,"mode":"bus","color":"#0059a9"}},{"type":"Feature","geometry":{"type":"LineString","coordinates":[[23.978093,49.832387],[23.978396,49.832444],[23.978822,49.83252],[23.979156,49.832589],[23.979842,49.83271],[23.980479,49.832822],[23.98076,49.832872],[23.981432,49.83299],[23.981991,49.833088],[23.982823,49.833239],[23.983371,49.833343]]},"properties":{"name":"Городоцька вулиця","lines":"16, 32, 52, 84, 27","arr":["А16","А32","А52","А84","Тр27"],"roundabout":0,"mode":"bus","color":"#0059a9","trolley":"mix"}},{"type":"Feature","geometry":{"type":"LineString","coordinates":[[23.983871,49.833434],[23.983629,49.833388],[23.983371,49.833343]]},"properties":{"name":"Городоцька вулиця","lines":"16, 20, 32, 34, 43, 49, 52, 84, 27","arr":["А16","А20","А32","А34","А43","А49","А52","А84","Тр27","Тр32"],"roundabout":0,"mode":"bus","color":"#0059a9","trolley":"mix"}},{"type":"Feature","geometry":{"type":"LineString","coordinates":[[23.983871,49.833434],[23.98458,49.833561],[23.984687,49.83358],[23.985251,49.833682],[23.985299,49.83369],[23.98531,49.833692],[23.98596,49.833811],[23.98692,49.833989],[23.986942,49.833994],[23.987566,49.834094],[23.987676,49.834114],[23.987838,49.834142],[23.988441,49.834248],[23.988578,49.834272],[23.989124,49.834368],[23.989219,49.834385],[23.989232,49.834388],[23.989267,49.834394],[23.989688,49.834471],[23.990098,49.834543],[23.990116,49.834546],[23.990564,49.834624],[23.99075,49.83465]]},"properties":{"name":"Городоцька вулиця","lines":"16, 20, 32, 34, 43, 49, 52, 84, 92, 27","arr":["А16","А20","А32","А34","А43","А49","А52","А84","А92","Тр27","Тр32"],"roundabout":0,"mode":"bus","color":"#0059a9","trolley":"mix"}},{"type":"Feature","geometry":{"type":"LineString","coordinates":[[23.99965,49.837864],[23.99976,49.837756],[23.999899,49.83762],[24.000115,49.837543],[24.001458,49.837032]]},"properties":{"name":"Чернівецька вулиця","lines":"16, 29, 31, 32, 49","arr":["А16","А29","А31","А32","А49"],"roundabout":0,"mode":"bus","color":"#0059a9"}},{"type":"Feature","geometry":{"type":"LineString","coordinates":[[24.001458,49.837032],[24.001488,49.836998],[24.001501,49.836941],[24.001494,49.836888],[24.00148,49.836847],[24.001405,49.836786],[24.001169,49.836669]]},"properties":{"name":"Чернівецька вулиця","lines":"16, 32, 49","arr":["А16","А32","А49"],"roundabout":0,"mode":"bus","color":"#0059a9"}},{"type":"Feature","geometry":{"type":"LineString","coordinates":[[23.983871,49.833434],[23.983889,49.833382],[23.983905,49.833336],[23.984087,49.832909],[23.984218,49.832637],[23.984781,49.831377],[23.984874,49.831294],[23.987477,49.829287],[23.98759,49.829276]]},"properties":{"name":"Народна вулиця","lines":"16, 92","arr":["А16","А92"],"roundabout":0,"mode":"bus","color":"#0059a9"}},{"type":"Feature","geometry":{"type":"LineString","coordinates":[[24.058715,49.793852],[24.058441,49.793951],[24.058166,49.794101]]},"properties":{"name":"Сихівська вулиця","lines":"16, 19, 23, 37, 40, 41, 47, 24","arr":["А16","А19","А23","А37","А40","А41","А47","Тр24"],"roundabout":0,"mode":"bus","color":"#0059a9","trolley":"mix"}},{"type":"Feature","geometry":{"type":"LineString","coordinates":[[24.064096,49.794557],[24.064233,49.794583],[24.064282,49.794592],[24.06479,49.794691],[24.065141,49.794753]]},"properties":{"name":"Сихівська вулиця","lines":"16, 19, 23, 37, 40, 41, 46, 47, 24","arr":["А16","А19","А23","А37","А40","А41","А46","А47","Тр24"],"roundabout":0,"mode":"bus","color":"#0059a9","trolley":"mix"}},{"type":"Feature","geometry":{"type":"LineString","coordinates":[[24.065141,49.794753],[24.065624,49.794838],[24.065987,49.794902],[24.06687,49.795068],[24.067334,49.795157],[24.068167,49.795304],[24.068445,49.795348],[24.069358,49.795501],[24.070784,49.795795],[24.071953,49.796018],[24.072125,49.79606],[24.07222,49.796099],[24.072288,49.796157],[24.072357,49.796265],[24.072375,49.796379],[24.072345,49.796484],[24.072161,49.796762],[24.072074,49.796882],[24.071975,49.797023],[24.071917,49.797111],[24.071871,49.797177],[24.071785,49.797302],[24.071554,49.797667],[24.07119,49.798158],[24.070823,49.798666]]},"properties":{"name":"Сихівська вулиця","lines":"19, 23, 37, 40, 46, 47, 24","arr":["А19","А23","А37","А40","А46","А47","Тр24"],"roundabout":0,"mode":"bus","color":"#0059a9","trolley":"mix"}},{"type":"Feature","geometry":{"type":"LineString","coordinates":[[24.038553,49.87967],[24.038532,49.879673],[24.03834,49.879711],[24.038192,49.879772],[24.038053,49.879845],[24.037949,49.879901],[24.037812,49.880001],[24.037736,49.880072],[24.037689,49.880137],[24.037656,49.880217],[24.037649,49.880306],[24.037674,49.88054],[24.037686,49.880813]]},"properties":{"name":"вулиця Василя Щурата","lines":"17, 19, 84","arr":["А17","А19","А84"],"roundabout":0,"mode":"bus","color":"#0059a9"}},{"type":"Feature","geometry":{"type":"LineString","coordinates":[[24.040843,49.876415],[24.041308,49.876579],[24.042705,49.876964],[24.042811,49.87704],[24.04288,49.877119],[24.042922,49.877215],[24.04293,49.877377],[24.042892,49.877557],[24.042835,49.877661],[24.042774,49.877742],[24.042704,49.877813],[24.042589,49.877929]]},"properties":{"name":"вулиця Василя Щурата","lines":"17, 19, 84","arr":["А17","А19","А84"],"roundabout":0,"mode":"bus","color":"#0059a9"}},{"type":"Feature","geometry":{"type":"LineString","coordinates":[[24.035772,49.879381],[24.03574,49.879428],[24.035745,49.879445],[24.035751,49.879469],[24.035805,49.87952],[24.035937,49.879619],[24.035978,49.879649],[24.035987,49.879656],[24.036349,49.879934],[24.036607,49.880071],[24.036883,49.880175],[24.037102,49.880252],[24.037171,49.880296],[24.037196,49.880353],[24.037193,49.88045],[24.037182,49.880576],[24.037184,49.88065],[24.037201,49.880712],[24.037238,49.880753],[24.037291,49.880788],[24.037352,49.880806],[24.037502,49.880814],[24.037611,49.880812],[24.037686,49.880813]]},"properties":{"name":"вулиця Івана Миколайчука","lines":"17, 19, 84","arr":["А17","А19","А84"],"roundabout":0,"mode":"bus","color":"#0059a9"}},{"type":"Feature","geometry":{"type":"LineString","coordinates":[[24.035997,49.879227],[24.035817,49.879349],[24.035772,49.879381]]},"properties":{"name":"вулиця Івана Миколайчука","lines":"17, 19, 46, 55, 84","arr":["А17","А19","А46","А55","А84"],"roundabout":0,"mode":"bus","color":"#0059a9"}},{"type":"Feature","geometry":{"type":"LineString","coordinates":[[24.036723,49.878808],[24.036285,49.879058],[24.036257,49.879074],[24.03612,49.879152],[24.035997,49.879227]]},"properties":{"name":"вулиця Івана Миколайчука","lines":"17, 46, 55, 84","arr":["А17","А46","А55","А84"],"roundabout":0,"mode":"bus","color":"#0059a9"}},{"type":"Feature","geometry":{"type":"LineString","coordinates":[[24.036399,49.875946],[24.036404,49.875987],[24.036414,49.876063],[24.036416,49.876093],[24.036422,49.876163],[24.03642,49.876232],[24.03641,49.876307],[24.036398,49.876399],[24.036355,49.876632],[24.036324,49.876741],[24.036294,49.876854],[24.036279,49.876917],[24.036273,49.876978],[24.036273,49.877043],[24.036285,49.877114],[24.036304,49.877181],[24.036322,49.877244],[24.036435,49.87764],[24.036454,49.877706],[24.036469,49.87776],[24.035857,49.879136],[24.035973,49.879212],[24.035997,49.879227]]},"properties":{"name":"вулиця Віри, Надії, Любові","lines":"17, 19, 46, 84","arr":["А17","А19","А46","А84"],"roundabout":0,"mode":"bus","color":"#0059a9"}},{"type":"Feature","geometry":{"type":"LineString","coordinates":[[23.988628,49.846222],[23.988554,49.8463],[23.988442,49.846382],[23.988318,49.846528],[23.988162,49.846667],[23.988113,49.846686],[23.988087,49.846696],[23.98799,49.846698],[23.987623,49.846644],[23.986972,49.846548],[23.986907,49.846539],[23.98535,49.84631],[23.985281,49.8463],[23.985219,49.846291],[23.985033,49.846264],[23.983319,49.846012],[23.983065,49.845973],[23.983049,49.84597],[23.982664,49.84591],[23.982407,49.84587],[23.981904,49.845792],[23.980877,49.845632],[23.980337,49.845554],[23.979872,49.845486],[23.97922,49.845409],[23.978877,49.84537],[23.978712,49.845355],[23.978303,49.845317],[23.978174,49.845305],[23.977704,49.845261],[23.977581,49.845243],[23.976789,49.845129],[23.976572,49.845098],[23.976195,49.845044],[23.975971,49.845012],[23.975669,49.844968],[23.975557,49.844952],[23.975257,49.844909],[23.974928,49.844862],[23.9745,49.8448],[23.974131,49.844748],[23.973729,49.844684],[23.973305,49.844625],[23.972991,49.844578],[23.972592,49.844518],[23.972365,49.844485],[23.972306,49.844482],[23.97215,49.844481],[23.971906,49.844479],[23.971849,49.844478],[23.971676,49.84448],[23.971516,49.844481],[23.971237,49.84449],[23.970992,49.844527],[23.970866,49.84455],[23.970825,49.844565],[23.970731,49.8446]]},"properties":{"name":"Повітряна вулиця","lines":"17","arr":["А17"],"roundabout":0,"mode":"bus","color":"#0059a9"}},{"type":"Feature","geometry":{"type":"LineString","coordinates":[[23.970731,49.8446],[23.970739,49.844644],[23.970716,49.844711],[23.970576,49.845189],[23.970414,49.84573],[23.970273,49.846242],[23.970207,49.846481],[23.970123,49.846757],[23.970027,49.847074],[23.969876,49.847637],[23.969668,49.848414],[23.969657,49.848456],[23.969591,49.848702],[23.969507,49.849013]]},"properties":{"name":"вулиця Петра Калнишевського","lines":"17","arr":["А17"],"roundabout":0,"mode":"bus","color":"#0059a9"}},{"type":"Feature","geometry":{"type":"LineString","coordinates":[[23.969507,49.849013],[23.969158,49.848973],[23.968855,49.848939],[23.968547,49.848903],[23.968398,49.848886],[23.968265,49.848872],[23.967717,49.848808],[23.96763,49.848798],[23.967355,49.848766],[23.967203,49.848749],[23.967109,49.848738],[23.966522,49.848671],[23.966032,49.848615],[23.965793,49.848578],[23.965583,49.848553],[23.965552,49.848519]]},"properties":{"name":"вулиця Іванни Блажкевич","lines":"17","arr":["А17"],"roundabout":0,"mode":"bus","color":"#0059a9"}},{"type":"Feature","geometry":{"type":"LineString","coordinates":[[23.965552,49.848519],[23.965543,49.848462],[23.965616,49.848186],[23.965643,49.848107]]},"properties":{"name":"Суботівська вулиця","lines":"17","arr":["А17"],"roundabout":0,"mode":"bus","color":"#0059a9"}},{"type":"Feature","geometry":{"type":"LineString","coordinates":[[23.965915,49.848135],[23.965887,49.848233],[23.965793,49.848578]]},"properties":{"name":"Суботівська вулиця","lines":"17","arr":["А17"],"roundabout":0,"mode":"bus","color":"#0059a9"}},{"type":"Feature","geometry":{"type":"LineString","coordinates":[[23.965643,49.848107],[23.965476,49.848067],[23.965429,49.848016],[23.965431,49.847957],[23.96548,49.847703],[23.965523,49.847562]]},"properties":{"name":"","lines":"17","arr":["А17"],"roundabout":0,"mode":"bus","color":"#0059a9"}},{"type":"Feature","geometry":{"type":"LineString","coordinates":[[23.969165,49.84187],[23.969122,49.841926],[23.96905,49.841975],[23.968983,49.842009]]},"properties":{"name":"","lines":"17","arr":["А17"],"roundabout":0,"mode":"bus","color":"#0059a9"}},{"type":"Feature","geometry":{"type":"LineString","coordinates":[[23.965523,49.847562],[23.96557,49.847408],[23.965793,49.847327]]},"properties":{"name":"","lines":"17, 18, 20, 23, 32","arr":["А17","А18","А20","А23","Тр32"],"roundabout":0,"mode":"bus","color":"#0059a9","trolley":"mix"}},{"type":"Feature","geometry":{"type":"LineString","coordinates":[[23.965793,49.847327],[23.96588,49.847296]]},"properties":{"name":"","lines":"17, 18, 20, 23, 43, 32","arr":["А17","А18","А20","А23","А43","Тр32"],"roundabout":0,"mode":"bus","color":"#0059a9","trolley":"mix"}},{"type":"Feature","geometry":{"type":"LineString","coordinates":[[23.96588,49.847296],[23.965944,49.847078],[23.966113,49.846506],[23.966513,49.845152],[23.966546,49.845002],[23.966587,49.844846],[23.966664,49.844585],[23.966677,49.844541],[23.966778,49.844195],[23.966984,49.843499],[23.967244,49.842619],[23.96742,49.842044],[23.96758,49.841787]]},"properties":{"name":"Суботівська вулиця","lines":"17, 18, 20, 23, 43, 32","arr":["А17","А18","А20","А23","А43","Тр32"],"roundabout":0,"mode":"bus","color":"#0059a9","trolley":"mix"}},{"type":"Feature","geometry":{"type":"LineString","coordinates":[[23.967814,49.841944],[23.967716,49.842087],[23.967622,49.842369],[23.967359,49.843252],[23.967069,49.844229],[23.96687,49.844886],[23.966826,49.845083],[23.966798,49.845181],[23.966761,49.845306],[23.966666,49.845623],[23.966392,49.846543],[23.966351,49.846673],[23.966219,49.847116],[23.966023,49.847773]]},"properties":{"name":"Суботівська вулиця","lines":"17, 18, 20, 23, 43, 32","arr":["А17","А18","А20","А23","А43","Тр32"],"roundabout":0,"mode":"bus","color":"#0059a9","trolley":"mix"}},{"type":"Feature","geometry":{"type":"LineString","coordinates":[[23.96758,49.841787],[23.967822,49.841799],[23.967943,49.841806],[23.968816,49.841851],[23.969165,49.84187]]},"properties":{"name":"Широка вулиця","lines":"17, 18, 20, 23, 34, 43, 32","arr":["А17","А18","А20","А23","А34","А43","Тр32"],"roundabout":0,"mode":"bus","color":"#0059a9","trolley":"mix"}},{"type":"Feature","geometry":{"type":"LineString","coordinates":[[23.968983,49.842009],[23.967937,49.841951],[23.967814,49.841944]]},"properties":{"name":"Широка вулиця","lines":"17, 18, 20, 23, 34, 43, 32","arr":["А17","А18","А20","А23","А34","А43","Тр32"],"roundabout":0,"mode":"bus","color":"#0059a9","trolley":"mix"}},{"type":"Feature","geometry":{"type":"LineString","coordinates":[[23.969442,49.836568],[23.969494,49.836674],[23.969516,49.836717],[23.969497,49.836929],[23.969532,49.837042],[23.969631,49.837395],[23.969707,49.837655],[23.969755,49.837862],[23.969682,49.838367],[23.969673,49.838407],[23.969654,49.838567],[23.969568,49.839431],[23.969558,49.839487],[23.969499,49.839893],[23.969432,49.840358],[23.96937,49.840724],[23.969242,49.841496],[23.969203,49.841731],[23.969165,49.84187]]},"properties":{"name":"вулиця Якова Гніздовського","lines":"17","arr":["А17"],"roundabout":0,"mode":"bus","color":"#0059a9"}},{"type":"Feature","geometry":{"type":"LineString","coordinates":[[23.969442,49.836568],[23.969087,49.836634],[23.968872,49.836676],[23.968595,49.836691],[23.968475,49.836694],[23.968067,49.836688],[23.967564,49.83667],[23.967187,49.836626],[23.966897,49.836565],[23.966201,49.836383],[23.965995,49.836303],[23.965573,49.836103],[23.965091,49.835818],[23.965034,49.835781],[23.964868,49.835691],[23.964704,49.835659],[23.964591,49.835644],[23.964411,49.835656],[23.963217,49.83587],[23.962798,49.835924]]},"properties":{"name":"Рудненська вулиця","lines":"17","arr":["А17"],"roundabout":0,"mode":"bus","color":"#0059a9"}},{"type":"Feature","geometry":{"type":"LineString","coordinates":[[23.962798,49.835924],[23.962707,49.835896],[23.962656,49.835856],[23.962501,49.835558],[23.962481,49.835533],[23.962455,49.835515],[23.962417,49.835496],[23.962341,49.835468],[23.962235,49.835429],[23.96182,49.83529],[23.961372,49.835133],[23.960915,49.834963],[23.960643,49.834849],[23.960436,49.834745],[23.960198,49.834619],[23.95979,49.834387],[23.959097,49.833887],[23.958219,49.833328],[23.957379,49.832763],[23.956453,49.832148],[23.955954,49.831855],[23.955891,49.831789],[23.955768,49.831725],[23.955534,49.83161],[23.955465,49.83158],[23.955353,49.831531],[23.955246,49.831485],[23.954948,49.831368],[23.954646,49.831258],[23.954337,49.831152],[23.953317,49.830822],[23.953085,49.830749],[23.952688,49.830615],[23.952561,49.830573],[23.952374,49.83051],[23.951662,49.830274],[23.951553,49.830238],[23.950623,49.829936],[23.949654,49.829613],[23.949377,49.829526],[23.948595,49.829275],[23.948445,49.829227],[23.948038,49.829095],[23.947254,49.828843],[23.947002,49.828765]]},"properties":{"name":"вулиця Віктора Курмановича","lines":"17","arr":["А17"],"roundabout":0,"mode":"bus","color":"#0059a9"}},{"type":"Feature","geometry":{"type":"LineString","coordinates":[[23.950623,49.829936],[23.950557,49.83002],[23.95053,49.830057],[23.95048,49.830119],[23.950313,49.830344]]},"properties":{"name":"вулиця Данила Апостола","lines":"17","arr":["А17"],"roundabout":0,"mode":"bus","color":"#0059a9"}},{"type":"Feature","geometry":{"type":"LineString","coordinates":[[23.94542,49.830979],[23.9452,49.830906],[23.945412,49.830644],[23.946193,49.82968],[23.946894,49.8289],[23.947002,49.828765]]},"properties":{"name":"вулиця Данила Апостола","lines":"17","arr":["А17"],"roundabout":0,"mode":"bus","color":"#0059a9"}},{"type":"Feature","geometry":{"type":"LineString","coordinates":[[23.966023,49.847773],[23.965915,49.848135]]},"properties":{"name":"Суботівська вулиця","lines":"17, 43","arr":["А17","А43"],"roundabout":0,"mode":"bus","color":"#0059a9"}},{"type":"Feature","geometry":{"type":"LineString","coordinates":[[24.020841,49.843059],[24.020845,49.843045],[24.020862,49.842994],[24.020864,49.842985]]},"properties":{"name":"вулиця Шолом-Алейхема","lines":"17, 51, 84","arr":["А17","А51","А84"],"roundabout":0,"mode":"bus","color":"#0059a9"}},{"type":"Feature","geometry":{"type":"LineString","coordinates":[[24.017696,49.842457],[24.017733,49.842527],[24.017741,49.84256],[24.017745,49.842591],[24.017733,49.842636],[24.017705,49.842682],[24.017629,49.84276]]},"properties":{"name":"","lines":"17, 20, 34, 51, 61","arr":["А17","А20","А34","А51","А61"],"roundabout":0,"mode":"bus","color":"#0059a9"}},{"type":"Feature","geometry":{"type":"LineString","coordinates":[[24.026348,49.84458],[24.026337,49.844596],[24.026305,49.844644],[24.026293,49.844661]]},"properties":{"name":"Торгова вулиця","lines":"17, 51","arr":["А17","А51"],"roundabout":0,"mode":"bus","color":"#0059a9"}},{"type":"Feature","geometry":{"type":"LineString","coordinates":[[24.023678,49.844704],[24.02353,49.844589],[24.022843,49.844051],[24.022687,49.843912],[24.022675,49.843862],[24.022817,49.843365],[24.022842,49.843292],[24.022851,49.843264]]},"properties":{"name":"вулиця Дмитра Данилишина","lines":"17, 34, 51, 67","arr":["А17","А34","А51","А67"],"roundabout":0,"mode":"bus","color":"#0059a9"}},{"type":"Feature","geometry":{"type":"LineString","coordinates":[[24.023834,49.844642],[24.023678,49.844704]]},"properties":{"name":"Шпитальна вулиця","lines":"17, 34, 51, 67","arr":["А17","А34","А51","А67"],"roundabout":0,"mode":"bus","color":"#0059a9"}},{"type":"Feature","geometry":{"type":"LineString","coordinates":[[24.023834,49.844642],[24.023945,49.844737],[24.023992,49.844826],[24.02404,49.845283],[24.024084,49.845835],[24.024144,49.846374],[24.024151,49.846425]]},"properties":{"name":"вулиця Пантелеймона Куліша","lines":"17, 34, 51","arr":["А17","А34","А51"],"roundabout":0,"mode":"bus","color":"#0059a9"}},{"type":"Feature","geometry":{"type":"LineString","coordinates":[[24.024151,49.846425],[24.024238,49.846423],[24.024317,49.846421],[24.025048,49.846405]]},"properties":{"name":"Зернова вулиця","lines":"17, 34, 51","arr":["А17","А34","А51"],"roundabout":0,"mode":"bus","color":"#0059a9"}},{"type":"Feature","geometry":{"type":"LineString","coordinates":[[24.025368,49.846397],[24.025532,49.846395]]},"properties":{"name":"Зернова вулиця","lines":"17, 22, 34, 37, 51","arr":["А17","А22","А34","А37","А51"],"roundabout":0,"mode":"bus","color":"#0059a9"}},{"type":"Feature","geometry":{"type":"LineString","coordinates":[[24.042589,49.877929],[24.042383,49.878062],[24.041957,49.878336],[24.041469,49.878633],[24.041434,49.878668],[24.041414,49.878687],[24.04138,49.878749],[24.041353,49.87888],[24.04134,49.878966],[24.041331,49.878998],[24.041111,49.879067],[24.040731,49.879143]]},"properties":{"name":"вулиця Василя Щурата","lines":"17, 84","arr":["А17","А84"],"roundabout":0,"mode":"bus","color":"#0059a9"}},{"type":"Feature","geometry":{"type":"LineString","coordinates":[[23.969165,49.84187],[23.969377,49.841881],[23.969589,49.841893],[23.970868,49.841964],[23.971087,49.841976],[23.972595,49.842073],[23.972846,49.842094],[23.972932,49.842101],[23.973467,49.842163],[23.973577,49.842177],[23.973827,49.842219],[23.974338,49.842301]]},"properties":{"name":"Широка вулиця","lines":"18, 20, 23, 34, 43, 32","arr":["А18","А20","А23","А34","А43","Тр32"],"roundabout":0,"mode":"bus","color":"#0059a9","trolley":"mix"}},{"type":"Feature","geometry":{"type":"LineString","coordinates":[[23.979342,49.842624],[23.978914,49.842714],[23.978761,49.842743],[23.978588,49.842769],[23.978482,49.842781],[23.978222,49.842782],[23.977978,49.842753],[23.97774,49.842705],[23.977255,49.842584],[23.977018,49.84252],[23.976809,49.842473],[23.976552,49.842427],[23.97632,49.842402],[23.976137,49.842386],[23.975496,49.842351],[23.975362,49.842345],[23.97473,49.84232],[23.974338,49.842301],[23.97358,49.842262],[23.972919,49.842228],[23.972819,49.842221],[23.972346,49.842187],[23.971499,49.842141],[23.971071,49.842118],[23.970847,49.842107],[23.970421,49.842084],[23.969566,49.842038],[23.969114,49.842016],[23.968983,49.842009]]},"properties":{"name":"Широка вулиця","lines":"18, 20, 23, 34, 43, 32","arr":["А18","А20","А23","А34","А43","Тр32"],"roundabout":0,"mode":"bus","color":"#0059a9","trolley":"mix"}},{"type":"Feature","geometry":{"type":"LineString","coordinates":[[24.075185,49.835746],[24.075196,49.835825],[24.07543,49.837123],[24.075354,49.83722]]},"properties":{"name":"вулиця Михайла Голинського","lines":"18, 19, 29, 61","arr":["А18","А19","А29","А61"],"roundabout":0,"mode":"bus","color":"#0059a9"}},{"type":"Feature","geometry":{"type":"LineString","coordinates":[[24.085307,49.840344],[24.08528,49.840335],[24.085264,49.840329],[24.085101,49.840286],[24.084943,49.840245],[24.084593,49.840158],[24.08452,49.84014],[24.084378,49.840103],[24.084233,49.840063],[24.084097,49.840024],[24.084047,49.840008],[24.083961,49.839981],[24.083843,49.839938],[24.083727,49.839883],[24.08344,49.839729],[24.083141,49.839573],[24.082894,49.839461],[24.08275,49.839396],[24.082278,49.839206],[24.081809,49.839009],[24.08156,49.838906],[24.081342,49.838816],[24.081111,49.838716],[24.080879,49.838612],[24.080599,49.838495],[24.080506,49.838455],[24.080023,49.838259],[24.079976,49.838239],[24.079801,49.83817],[24.079765,49.838156],[24.079517,49.838064],[24.079348,49.838016],[24.079167,49.837977],[24.078873,49.83796],[24.078579,49.837947],[24.078378,49.837937],[24.077341,49.837887],[24.07726,49.837879],[24.077127,49.837866],[24.076987,49.837845],[24.076946,49.83783],[24.076814,49.837781],[24.076622,49.837699],[24.076487,49.837643],[24.076207,49.837538],[24.075538,49.837289],[24.075354,49.83722],[24.075231,49.837183],[24.075115,49.837157],[24.074895,49.837108],[24.074386,49.837017],[24.074123,49.836977],[24.073986,49.836954],[24.073865,49.836934],[24.073003,49.836797],[24.071908,49.83661],[24.071069,49.836467],[24.070889,49.836437],[24.070717,49.836399],[24.070599,49.836363],[24.07052,49.836316],[24.07048,49.836286],[24.070449,49.836264],[24.070423,49.836236],[24.070389,49.836189]]},"properties":{"name":"вулиця Глинянський Тракт","lines":"18, 19, 23, 29, 61","arr":["А18","А19","А23","А29","А61"],"roundabout":0,"mode":"bus","color":"#0059a9"}},{"type":"Feature","geometry":{"type":"LineString","coordinates":[[24.085307,49.840344],[24.08538,49.840333],[24.085513,49.840312],[24.08571,49.840285],[24.085822,49.840278],[24.086153,49.84026],[24.086246,49.840258],[24.086597,49.840249],[24.087278,49.840232],[24.087485,49.840227],[24.089333,49.840163],[24.089469,49.840173],[24.089723,49.84019],[24.090174,49.840239],[24.090658,49.840298],[24.090939,49.840344],[24.091033,49.84036],[24.092084,49.840635],[24.09213,49.840647],[24.092196,49.840665],[24.092754,49.840788],[24.092771,49.840791],[24.093147,49.840858],[24.093207,49.840869],[24.093763,49.840969],[24.09522,49.841213],[24.095299,49.841222],[24.095697,49.841268],[24.096323,49.841334],[24.096581,49.841359],[24.096745,49.841375],[24.097137,49.841413],[24.097179,49.841417],[24.097977,49.841505],[24.098334,49.841561],[24.098423,49.841575],[24.098541,49.84159],[24.098758,49.84162],[24.099007,49.841655],[24.099479,49.84174],[24.099809,49.841795],[24.099996,49.841823],[24.100791,49.841961],[24.100846,49.84197],[24.100953,49.841988],[24.101097,49.842008],[24.101399,49.842051],[24.102526,49.842183],[24.103043,49.842243],[24.103089,49.842249],[24.103236,49.842264],[24.103647,49.842305]]},"properties":{"name":"вулиця Глинянський Тракт","lines":"18, 23, 29, 61","arr":["А18","А23","А29","А61"],"roundabout":0,"mode":"bus","color":"#0059a9"}},{"type":"Feature","geometry":{"type":"LineString","coordinates":[[24.104304,49.842371],[24.104165,49.842357],[24.104115,49.842352],[24.103647,49.842305]]},"properties":{"name":"вулиця Глинянський Тракт","lines":"29, 61","arr":["А29","А61"],"roundabout":0,"mode":"bus","color":"#0059a9"}},{"type":"Feature","geometry":{"type":"LineString","coordinates":[[24.070389,49.836189],[24.070364,49.836139],[24.070353,49.836118],[24.070334,49.836067],[24.070318,49.836012],[24.070304,49.835949]]},"properties":{"name":"вулиця Глинянський Тракт","lines":"18, 19, 23, 29, 39, 61","arr":["А18","А19","А23","А29","А39","А61"],"roundabout":0,"mode":"bus","color":"#0059a9"}},{"type":"Feature","geometry":{"type":"LineString","coordinates":[[24.067301,49.783667],[24.0673,49.78371]]},"properties":{"name":"","lines":"19","arr":["А19"],"roundabout":0,"mode":"bus","color":"#0059a9"}},{"type":"Feature","geometry":{"type":"LineString","coordinates":[[24.064379,49.859735],[24.064158,49.859718],[24.064,49.859591],[24.063725,49.859561]]},"properties":{"name":"","lines":"19","arr":["А19"],"roundabout":0,"mode":"bus","color":"#0059a9"}},{"type":"Feature","geometry":{"type":"LineString","coordinates":[[24.070823,49.798666],[24.070616,49.798764],[24.070394,49.798868],[24.069692,49.799202],[24.069311,49.799378],[24.069205,49.799427],[24.068986,49.799537],[24.068565,49.799737],[24.068215,49.799918],[24.068,49.800034],[24.06778,49.800164],[24.067568,49.800305],[24.067353,49.800472],[24.067154,49.800626],[24.066812,49.800909],[24.066585,49.8011],[24.06623,49.801405],[24.066159,49.801463],[24.065985,49.801608],[24.065788,49.801774],[24.065686,49.801857],[24.065504,49.802012],[24.065242,49.802253],[24.065076,49.802415],[24.064914,49.802587],[24.064778,49.802749],[24.064753,49.802779],[24.06464,49.802912],[24.064587,49.802984],[24.064394,49.803228],[24.064216,49.803447],[24.064103,49.803584],[24.064016,49.803692],[24.063925,49.803807],[24.063638,49.804142],[24.06352,49.804288],[24.063332,49.804508],[24.062983,49.804893],[24.062912,49.804969],[24.062782,49.805108],[24.062737,49.805159],[24.062521,49.805418],[24.062352,49.805677],[24.062306,49.805753],[24.062238,49.805869],[24.0622,49.805927],[24.062129,49.805994],[24.062043,49.806069],[24.061855,49.806216],[24.061635,49.806398]]},"properties":{"name":"Зелена вулиця","lines":"19, 23, 37, 40, 46, 47, 24, 31","arr":["А19","А23","А37","А40","А46","А47","Тр24","Тр31"],"roundabout":0,"mode":"bus","color":"#0059a9","trolley":"mix"}},{"type":"Feature","geometry":{"type":"LineString","coordinates":[[24.061536,49.806456],[24.061319,49.806569],[24.061151,49.806646],[24.060993,49.806715],[24.060776,49.806787],[24.061062,49.806797],[24.061173,49.806807],[24.061293,49.806819],[24.061381,49.806833],[24.061463,49.80685],[24.061538,49.806882]]},"properties":{"name":"Луганська вулиця","lines":"19, 31","arr":["А19","Тр31"],"roundabout":0,"mode":"bus","color":"#0059a9","trolley":"mix"}},{"type":"Feature","geometry":{"type":"LineString","coordinates":[[24.062296,49.806915],[24.062385,49.806882],[24.062572,49.806845],[24.062636,49.806833],[24.062759,49.806818],[24.062892,49.806805],[24.063137,49.806788]]},"properties":{"name":"Пасічна вулиця","lines":"19","arr":["А19"],"roundabout":0,"mode":"bus","color":"#0059a9"}},{"type":"Feature","geometry":{"type":"LineString","coordinates":[[24.078373,49.813988],[24.078505,49.813637],[24.078622,49.813336],[24.078807,49.812876],[24.079071,49.812198],[24.079278,49.811646],[24.079389,49.811342],[24.079468,49.811107],[24.07949,49.811042],[24.079551,49.810792],[24.079573,49.810625],[24.079575,49.810492],[24.079573,49.810365],[24.079564,49.810255],[24.079529,49.810119],[24.079486,49.809997],[24.079482,49.809985],[24.079403,49.80982],[24.079355,49.809735],[24.079201,49.809515],[24.079051,49.809379],[24.078907,49.809227],[24.078787,49.809101],[24.078653,49.808989],[24.078481,49.808827],[24.07832,49.808688],[24.078229,49.808611],[24.077984,49.808363],[24.077605,49.808056],[24.077368,49.807882],[24.077097,49.807718],[24.076903,49.807601],[24.07677,49.807537],[24.07664,49.807479],[24.07645,49.807411],[24.076247,49.80735],[24.075632,49.807218],[24.075385,49.807191],[24.075074,49.807174],[24.074691,49.807165],[24.074349,49.807172],[24.074017,49.807189],[24.073765,49.807202],[24.072508,49.807264],[24.071991,49.80729],[24.071563,49.807312],[24.071047,49.807338],[24.070673,49.807354],[24.070408,49.807362],[24.069709,49.807375],[24.069377,49.807374],[24.068965,49.807361],[24.068884,49.807357],[24.068515,49.807337],[24.068157,49.807311],[24.067822,49.807284],[24.067303,49.807237],[24.06687,49.807196],[24.066108,49.807117],[24.065992,49.807105],[24.065647,49.807064],[24.065135,49.807013],[24.064899,49.806987],[24.064483,49.806942],[24.064324,49.806926],[24.063553,49.80684],[24.063264,49.806805],[24.063137,49.806788],[24.062949,49.806727],[24.062792,49.806671],[24.062678,49.806628],[24.062565,49.806575],[24.062385,49.806481]]},"properties":{"name":"Пасічна вулиця","lines":"19","arr":["А19"],"roundabout":0,"mode":"bus","color":"#0059a9"}},{"type":"Feature","geometry":{"type":"LineString","coordinates":[[24.068305,49.835633],[24.068396,49.835708],[24.068417,49.835756],[24.068451,49.835819],[24.068497,49.835863],[24.06855,49.835894],[24.068637,49.835945],[24.068699,49.835968],[24.068781,49.835989]]},"properties":{"name":"","lines":"19, 23, 27, 40","arr":["А19","А23","А27","А40"],"roundabout":0,"mode":"bus","color":"#0059a9"}},{"type":"Feature","geometry":{"type":"LineString","coordinates":[[24.084631,49.847973],[24.084681,49.847876],[24.08473,49.847744],[24.084772,49.847519],[24.084775,49.847499],[24.084907,49.846799],[24.084935,49.846482],[24.084907,49.846089],[24.084757,49.845512],[24.084553,49.844774],[24.084539,49.844599],[24.084553,49.844468],[24.084606,49.84436],[24.084664,49.84428],[24.084785,49.844178],[24.084938,49.844086],[24.085284,49.84392],[24.085527,49.843782],[24.085739,49.843645],[24.086012,49.843445],[24.086118,49.843349],[24.086182,49.843291],[24.086266,49.843195],[24.08629,49.843163],[24.086416,49.842995],[24.086487,49.842878],[24.086549,49.842762],[24.086566,49.842727],[24.086615,49.842612],[24.086656,49.842497],[24.086694,49.842362],[24.08672,49.842224],[24.086717,49.8421],[24.086708,49.841988],[24.086687,49.841866],[24.086659,49.841756],[24.086613,49.841627],[24.086557,49.841504],[24.086494,49.841372],[24.086415,49.841241],[24.086288,49.84105],[24.086193,49.840946],[24.086088,49.840839],[24.085986,49.840741],[24.085917,49.840683],[24.085843,49.840631],[24.085651,49.840515],[24.085641,49.840509],[24.085419,49.840393],[24.085307,49.840344]]},"properties":{"name":"Богданівська вулиця","lines":"19","arr":["А19"],"roundabout":0,"mode":"bus","color":"#0059a9"}},{"type":"Feature","geometry":{"type":"LineString","coordinates":[[24.074486,49.856658],[24.074399,49.856751],[24.07398,49.8572],[24.073855,49.857346],[24.073726,49.857472],[24.073307,49.857921],[24.072912,49.858363],[24.072643,49.858707],[24.072595,49.858778],[24.072352,49.859149],[24.072009,49.859747]]},"properties":{"name":"Богданівська вулиця","lines":"19","arr":["А19"],"roundabout":0,"mode":"bus","color":"#0059a9"}},{"type":"Feature","geometry":{"type":"LineString","coordinates":[[24.071911,49.860517],[24.071912,49.860468],[24.071915,49.860435],[24.071919,49.860405],[24.071941,49.860132],[24.071977,49.859944],[24.072009,49.859747],[24.071838,49.859932],[24.07173,49.860073],[24.071538,49.860251],[24.071372,49.860411]]},"properties":{"name":"Богданівська вулиця","lines":"19","arr":["А19"],"roundabout":0,"mode":"bus","color":"#0059a9"}},{"type":"Feature","geometry":{"type":"LineString","coordinates":[[24.084631,49.847973],[24.084382,49.848248],[24.084284,49.848322],[24.084043,49.848503],[24.083722,49.848743],[24.083543,49.848877],[24.083412,49.848975],[24.083349,49.849022],[24.08331,49.849052],[24.082737,49.84948],[24.082495,49.849675],[24.081758,49.850211],[24.081492,49.850369],[24.08113,49.850507],[24.080669,49.85058],[24.079566,49.850645],[24.07941,49.850661],[24.079255,49.850677],[24.079204,49.85069],[24.079097,49.850718],[24.079008,49.850741],[24.078908,49.850779],[24.078778,49.850829],[24.077882,49.851283],[24.077595,49.851508],[24.077466,49.851682],[24.077405,49.85188],[24.077395,49.852181],[24.077412,49.852306],[24.077422,49.852381],[24.077465,49.85256],[24.077506,49.852854],[24.077513,49.853098],[24.07749,49.85323],[24.077428,49.853434],[24.077284,49.853661],[24.077173,49.853781],[24.076715,49.85427],[24.076585,49.854409],[24.076467,49.854536],[24.076418,49.854588],[24.076327,49.854685]]},"properties":{"name":"Богданівська вулиця","lines":"19, 39, 39а","arr":["А19","А39","А39а"],"roundabout":0,"mode":"bus","color":"#0059a9"}},{"type":"Feature","geometry":{"type":"LineString","coordinates":[[24.076327,49.854685],[24.076088,49.85494],[24.075843,49.855203],[24.075793,49.855256],[24.075393,49.855685],[24.075111,49.855987],[24.075006,49.8561],[24.074906,49.856207],[24.074486,49.856658]]},"properties":{"name":"Богданівська вулиця","lines":"19, 39","arr":["А19","А39"],"roundabout":0,"mode":"bus","color":"#0059a9"}},{"type":"Feature","geometry":{"type":"LineString","coordinates":[[24.071584,49.860698],[24.071224,49.860659],[24.070852,49.860621]]},"properties":{"name":"Пластова вулиця","lines":"19","arr":["А19"],"roundabout":0,"mode":"bus","color":"#0059a9"}},{"type":"Feature","geometry":{"type":"LineString","coordinates":[[24.06372,49.859824],[24.064815,49.85995],[24.066039,49.860091],[24.066247,49.860115],[24.068415,49.860365],[24.069094,49.860443],[24.069941,49.860529],[24.07013,49.860554],[24.070626,49.860609],[24.07071,49.860617],[24.070852,49.860621],[24.071042,49.860606],[24.071171,49.860542],[24.071268,49.860488],[24.071372,49.860411]]},"properties":{"name":"Пластова вулиця","lines":"19","arr":["А19"],"roundabout":0,"mode":"bus","color":"#0059a9"}},{"type":"Feature","geometry":{"type":"LineString","coordinates":[[24.06372,49.859824],[24.061659,49.85957],[24.060647,49.859452],[24.06018,49.859419],[24.059835,49.859483]]},"properties":{"name":"Пластова вулиця","lines":"19, 20","arr":["А19","А20"],"roundabout":0,"mode":"bus","color":"#0059a9"}},{"type":"Feature","geometry":{"type":"LineString","coordinates":[[24.059835,49.859483],[24.059177,49.859],[24.05864,49.858605],[24.058383,49.858417],[24.057953,49.858064],[24.057685,49.857848],[24.057418,49.857606],[24.057353,49.857536],[24.05734,49.857522],[24.057316,49.857496],[24.057236,49.85741],[24.057137,49.85724],[24.057059,49.857057],[24.056959,49.856627],[24.056939,49.85654],[24.056842,49.856122],[24.056825,49.856048],[24.056765,49.85579],[24.056719,49.855397],[24.05669,49.855269],[24.05668,49.855223]]},"properties":{"name":"Ковельська вулиця","lines":"19","arr":["А19"],"roundabout":0,"mode":"bus","color":"#0059a9"}},{"type":"Feature","geometry":{"type":"LineString","coordinates":[[24.05668,49.855223],[24.053924,49.855534],[24.053768,49.85555],[24.05363,49.855565],[24.053457,49.855584],[24.053331,49.855597],[24.053209,49.85561],[24.052754,49.855659],[24.052613,49.855674],[24.052324,49.855702],[24.051609,49.855769],[24.051245,49.855803],[24.050986,49.855821],[24.050629,49.855851],[24.050467,49.855864],[24.050355,49.855872],[24.050155,49.855883],[24.050042,49.855886],[24.049934,49.855884],[24.049893,49.855884],[24.049812,49.855882],[24.049744,49.855876],[24.049705,49.855873],[24.049573,49.855851],[24.049294,49.855802],[24.049142,49.855776],[24.048589,49.85566],[24.048484,49.855626],[24.048414,49.855602],[24.047975,49.855478],[24.047893,49.855454],[24.04697,49.854986],[24.046835,49.854906],[24.046371,49.854633],[24.046168,49.854514],[24.046077,49.854483],[24.045998,49.854498]]},"properties":{"name":"Новознесенська вулиця","lines":"19","arr":["А19"],"roundabout":0,"mode":"bus","color":"#0059a9"}},{"type":"Feature","geometry":{"type":"LineString","coordinates":[[24.045998,49.854498],[24.045929,49.854528],[24.045878,49.854579],[24.045835,49.854665],[24.045588,49.855159],[24.045525,49.855284],[24.045494,49.855332],[24.045424,49.855412],[24.045403,49.855435],[24.045326,49.855486],[24.045261,49.855509],[24.045209,49.855531]]},"properties":{"name":"Механічна вулиця","lines":"19","arr":["А19"],"roundabout":0,"mode":"bus","color":"#0059a9"}},{"type":"Feature","geometry":{"type":"LineString","coordinates":[[24.045209,49.855531],[24.045277,49.855609],[24.045428,49.85579],[24.04577,49.856199],[24.04601,49.856481],[24.046035,49.856511],[24.046058,49.856541],[24.046079,49.856568],[24.046559,49.857118],[24.046599,49.857165],[24.046873,49.857491],[24.046993,49.857633],[24.047121,49.857777],[24.047214,49.857896],[24.047365,49.858077],[24.04754,49.858278],[24.048043,49.858873],[24.048209,49.859067],[24.048396,49.859294],[24.04888,49.859866],[24.04947,49.860559],[24.049685,49.860806],[24.049803,49.860948],[24.049998,49.861173],[24.050144,49.861348],[24.050211,49.861431],[24.05042,49.861681],[24.050738,49.862043],[24.050778,49.862091],[24.050859,49.862179],[24.05097,49.862302],[24.051051,49.862398],[24.051835,49.863374],[24.051969,49.863538],[24.052073,49.863661],[24.0521,49.863698],[24.05213,49.863733],[24.052171,49.863781],[24.052445,49.864095],[24.052527,49.864194],[24.052739,49.864363],[24.052799,49.864432],[24.053248,49.864667]]},"properties":{"name":"вулиця Богдана Хмельницького","lines":"19, 20, 25, 48, 58, 59, 62, 63","arr":["А19","А20","А25","А48","А58","А59","А62","А63"],"roundabout":0,"mode":"bus","color":"#0059a9"}},{"type":"Feature","geometry":{"type":"LineString","coordinates":[[24.052716,49.864784],[24.052799,49.864432]]},"properties":{"name":"вулиця Богдана Хмельницького","lines":"19, 25, 48","arr":["А19","А25","А48"],"roundabout":0,"mode":"bus","color":"#0059a9"}},{"type":"Feature","geometry":{"type":"LineString","coordinates":[[24.06372,49.859824],[24.063726,49.859754],[24.063725,49.859561]]},"properties":{"name":"Польова вулиця","lines":"19, 20","arr":["А19","А20"],"roundabout":0,"mode":"bus","color":"#0059a9"}},{"type":"Feature","geometry":{"type":"LineString","coordinates":[[24.063725,49.859561],[24.063721,49.859266],[24.063718,49.859012],[24.063704,49.857756],[24.063696,49.857484],[24.063683,49.856969],[24.063681,49.85688]]},"properties":{"name":"Польова вулиця","lines":"20","arr":["А20"],"roundabout":0,"mode":"bus","color":"#0059a9"}},{"type":"Feature","geometry":{"type":"LineString","coordinates":[[24.0622,49.805927],[24.062176,49.806024],[24.062175,49.806139],[24.0622,49.806244],[24.062229,49.806321],[24.062272,49.806407]]},"properties":{"name":"Зелена вулиця","lines":"19, 23, 40, 46, 47, 24, 31","arr":["А19","А23","А40","А46","А47","Тр24","Тр31"],"roundabout":0,"mode":"bus","color":"#0059a9","trolley":"mix"}},{"type":"Feature","geometry":{"type":"LineString","coordinates":[[23.977732,49.833789],[23.977909,49.833704],[23.978142,49.833576],[23.978266,49.833527],[23.978424,49.833492],[23.978788,49.833466],[23.979856,49.833437],[23.980445,49.833411],[23.981202,49.833385],[23.981679,49.833368],[23.981983,49.833363],[23.982201,49.833349],[23.983371,49.833343]]},"properties":{"name":"","lines":"20, 34, 43, 49, 32","arr":["А20","А34","А43","А49","Тр32"],"roundabout":0,"mode":"bus","color":"#0059a9","trolley":"mix"}},{"type":"Feature","geometry":{"type":"LineString","coordinates":[[24.020311,49.842996],[24.020306,49.842929],[24.020305,49.842918]]},"properties":{"name":"","lines":"20, 84","arr":["А20","А84"],"roundabout":0,"mode":"bus","color":"#0059a9"}},{"type":"Feature","geometry":{"type":"LineString","coordinates":[[24.024962,49.850186],[24.02495,49.850275],[24.024944,49.850395],[24.025088,49.850465]]},"properties":{"name":"проспект Вʼячеслава Чорновола","lines":"20, 48","arr":["А20","А48"],"roundabout":0,"mode":"bus","color":"#0059a9"}},{"type":"Feature","geometry":{"type":"LineString","coordinates":[[24.026171,49.850436],[24.025979,49.850443],[24.025729,49.850449],[24.025589,49.850453],[24.025549,49.850454],[24.025481,49.850455],[24.025088,49.850465],[24.024873,49.850477],[24.024657,49.850482]]},"properties":{"name":"вулиця Під Дубом","lines":"20, 48, 56, 58, 59, 63","arr":["А20","А48","А56","А58","А59","А63"],"roundabout":0,"mode":"bus","color":"#0059a9"}},{"type":"Feature","geometry":{"type":"LineString","coordinates":[[24.026753,49.850435],[24.026741,49.850434],[24.026528,49.850419],[24.026171,49.850436]]},"properties":{"name":"вулиця Під Дубом","lines":"20, 48, 58, 59, 63","arr":["А20","А48","А58","А59","А63"],"roundabout":0,"mode":"bus","color":"#0059a9"}},{"type":"Feature","geometry":{"type":"LineString","coordinates":[[24.026753,49.850435],[24.02675,49.850531],[24.026763,49.850641],[24.026836,49.850952],[24.026871,49.851029],[24.026912,49.851107],[24.027098,49.851466],[24.027138,49.851543],[24.027244,49.85173],[24.0274,49.852006],[24.02759,49.852348],[24.027811,49.852737],[24.02803,49.853089],[24.028041,49.853104]]},"properties":{"name":"Замарстинівська вулиця","lines":"20, 48, 58, 59, 63","arr":["А20","А48","А58","А59","А63"],"roundabout":0,"mode":"bus","color":"#0059a9"}},{"type":"Feature","geometry":{"type":"LineString","coordinates":[[24.026836,49.850952],[24.026851,49.85095],[24.026879,49.850946],[24.028875,49.850707],[24.029013,49.850716]]},"properties":{"name":"вулиця Луки Долинського","lines":"20, 48, 58, 59, 63","arr":["А20","А48","А58","А59","А63"],"roundabout":0,"mode":"bus","color":"#0059a9"}},{"type":"Feature","geometry":{"type":"LineString","coordinates":[[24.029013,49.850716],[24.029065,49.850738],[24.029125,49.850764],[24.029759,49.851192],[24.029926,49.851305],[24.03014,49.851388],[24.030163,49.851397],[24.030626,49.851529],[24.031131,49.851681],[24.031897,49.851911],[24.032091,49.851969],[24.03221,49.852007],[24.032676,49.852148]]},"properties":{"name":"вулиця Богдана Хмельницького","lines":"20, 48, 58, 59, 63","arr":["А20","А48","А58","А59","А63"],"roundabout":0,"mode":"bus","color":"#0059a9"}},{"type":"Feature","geometry":{"type":"LineString","coordinates":[[24.040134,49.853572],[24.03979,49.853544]]},"properties":{"name":"вулиця Богдана Хмельницького","lines":"20, 48, 58, 59, 63","arr":["А20","А48","А58","А59","А63"],"roundabout":0,"mode":"bus","color":"#0059a9"}},{"type":"Feature","geometry":{"type":"LineString","coordinates":[[24.032676,49.852148],[24.032941,49.852229],[24.033122,49.852285],[24.033347,49.852361],[24.033493,49.852411],[24.034398,49.852748],[24.034768,49.852892],[24.035011,49.852981],[24.035284,49.853058],[24.035924,49.853135],[24.036465,49.853192],[24.036631,49.853208],[24.036788,49.853228],[24.036928,49.853243],[24.038091,49.853371],[24.038429,49.853405],[24.03979,49.853544]]},"properties":{"name":"вулиця Богдана Хмельницького","lines":"20, 48, 58, 59, 62, 63","arr":["А20","А48","А58","А59","А62","А63"],"roundabout":0,"mode":"bus","color":"#0059a9","nolabel":1}},{"type":"Feature","geometry":{"type":"LineString","coordinates":[[24.040195,49.853594],[24.040274,49.853644],[24.040318,49.853684],[24.04034,49.853714],[24.040366,49.853769],[24.040387,49.853821],[24.040421,49.853924],[24.0406,49.854324],[24.040742,49.854576],[24.040913,49.854886],[24.040932,49.854921],[24.041355,49.855688],[24.041677,49.856261],[24.041731,49.856359],[24.041919,49.856688],[24.042275,49.857336],[24.042326,49.857408],[24.042434,49.857587],[24.042538,49.857751],[24.042584,49.857826],[24.042628,49.857902],[24.042684,49.857997],[24.042771,49.858145],[24.042927,49.858408],[24.043007,49.858553],[24.043304,49.859037],[24.043399,49.859219],[24.043448,49.859406],[24.043554,49.860023],[24.043565,49.860077],[24.043633,49.860381],[24.043655,49.860486],[24.043706,49.860702],[24.043723,49.860779],[24.043806,49.861211],[24.043846,49.861371],[24.043883,49.861589],[24.043929,49.861821],[24.043968,49.862024],[24.044006,49.862194],[24.044015,49.862247],[24.044169,49.863027],[24.044218,49.863247],[24.044374,49.864072],[24.044411,49.864233],[24.044446,49.864407],[24.044464,49.864653],[24.044411,49.865053],[24.044368,49.86527]]},"properties":{"name":"Промислова вулиця","lines":"58, 59","arr":["А58","А59"],"roundabout":0,"mode":"bus","color":"#0059a9","nolabel":1}},{"type":"Feature","geometry":{"type":"LineString","coordinates":[[24.040195,49.853594],[24.040134,49.853572]]},"properties":{"name":"Промислова вулиця","lines":"20, 48, 58, 59, 63","arr":["А20","А48","А58","А59","А63"],"roundabout":0,"mode":"bus","color":"#0059a9"}},{"type":"Feature","geometry":{"type":"LineString","coordinates":[[24.040899,49.853698],[24.040809,49.853681],[24.040743,49.853672],[24.040578,49.85365],[24.040242,49.853605],[24.040195,49.853594],[24.040087,49.853584],[24.03979,49.853544]]},"properties":{"name":"","lines":"20, 48, 58, 59, 62, 63","arr":["А20","А48","А58","А59","А62","А63"],"roundabout":0,"mode":"bus","color":"#0059a9"}},{"type":"Feature","geometry":{"type":"LineString","coordinates":[[24.041115,49.853657],[24.041098,49.85367],[24.040994,49.853688],[24.040899,49.853698]]},"properties":{"name":"Опришківська вулиця","lines":"20, 48, 59, 63","arr":["А20","А48","А59","А63"],"roundabout":0,"mode":"bus","color":"#0059a9"}},{"type":"Feature","geometry":{"type":"LineString","coordinates":[[24.041115,49.853657],[24.041233,49.853681],[24.041856,49.853757],[24.042022,49.853778],[24.042141,49.853792]]},"properties":{"name":"вулиця Богдана Хмельницького","lines":"20, 25, 48, 59, 63","arr":["А20","А25","А48","А59","А63"],"roundabout":0,"mode":"bus","color":"#0059a9"}},{"type":"Feature","geometry":{"type":"LineString","coordinates":[[24.042141,49.853792],[24.042832,49.853877],[24.042903,49.853886],[24.043363,49.853968],[24.04351,49.854016]]},"properties":{"name":"вулиця Богдана Хмельницького","lines":"20, 25, 48, 58, 59, 62, 63","arr":["А20","А25","А48","А58","А59","А62","А63"],"roundabout":0,"mode":"bus","color":"#0059a9"}},{"type":"Feature","geometry":{"type":"LineString","coordinates":[[24.043777,49.85412],[24.043928,49.854169],[24.044056,49.85421],[24.044093,49.854253],[24.044149,49.854316],[24.044226,49.854404],[24.044573,49.8548],[24.044669,49.854908],[24.044874,49.855142],[24.045088,49.8554],[24.045188,49.855508],[24.045209,49.855531]]},"properties":{"name":"вулиця Богдана Хмельницького","lines":"20, 25, 48, 58, 59, 62, 63","arr":["А20","А25","А48","А58","А59","А62","А63"],"roundabout":0,"mode":"bus","color":"#0059a9"}},{"type":"Feature","geometry":{"type":"LineString","coordinates":[[24.051051,49.862398],[24.051122,49.862375],[24.051167,49.862363],[24.051774,49.862135],[24.052109,49.862012],[24.052201,49.861999],[24.052303,49.861988],[24.052388,49.861987],[24.052506,49.862001],[24.052583,49.86202],[24.052657,49.862051],[24.053135,49.862259],[24.05324,49.862289],[24.054744,49.862588],[24.054946,49.862648],[24.055118,49.862732],[24.055174,49.862773],[24.05537,49.862881]]},"properties":{"name":"","lines":"20","arr":["А20"],"roundabout":0,"mode":"bus","color":"#0059a9"}},{"type":"Feature","geometry":{"type":"LineString","coordinates":[[24.061414,49.862306],[24.061317,49.862357],[24.061153,49.862392],[24.060647,49.862433],[24.060581,49.862439],[24.060364,49.862456],[24.056785,49.862747],[24.055787,49.86281],[24.055544,49.862826],[24.055447,49.862844],[24.05537,49.862881],[24.055327,49.862931],[24.055309,49.862994],[24.05532,49.863555],[24.055321,49.863631],[24.055369,49.864385],[24.055348,49.864481],[24.05532,49.864559],[24.05527,49.864625],[24.0552,49.864687],[24.055058,49.864716],[24.054208,49.86478],[24.054019,49.864827],[24.053884,49.864877],[24.053851,49.86489],[24.053757,49.864966],[24.053639,49.865089]]},"properties":{"name":"Кукурудзяна вулиця","lines":"20","arr":["А20"],"roundabout":0,"mode":"bus","color":"#0059a9"}},{"type":"Feature","geometry":{"type":"LineString","coordinates":[[24.061414,49.862306],[24.061451,49.86221],[24.061439,49.862125],[24.061156,49.861472],[24.061142,49.861448],[24.061014,49.861218],[24.060979,49.861156],[24.060869,49.860953],[24.060446,49.86026],[24.060432,49.86024],[24.0603,49.860045],[24.060166,49.859881],[24.06009,49.85979],[24.059987,49.859674],[24.059835,49.859483]]},"properties":{"name":"Ковельська вулиця","lines":"20","arr":["А20"],"roundabout":0,"mode":"bus","color":"#0059a9"}},{"type":"Feature","geometry":{"type":"LineString","coordinates":[[24.04397,49.85404],[24.044056,49.85421]]},"properties":{"name":"вулиця Богдана Хмельницького","lines":"20, 25, 48, 62","arr":["А20","А25","А48","А62"],"roundabout":0,"mode":"bus","color":"#0059a9"}},{"type":"Feature","geometry":{"type":"LineString","coordinates":[[24.042141,49.853792],[24.041867,49.853806],[24.041762,49.853811],[24.041227,49.853747],[24.041116,49.853733],[24.040985,49.853711],[24.040899,49.853698]]},"properties":{"name":"","lines":"20, 48, 58, 62, 63","arr":["А20","А48","А58","А62","А63"],"roundabout":0,"mode":"bus","color":"#0059a9"}},{"type":"Feature","geometry":{"type":"LineString","coordinates":[[24.030163,49.851397],[24.030028,49.851404],[24.029962,49.851426],[24.029892,49.851459],[24.02973,49.851558],[24.029577,49.851693],[24.029427,49.851865],[24.029414,49.851883],[24.029338,49.851985],[24.028822,49.852673],[24.028648,49.852901],[24.028511,49.853089],[24.028486,49.853124],[24.028463,49.853131],[24.028385,49.853153],[24.028292,49.85317],[24.028191,49.853166],[24.028116,49.853143],[24.028057,49.853112],[24.028041,49.853104]]},"properties":{"name":"Гайдамацька вулиця","lines":"20, 48, 58, 59, 63","arr":["А20","А48","А58","А59","А63"],"roundabout":0,"mode":"bus","color":"#0059a9","nolabel":1}},{"type":"Feature","geometry":{"type":"LineString","coordinates":[[24.024657,49.850482],[24.024467,49.850471]]},"properties":{"name":"вулиця Під Дубом","lines":"20, 34, 37, 39, 41, 47, 48, 51, 56, 58, 59, 63","arr":["А20","А34","А37","А39","А41","А47","А48","А51","А56","А58","А59","А63"],"roundabout":0,"mode":"bus","color":"#0059a9"}},{"type":"Feature","geometry":{"type":"LineString","coordinates":[[23.905658,49.830445],[23.905937,49.830053],[23.906857,49.828858],[23.907191,49.828431],[23.908028,49.827359],[23.908098,49.827265]]},"properties":{"name":"М-10-01","lines":"21, 52","arr":["А21","А52"],"roundabout":0,"mode":"bus","color":"#0059a9"}},{"type":"Feature","geometry":{"type":"LineString","coordinates":[[23.905658,49.830445],[23.905913,49.830541]]},"properties":{"name":"","lines":"21","arr":["А21"],"roundabout":0,"mode":"bus","color":"#0059a9"}},{"type":"Feature","geometry":{"type":"LineString","coordinates":[[23.907019,49.831046],[23.906589,49.830902],[23.906419,49.83084],[23.906411,49.830818],[23.906448,49.830763]]},"properties":{"name":"","lines":"21","arr":["А21"],"roundabout":0,"mode":"bus","color":"#0059a9"}},{"type":"Feature","geometry":{"type":"LineString","coordinates":[[24.026442,49.844438],[24.026714,49.844456]]},"properties":{"name":"","lines":"21","arr":["А21"],"roundabout":0,"mode":"bus","color":"#0059a9"}},{"type":"Feature","geometry":{"type":"LineString","coordinates":[[24.012145,49.868083],[24.011736,49.86811],[24.011591,49.868085],[24.011262,49.868028],[24.011178,49.868013],[24.010426,49.867877],[24.010303,49.867854],[24.010166,49.867823],[24.009692,49.867713],[24.009653,49.867706],[24.00923,49.867635],[24.009069,49.867609],[24.008916,49.867589],[24.008672,49.86752],[24.007856,49.867412],[24.007666,49.867386]]},"properties":{"name":"","lines":"21","arr":["А21"],"roundabout":0,"mode":"bus","color":"#0059a9"}},{"type":"Feature","geometry":{"type":"LineString","coordinates":[[24.006602,49.867247],[24.006729,49.86723],[24.006902,49.867217],[24.007262,49.867258]]},"properties":{"name":"","lines":"21","arr":["А21"],"roundabout":0,"mode":"bus","color":"#0059a9"}},{"type":"Feature","geometry":{"type":"LineString","coordinates":[[23.905913,49.830541],[23.906026,49.830552],[23.906426,49.830694],[23.906487,49.830713],[23.906448,49.830763],[23.906386,49.830742],[23.905987,49.830599],[23.905913,49.830541]]},"properties":{"name":"","lines":"21","arr":["А21"],"roundabout":0,"mode":"bus","color":"#0059a9"}},{"type":"Feature","geometry":{"type":"LineString","coordinates":[[23.906737,49.831407],[23.907019,49.831046],[23.907138,49.830893],[23.907389,49.830572],[23.907454,49.830553],[23.907511,49.830568],[23.908217,49.830807],[23.908254,49.83084],[23.90824,49.830876],[23.908097,49.831068],[23.908101,49.831171],[23.907666,49.831734],[23.907562,49.831723],[23.90677,49.831464],[23.906737,49.831407]]},"properties":{"name":"","lines":"21","arr":["А21"],"roundabout":0,"mode":"bus","color":"#0059a9"}},{"type":"Feature","geometry":{"type":"LineString","coordinates":[[23.908098,49.827265],[23.909875,49.824886],[23.909979,49.824751],[23.910097,49.824598],[23.910195,49.824468],[23.91038,49.824225],[23.910548,49.824004],[23.911032,49.823316],[23.911383,49.822816],[23.911673,49.822407],[23.911823,49.822203],[23.911863,49.822147],[23.912496,49.821267],[23.91251,49.821246]]},"properties":{"name":"М-10-01","lines":"21, 52, 84","arr":["А21","А52","А84"],"roundabout":0,"mode":"bus","color":"#0059a9"}},{"type":"Feature","geometry":{"type":"LineString","coordinates":[[23.912626,49.820702],[23.912595,49.820969],[23.912541,49.821111],[23.91251,49.821246],[23.912659,49.821135],[23.912767,49.821019],[23.913099,49.820819]]},"properties":{"name":"М-10-01","lines":"21, 52, 84","arr":["А21","А52","А84"],"roundabout":0,"mode":"bus","color":"#0059a9"}},{"type":"Feature","geometry":{"type":"LineString","coordinates":[[23.946446,49.826679],[23.946942,49.826705],[23.94761,49.826826]]},"properties":{"name":"Городоцька вулиця","lines":"21, 27, 52, 84, 92","arr":["А21","А27","А52","А84","А92","Тр27"],"roundabout":0,"mode":"bus","color":"#0059a9","trolley":"mix"}},{"type":"Feature","geometry":{"type":"LineString","coordinates":[[23.947837,49.826993],[23.947539,49.826935],[23.947325,49.826894]]},"properties":{"name":"Городоцька вулиця","lines":"21, 27, 52, 84, 92","arr":["А21","А27","А52","А84","А92","Тр27"],"roundabout":0,"mode":"bus","color":"#0059a9","trolley":"mix"}},{"type":"Feature","geometry":{"type":"LineString","coordinates":[[24.020175,49.834474],[24.020175,49.834521],[24.020167,49.834537],[24.020141,49.834558],[24.020141,49.834558],[24.020083,49.834598],[24.020056,49.834622]]},"properties":{"name":"вулиця Степана Бандери","lines":"21","arr":["А21"],"roundabout":0,"mode":"bus","color":"#0059a9"}},{"type":"Feature","geometry":{"type":"LineString","coordinates":[[24.026684,49.844097],[24.026442,49.844438]]},"properties":{"name":"проспект Свободи","lines":"21","arr":["А21"],"roundabout":0,"mode":"bus","color":"#0059a9"}},{"type":"Feature","geometry":{"type":"LineString","coordinates":[[24.016571,49.867463],[24.016526,49.867557],[24.016467,49.867617],[24.016388,49.867652],[24.016301,49.867654],[24.016207,49.867638]]},"properties":{"name":"","lines":"21, 37, 47","arr":["А21","А37","А47"],"roundabout":0,"mode":"bus","color":"#0059a9"}},{"type":"Feature","geometry":{"type":"LineString","coordinates":[[24.015241,49.867011],[24.015233,49.867076],[24.014796,49.867693],[24.014606,49.867981],[24.014328,49.868398],[24.014278,49.868452],[24.014212,49.868498],[24.014022,49.868601]]},"properties":{"name":"вулиця Під Голоском","lines":"21, 37","arr":["А21","А37"],"roundabout":0,"mode":"bus","color":"#0059a9"}},{"type":"Feature","geometry":{"type":"LineString","coordinates":[[24.014022,49.868601],[24.013965,49.868628],[24.013744,49.868699],[24.012584,49.869014],[24.012421,49.869058],[24.012337,49.869081],[24.01215,49.869132],[24.012038,49.869163],[24.010755,49.869517],[24.010618,49.869551],[24.010475,49.869587],[24.01027,49.869643],[24.010001,49.869716],[24.009419,49.869861],[24.008918,49.869985],[24.008478,49.870097],[24.008015,49.870214],[24.007943,49.870232],[24.007897,49.870247],[24.007199,49.870463],[24.006247,49.870748],[24.005549,49.870831],[24.005246,49.870868],[24.005171,49.870886],[24.003878,49.871283],[24.002822,49.871324]]},"properties":{"name":"вулиця Під Голоском","lines":"37","arr":["А37"],"roundabout":0,"mode":"bus","color":"#0059a9"}},{"type":"Feature","geometry":{"type":"LineString","coordinates":[[24.014022,49.868601],[24.013973,49.868569],[24.01334,49.868402],[24.013037,49.868322],[24.012581,49.868201],[24.012492,49.868177],[24.012145,49.868083]]},"properties":{"name":"вулиця Під Голоском","lines":"21","arr":["А21"],"roundabout":0,"mode":"bus","color":"#0059a9"}},{"type":"Feature","geometry":{"type":"LineString","coordinates":[[24.0074,49.867378],[24.007494,49.867381],[24.007666,49.867386]]},"properties":{"name":"вулиця На Нивах","lines":"21","arr":["А21"],"roundabout":0,"mode":"bus","color":"#0059a9"}},{"type":"Feature","geometry":{"type":"LineString","coordinates":[[24.007262,49.867258],[24.0074,49.867378]]},"properties":{"name":"Малоголосківська вулиця","lines":"21","arr":["А21"],"roundabout":0,"mode":"bus","color":"#0059a9"}},{"type":"Feature","geometry":{"type":"LineString","coordinates":[[24.017072,49.834708],[24.017076,49.83468],[24.017076,49.834637],[24.017114,49.834267],[24.017152,49.834233],[24.017652,49.833946],[24.018767,49.8333],[24.018826,49.833271]]},"properties":{"name":"вулиця Михайла Вербицького","lines":"21, 43, 45","arr":["А21","А43","А45"],"roundabout":0,"mode":"bus","color":"#0059a9"}},{"type":"Feature","geometry":{"type":"LineString","coordinates":[[23.961354,49.899435],[23.959719,49.898707],[23.959669,49.898685],[23.958476,49.898154],[23.957465,49.89771],[23.957268,49.897624],[23.956652,49.897358],[23.955698,49.896947],[23.955559,49.896819],[23.955491,49.896665],[23.955408,49.896264],[23.955344,49.895738],[23.955314,49.895519],[23.955184,49.894828],[23.955144,49.894736],[23.955089,49.894674]]},"properties":{"name":"Весняна вулиця","lines":"22","arr":["А22"],"roundabout":0,"mode":"bus","color":"#0059a9"}},{"type":"Feature","geometry":{"type":"LineString","coordinates":[[23.94624,49.894842],[23.946416,49.894837],[23.946504,49.894835],[23.946568,49.894834]]},"properties":{"name":"Смолиста вулиця","lines":"22, 67","arr":["А22","А67"],"roundabout":0,"mode":"bus","color":"#0059a9"}},{"type":"Feature","geometry":{"type":"LineString","coordinates":[[23.946568,49.894834],[23.946636,49.894831],[23.948134,49.894776],[23.948205,49.894773],[23.950116,49.894702],[23.951,49.894686],[23.952064,49.894662],[23.952924,49.894638],[23.953628,49.894622],[23.953954,49.894618],[23.954737,49.894608],[23.954877,49.89461],[23.955015,49.894638],[23.955089,49.894674]]},"properties":{"name":"Смолиста вулиця","lines":"22","arr":["А22"],"roundabout":0,"mode":"bus","color":"#0059a9"}},{"type":"Feature","geometry":{"type":"LineString","coordinates":[[23.941456,49.902068],[23.941553,49.901945],[23.941688,49.901774],[23.942064,49.901297],[23.942212,49.901061],[23.942457,49.900618],[23.942812,49.899883],[23.943355,49.898761],[23.94367,49.898163],[23.943913,49.897699],[23.944485,49.896612],[23.944722,49.896255],[23.944785,49.896183],[23.944881,49.896071],[23.945117,49.895841],[23.945196,49.895767],[23.94522,49.895728],[23.945349,49.895628],[23.945417,49.895569],[23.946095,49.894971],[23.94624,49.894842]]},"properties":{"name":"вулиця Незалежності України","lines":"22, 67","arr":["А22","А67"],"roundabout":0,"mode":"bus","color":"#0059a9"}},{"type":"Feature","geometry":{"type":"LineString","coordinates":[[23.960421,49.90436],[23.96031,49.904318],[23.960203,49.904322],[23.960115,49.904372]]},"properties":{"name":"","lines":"22","arr":["А22"],"roundabout":0,"mode":"bus","color":"#0059a9"}},{"type":"Feature","geometry":{"type":"LineString","coordinates":[[23.965505,49.91458],[23.965495,49.914666],[23.965495,49.914734],[23.965504,49.914775],[23.965522,49.914812],[23.965595,49.914908],[23.965742,49.915089],[23.965888,49.915233],[23.965936,49.915291],[23.965957,49.915327],[23.96599,49.915415],[23.966032,49.915543],[23.966061,49.915605],[23.966097,49.915669],[23.966159,49.915765],[23.966241,49.915863],[23.96646,49.916096],[23.966523,49.916149],[23.966635,49.916238],[23.968245,49.917322],[23.968301,49.91736]]},"properties":{"name":"","lines":"22","arr":["А22"],"roundabout":0,"mode":"bus","color":"#0059a9"}},{"type":"Feature","geometry":{"type":"LineString","coordinates":[[23.982169,49.921975],[23.982264,49.92201],[23.982412,49.922067],[23.98242,49.92207],[23.982479,49.922092]]},"properties":{"name":"","lines":"22","arr":["А22"],"roundabout":0,"mode":"bus","color":"#0059a9"}},{"type":"Feature","geometry":{"type":"LineString","coordinates":[[23.960421,49.90436],[23.960494,49.904494],[23.960935,49.905204],[23.961347,49.905677],[23.961466,49.905783],[23.962624,49.906822],[23.963384,49.907369],[23.963802,49.907698],[23.963892,49.90777],[23.964319,49.908184],[23.964438,49.908412],[23.964509,49.908658],[23.964682,49.90917],[23.964722,49.909263],[23.964759,49.909375],[23.964927,49.909802],[23.964946,49.910243],[23.964944,49.910468],[23.964922,49.911384],[23.964921,49.911575],[23.964918,49.912141],[23.964998,49.912427],[23.96525,49.913324],[23.965398,49.913858],[23.965426,49.914007],[23.965439,49.914079],[23.965442,49.914097],[23.965459,49.914188],[23.965485,49.914325],[23.965515,49.914489],[23.965505,49.91458]]},"properties":{"name":"Львівська вулиця","lines":"22","arr":["А22"],"roundabout":0,"mode":"bus","color":"#0059a9"}},{"type":"Feature","geometry":{"type":"LineString","coordinates":[[23.968301,49.91736],[23.968398,49.91741],[23.969148,49.9178],[23.96927,49.917847],[23.969338,49.917874],[23.969644,49.917972],[23.969826,49.918059],[23.970615,49.918443],[23.971154,49.918663],[23.971517,49.91878],[23.972473,49.91902],[23.972902,49.919127],[23.97345,49.919224],[23.97388,49.91925],[23.974337,49.919261],[23.974406,49.91927],[23.974679,49.919304],[23.975186,49.919375],[23.975799,49.919477],[23.976551,49.919625],[23.976745,49.91966],[23.977342,49.919777],[23.97753,49.919827],[23.977744,49.919903],[23.97883,49.920347],[23.979006,49.920434],[23.979586,49.920724],[23.97983,49.920847],[23.979961,49.920916],[23.980487,49.921254],[23.980858,49.921551],[23.98096,49.921608],[23.98107,49.921645],[23.981204,49.921694],[23.98189,49.921885],[23.982169,49.921975]]},"properties":{"name":"вулиця Під Осовою","lines":"22","arr":["А22"],"roundabout":0,"mode":"bus","color":"#0059a9"}},{"type":"Feature","geometry":{"type":"LineString","coordinates":[[23.98243,49.809091],[23.982275,49.809113],[23.982209,49.809123]]},"properties":{"name":"Щирецька вулиця","lines":"23","arr":["А23"],"roundabout":0,"mode":"bus","color":"#0059a9"}},{"type":"Feature","geometry":{"type":"LineString","coordinates":[[23.982209,49.809123],[23.982293,49.809416]]},"properties":{"name":"","lines":"23","arr":["А23"],"roundabout":0,"mode":"bus","color":"#0059a9"}},{"type":"Feature","geometry":{"type":"LineString","coordinates":[[24.062205,49.806961],[24.062008,49.807131],[24.061814,49.807282],[24.061703,49.807399],[24.061596,49.807528]]},"properties":{"name":"Зелена вулиця","lines":"23, 37, 40, 46, 47, 24","arr":["А23","А37","А40","А46","А47","Тр24"],"roundabout":0,"mode":"bus","color":"#0059a9","trolley":"mix"}},{"type":"Feature","geometry":{"type":"LineString","coordinates":[[24.061211,49.809145],[24.061239,49.809],[24.06134,49.808569],[24.061439,49.808156],[24.061484,49.807952],[24.061528,49.80779],[24.061549,49.807703],[24.061565,49.807637],[24.061596,49.807528],[24.061605,49.8074],[24.061612,49.807266],[24.061615,49.807144],[24.061605,49.80702],[24.06159,49.806959],[24.061562,49.806903]]},"properties":{"name":"Зелена вулиця","lines":"23, 37, 40, 46, 47, 24, 31","arr":["А23","А37","А40","А46","А47","Тр24","Тр31"],"roundabout":0,"mode":"bus","color":"#0059a9","trolley":"mix"}},{"type":"Feature","geometry":{"type":"LineString","coordinates":[[24.061211,49.809145],[24.061153,49.809654],[24.061127,49.810032],[24.061119,49.810116],[24.061114,49.810177],[24.061092,49.810427],[24.061087,49.810557],[24.061081,49.810688],[24.061065,49.810946],[24.061045,49.811214],[24.06103,49.811414],[24.061028,49.811438],[24.060997,49.811636],[24.060972,49.811764],[24.060901,49.812022],[24.060869,49.812136],[24.06082,49.812314],[24.060764,49.812507],[24.060735,49.812601],[24.060703,49.812689],[24.060629,49.812848],[24.060554,49.813017],[24.060494,49.813128],[24.060463,49.813186],[24.060256,49.813554],[24.060178,49.813686],[24.060134,49.813767],[24.060113,49.813808],[24.060086,49.81387],[24.060061,49.813942],[24.060057,49.813953],[24.060041,49.814037],[24.060036,49.814124],[24.060035,49.814129],[24.060029,49.814209],[24.060026,49.814337],[24.060026,49.814429],[24.060032,49.814521],[24.060043,49.814585],[24.06006,49.814654],[24.060114,49.814796],[24.060152,49.814864],[24.060199,49.814931],[24.060317,49.815059],[24.060453,49.815185],[24.060567,49.815272],[24.060888,49.815502],[24.061217,49.815727],[24.061402,49.815849]]},"properties":{"name":"Зелена вулиця","lines":"23, 27, 37, 40, 46, 47, 24, 31","arr":["А23","А27","А37","А40","А46","А47","Тр24","Тр31"],"roundabout":0,"mode":"bus","color":"#0059a9","trolley":"mix"}},{"type":"Feature","geometry":{"type":"LineString","coordinates":[[24.06157,49.816034],[24.061488,49.815941],[24.061402,49.815849]]},"properties":{"name":"Зелена вулиця","lines":"23, 37, 40, 46, 24, 31","arr":["А23","А37","А40","А46","Тр24","Тр31"],"roundabout":0,"mode":"bus","color":"#0059a9","trolley":"mix"}},{"type":"Feature","geometry":{"type":"LineString","coordinates":[[24.073865,49.836934],[24.073874,49.836907],[24.073919,49.83677],[24.073967,49.836599],[24.073998,49.836435],[24.074009,49.836271],[24.073992,49.835865],[24.073989,49.835797]]},"properties":{"name":"Ромоданівська вулиця","lines":"23","arr":["А23"],"roundabout":0,"mode":"bus","color":"#0059a9"}},{"type":"Feature","geometry":{"type":"LineString","coordinates":[[24.061838,49.816093],[24.061772,49.816159]]},"properties":{"name":"Зелена вулиця","lines":"23, 37, 24, 31","arr":["А23","А37","Тр24","Тр31"],"roundabout":0,"mode":"bus","color":"#0059a9","trolley":"mix"}},{"type":"Feature","geometry":{"type":"LineString","coordinates":[[24.061772,49.816159],[24.06172,49.816228]]},"properties":{"name":"Зелена вулиця","lines":"37, 24, 31","arr":["А37","Тр24","Тр31"],"roundabout":0,"mode":"bus","color":"#0059a9","trolley":"mix"}},{"type":"Feature","geometry":{"type":"LineString","coordinates":[[24.061785,49.81594],[24.061894,49.815951],[24.062116,49.815963]]},"properties":{"name":"вулиця Джорджа Вашингтона","lines":"23, 27, 40, 47","arr":["А23","А27","А40","А47"],"roundabout":0,"mode":"bus","color":"#0059a9"}},{"type":"Feature","geometry":{"type":"LineString","coordinates":[[23.982124,49.826689],[23.982358,49.826765],[23.982537,49.826847],[23.982726,49.826945],[23.982842,49.826971],[23.982929,49.826973]]},"properties":{"name":"","lines":"25, 33, 51, 92, 30","arr":["А25","А33","А51","А92","Тр30"],"roundabout":0,"mode":"bus","color":"#0059a9","trolley":"mix"}},{"type":"Feature","geometry":{"type":"LineString","coordinates":[[23.982929,49.826973],[23.983005,49.826939],[23.983033,49.826922],[23.983549,49.826704],[23.984175,49.826456],[23.985425,49.826093],[23.985511,49.826068],[23.987094,49.825628],[23.987745,49.82545],[23.98805,49.825371],[23.98852,49.825241],[23.988603,49.825218],[23.988873,49.825149]]},"properties":{"name":"Окружна вулиця","lines":"25, 33, 51, 92, 30","arr":["А25","А33","А51","А92","Тр30"],"roundabout":0,"mode":"bus","color":"#0059a9","trolley":"mix"}},{"type":"Feature","geometry":{"type":"LineString","coordinates":[[23.988873,49.825149],[23.989062,49.825146],[23.989156,49.825156],[23.989255,49.825187]]},"properties":{"name":"вулиця Володимира Антоновича","lines":"25, 33, 51, 92, 30","arr":["А25","А33","А51","А92","Тр30"],"roundabout":0,"mode":"bus","color":"#0059a9","trolley":"mix"}},{"type":"Feature","geometry":{"type":"LineString","coordinates":[[23.989255,49.825187],[23.989633,49.825335],[23.989781,49.825398]]},"properties":{"name":"вулиця Володимира Антоновича","lines":"25, 33, 92, 30","arr":["А25","А33","А92","Тр30"],"roundabout":0,"mode":"bus","color":"#0059a9","trolley":"mix"}},{"type":"Feature","geometry":{"type":"LineString","coordinates":[[24.041115,49.853657],[24.041142,49.853637],[24.041157,49.853611],[24.041264,49.853439],[24.04138,49.85326],[24.041773,49.852448],[24.041844,49.852327],[24.042243,49.851853],[24.042271,49.85182],[24.042496,49.851657],[24.043626,49.851056],[24.043716,49.850985],[24.043776,49.850926],[24.043804,49.850845]]},"properties":{"name":"Опришківська вулиця","lines":"25","arr":["А25"],"roundabout":0,"mode":"bus","color":"#0059a9"}},{"type":"Feature","geometry":{"type":"LineString","coordinates":[[24.043804,49.850845],[24.044058,49.850856],[24.044341,49.850868],[24.044473,49.850876],[24.044654,49.850887],[24.044868,49.850899],[24.045283,49.850934],[24.045373,49.850942],[24.045931,49.850964],[24.046168,49.850974],[24.046324,49.850968],[24.046443,49.850964],[24.046872,49.850905],[24.047367,49.850899],[24.047792,49.850895],[24.048302,49.85089],[24.048439,49.850888],[24.048883,49.850883],[24.049453,49.850877],[24.049608,49.850875],[24.049992,49.850871],[24.050087,49.85087],[24.050366,49.850857]]},"properties":{"name":"вулиця Мирона Кордуби","lines":"25","arr":["А25"],"roundabout":0,"mode":"bus","color":"#0059a9"}},{"type":"Feature","geometry":{"type":"LineString","coordinates":[[24.050366,49.850857],[24.05094,49.850719],[24.051764,49.850518],[24.051855,49.8505],[24.052397,49.850392],[24.052875,49.850337],[24.053325,49.850306],[24.053642,49.850288],[24.053889,49.850274],[24.054947,49.850182],[24.055448,49.850193],[24.055673,49.850209],[24.055845,49.850232],[24.056095,49.850272],[24.056423,49.850368],[24.056624,49.850456]]},"properties":{"name":"вулиця Заклинських","lines":"25","arr":["А25"],"roundabout":0,"mode":"bus","color":"#0059a9"}},{"type":"Feature","geometry":{"type":"LineString","coordinates":[[24.042903,49.853886],[24.043388,49.853909],[24.043616,49.853915]]},"properties":{"name":"вулиця Богдана Хмельницького","lines":"25, 48","arr":["А25","А48"],"roundabout":0,"mode":"bus","color":"#0059a9"}},{"type":"Feature","geometry":{"type":"LineString","coordinates":[[24.002204,49.83736],[24.002153,49.837407]]},"properties":{"name":"Залізнична вулиця","lines":"25","arr":["А25"],"roundabout":0,"mode":"bus","color":"#0059a9"}},{"type":"Feature","geometry":{"type":"LineString","coordinates":[[23.990188,49.828835],[23.989965,49.828873],[23.988205,49.829167],[23.988104,49.829182],[23.98759,49.829276]]},"properties":{"name":"вулиця Теофіла Копистинського","lines":"25, 33, 51, 30","arr":["А25","А33","А51","Тр30"],"roundabout":0,"mode":"bus","color":"#0059a9","trolley":"mix"}},{"type":"Feature","geometry":{"type":"LineString","coordinates":[[24.014066,49.774408],[24.013861,49.774251]]},"properties":{"name":"","lines":"25, 40","arr":["А25","А40"],"roundabout":0,"mode":"bus","color":"#0059a9"}},{"type":"Feature","geometry":{"type":"LineString","coordinates":[[23.936675,49.82195],[23.936629,49.822022]]},"properties":{"name":"","lines":"27","arr":["А27","Тр27"],"roundabout":0,"mode":"bus","color":"#0059a9","trolley":"mix"}},{"type":"Feature","geometry":{"type":"LineString","coordinates":[[23.936309,49.821888],[23.936324,49.821841]]},"properties":{"name":"","lines":"27","arr":["А27","Тр27"],"roundabout":0,"mode":"bus","color":"#0059a9","trolley":"mix"}},{"type":"Feature","geometry":{"type":"LineString","coordinates":[[23.944066,49.825766],[23.944601,49.826178],[23.944884,49.826401],[23.944556,49.826491],[23.943538,49.826797],[23.943264,49.826833],[23.943022,49.826818]]},"properties":{"name":"","lines":"27","arr":["А27","Тр27"],"roundabout":0,"mode":"bus","color":"#0059a9","trolley":"mix"}},{"type":"Feature","geometry":{"type":"LineString","coordinates":[[23.936309,49.821888],[23.936393,49.821984],[23.936425,49.822021],[23.93648,49.822085],[23.936517,49.822127],[23.936544,49.822158],[23.937527,49.823375],[23.938047,49.824],[23.938396,49.824383]]},"properties":{"name":"Авіаційна вулиця","lines":"27","arr":["А27","Тр27"],"roundabout":0,"mode":"bus","color":"#0059a9","trolley":"mix"}},{"type":"Feature","geometry":{"type":"LineString","coordinates":[[23.944066,49.825766],[23.943991,49.825708],[23.943921,49.825665],[23.943836,49.825646],[23.943758,49.825641],[23.943543,49.825682],[23.943246,49.825752],[23.943029,49.825782],[23.943014,49.825781],[23.942821,49.82577],[23.942422,49.82569],[23.941722,49.825549],[23.940742,49.82537],[23.940259,49.825237],[23.939703,49.825034],[23.939394,49.824894],[23.939351,49.824875],[23.939169,49.824793],[23.938852,49.82465],[23.938396,49.824383],[23.938639,49.824656],[23.938917,49.824915],[23.939347,49.82529],[23.940056,49.825777],[23.940525,49.826042],[23.941198,49.826317],[23.941742,49.826523],[23.941861,49.826568],[23.942011,49.826605],[23.943022,49.826818]]},"properties":{"name":"Авіаційна вулиця","lines":"27","arr":["А27","Тр27"],"roundabout":0,"mode":"bus","color":"#0059a9","trolley":"mix"}},{"type":"Feature","geometry":{"type":"LineString","coordinates":[[24.046183,49.810424],[24.04614,49.810388],[24.046098,49.810366],[24.046019,49.81034],[24.045953,49.810329],[24.045879,49.81032]]},"properties":{"name":"Угорська вулиця","lines":"27","arr":["А27"],"roundabout":0,"mode":"bus","color":"#0059a9"}},{"type":"Feature","geometry":{"type":"LineString","coordinates":[[24.046183,49.810424],[24.046176,49.810449],[24.046137,49.810595],[24.046132,49.810614],[24.046041,49.810976],[24.045964,49.811248],[24.045865,49.811592],[24.045806,49.811804]]},"properties":{"name":"проспект Червоної Калини","lines":"27","arr":["А27"],"roundabout":0,"mode":"bus","color":"#0059a9","nolabel":1}},{"type":"Feature","geometry":{"type":"LineString","coordinates":[[24.046068,49.811837],[24.045983,49.811829],[24.045907,49.811819],[24.045806,49.811804]]},"properties":{"name":"","lines":"27","arr":["А27"],"roundabout":0,"mode":"bus","color":"#0059a9"}},{"type":"Feature","geometry":{"type":"LineString","coordinates":[[24.046068,49.811837],[24.046388,49.811806],[24.046653,49.811774],[24.047745,49.81164],[24.050332,49.811326],[24.050397,49.811318],[24.050533,49.811301],[24.050592,49.811294],[24.050937,49.811251],[24.051543,49.811181],[24.051969,49.811132],[24.052965,49.811016],[24.053375,49.810966],[24.054419,49.810842],[24.055617,49.8107],[24.055828,49.810674],[24.05588,49.810667],[24.056436,49.810606],[24.057178,49.810528],[24.057514,49.810481],[24.057567,49.810467],[24.057602,49.810451],[24.057622,49.810438],[24.057644,49.810411],[24.057652,49.81037],[24.057473,49.809775],[24.057439,49.809616],[24.057443,49.809551],[24.057451,49.80951],[24.057482,49.809458],[24.057527,49.809407],[24.057642,49.809294],[24.057704,49.809253],[24.057733,49.809244],[24.057897,49.809195],[24.058139,49.809151],[24.058997,49.809132],[24.059146,49.809128],[24.059324,49.809129],[24.06019,49.809134],[24.060292,49.809133],[24.061054,49.809139],[24.061211,49.809145]]},"properties":{"name":"вулиця Володимира Навроцького","lines":"27","arr":["А27"],"roundabout":0,"mode":"bus","color":"#0059a9"}},{"type":"Feature","geometry":{"type":"LineString","coordinates":[[24.061402,49.815849],[24.061564,49.815905],[24.061684,49.815933]]},"properties":{"name":"Зелена вулиця","lines":"27, 40, 47, 24","arr":["А27","А40","А47","Тр24"],"roundabout":0,"mode":"bus","color":"#0059a9","trolley":"mix"}},{"type":"Feature","geometry":{"type":"LineString","coordinates":[[24.001458,49.837032],[24.001567,49.836996],[24.001628,49.836975],[24.001802,49.836888]]},"properties":{"name":"Чернівецька вулиця","lines":"29, 31","arr":["А29","А31"],"roundabout":0,"mode":"bus","color":"#0059a9"}},{"type":"Feature","geometry":{"type":"LineString","coordinates":[[24.104383,49.842377],[24.104304,49.842371]]},"properties":{"name":"","lines":"29, 61","arr":["А29","А61"],"roundabout":0,"mode":"bus","color":"#0059a9"}},{"type":"Feature","geometry":{"type":"LineString","coordinates":[[24.104383,49.842377],[24.104706,49.842422],[24.104755,49.842429],[24.10519,49.84249],[24.105869,49.842585],[24.105967,49.842605],[24.106427,49.842699],[24.106869,49.842789],[24.107773,49.842995],[24.108089,49.843071],[24.108373,49.84314],[24.108854,49.843255],[24.109403,49.843388],[24.110356,49.84362],[24.110774,49.843704],[24.111124,49.843774],[24.111599,49.843872],[24.111882,49.843912],[24.112195,49.843946],[24.112505,49.843974],[24.112796,49.843991],[24.112939,49.844],[24.113218,49.844019],[24.113454,49.844032],[24.113656,49.844036],[24.113898,49.844017],[24.114078,49.843988],[24.1144,49.843937],[24.114597,49.843907],[24.1159,49.843707],[24.116647,49.843593],[24.117116,49.843523],[24.117507,49.843465],[24.117994,49.843411],[24.118138,49.843395],[24.118315,49.843394],[24.118373,49.843393]]},"properties":{"name":"вулиця Тракт Глинянський","lines":"29, 61","arr":["А29","А61"],"roundabout":0,"mode":"bus","color":"#0059a9"}},{"type":"Feature","geometry":{"type":"LineString","coordinates":[[24.118373,49.843393],[24.118418,49.842573],[24.118425,49.842439],[24.118454,49.842281],[24.118525,49.841894],[24.118641,49.841471],[24.118659,49.841406],[24.118734,49.841278],[24.118825,49.84112],[24.118882,49.84102],[24.118934,49.840925],[24.118933,49.840698],[24.119005,49.8403],[24.11908,49.840117],[24.119104,49.840058],[24.119191,49.839862],[24.119228,49.839795],[24.119289,49.839686],[24.11936,49.839572],[24.119448,49.839433],[24.119544,49.839283],[24.119892,49.838762],[24.120164,49.838355],[24.120395,49.838008],[24.120458,49.837897],[24.120732,49.837406],[24.120714,49.837062],[24.120716,49.836661],[24.120717,49.836554],[24.120833,49.836047],[24.120864,49.83592],[24.120905,49.835801],[24.120971,49.835725],[24.12104,49.835678],[24.121207,49.835602],[24.121438,49.8355]]},"properties":{"name":"вулиця Шевченка","lines":"29","arr":["А29"],"roundabout":0,"mode":"bus","color":"#0059a9"}},{"type":"Feature","geometry":{"type":"LineString","coordinates":[[24.121438,49.8355],[24.121483,49.835485],[24.121621,49.835439],[24.121707,49.835417],[24.121747,49.835407],[24.121842,49.835391],[24.123427,49.835149],[24.123788,49.835104],[24.125324,49.834782],[24.126062,49.834655],[24.126485,49.834518],[24.12658,49.834474],[24.126862,49.834344],[24.126978,49.83429],[24.129093,49.83326],[24.129193,49.833212],[24.12992,49.832846],[24.130573,49.832516],[24.130899,49.832348],[24.131116,49.832228],[24.1318,49.831832],[24.131875,49.831788],[24.133115,49.830758],[24.13319,49.830693],[24.133267,49.830602],[24.133539,49.830338],[24.134007,49.82979],[24.134506,49.829161],[24.134626,49.828937],[24.134805,49.828527],[24.13529,49.827446]]},"properties":{"name":"Винниківська вулиця","lines":"29","arr":["А29"],"roundabout":0,"mode":"bus","color":"#0059a9"}},{"type":"Feature","geometry":{"type":"LineString","coordinates":[[24.13529,49.827446],[24.135376,49.827174],[24.135395,49.827124]]},"properties":{"name":"","lines":"29","arr":["А29"],"roundabout":0,"mode":"bus","color":"#0059a9"}},{"type":"Feature","geometry":{"type":"LineString","coordinates":[[24.135395,49.827124],[24.135512,49.826807],[24.135527,49.826766],[24.135573,49.826657],[24.1356,49.826591],[24.135776,49.826172],[24.136204,49.825148],[24.136293,49.824951],[24.1364,49.824713],[24.136539,49.824394],[24.136866,49.823619],[24.136942,49.82344],[24.136975,49.823334],[24.136995,49.823088],[24.137065,49.822267],[24.137081,49.822069],[24.137112,49.821679],[24.137138,49.821353],[24.137144,49.821274],[24.13716,49.820979],[24.137209,49.81982]]},"properties":{"name":"вулиця Володимира Івасюка","lines":"29","arr":["А29"],"roundabout":0,"mode":"bus","color":"#0059a9"}},{"type":"Feature","geometry":{"type":"LineString","coordinates":[[24.059912,49.873617],[24.059855,49.873545],[24.059823,49.873505],[24.059745,49.873409],[24.059607,49.873237],[24.059571,49.873188]]},"properties":{"name":"","lines":"41, 51, 53","arr":["А41","А51","А53"],"roundabout":0,"mode":"bus","color":"#0059a9"}},{"type":"Feature","geometry":{"type":"LineString","coordinates":[[24.059912,49.873617],[24.060304,49.874105]]},"properties":{"name":"","lines":"31, 41, 48, 51, 53","arr":["А31","А41","А48","А51","А53"],"roundabout":0,"mode":"bus","color":"#0059a9"}},{"type":"Feature","geometry":{"type":"LineString","coordinates":[[24.060304,49.874105],[24.060336,49.874144],[24.060717,49.874618],[24.060915,49.874548],[24.061141,49.874469],[24.061234,49.874447]]},"properties":{"name":"","lines":"31, 48","arr":["А31","А48"],"roundabout":0,"mode":"bus","color":"#0059a9"}},{"type":"Feature","geometry":{"type":"LineString","coordinates":[[24.061141,49.874335],[24.061176,49.874249],[24.061252,49.874205],[24.061304,49.874193]]},"properties":{"name":"","lines":"31, 58, 59, 62","arr":["А31","А58","А59","А62"],"roundabout":0,"mode":"bus","color":"#0059a9"}},{"type":"Feature","geometry":{"type":"LineString","coordinates":[[24.061304,49.874193],[24.061364,49.874193],[24.061423,49.874208],[24.061472,49.874233],[24.0615,49.874268],[24.061511,49.874307],[24.061516,49.874348],[24.06152,49.874381]]},"properties":{"name":"Поліська вулиця","lines":"31, 53, 56, 58, 59, 62, 63","arr":["А31","А53","А56","А58","А59","А62","А63"],"roundabout":0,"mode":"bus","color":"#0059a9"}},{"type":"Feature","geometry":{"type":"LineString","coordinates":[[24.06152,49.874381],[24.061342,49.874422],[24.061234,49.874447]]},"properties":{"name":"","lines":"31, 53, 58, 59, 62","arr":["А31","А53","А58","А59","А62"],"roundabout":0,"mode":"bus","color":"#0059a9"}},{"type":"Feature","geometry":{"type":"LineString","coordinates":[[23.978093,49.832387],[23.977263,49.832258]]},"properties":{"name":"Городоцька вулиця","lines":"32, 52, 84, 27","arr":["А32","А52","А84","Тр27"],"roundabout":0,"mode":"bus","color":"#0059a9","trolley":"mix"}},{"type":"Feature","geometry":{"type":"LineString","coordinates":[[24.023225,49.839653],[24.023387,49.839769],[24.023439,49.839804],[24.023492,49.839839],[24.023723,49.839991],[24.023788,49.84007],[24.023844,49.840099],[24.024958,49.840858],[24.025191,49.841017],[24.025382,49.841147],[24.025662,49.841347],[24.025769,49.841442]]},"properties":{"name":"вулиця Січових Стрільців","lines":"33","arr":["А33"],"roundabout":0,"mode":"bus","color":"#0059a9"}},{"type":"Feature","geometry":{"type":"LineString","coordinates":[[24.025769,49.841442],[24.025549,49.841509],[24.025101,49.841612],[24.024725,49.841706],[24.024621,49.841727],[24.024016,49.841821],[24.023853,49.841831],[24.023559,49.84182],[24.02321,49.841813]]},"properties":{"name":"вулиця Академіка Володимира Гнатюка","lines":"33","arr":["А33"],"roundabout":0,"mode":"bus","color":"#0059a9"}},{"type":"Feature","geometry":{"type":"LineString","coordinates":[[24.02321,49.841813],[24.022897,49.841627],[24.022734,49.841544],[24.022358,49.841376]]},"properties":{"name":"площа Генерала Петра Григоренка","lines":"33","arr":["А33"],"roundabout":0,"mode":"bus","color":"#0059a9"}},{"type":"Feature","geometry":{"type":"LineString","coordinates":[[24.022358,49.841376],[24.021196,49.840801],[24.021027,49.840709]]},"properties":{"name":"вулиця Листопадового Чину","lines":"33","arr":["А33"],"roundabout":0,"mode":"bus","color":"#0059a9"}},{"type":"Feature","geometry":{"type":"LineString","coordinates":[[24.021027,49.840709],[24.020852,49.840618],[24.020735,49.840561],[24.020583,49.840482],[24.019778,49.840042],[24.018943,49.839609],[24.018879,49.839578],[24.016261,49.838261],[24.015852,49.838055],[24.015263,49.837753],[24.015022,49.83763],[24.014829,49.837525]]},"properties":{"name":"вулиця Листопадового Чину","lines":"33, 22, 27, 30, 32","arr":["А33","Тр22","Тр27","Тр30","Тр32"],"roundabout":0,"mode":"bus","color":"#0059a9","trolley":"mix"}},{"type":"Feature","geometry":{"type":"LineString","coordinates":[[24.014829,49.837525],[24.0148,49.837463],[24.01483,49.837123],[24.014744,49.837038],[24.014623,49.836964]]},"properties":{"name":"площа Святого Юра","lines":"33, 22, 27, 30, 32","arr":["А33","Тр22","Тр27","Тр30","Тр32"],"roundabout":0,"mode":"bus","color":"#0059a9","trolley":"mix"}},{"type":"Feature","geometry":{"type":"LineString","coordinates":[[24.014623,49.836964],[24.014498,49.836912],[24.014095,49.836744],[24.013993,49.836712],[24.013917,49.836707],[24.013833,49.836724],[24.013024,49.837023],[24.012594,49.83719],[24.01234,49.837223]]},"properties":{"name":"площа Святого Юра","lines":"33, 92, 22, 27, 30, 32","arr":["А33","А92","Тр22","Тр27","Тр30","Тр32"],"roundabout":0,"mode":"bus","color":"#0059a9","trolley":"mix"}},{"type":"Feature","geometry":{"type":"LineString","coordinates":[[24.01234,49.837223],[24.012072,49.837169],[24.011785,49.837048],[24.009652,49.836225],[24.009135,49.836038],[24.008317,49.835719],[24.008147,49.835674],[24.008041,49.835655]]},"properties":{"name":"вулиця Митрополита Андрея","lines":"33, 32","arr":["А33","Тр32"],"roundabout":0,"mode":"bus","color":"#0059a9","trolley":"mix"}},{"type":"Feature","geometry":{"type":"LineString","coordinates":[[24.008041,49.835655],[24.007834,49.835637],[24.007553,49.835639],[24.007507,49.835638],[24.007294,49.835633],[24.007101,49.835627],[24.006306,49.835618],[24.006287,49.835616],[24.005893,49.835582],[24.005811,49.835571],[24.005566,49.835538],[24.005379,49.835487],[24.005307,49.835453],[24.005279,49.83544]]},"properties":{"name":"вулиця Митрополита Антонія Ангеловича","lines":"33","arr":["А33"],"roundabout":0,"mode":"bus","color":"#0059a9"}},{"type":"Feature","geometry":{"type":"LineString","coordinates":[[23.977268,49.824114],[23.977438,49.823952],[23.977595,49.823807],[23.977717,49.823692],[23.978319,49.823116],[23.978349,49.823087],[23.978442,49.823004],[23.978832,49.822605]]},"properties":{"name":"вулиця Симона Петлюри","lines":"33, 51","arr":["А33","А51"],"roundabout":0,"mode":"bus","color":"#0059a9"}},{"type":"Feature","geometry":{"type":"LineString","coordinates":[[23.978845,49.822593],[23.979193,49.822223],[23.979258,49.822131],[23.97928,49.822098],[23.979385,49.821945],[23.979443,49.821862],[23.979633,49.821601],[23.980473,49.820325],[23.980507,49.820277],[23.98053,49.820245],[23.980664,49.820046],[23.980797,49.819848],[23.980824,49.819807],[23.980852,49.819762],[23.980898,49.819687],[23.980986,49.819572]]},"properties":{"name":"вулиця Симона Петлюри","lines":"33, 51","arr":["А33","А51"],"roundabout":0,"mode":"bus","color":"#0059a9"}},{"type":"Feature","geometry":{"type":"LineString","coordinates":[[23.980986,49.819572],[23.981276,49.819132],[23.981476,49.81883],[23.981549,49.818719],[23.981613,49.818613],[23.98209,49.817901],[23.982116,49.817862],[23.982424,49.817415],[23.982462,49.817351],[23.982448,49.817281],[23.982162,49.816811],[23.982106,49.816702],[23.982105,49.816641],[23.982116,49.816601],[23.982197,49.816531]]},"properties":{"name":"вулиця Симона Петлюри","lines":"33","arr":["А33"],"roundabout":0,"mode":"bus","color":"#0059a9"}},{"type":"Feature","geometry":{"type":"LineString","coordinates":[[23.979193,49.822223],[23.979155,49.822293],[23.979129,49.822351],[23.979118,49.822404],[23.97912,49.822461],[23.979132,49.822515],[23.979152,49.822568],[23.979175,49.822621]]},"properties":{"name":"вулиця Симона Петлюри","lines":"33","arr":["А33"],"roundabout":0,"mode":"bus","color":"#0059a9"}},{"type":"Feature","geometry":{"type":"LineString","coordinates":[[23.985151,49.815731],[23.985018,49.815766],[23.984358,49.815939],[23.982197,49.816531]]},"properties":{"name":"Вітряна вулиця","lines":"33","arr":["А33"],"roundabout":0,"mode":"bus","color":"#0059a9"}},{"type":"Feature","geometry":{"type":"LineString","coordinates":[[23.985151,49.815731],[23.984628,49.815278]]},"properties":{"name":"Кульпарківська вулиця","lines":"33","arr":["А33"],"roundabout":0,"mode":"bus","color":"#0059a9"}},{"type":"Feature","geometry":{"type":"LineString","coordinates":[[23.983212,49.813061],[23.983037,49.812334],[23.983031,49.812308],[23.983017,49.812173]]},"properties":{"name":"Кульпарківська вулиця","lines":"33","arr":["А33"],"roundabout":0,"mode":"bus","color":"#0059a9"}},{"type":"Feature","geometry":{"type":"LineString","coordinates":[[23.984628,49.815278],[23.984888,49.815192],[23.985295,49.815087],[23.985378,49.815068],[23.985448,49.815051],[23.985634,49.815008]]},"properties":{"name":"вулиця Леоніда Перфецького","lines":"33","arr":["А33"],"roundabout":0,"mode":"bus","color":"#0059a9"}},{"type":"Feature","geometry":{"type":"LineString","coordinates":[[23.988541,49.804722],[23.988498,49.804552],[23.988373,49.804056],[23.988309,49.803806],[23.988265,49.803629],[23.988091,49.802942],[23.988041,49.802738],[23.987953,49.802291],[23.98793,49.802174]]},"properties":{"name":"вулиця Івана Пулюя","lines":"33","arr":["А33"],"roundabout":0,"mode":"bus","color":"#0059a9"}},{"type":"Feature","geometry":{"type":"LineString","coordinates":[[23.989082,49.801169],[23.989703,49.801105],[23.989923,49.801082],[23.990421,49.80103],[23.991597,49.800907]]},"properties":{"name":"вулиця Івана Пулюя","lines":"33","arr":["А33"],"roundabout":0,"mode":"bus","color":"#0059a9"}},{"type":"Feature","geometry":{"type":"LineString","coordinates":[[23.991597,49.800907],[23.991706,49.80135],[23.991746,49.801518],[23.991759,49.80157],[23.991826,49.801842],[23.991923,49.802242],[23.991944,49.802325],[23.991968,49.802426],[23.992033,49.802692],[23.992064,49.802817],[23.992229,49.803492],[23.992351,49.80348],[23.992448,49.803468],[23.993221,49.803386],[23.993458,49.803456],[23.99352,49.803508],[23.993571,49.803551],[23.993587,49.803621],[23.99362,49.803755],[23.993649,49.803875],[23.993689,49.804037],[23.993719,49.80417]]},"properties":{"name":"","lines":"33","arr":["А33"],"roundabout":0,"mode":"bus","color":"#0059a9"}},{"type":"Feature","geometry":{"type":"LineString","coordinates":[[23.983212,49.813061],[23.982729,49.813174],[23.98266,49.813205],[23.982397,49.813325],[23.981433,49.813763],[23.981196,49.813871],[23.981299,49.813968],[23.981361,49.814033],[23.981371,49.814046],[23.981429,49.814126],[23.981761,49.814693],[23.98184,49.814855],[23.981924,49.815027],[23.981951,49.815117],[23.981955,49.815262],[23.981937,49.815343],[23.982316,49.815972],[23.982255,49.816059],[23.982152,49.816107],[23.982066,49.816172],[23.982038,49.816251],[23.982165,49.816474],[23.982197,49.816531]]},"properties":{"name":"","lines":"33","arr":["А33"],"roundabout":0,"mode":"bus","color":"#0059a9"}},{"type":"Feature","geometry":{"type":"LineString","coordinates":[[24.000173,49.803642],[24.000212,49.803823]]},"properties":{"name":"","lines":"33, 45","arr":["А33","А45"],"roundabout":0,"mode":"bus","color":"#0059a9"}},{"type":"Feature","geometry":{"type":"LineString","coordinates":[[23.989781,49.825398],[23.98996,49.825465],[23.990391,49.82564],[23.990456,49.825666],[23.990868,49.825836],[23.991049,49.825915],[23.991143,49.825962],[23.991443,49.826124],[23.992309,49.826617],[23.992817,49.826902],[23.992937,49.82697],[23.993315,49.827184],[23.993537,49.82731],[23.994399,49.827795],[23.994692,49.827962],[23.994746,49.827992],[23.995035,49.828152],[23.995124,49.828201],[23.996163,49.828789],[23.997444,49.829518],[23.9975,49.829562],[23.997538,49.829587],[23.99807,49.829877],[23.998109,49.829898],[23.999728,49.830837],[24.000131,49.83106],[24.000434,49.831237],[24.001229,49.831698],[24.001493,49.831851],[24.001804,49.832041],[24.001972,49.832134],[24.002207,49.83226],[24.002834,49.832623],[24.003459,49.832987],[24.003542,49.833036],[24.003965,49.833284],[24.004444,49.833591],[24.004868,49.833806],[24.005367,49.833998],[24.006417,49.83441],[24.006807,49.83456],[24.006946,49.834615],[24.007061,49.834663],[24.007156,49.834715],[24.007175,49.834724],[24.007185,49.834732],[24.007218,49.834757],[24.007235,49.83477],[24.007279,49.834803]]},"properties":{"name":"вулиця Володимира Антоновича","lines":"33, 92, 22, 30","arr":["А33","А92","Тр22","Тр30"],"roundabout":0,"mode":"bus","color":"#0059a9","trolley":"mix"}},{"type":"Feature","geometry":{"type":"LineString","coordinates":[[24.007279,49.834803],[24.0073,49.834826],[24.007377,49.834912],[24.007645,49.835288],[24.007764,49.835384],[24.00789,49.835453],[24.00822,49.835586],[24.009422,49.836036],[24.010311,49.836373],[24.012224,49.837133],[24.01234,49.837223]]},"properties":{"name":"вулиця Митрополита Андрея","lines":"33, 92, 22, 30","arr":["А33","А92","Тр22","Тр30"],"roundabout":0,"mode":"bus","color":"#0059a9","trolley":"mix"}},{"type":"Feature","geometry":{"type":"LineString","coordinates":[[24.014623,49.836964],[24.014939,49.836937]]},"properties":{"name":"","lines":"33, 92, 22, 27, 30, 32","arr":["А33","А92","Тр22","Тр27","Тр30","Тр32"],"roundabout":0,"mode":"bus","color":"#0059a9","trolley":"mix"}},{"type":"Feature","geometry":{"type":"LineString","coordinates":[[24.014939,49.836937],[24.015064,49.83687],[24.015259,49.836764],[24.015642,49.836557],[24.015859,49.83644],[24.015991,49.836368]]},"properties":{"name":"вулиця Миколи Устияновича","lines":"33, 92, 22, 27, 30, 32","arr":["А33","А92","Тр22","Тр27","Тр30","Тр32"],"roundabout":0,"mode":"bus","color":"#0059a9","trolley":"mix"}},{"type":"Feature","geometry":{"type":"LineString","coordinates":[[24.015991,49.836368],[24.016028,49.836349],[24.016182,49.836272],[24.016321,49.836203],[24.016783,49.835938],[24.016968,49.835897],[24.017096,49.835878],[24.017275,49.835874]]},"properties":{"name":"вулиця Миколи Устияновича","lines":"92, 22, 27, 30, 32","arr":["А92","Тр22","Тр27","Тр30","Тр32"],"roundabout":0,"mode":"bus","color":"#0059a9","trolley":"mix"}},{"type":"Feature","geometry":{"type":"LineString","coordinates":[[23.929566,49.845801],[23.930296,49.845644],[23.930537,49.845597],[23.930828,49.845522],[23.931039,49.845447],[23.93129,49.845331],[23.931789,49.845114],[23.931891,49.845088],[23.931997,49.845075],[23.932364,49.845073],[23.932634,49.84508],[23.93276,49.845096],[23.933064,49.84512],[23.93431,49.845166],[23.934742,49.84516],[23.935182,49.84513],[23.935571,49.845092],[23.935791,49.845047],[23.935862,49.845039],[23.936507,49.844934],[23.936753,49.844869],[23.93727,49.844631],[23.937773,49.844501],[23.938035,49.844468],[23.938101,49.844461],[23.938159,49.844455],[23.938469,49.844419],[23.939479,49.84432],[23.940707,49.844202],[23.941661,49.844117],[23.942107,49.844088],[23.94288,49.844072],[23.943305,49.844081],[23.943741,49.844125],[23.943928,49.844173],[23.944264,49.844325],[23.945039,49.844707],[23.9452,49.844765],[23.94535,49.844807],[23.945524,49.844821],[23.945633,49.844819],[23.945736,49.844806],[23.945864,49.844778],[23.946258,49.844629],[23.946537,49.84455],[23.946794,49.844508],[23.947024,49.844487],[23.947455,49.844467],[23.947911,49.844416],[23.94842,49.84435],[23.949522,49.844166],[23.949737,49.844126],[23.951255,49.843836],[23.951483,49.843814],[23.951646,49.843821],[23.951786,49.843846],[23.951937,49.843884],[23.952223,49.844013],[23.952638,49.844273],[23.952929,49.844493],[23.952966,49.844541],[23.953102,49.844571],[23.953275,49.844573],[23.953441,49.844553],[23.95394,49.844472],[23.954351,49.844433],[23.95463,49.844424],[23.954878,49.844434],[23.955172,49.844491],[23.955462,49.844587],[23.956315,49.844875],[23.956548,49.844927],[23.956729,49.844948],[23.956898,49.844957],[23.957093,49.844938],[23.957262,49.844901],[23.957452,49.844838],[23.957633,49.844757],[23.95782,49.844656],[23.957991,49.844548],[23.958237,49.844384],[23.958435,49.844238],[23.958564,49.844126]]},"properties":{"name":"вулиця Білогорща","lines":"34","arr":["А34"],"roundabout":0,"mode":"bus","color":"#0059a9"}},{"type":"Feature","geometry":{"type":"LineString","coordinates":[[23.932634,49.84508],[23.932635,49.844964]]},"properties":{"name":"вулиця Стадників","lines":"34","arr":["А34"],"roundabout":0,"mode":"bus","color":"#0059a9"}},{"type":"Feature","geometry":{"type":"LineString","coordinates":[[23.958564,49.844126],[23.958472,49.844033],[23.958418,49.843977],[23.95832,49.843879],[23.95814,49.8437],[23.957607,49.843185],[23.957458,49.84304],[23.95736,49.842909],[23.957327,49.842812],[23.957316,49.842704],[23.957337,49.842619]]},"properties":{"name":"вулиця Роксоляни","lines":"34","arr":["А34"],"roundabout":0,"mode":"bus","color":"#0059a9"}},{"type":"Feature","geometry":{"type":"LineString","coordinates":[[23.957337,49.842619],[23.957363,49.842547],[23.957403,49.842479],[23.957477,49.8424],[23.957598,49.842304],[23.957754,49.842219],[23.957958,49.842151],[23.958207,49.842115],[23.95913,49.842065],[23.959241,49.842054],[23.96006,49.842019],[23.960123,49.842015],[23.960175,49.842013],[23.960878,49.841985],[23.961365,49.841966],[23.961664,49.841955],[23.962088,49.841938],[23.962305,49.841928],[23.962666,49.841911],[23.962883,49.841902],[23.963559,49.84187],[23.963895,49.841855],[23.964012,49.84185],[23.964342,49.841834],[23.964534,49.841826],[23.965078,49.841801],[23.965309,49.84179],[23.965669,49.841773],[23.966336,49.841743],[23.966656,49.841728],[23.967141,49.841706],[23.967267,49.8417],[23.967398,49.841721],[23.96758,49.841787],[23.967731,49.841888],[23.967814,49.841944]]},"properties":{"name":"Широка вулиця","lines":"34","arr":["А34"],"roundabout":0,"mode":"bus","color":"#0059a9"}},{"type":"Feature","geometry":{"type":"LineString","coordinates":[[24.022024,49.843122],[24.022022,49.84313],[24.022004,49.843188],[24.022001,49.843199]]},"properties":{"name":"","lines":"34, 61, 84","arr":["А34","А61","А84"],"roundabout":0,"mode":"bus","color":"#0059a9"}},{"type":"Feature","geometry":{"type":"LineString","coordinates":[[24.002822,49.871324],[24.002897,49.871202]]},"properties":{"name":"","lines":"37","arr":["А37"],"roundabout":0,"mode":"bus","color":"#0059a9"}},{"type":"Feature","geometry":{"type":"LineString","coordinates":[[24.003428,49.870724],[24.00366,49.870658],[24.003833,49.870605],[24.004622,49.870367],[24.004878,49.870392],[24.005168,49.870469],[24.005203,49.870504],[24.005216,49.870528],[24.005221,49.870558],[24.005218,49.870594],[24.005207,49.870646],[24.005182,49.870753],[24.00517,49.870837],[24.005171,49.870886]]},"properties":{"name":"","lines":"37","arr":["А37"],"roundabout":0,"mode":"bus","color":"#0059a9"}},{"type":"Feature","geometry":{"type":"LineString","coordinates":[[24.018956,49.861413],[24.01919,49.861458]]},"properties":{"name":"","lines":"37","arr":["А37"],"roundabout":0,"mode":"bus","color":"#0059a9"}},{"type":"Feature","geometry":{"type":"LineString","coordinates":[[24.032041,49.844202],[24.032035,49.844226],[24.032005,49.844355],[24.031963,49.844502],[24.03196,49.844518]]},"properties":{"name":"Вічева вулиця","lines":"37, 39","arr":["А37","А39"],"roundabout":0,"mode":"bus","color":"#0059a9"}},{"type":"Feature","geometry":{"type":"LineString","coordinates":[[24.035303,49.842034],[24.035314,49.842034],[24.035369,49.842034],[24.035421,49.842034],[24.035496,49.842034],[24.036001,49.842033],[24.036154,49.842015],[24.03635,49.841953]]},"properties":{"name":"вулиця Володимира Винниченка","lines":"37, 39","arr":["А37","А39"],"roundabout":0,"mode":"bus","color":"#0059a9"}},{"type":"Feature","geometry":{"type":"LineString","coordinates":[[24.036401,49.840307],[24.036424,49.840335],[24.036644,49.840604],[24.03673,49.840711],[24.036616,49.841154],[24.036442,49.84183],[24.03635,49.841953]]},"properties":{"name":"площа Андрія Парубія","lines":"37, 39, 45","arr":["А37","А39","А45"],"roundabout":0,"mode":"bus","color":"#0059a9"}},{"type":"Feature","geometry":{"type":"LineString","coordinates":[[24.044527,49.827146],[24.044544,49.82719],[24.044559,49.82723],[24.044584,49.827297],[24.044786,49.828394],[24.04492,49.828628]]},"properties":{"name":"Водогінна вулиця","lines":"37, 31","arr":["А37","Тр31"],"roundabout":0,"mode":"bus","color":"#0059a9","trolley":"mix"}},{"type":"Feature","geometry":{"type":"LineString","coordinates":[[24.053065,49.796272],[24.053003,49.796219],[24.052805,49.796059],[24.05275,49.796014],[24.052546,49.795846],[24.052284,49.795638],[24.052156,49.795533],[24.051999,49.795405],[24.051967,49.795379],[24.051873,49.795303],[24.051237,49.794776],[24.051116,49.794701],[24.051031,49.794653],[24.05061,49.794521],[24.050307,49.794462],[24.050001,49.794436],[24.049781,49.794449],[24.049567,49.79448],[24.048915,49.794628],[24.048281,49.794763],[24.048037,49.794779],[24.047763,49.794784],[24.047281,49.794793],[24.046494,49.794803],[24.046422,49.794803],[24.045835,49.794794],[24.045326,49.794758],[24.04457,49.79464],[24.044192,49.794576],[24.043178,49.794392],[24.042558,49.794278],[24.042332,49.794258],[24.042102,49.794262],[24.04185,49.794284],[24.041597,49.794316],[24.041172,49.794458],[24.040787,49.79466],[24.040601,49.794815],[24.040434,49.794993],[24.040142,49.795387],[24.039665,49.796034],[24.039368,49.796449],[24.039264,49.796592],[24.039195,49.79669],[24.039159,49.79674],[24.039037,49.796938],[24.038932,49.797168],[24.038917,49.797355],[24.038917,49.797535],[24.038933,49.797685],[24.038981,49.797945],[24.038992,49.797986],[24.039097,49.798293],[24.039175,49.798462],[24.039261,49.798601]]},"properties":{"name":"вулиця Гната Хоткевича","lines":"37","arr":["А37"],"roundabout":0,"mode":"bus","color":"#0059a9"}},{"type":"Feature","geometry":{"type":"LineString","coordinates":[[24.047245,49.799471],[24.047093,49.799376],[24.047023,49.799326],[24.046639,49.799114],[24.046579,49.799076],[24.046112,49.798824],[24.04587,49.798685],[24.045554,49.798504],[24.045476,49.798461],[24.045164,49.798294],[24.044874,49.798158],[24.044654,49.798087],[24.044473,49.798043],[24.044258,49.798005],[24.043943,49.797985],[24.043614,49.797998],[24.043291,49.798053],[24.043261,49.798062],[24.042918,49.798159],[24.042558,49.798327],[24.042481,49.798362],[24.042405,49.798396],[24.041849,49.798648],[24.041544,49.79874],[24.041142,49.798792],[24.040882,49.798774],[24.040737,49.798765],[24.040275,49.798702],[24.040013,49.798667],[24.03967,49.79862],[24.039471,49.798594],[24.03943,49.798588],[24.039261,49.798601]]},"properties":{"name":"вулиця Віктора Чукаріна","lines":"37","arr":["А37"],"roundabout":0,"mode":"bus","color":"#0059a9"}},{"type":"Feature","geometry":{"type":"LineString","coordinates":[[24.084631,49.847973],[24.084573,49.847964],[24.08418,49.847903],[24.082521,49.847695],[24.082407,49.847638],[24.082274,49.847534],[24.082031,49.847344],[24.081726,49.847213],[24.081447,49.847128],[24.081077,49.847016],[24.080853,49.846949],[24.08071,49.846909],[24.080292,49.846783],[24.08019,49.846748],[24.080123,49.84671],[24.080059,49.846646],[24.079535,49.845891],[24.079372,49.8457],[24.079347,49.845672],[24.079322,49.845647],[24.07925,49.845601],[24.079169,49.845573],[24.079098,49.845562],[24.079002,49.845562],[24.078868,49.845582],[24.078794,49.845595],[24.078676,49.845609],[24.078484,49.845615],[24.078153,49.845618],[24.077787,49.845609],[24.077502,49.845589],[24.077264,49.845561],[24.077104,49.845535],[24.076971,49.845503],[24.076828,49.845454],[24.073928,49.844268],[24.073855,49.844237],[24.073757,49.844197],[24.073659,49.844156],[24.072655,49.843733],[24.072545,49.843687],[24.071235,49.843151],[24.071223,49.843146],[24.071157,49.843119],[24.071034,49.843068],[24.06976,49.842532],[24.069659,49.84249],[24.069199,49.842304],[24.069082,49.842257],[24.068856,49.842165],[24.068793,49.842131],[24.068735,49.842076],[24.068588,49.841902],[24.068514,49.841853],[24.068356,49.841789],[24.068174,49.84177],[24.067649,49.841751],[24.067577,49.841738],[24.067508,49.841713],[24.067466,49.841681],[24.067431,49.841642],[24.06741,49.841585],[24.067399,49.84153],[24.067398,49.841348],[24.067398,49.841279],[24.067398,49.841242],[24.067398,49.841205],[24.067363,49.840571],[24.067012,49.840347],[24.066865,49.840253],[24.066736,49.84015],[24.066665,49.840061],[24.066621,49.839962],[24.066598,49.839869],[24.066588,49.839797]]},"properties":{"name":"вулиця Кривчицька Дорога","lines":"39, 39а","arr":["А39","А39а"],"roundabout":0,"mode":"bus","color":"#0059a9"}},{"type":"Feature","geometry":{"type":"LineString","coordinates":[[24.066588,49.839797],[24.066594,49.839724],[24.066619,49.839619],[24.066655,49.839527],[24.066735,49.839369],[24.066781,49.839283],[24.066851,49.839161],[24.067374,49.838298],[24.067503,49.838027],[24.06754,49.83795],[24.067572,49.837799],[24.067581,49.837639],[24.067582,49.837579],[24.06756,49.837495],[24.067527,49.837438],[24.067465,49.837342],[24.0674,49.837268]]},"properties":{"name":"вулиця Петра Ніщинського","lines":"39, 39а","arr":["А39","А39а"],"roundabout":0,"mode":"bus","color":"#0059a9"}},{"type":"Feature","geometry":{"type":"LineString","coordinates":[[24.0674,49.837268],[24.067521,49.837208],[24.067589,49.83719],[24.067668,49.837167],[24.067844,49.837137],[24.067883,49.83713],[24.068009,49.837129],[24.068268,49.837154],[24.068449,49.837143],[24.068654,49.837107],[24.068703,49.837081],[24.070069,49.836363],[24.070278,49.836244],[24.070302,49.836232],[24.070357,49.836205],[24.070389,49.836189]]},"properties":{"name":"вулиця Христофора Колумба","lines":"39","arr":["А39"],"roundabout":0,"mode":"bus","color":"#0059a9"}},{"type":"Feature","geometry":{"type":"LineString","coordinates":[[24.026881,49.86009],[24.02686,49.860325],[24.026838,49.8605],[24.026787,49.8609],[24.026757,49.861139],[24.026731,49.861335],[24.0267,49.861433],[24.026694,49.861495],[24.026671,49.861709],[24.026608,49.862146],[24.026604,49.862174],[24.026598,49.862218],[24.026526,49.862713],[24.026505,49.862842],[24.026491,49.862923],[24.02645,49.863105],[24.026319,49.863403]]},"properties":{"name":"Замарстинівська вулиця","lines":"39","arr":["А39"],"roundabout":0,"mode":"bus","color":"#0059a9"}},{"type":"Feature","geometry":{"type":"LineString","coordinates":[[24.026319,49.863403],[24.026392,49.863448],[24.027109,49.863891],[24.027729,49.864273],[24.027812,49.864325],[24.027964,49.864419],[24.028119,49.864515],[24.028219,49.864576],[24.028274,49.86461],[24.028288,49.864619],[24.028358,49.864662],[24.028462,49.864726],[24.02864,49.864793],[24.028833,49.864853],[24.029075,49.864925],[24.029212,49.864965],[24.029326,49.864998],[24.029658,49.865102],[24.029682,49.86511],[24.029749,49.865132],[24.029819,49.865154],[24.030482,49.865323],[24.031146,49.865495],[24.03134,49.865542],[24.031991,49.865699],[24.032598,49.86587],[24.032824,49.865931],[24.033203,49.866027],[24.033392,49.866077],[24.033625,49.866134],[24.033884,49.866172],[24.034188,49.866191],[24.034295,49.8662],[24.034914,49.866251],[24.034997,49.866256],[24.035873,49.866308],[24.036262,49.866331],[24.037112,49.866381],[24.037204,49.86639],[24.039552,49.866519],[24.039756,49.866531],[24.040804,49.866596],[24.041148,49.866618],[24.041221,49.866623],[24.041305,49.866628],[24.041343,49.86663],[24.041928,49.866668],[24.042128,49.866681],[24.042267,49.86669],[24.042437,49.866701],[24.042888,49.86673],[24.043798,49.866782],[24.044024,49.866815]]},"properties":{"name":"вулиця Авраама Лінкольна","lines":"39","arr":["А39"],"roundabout":0,"mode":"bus","color":"#0059a9"}},{"type":"Feature","geometry":{"type":"LineString","coordinates":[[24.049856,49.873164],[24.049654,49.873064]]},"properties":{"name":"","lines":"39","arr":["А39"],"roundabout":0,"mode":"bus","color":"#0059a9"}},{"type":"Feature","geometry":{"type":"LineString","coordinates":[[24.075793,49.855256],[24.075672,49.855258],[24.075613,49.855267],[24.07554,49.855282],[24.075412,49.855368],[24.075063,49.85565],[24.074923,49.855782],[24.074743,49.855989],[24.074293,49.855842],[24.073978,49.856189],[24.0742,49.856371],[24.07434,49.856529],[24.074411,49.856594],[24.074486,49.856658]]},"properties":{"name":"","lines":"39","arr":["А39"],"roundabout":0,"mode":"bus","color":"#0059a9"}},{"type":"Feature","geometry":{"type":"LineString","coordinates":[[24.064767,49.83646],[24.064795,49.836527],[24.064823,49.836546],[24.064915,49.836581],[24.065018,49.836592],[24.065111,49.836596],[24.065697,49.836627],[24.066263,49.836656],[24.06643,49.836676],[24.066545,49.836705],[24.066635,49.836755],[24.066775,49.836879],[24.066796,49.836923],[24.06684,49.837011],[24.066915,49.837173],[24.067007,49.837239]]},"properties":{"name":"Долішня вулиця","lines":"39, 39а","arr":["А39","А39а"],"roundabout":0,"mode":"bus","color":"#0059a9"}},{"type":"Feature","geometry":{"type":"LineString","coordinates":[[24.067007,49.837239],[24.067064,49.837249],[24.067142,49.837263],[24.067245,49.837267],[24.067299,49.837269],[24.0674,49.837268]]},"properties":{"name":"вулиця Станція Личаків","lines":"39, 39а","arr":["А39","А39а"],"roundabout":0,"mode":"bus","color":"#0059a9"}},{"type":"Feature","geometry":{"type":"LineString","coordinates":[[24.033589,49.836932],[24.033692,49.836963],[24.034033,49.837083],[24.034884,49.837379],[24.034941,49.837398],[24.034975,49.83741]]},"properties":{"name":"вулиця Володимира Шухевича","lines":"39а","arr":["А39а"],"roundabout":0,"mode":"bus","color":"#0059a9"}},{"type":"Feature","geometry":{"type":"LineString","coordinates":[[24.014972,49.787835],[24.015026,49.788101]]},"properties":{"name":"Стрийська вулиця","lines":"40, 23, 25","arr":["А40","Тр23","Тр25"],"roundabout":0,"mode":"bus","color":"#0059a9","trolley":"mix"}},{"type":"Feature","geometry":{"type":"LineString","coordinates":[[24.146206,49.817508],[24.146208,49.81756],[24.146215,49.817813],[24.146217,49.81813],[24.1462,49.818417],[24.146187,49.818688],[24.146038,49.819639],[24.146052,49.819757],[24.146078,49.819948],[24.146085,49.82],[24.146143,49.820454],[24.146234,49.821201],[24.14631,49.821509],[24.146419,49.821906]]},"properties":{"name":"вулиця Андрія Сахарова","lines":"40","arr":["А40"],"roundabout":0,"mode":"bus","color":"#0059a9"}},{"type":"Feature","geometry":{"type":"LineString","coordinates":[[24.146206,49.817508],[24.145675,49.817466]]},"properties":{"name":"Галицька вулиця","lines":"40","arr":["А40"],"roundabout":0,"mode":"bus","color":"#0059a9"}},{"type":"Feature","geometry":{"type":"LineString","coordinates":[[24.059962,49.87306],[24.059776,49.873117],[24.059677,49.87315],[24.059571,49.873188]]},"properties":{"name":"Мідна вулиця","lines":"41, 51, 53","arr":["А41","А51","А53"],"roundabout":0,"mode":"bus","color":"#0059a9"}},{"type":"Feature","geometry":{"type":"LineString","coordinates":[[23.995603,49.804279],[23.995572,49.804126]]},"properties":{"name":"","lines":"41, 51","arr":["А41","А51"],"roundabout":0,"mode":"bus","color":"#0059a9"}},{"type":"Feature","geometry":{"type":"LineString","coordinates":[[24.058587,49.818298],[24.058499,49.818281],[24.058054,49.818186],[24.057983,49.81817],[24.057851,49.818142],[24.057732,49.818116],[24.057363,49.818038],[24.056803,49.817922],[24.056624,49.817885],[24.0558,49.817713],[24.055644,49.81768],[24.055618,49.817675],[24.055429,49.817635],[24.055257,49.817599],[24.054334,49.817397],[24.053492,49.817217],[24.05094,49.816673],[24.050844,49.816654],[24.050569,49.816599],[24.050395,49.816564]]},"properties":{"name":"Дністерська вулиця","lines":"43","arr":["А43"],"roundabout":0,"mode":"bus","color":"#0059a9"}},{"type":"Feature","geometry":{"type":"LineString","coordinates":[[24.051337,49.8154],[24.051045,49.814757],[24.050905,49.814417],[24.050896,49.814152]]},"properties":{"name":"вулиця Івана Раковського","lines":"43","arr":["А43"],"roundabout":0,"mode":"bus","color":"#0059a9"}},{"type":"Feature","geometry":{"type":"LineString","coordinates":[[24.050395,49.816564],[24.050413,49.81653],[24.050613,49.816097],[24.050734,49.815869],[24.050806,49.81575],[24.050891,49.815645],[24.051117,49.815496],[24.051337,49.8154]]},"properties":{"name":"Дунайська вулиця","lines":"43","arr":["А43"],"roundabout":0,"mode":"bus","color":"#0059a9"}},{"type":"Feature","geometry":{"type":"LineString","coordinates":[[24.034806,49.834878],[24.034612,49.834745],[24.034528,49.834686],[24.034436,49.834603],[24.034389,49.834548],[24.034336,49.834464],[24.034287,49.834319],[24.034225,49.834097],[24.034184,49.833962],[24.034138,49.833805],[24.034117,49.833724],[24.034073,49.83355],[24.033999,49.833291],[24.033842,49.832688],[24.033831,49.832645],[24.033737,49.832296],[24.033699,49.83218],[24.033664,49.83211],[24.033581,49.832004],[24.033349,49.831727],[24.033179,49.831525],[24.033072,49.831398],[24.032657,49.830902],[24.032193,49.830558],[24.032029,49.830446],[24.03173,49.830244]]},"properties":{"name":"вулиця Івана Франка","lines":"43, 53","arr":["А43","А53"],"roundabout":0,"mode":"bus","color":"#0059a9","nolabel":1}},{"type":"Feature","geometry":{"type":"LineString","coordinates":[[24.03173,49.830244],[24.031447,49.830187],[24.031388,49.830175],[24.03091,49.83008],[24.03078,49.830054]]},"properties":{"name":"площа Івана Франка","lines":"43","arr":["А43"],"roundabout":0,"mode":"bus","color":"#0059a9","nolabel":1}},{"type":"Feature","geometry":{"type":"LineString","coordinates":[[24.03078,49.830054],[24.030715,49.830042],[24.030236,49.829949],[24.029934,49.829885],[24.02929,49.829749],[24.028529,49.829752],[24.028345,49.829751],[24.028112,49.82975],[24.027323,49.829749],[24.026316,49.82976],[24.025754,49.82981],[24.025226,49.829891],[24.023907,49.830201],[24.023724,49.830245],[24.023671,49.830256],[24.023532,49.830285],[24.022547,49.830513],[24.021938,49.830713],[24.021288,49.830974],[24.019798,49.831648],[24.019697,49.831694],[24.019526,49.831768],[24.019082,49.831972],[24.018781,49.83211],[24.018681,49.832152],[24.018511,49.832225],[24.018349,49.832293]]},"properties":{"name":"вулиця Дмитра Вітовського","lines":"43","arr":["А43"],"roundabout":0,"mode":"bus","color":"#0059a9","nolabel":1}},{"type":"Feature","geometry":{"type":"LineString","coordinates":[[24.018349,49.832293],[24.018353,49.8323],[24.018361,49.832317],[24.018536,49.832671],[24.018552,49.832704]]},"properties":{"name":"вулиця Миколая Коперника","lines":"43","arr":["А43"],"roundabout":0,"mode":"bus","color":"#0059a9"}},{"type":"Feature","geometry":{"type":"LineString","coordinates":[[23.981131,49.80591],[23.980897,49.805895],[23.980735,49.805912],[23.980712,49.805914],[23.98067,49.805918],[23.980273,49.805958]]},"properties":{"name":"Ряшівська вулиця","lines":"51","arr":["А51"],"roundabout":0,"mode":"bus","color":"#0059a9"}},{"type":"Feature","geometry":{"type":"LineString","coordinates":[[23.980273,49.805958],[23.980212,49.805964],[23.97973,49.806012],[23.979468,49.806038]]},"properties":{"name":"Ряшівська вулиця","lines":"45, 51","arr":["А45","А51"],"roundabout":0,"mode":"bus","color":"#0059a9"}},{"type":"Feature","geometry":{"type":"LineString","coordinates":[[23.97937,49.805653],[23.97983,49.805604],[23.980065,49.805587],[23.980505,49.805544],[23.980669,49.805526],[23.980685,49.805525],[23.980966,49.805498]]},"properties":{"name":"Ряшівська вулиця","lines":"45, 51","arr":["А45","А51"],"roundabout":0,"mode":"bus","color":"#0059a9"}},{"type":"Feature","geometry":{"type":"LineString","coordinates":[[23.979468,49.806038],[23.97937,49.805653]]},"properties":{"name":"","lines":"45, 51","arr":["А45","А51"],"roundabout":0,"mode":"bus","color":"#0059a9"}},{"type":"Feature","geometry":{"type":"LineString","coordinates":[[24.03635,49.841953],[24.036236,49.842296],[24.03601,49.843095],[24.035982,49.843238],[24.035951,49.843606],[24.035945,49.843661],[24.03594,49.843703],[24.035911,49.843736],[24.035883,49.843769],[24.035605,49.844095],[24.035564,49.844153],[24.035551,49.844215],[24.035577,49.844341],[24.035633,49.844454],[24.035703,49.844591],[24.035837,49.844964],[24.035853,49.845059]]},"properties":{"name":"вулиця Володимира Винниченка","lines":"45","arr":["А45"],"roundabout":0,"mode":"bus","color":"#0059a9"}},{"type":"Feature","geometry":{"type":"LineString","coordinates":[[24.041204,49.846525],[24.040767,49.845874],[24.040458,49.845451],[24.040361,49.845365],[24.040219,49.845283],[24.040003,49.845186],[24.039673,49.84506],[24.039065,49.844848],[24.038907,49.844803],[24.038781,49.844791],[24.038691,49.84479],[24.038593,49.844813],[24.038486,49.844829],[24.038127,49.844872],[24.038085,49.844878],[24.036532,49.845056],[24.036265,49.845073],[24.036059,49.845066],[24.035853,49.845059],[24.03564,49.845054],[24.035334,49.845025],[24.035239,49.845003],[24.03459,49.844776],[24.033812,49.84451],[24.033757,49.844493],[24.033706,49.844483]]},"properties":{"name":"вулиця Максима Кривоноса","lines":"45","arr":["А45"],"roundabout":0,"mode":"bus","color":"#0059a9"}},{"type":"Feature","geometry":{"type":"LineString","coordinates":[[24.042117,49.846312],[24.042116,49.846293],[24.042103,49.844755],[24.042147,49.844648],[24.042187,49.844622],[24.042283,49.844615],[24.042397,49.844642],[24.042821,49.844775],[24.043009,49.844833],[24.043112,49.844863],[24.043178,49.84487],[24.04326,49.844861],[24.043553,49.844761],[24.043759,49.844635],[24.043938,49.844487],[24.044007,49.844407],[24.044046,49.844303],[24.044026,49.844052],[24.043976,49.84377],[24.044286,49.843679]]},"properties":{"name":"вулиця Барвінських","lines":"45","arr":["А45"],"roundabout":0,"mode":"bus","color":"#0059a9"}},{"type":"Feature","geometry":{"type":"LineString","coordinates":[[24.041204,49.846525],[24.041291,49.846504],[24.042071,49.846323],[24.042117,49.846312]]},"properties":{"name":"вулиця Олекси Довбуша","lines":"45","arr":["А45"],"roundabout":0,"mode":"bus","color":"#0059a9"}},{"type":"Feature","geometry":{"type":"LineString","coordinates":[[24.033706,49.844483],[24.03364,49.844183],[24.033641,49.844164]]},"properties":{"name":"площа Короля Данила","lines":"45","arr":["А45"],"roundabout":0,"mode":"bus","color":"#0059a9"}},{"type":"Feature","geometry":{"type":"LineString","coordinates":[[24.030705,49.839091],[24.030566,49.839212],[24.030441,49.839401],[24.030314,49.839553],[24.030144,49.839628],[24.029827,49.839704],[24.029606,49.839775]]},"properties":{"name":"площа Адама Міцкевича","lines":"45","arr":["А45"],"roundabout":0,"mode":"bus","color":"#0059a9"}},{"type":"Feature","geometry":{"type":"LineString","coordinates":[[24.029606,49.839775],[24.029365,49.839869],[24.02926,49.839944],[24.029183,49.840016],[24.029007,49.840289],[24.028759,49.840676],[24.02874,49.840705],[24.02873,49.840721]]},"properties":{"name":"проспект Свободи","lines":"45","arr":["А45"],"roundabout":0,"mode":"bus","color":"#0059a9"}},{"type":"Feature","geometry":{"type":"LineString","coordinates":[[24.035772,49.879381],[24.034544,49.880061],[24.034171,49.88029],[24.034111,49.880327],[24.033159,49.880768],[24.03307,49.880808],[24.033026,49.880827],[24.032729,49.880971],[24.032216,49.881227],[24.03193,49.881377],[24.031748,49.881509],[24.031563,49.881654],[24.031452,49.881789],[24.031329,49.881988],[24.031197,49.882221],[24.031075,49.882433],[24.0309,49.882701],[24.030801,49.882848],[24.030689,49.883044],[24.030587,49.883247],[24.030506,49.883434],[24.030386,49.883713],[24.030296,49.883947],[24.030239,49.884102],[24.030166,49.884296],[24.030069,49.884553],[24.030025,49.884704],[24.030002,49.884783],[24.029861,49.885095],[24.0297,49.885378],[24.029544,49.88556],[24.029232,49.885811],[24.02881,49.886001],[24.027864,49.886214],[24.027056,49.886375],[24.026944,49.886397],[24.02631,49.886525],[24.025448,49.886639],[24.024759,49.886759],[24.024292,49.886834],[24.024102,49.886875],[24.023877,49.88693],[24.023096,49.887153],[24.021158,49.887787],[24.020795,49.887919]]},"properties":{"name":"","lines":"46, 55","arr":["А46","А55"],"roundabout":0,"mode":"bus","color":"#0059a9"}},{"type":"Feature","geometry":{"type":"LineString","coordinates":[[24.020795,49.887919],[24.020566,49.888023],[24.020208,49.888171]]},"properties":{"name":"","lines":"55","arr":["А55"],"roundabout":0,"mode":"bus","color":"#0059a9"}},{"type":"Feature","geometry":{"type":"LineString","coordinates":[[24.019717,49.895704],[24.019882,49.893529],[24.019932,49.892876],[24.019897,49.89268],[24.019725,49.892239],[24.019602,49.891764],[24.019522,49.891399],[24.019495,49.891088],[24.019497,49.890875],[24.019602,49.8902],[24.019716,49.889879],[24.020243,49.889019],[24.020312,49.888552],[24.020286,49.88845]]},"properties":{"name":"","lines":"55","arr":["А55"],"roundabout":0,"mode":"bus","color":"#0059a9"}},{"type":"Feature","geometry":{"type":"LineString","coordinates":[[24.019887,49.88846],[24.019928,49.888464],[24.020034,49.888459]]},"properties":{"name":"","lines":"55","arr":["А55"],"roundabout":0,"mode":"bus","color":"#0059a9"}},{"type":"Feature","geometry":{"type":"LineString","coordinates":[[24.019661,49.888193],[24.019717,49.888138],[24.01974,49.888126],[24.019797,49.888097],[24.019893,49.888077],[24.019995,49.888077],[24.020088,49.888098],[24.020165,49.888138],[24.020208,49.888171],[24.020243,49.888252],[24.020236,49.888315],[24.020198,49.888374],[24.020133,49.888421],[24.020034,49.888459],[24.020286,49.88845],[24.020243,49.888252]]},"properties":{"name":"","lines":"55","arr":["А55"],"roundabout":0,"mode":"bus","color":"#0059a9"}},{"type":"Feature","geometry":{"type":"LineString","coordinates":[[24.018082,49.90051],[24.018066,49.900606],[24.018111,49.900648],[24.018147,49.900666],[24.018197,49.90067],[24.018245,49.900664],[24.018273,49.90065],[24.018295,49.90063],[24.01831,49.900614],[24.018317,49.900575]]},"properties":{"name":"","lines":"55","arr":["А55"],"roundabout":0,"mode":"bus","color":"#0059a9"}},{"type":"Feature","geometry":{"type":"LineString","coordinates":[[24.036723,49.878808],[24.037915,49.878118],[24.040461,49.876655],[24.040644,49.876556],[24.040684,49.876535]]},"properties":{"name":"вулиця Івана Миколайчука","lines":"46, 55","arr":["А46","А55"],"roundabout":0,"mode":"bus","color":"#0059a9"}},{"type":"Feature","geometry":{"type":"LineString","coordinates":[[24.059296,49.785552],[24.059591,49.78555],[24.059725,49.785549],[24.059761,49.785542],[24.059785,49.785526],[24.0598,49.785503],[24.059806,49.785479],[24.05981,49.78538],[24.059815,49.78528]]},"properties":{"name":"","lines":"47","arr":["А47"],"roundabout":0,"mode":"bus","color":"#0059a9"}},{"type":"Feature","geometry":{"type":"LineString","coordinates":[[24.043498,49.854059],[24.04351,49.854016]]},"properties":{"name":"Волинська вулиця","lines":"48, 62","arr":["А48","А62"],"roundabout":0,"mode":"bus","color":"#0059a9"}},{"type":"Feature","geometry":{"type":"LineString","coordinates":[[23.99935,49.808144],[23.999211,49.808153],[23.999141,49.808162],[23.999042,49.808173]]},"properties":{"name":"","lines":"51","arr":["А51"],"roundabout":0,"mode":"bus","color":"#0059a9"}},{"type":"Feature","geometry":{"type":"LineString","coordinates":[[23.983594,49.827437],[23.983287,49.827254],[23.983121,49.827166],[23.98305,49.82711],[23.983015,49.827067],[23.983001,49.827022],[23.983005,49.826983],[23.983005,49.826939]]},"properties":{"name":"","lines":"51","arr":["А51"],"roundabout":0,"mode":"bus","color":"#0059a9"}},{"type":"Feature","geometry":{"type":"LineString","coordinates":[[23.998374,49.836014],[23.998358,49.83605],[23.998345,49.836076],[23.998326,49.836116],[23.998272,49.836176]]},"properties":{"name":"","lines":"51","arr":["А51"],"roundabout":0,"mode":"bus","color":"#0059a9"}},{"type":"Feature","geometry":{"type":"LineString","coordinates":[[23.990778,49.833471],[23.990662,49.833491],[23.990568,49.833488]]},"properties":{"name":"","lines":"51","arr":["А51"],"roundabout":0,"mode":"bus","color":"#0059a9"}},{"type":"Feature","geometry":{"type":"LineString","coordinates":[[23.971876,49.817155],[23.972131,49.817222],[23.972616,49.817352],[23.972793,49.817398],[23.973948,49.817701],[23.974345,49.817804],[23.975745,49.818176],[23.97627,49.818316],[23.976344,49.818335],[23.976437,49.818361],[23.976992,49.818507],[23.977215,49.818565],[23.977343,49.8186],[23.977648,49.818681],[23.978937,49.819022],[23.979874,49.819271],[23.980844,49.819529],[23.980986,49.819572]]},"properties":{"name":"вулиця Олени Кульчицької","lines":"51","arr":["А51"],"roundabout":0,"mode":"bus","color":"#0059a9"}},{"type":"Feature","geometry":{"type":"LineString","coordinates":[[23.990786,49.833956],[23.990568,49.833488],[23.990539,49.833446],[23.990512,49.833384],[23.990383,49.832922],[23.990213,49.832104],[23.990069,49.831844],[23.989736,49.831375],[23.988809,49.830013],[23.988652,49.829818],[23.988469,49.829685],[23.98787,49.82938],[23.98759,49.829276]]},"properties":{"name":"Любінська вулиця","lines":"51","arr":["А51"],"roundabout":0,"mode":"bus","color":"#0059a9"}},{"type":"Feature","geometry":{"type":"LineString","coordinates":[[23.860375,49.842782],[23.860474,49.842745],[23.860662,49.842666],[23.860778,49.84259],[23.860863,49.842537],[23.861568,49.842202],[23.861665,49.842139],[23.864214,49.840921],[23.865733,49.84024]]},"properties":{"name":"вулиця Тараса Шевченка","lines":"52, 84","arr":["А52","А84"],"roundabout":0,"mode":"bus","color":"#0059a9"}},{"type":"Feature","geometry":{"type":"LineString","coordinates":[[23.860662,49.842666],[23.86069,49.842755],[23.860748,49.842911],[23.860754,49.843144],[23.860666,49.84319],[23.860587,49.843197],[23.860497,49.84317]]},"properties":{"name":"","lines":"52, 84","arr":["А52","А84"],"roundabout":0,"mode":"bus","color":"#0059a9"}},{"type":"Feature","geometry":{"type":"LineString","coordinates":[[23.860375,49.842782],[23.860318,49.842801],[23.860309,49.842866],[23.860295,49.842935],[23.860322,49.842983],[23.86035,49.843028],[23.860497,49.84317]]},"properties":{"name":"вулиця Папи Римського Івана Павла ІІ","lines":"52, 84","arr":["А52","А84"],"roundabout":0,"mode":"bus","color":"#0059a9"}},{"type":"Feature","geometry":{"type":"LineString","coordinates":[[23.863815,49.838386],[23.863891,49.838456],[23.86392,49.838484],[23.864495,49.839072],[23.864752,49.839309],[23.865245,49.839781],[23.865688,49.840198],[23.865733,49.84024]]},"properties":{"name":"вулиця Миколи Лисенка","lines":"52, 84","arr":["А52","А84"],"roundabout":0,"mode":"bus","color":"#0059a9"}},{"type":"Feature","geometry":{"type":"LineString","coordinates":[[23.872056,49.837794],[23.871866,49.837868],[23.871525,49.837891],[23.868219,49.838078],[23.86406,49.838288],[23.863922,49.838343],[23.863815,49.838386]]},"properties":{"name":"вулиця Михайла Грушевського","lines":"52, 84","arr":["А52","А84"],"roundabout":0,"mode":"bus","color":"#0059a9"}},{"type":"Feature","geometry":{"type":"LineString","coordinates":[[23.872056,49.837794],[23.872263,49.837639],[23.872538,49.837473],[23.872872,49.837295],[23.873154,49.837167],[23.873742,49.836863],[23.87514,49.836253],[23.875286,49.836188],[23.875488,49.836098],[23.876374,49.835715],[23.876483,49.835669],[23.877734,49.835125],[23.877911,49.835047],[23.878031,49.834998],[23.87823,49.834953]]},"properties":{"name":"вулиця Володимира Великого","lines":"52, 84","arr":["А52","А84"],"roundabout":0,"mode":"bus","color":"#0059a9"}},{"type":"Feature","geometry":{"type":"LineString","coordinates":[[23.87823,49.834953],[23.878285,49.83503],[23.878259,49.835528],[23.878252,49.836076],[23.87825,49.836205],[23.878249,49.836287],[23.878246,49.836458],[23.878246,49.836482],[23.878245,49.836537],[23.878207,49.837218],[23.878195,49.837361],[23.878194,49.837377]]},"properties":{"name":"вулиця Івана Огієнка","lines":"52","arr":["А52"],"roundabout":0,"mode":"bus","color":"#0059a9"}},{"type":"Feature","geometry":{"type":"LineString","coordinates":[[23.87821,49.837391],[23.878263,49.83742],[23.878358,49.837457]]},"properties":{"name":"","lines":"52","arr":["А52"],"roundabout":0,"mode":"bus","color":"#0059a9"}},{"type":"Feature","geometry":{"type":"LineString","coordinates":[[23.899021,49.839093],[23.89867,49.839204],[23.898896,49.839279]]},"properties":{"name":"","lines":"52","arr":["А52"],"roundabout":0,"mode":"bus","color":"#0059a9"}},{"type":"Feature","geometry":{"type":"LineString","coordinates":[[24.015014,49.854885],[24.014651,49.854833],[24.014531,49.85484],[24.014395,49.854937]]},"properties":{"name":"","lines":"52","arr":["А52"],"roundabout":0,"mode":"bus","color":"#0059a9"}},{"type":"Feature","geometry":{"type":"LineString","coordinates":[[23.878358,49.837457],[23.879329,49.837422],[23.879417,49.837417],[23.879535,49.83739],[23.880407,49.837355],[23.88131,49.837316],[23.882219,49.837266],[23.883096,49.83722],[23.884613,49.837164],[23.884772,49.837159]]},"properties":{"name":"вулиця Михайла Грушевського","lines":"52","arr":["А52"],"roundabout":0,"mode":"bus","color":"#0059a9"}},{"type":"Feature","geometry":{"type":"LineString","coordinates":[[23.884772,49.837159],[23.884802,49.837548],[23.88476,49.838657],[23.884755,49.83879],[23.884753,49.838878],[23.884749,49.839006],[23.884755,49.839138],[23.884766,49.839211],[23.884795,49.839256],[23.884834,49.839315]]},"properties":{"name":"вулиця Северина Наливайка","lines":"52","arr":["А52"],"roundabout":0,"mode":"bus","color":"#0059a9"}},{"type":"Feature","geometry":{"type":"LineString","coordinates":[[23.887096,49.839777],[23.886832,49.839696],[23.885993,49.839479],[23.885461,49.839381],[23.884834,49.839315],[23.884417,49.839293],[23.883374,49.839335],[23.882536,49.839374],[23.881967,49.839402],[23.881727,49.839415],[23.881205,49.839446],[23.880749,49.839481],[23.880248,49.839503],[23.879758,49.839527],[23.879464,49.839533],[23.878635,49.839577],[23.878171,49.839599],[23.877836,49.839619],[23.877418,49.839645],[23.877302,49.839655],[23.875371,49.839751],[23.875324,49.839753],[23.87492,49.839771],[23.874326,49.839798],[23.872335,49.839905],[23.87149,49.839961],[23.871238,49.839975],[23.870463,49.840016],[23.869374,49.840068],[23.868536,49.840106],[23.868448,49.840107],[23.867279,49.84017],[23.866457,49.840193],[23.865733,49.84024]]},"properties":{"name":"вулиця Тараса Шевченка","lines":"52","arr":["А52"],"roundabout":0,"mode":"bus","color":"#0059a9"}},{"type":"Feature","geometry":{"type":"LineString","coordinates":[[23.887096,49.839777],[23.887938,49.840146],[23.888506,49.840216],[23.888605,49.840226],[23.889173,49.840242],[23.88946,49.840228],[23.889739,49.840152],[23.890678,49.839641],[23.891206,49.839429],[23.89193,49.83922],[23.892187,49.839092],[23.892404,49.838964],[23.892616,49.838834],[23.893236,49.838512],[23.893694,49.838366],[23.894217,49.838273],[23.894714,49.838243],[23.895262,49.838252],[23.895547,49.838263],[23.895861,49.838311],[23.896743,49.838578],[23.897643,49.838871],[23.898327,49.839087],[23.898372,49.839104],[23.89867,49.839204]]},"properties":{"name":"вулиця Вербицького","lines":"52","arr":["А52"],"roundabout":0,"mode":"bus","color":"#0059a9"}},{"type":"Feature","geometry":{"type":"LineString","coordinates":[[23.903902,49.832925],[23.903341,49.83365],[23.903141,49.833897],[23.902682,49.834493],[23.902242,49.835055],[23.901647,49.83569],[23.901177,49.836248],[23.899778,49.838016],[23.899518,49.838364],[23.899353,49.838603],[23.899317,49.838655],[23.89908,49.839017],[23.899021,49.839093],[23.898896,49.839279]]},"properties":{"name":"Кільцева дорога","lines":"52","arr":["А52"],"roundabout":0,"mode":"bus","color":"#0059a9"}},{"type":"Feature","geometry":{"type":"LineString","coordinates":[[23.903902,49.832925],[23.904504,49.83215],[23.90485,49.831638],[23.905068,49.831289],[23.905296,49.830952],[23.905658,49.830445]]},"properties":{"name":"М-10-01","lines":"52","arr":["А52"],"roundabout":0,"mode":"bus","color":"#0059a9"}},{"type":"Feature","geometry":{"type":"LineString","coordinates":[[23.954565,49.82818],[23.95476,49.828217],[23.955788,49.828407],[23.956704,49.828569],[23.956964,49.828617],[23.957653,49.828743],[23.957926,49.828795],[23.958094,49.828825],[23.958518,49.8289],[23.958614,49.828917],[23.959653,49.829104],[23.959688,49.829112],[23.959837,49.829136],[23.960718,49.829298],[23.96127,49.829399],[23.962684,49.829658],[23.962885,49.829696],[23.962998,49.829718],[23.963073,49.829733],[23.963555,49.829824],[23.963588,49.829831],[23.963733,49.829856],[23.964043,49.82991],[23.964466,49.829987],[23.964666,49.830023],[23.964745,49.830038],[23.965007,49.830086],[23.96551,49.830178],[23.965909,49.830249],[23.966514,49.830358],[23.966728,49.830396],[23.966923,49.830431],[23.967018,49.830448],[23.967291,49.830497],[23.967844,49.830593],[23.968156,49.830645],[23.968228,49.830657]]},"properties":{"name":"Городоцька вулиця","lines":"52, 84, 27","arr":["А52","А84","Тр27"],"roundabout":0,"mode":"bus","color":"#0059a9","trolley":"mix"}},{"type":"Feature","geometry":{"type":"LineString","coordinates":[[24.021221,49.856832],[24.021097,49.856711],[24.021026,49.85665],[24.020996,49.856633],[24.020809,49.85651],[24.020581,49.856445],[24.019879,49.856245],[24.019661,49.856183],[24.019454,49.856124],[24.019023,49.856001],[24.017665,49.85564],[24.01716,49.855497],[24.016012,49.855164],[24.015014,49.854885]]},"properties":{"name":"вулиця Вʼячеслава Липинського","lines":"52","arr":["А52"],"roundabout":0,"mode":"bus","color":"#0059a9"}},{"type":"Feature","geometry":{"type":"LineString","coordinates":[[24.014395,49.854937],[24.014393,49.854977],[24.014379,49.855071],[24.014328,49.855442],[24.014339,49.855884],[24.014204,49.856139],[24.01413,49.856207],[24.0139,49.856421],[24.013738,49.856535],[24.013516,49.856669],[24.012975,49.856883],[24.012329,49.857175],[24.012251,49.857217],[24.012128,49.857284],[24.012008,49.857395],[24.011644,49.857793],[24.011591,49.85785],[24.011568,49.857874],[24.011512,49.857934],[24.011422,49.858015],[24.011246,49.858215],[24.011023,49.858451],[24.010515,49.858869],[24.010382,49.858973],[24.010189,49.859118],[24.010099,49.859183],[24.009885,49.85932],[24.009437,49.859568],[24.008855,49.85989],[24.008772,49.859948],[24.008708,49.860015],[24.008632,49.860102],[24.00848,49.860351],[24.00824,49.860818],[24.008133,49.861033],[24.008059,49.861182],[24.008001,49.861299],[24.007806,49.861685],[24.007702,49.861881],[24.007662,49.861961],[24.007557,49.862153],[24.007466,49.862328],[24.007393,49.862459],[24.007298,49.862647],[24.007005,49.863213],[24.006915,49.863401],[24.006883,49.863489],[24.006867,49.8636],[24.006861,49.863706],[24.006849,49.863948],[24.006846,49.863974],[24.006814,49.864101],[24.006777,49.864225]]},"properties":{"name":"Варшавська вулиця","lines":"52","arr":["А52"],"roundabout":0,"mode":"bus","color":"#0059a9"}},{"type":"Feature","geometry":{"type":"LineString","coordinates":[[24.025903,49.816918],[24.025885,49.816974],[24.025846,49.81705],[24.025736,49.817197],[24.025565,49.817394],[24.0255,49.817458],[24.025282,49.817747],[24.025232,49.817837]]},"properties":{"name":"Козельницька вулиця","lines":"53","arr":["А53"],"roundabout":0,"mode":"bus","color":"#0059a9"}},{"type":"Feature","geometry":{"type":"LineString","coordinates":[[24.025232,49.817837],[24.025193,49.817908],[24.025164,49.817956],[24.025137,49.817997],[24.025108,49.818037],[24.025063,49.818097],[24.025097,49.818137],[24.025757,49.818844],[24.026291,49.819367],[24.026602,49.819665],[24.026827,49.81988],[24.027223,49.820261],[24.027337,49.820365],[24.027402,49.820423],[24.027442,49.820459],[24.027598,49.820597],[24.027631,49.820627],[24.027947,49.820908],[24.028274,49.821199],[24.028347,49.821258],[24.028484,49.821366],[24.028606,49.821456],[24.028812,49.821593],[24.029037,49.821694],[24.029293,49.821771],[24.029671,49.821836],[24.030415,49.821964],[24.031006,49.822023],[24.032029,49.82214],[24.032231,49.822163],[24.032289,49.822175],[24.032494,49.822218],[24.032613,49.822301],[24.032755,49.822718],[24.032804,49.82279],[24.032876,49.822857],[24.032891,49.82287],[24.033148,49.823057],[24.033261,49.823148],[24.033333,49.823246],[24.033367,49.823297],[24.033404,49.823418],[24.033429,49.823875],[24.033478,49.824748],[24.033455,49.824935],[24.033403,49.825339],[24.033377,49.825549],[24.033446,49.825892],[24.033465,49.825955],[24.033584,49.82638],[24.033636,49.826548],[24.033724,49.826906],[24.033746,49.826994],[24.033767,49.827072],[24.033794,49.827179],[24.033885,49.82754],[24.033898,49.827593],[24.033885,49.827666],[24.033861,49.827748],[24.033663,49.828172],[24.033609,49.828304],[24.033559,49.828398],[24.033455,49.828457],[24.032162,49.829238],[24.032123,49.829262],[24.03206,49.8293],[24.031806,49.829458],[24.031689,49.829536],[24.031598,49.829597]]},"properties":{"name":"вулиця Івана Франка","lines":"53","arr":["А53"],"roundabout":0,"mode":"bus","color":"#0059a9"}},{"type":"Feature","geometry":{"type":"LineString","coordinates":[[24.027337,49.820365],[24.027382,49.820345]]},"properties":{"name":"вулиця Петра Карманського","lines":"53","arr":["А53"],"roundabout":0,"mode":"bus","color":"#0059a9"}},{"type":"Feature","geometry":{"type":"LineString","coordinates":[[24.034052,49.827065],[24.034019,49.82707],[24.033922,49.827085],[24.033767,49.827072]]},"properties":{"name":"","lines":"53","arr":["А53"],"roundabout":0,"mode":"bus","color":"#0059a9"}},{"type":"Feature","geometry":{"type":"LineString","coordinates":[[24.025063,49.818097],[24.02491,49.818044],[24.024832,49.818016],[24.024763,49.817971],[24.024728,49.817912],[24.024733,49.817848],[24.024777,49.817791],[24.024837,49.817756],[24.024911,49.817736],[24.024996,49.817725],[24.025171,49.817643],[24.025446,49.817489],[24.0255,49.817458]]},"properties":{"name":"","lines":"53","arr":["А53"],"roundabout":0,"mode":"bus","color":"#0059a9"}},{"type":"Feature","geometry":{"type":"LineString","coordinates":[[24.034052,49.827065],[24.033898,49.827593]]},"properties":{"name":"вулиця Іларіона Свєнціцького","lines":"53","arr":["А53"],"roundabout":0,"mode":"bus","color":"#0059a9","nolabel":1}},{"type":"Feature","geometry":{"type":"LineString","coordinates":[[24.031598,49.829597],[24.031602,49.829621],[24.031618,49.829919],[24.031648,49.830063],[24.031728,49.830224],[24.03173,49.830244]]},"properties":{"name":"площа Івана Франка","lines":"53","arr":["А53"],"roundabout":0,"mode":"bus","color":"#0059a9","nolabel":1}},{"type":"Feature","geometry":{"type":"LineString","coordinates":[[24.06085,49.87399],[24.061091,49.874108],[24.061304,49.874193]]},"properties":{"name":"Поліська вулиця","lines":"53, 56, 58, 59, 62, 63","arr":["А53","А56","А58","А59","А62","А63"],"roundabout":0,"mode":"bus","color":"#0059a9"}},{"type":"Feature","geometry":{"type":"LineString","coordinates":[[24.019717,49.895704],[24.019668,49.895904],[24.019371,49.896563],[24.018783,49.897357],[24.01835,49.897953],[24.01811,49.898319],[24.018066,49.898393],[24.01807,49.898516],[24.01809,49.8986],[24.018152,49.898982],[24.018189,49.899147],[24.018152,49.899999],[24.018117,49.90028],[24.018086,49.900478],[24.018082,49.90051]]},"properties":{"name":"Нова вулиця","lines":"55","arr":["А55"],"roundabout":0,"mode":"bus","color":"#0059a9"}},{"type":"Feature","geometry":{"type":"LineString","coordinates":[[24.06152,49.874381],[24.061708,49.874508],[24.061891,49.874572],[24.062152,49.87462],[24.062943,49.874677],[24.063389,49.874737],[24.063651,49.874768],[24.063842,49.874843],[24.063992,49.874923],[24.064097,49.875034],[24.064166,49.875161],[24.064197,49.875285],[24.064212,49.875433],[24.064191,49.875563],[24.064139,49.875694],[24.063881,49.87614],[24.063624,49.87654],[24.063355,49.877004],[24.063004,49.877624],[24.062751,49.878038],[24.06269,49.878158],[24.062368,49.878737],[24.062083,49.879204],[24.062024,49.879303],[24.061923,49.879481],[24.061806,49.879688],[24.061708,49.87984],[24.061667,49.879907]]},"properties":{"name":"М-09","lines":"56, 58, 59, 62, 63","arr":["А56","А58","А59","А62","А63"],"roundabout":0,"mode":"bus","color":"#0059a9"}},{"type":"Feature","geometry":{"type":"LineString","coordinates":[[24.059358,49.886133],[24.05936,49.887934],[24.059347,49.888642],[24.059346,49.889545],[24.059353,49.889797],[24.059313,49.890182],[24.059254,49.890521],[24.058903,49.891969],[24.058859,49.892114],[24.058815,49.892263],[24.05824,49.894526],[24.057925,49.895766],[24.057132,49.898888],[24.056953,49.899514],[24.056381,49.901553],[24.056286,49.901892],[24.056201,49.902194],[24.056112,49.902541],[24.055262,49.905838],[24.055144,49.906296],[24.054788,49.907677],[24.054762,49.907779],[24.054728,49.907911],[24.054519,49.908725],[24.054487,49.908845],[24.054435,49.909044],[24.054397,49.909199],[24.054385,49.909249],[24.054331,49.909465],[24.054266,49.909731],[24.053996,49.910803],[24.053907,49.911188],[24.053862,49.91135]]},"properties":{"name":"М-09","lines":"56, 58, 59, 62, 63","arr":["А56","А58","А59","А62","А63"],"roundabout":0,"mode":"bus","color":"#0059a9"}},{"type":"Feature","geometry":{"type":"LineString","coordinates":[[24.061667,49.879907],[24.061463,49.880258],[24.060943,49.881154],[24.059598,49.883436],[24.05948,49.883664],[24.059442,49.883752],[24.059383,49.883943],[24.059314,49.884375],[24.059329,49.885512],[24.059353,49.88571],[24.059354,49.885791],[24.05936,49.885987],[24.059358,49.886133]]},"properties":{"name":"Жовківська вулиця","lines":"56, 58, 59, 62, 63","arr":["А56","А58","А59","А62","А63"],"roundabout":0,"mode":"bus","color":"#0059a9"}},{"type":"Feature","geometry":{"type":"LineString","coordinates":[[24.069685,49.910326],[24.068492,49.910377],[24.067461,49.910465],[24.066769,49.910552],[24.065895,49.910661],[24.065386,49.910705],[24.064459,49.910681],[24.063697,49.910661],[24.063162,49.910701],[24.061802,49.910845],[24.059441,49.911035],[24.059144,49.911059],[24.058117,49.911153],[24.057343,49.911255],[24.05676,49.911309],[24.056137,49.911339],[24.054744,49.911424],[24.054189,49.911429]]},"properties":{"name":"Дублянська вулиця","lines":"56, 80","arr":["А56","А80"],"roundabout":0,"mode":"bus","color":"#0059a9"}},{"type":"Feature","geometry":{"type":"LineString","coordinates":[[24.054189,49.911429],[24.054054,49.911414],[24.053862,49.91135]]},"properties":{"name":"Дублянська вулиця","lines":"56","arr":["А56"],"roundabout":0,"mode":"bus","color":"#0059a9"}},{"type":"Feature","geometry":{"type":"LineString","coordinates":[[24.083944,49.907916],[24.083699,49.907945],[24.08297,49.908177],[24.081854,49.90828],[24.081216,49.908324],[24.080714,49.908404],[24.079463,49.908579],[24.078603,49.908677],[24.077815,49.908734],[24.076741,49.908752],[24.076337,49.908775],[24.076121,49.908816],[24.075362,49.909311],[24.074848,49.909521],[24.074005,49.909687],[24.073892,49.909707],[24.071591,49.910066],[24.069685,49.910326]]},"properties":{"name":"вулиця Богдана Хмельницького","lines":"56, 80","arr":["А56","А80"],"roundabout":0,"mode":"bus","color":"#0059a9"}},{"type":"Feature","geometry":{"type":"LineString","coordinates":[[24.083853,49.904988],[24.083767,49.905073],[24.083747,49.905128],[24.083737,49.905181],[24.083732,49.905232],[24.083768,49.905719],[24.083772,49.905876],[24.083878,49.907118],[24.083896,49.907303],[24.083944,49.907916]]},"properties":{"name":"вулиця Івана Франка","lines":"56, 80","arr":["А56","А80"],"roundabout":0,"mode":"bus","color":"#0059a9"}},{"type":"Feature","geometry":{"type":"LineString","coordinates":[[24.086803,49.904522],[24.086172,49.904606],[24.086127,49.904612],[24.085491,49.904746],[24.085349,49.904776],[24.084668,49.90485],[24.083976,49.904928],[24.083853,49.904988]]},"properties":{"name":"вулиця Михайла Коцюбинського","lines":"56, 80","arr":["А56","А80"],"roundabout":0,"mode":"bus","color":"#0059a9"}},{"type":"Feature","geometry":{"type":"LineString","coordinates":[[24.062751,49.878038],[24.062746,49.877919],[24.062909,49.877471],[24.062965,49.877176],[24.062968,49.876983],[24.06293,49.876747],[24.062854,49.876544],[24.062649,49.876081]]},"properties":{"name":"М-09","lines":"56, 62, 63","arr":["А56","А62","А63"],"roundabout":0,"mode":"bus","color":"#0059a9"}},{"type":"Feature","geometry":{"type":"LineString","coordinates":[[24.021134,49.793688],[24.020783,49.793751],[24.020238,49.793848],[24.020042,49.793886],[24.019982,49.793897],[24.019261,49.794027],[24.018548,49.794157],[24.018463,49.794163],[24.018125,49.794108],[24.017829,49.794127],[24.017175,49.794171],[24.016809,49.794194],[24.016524,49.794215],[24.016389,49.794222]]},"properties":{"name":"вулиця Михайла Максимовича","lines":"57","arr":["А57"],"roundabout":0,"mode":"bus","color":"#0059a9"}},{"type":"Feature","geometry":{"type":"LineString","coordinates":[[24.021308,49.850529],[24.022186,49.850512],[24.022672,49.850499],[24.022958,49.850491],[24.024333,49.850466],[24.024373,49.850466],[24.024467,49.850471]]},"properties":{"name":"вулиця Під Дубом","lines":"58, 59, 63","arr":["А58","А59","А63"],"roundabout":0,"mode":"bus","color":"#0059a9"}},{"type":"Feature","geometry":{"type":"LineString","coordinates":[[24.021308,49.850529],[24.021117,49.85052]]},"properties":{"name":"вулиця Під Дубом","lines":"63","arr":["А63"],"roundabout":0,"mode":"bus","color":"#0059a9"}},{"type":"Feature","geometry":{"type":"LineString","coordinates":[[24.053862,49.91135],[24.053818,49.911479],[24.053778,49.911632],[24.05371,49.911886],[24.053664,49.912113],[24.053645,49.912186],[24.053536,49.912912],[24.053482,49.91429],[24.053268,49.920761],[24.053188,49.922452],[24.053169,49.923074],[24.053167,49.92326],[24.053164,49.923343],[24.053045,49.92598],[24.05301,49.926743],[24.053009,49.926782],[24.052986,49.928074],[24.052983,49.928197],[24.052947,49.928687],[24.052922,49.928971],[24.052859,49.929212],[24.052772,49.929415],[24.052666,49.929625],[24.051531,49.931396],[24.05138,49.931755],[24.051279,49.93212],[24.051263,49.932246],[24.051241,49.932428],[24.051222,49.932872],[24.051224,49.93315]]},"properties":{"name":"М-09","lines":"58, 59, 63","arr":["А58","А59","А63"],"roundabout":0,"mode":"bus","color":"#0059a9"}},{"type":"Feature","geometry":{"type":"LineString","coordinates":[[24.051224,49.93315],[24.051258,49.933468],[24.051266,49.933551],[24.05131,49.93378],[24.051321,49.933838],[24.051398,49.934223],[24.051507,49.934604],[24.052239,49.93736],[24.052412,49.937925],[24.052541,49.938331],[24.052868,49.939469],[24.052875,49.939489],[24.0529,49.939586],[24.052979,49.939882],[24.053156,49.940521],[24.05364,49.942214],[24.054321,49.944721],[24.054331,49.944762],[24.054357,49.944906],[24.054532,49.945611],[24.054642,49.946229],[24.054682,49.94646],[24.054736,49.946787]]},"properties":{"name":"М-09","lines":"58, 59","arr":["А58","А59"],"roundabout":0,"mode":"bus","color":"#0059a9"}},{"type":"Feature","geometry":{"type":"LineString","coordinates":[[24.054736,49.946787],[24.054773,49.946971],[24.054815,49.947208],[24.054852,49.94742]]},"properties":{"name":"Львівська вулиця","lines":"58, 59","arr":["А58","А59"],"roundabout":0,"mode":"bus","color":"#0059a9"}},{"type":"Feature","geometry":{"type":"LineString","coordinates":[[24.05068,49.947951],[24.051998,49.947792],[24.053241,49.947661],[24.054261,49.947508],[24.054771,49.947432],[24.054852,49.94742]]},"properties":{"name":"вулиця Короленка","lines":"58, 59","arr":["А58","А59"],"roundabout":0,"mode":"bus","color":"#0059a9"}},{"type":"Feature","geometry":{"type":"LineString","coordinates":[[24.029523,49.951625],[24.038144,49.949871],[24.038211,49.949858],[24.04108,49.949282],[24.041506,49.949213],[24.044957,49.948738],[24.05068,49.947951]]},"properties":{"name":"","lines":"58, 59","arr":["А58","А59"],"roundabout":0,"mode":"bus","color":"#0059a9"}},{"type":"Feature","geometry":{"type":"LineString","coordinates":[[24.029523,49.951625],[24.022702,49.953013],[24.022459,49.953064],[24.020141,49.95352],[24.018521,49.953839],[24.017571,49.954034],[24.016233,49.954278],[24.015339,49.954441],[24.014578,49.954538],[24.013682,49.95456],[24.01285,49.954567],[24.012071,49.954574],[24.010029,49.954591],[24.00931,49.954621],[24.008109,49.954787],[24.00713,49.954787],[24.006516,49.95481],[24.006164,49.95486],[24.005851,49.954943],[24.005494,49.955034],[24.004799,49.955131],[24.00444,49.95515],[24.004129,49.955126],[24.003552,49.955069],[24.002825,49.954936],[24.001933,49.954771],[24.001047,49.954675],[24.00054,49.954635],[23.998641,49.954499],[23.996714,49.954387],[23.995924,49.954418],[23.994849,49.954506],[23.993945,49.954636],[23.992942,49.954817],[23.991839,49.955002],[23.990514,49.955179]]},"properties":{"name":"вулиця Євгена Коновальця","lines":"58, 59","arr":["А58","А59"],"roundabout":0,"mode":"bus","color":"#0059a9"}},{"type":"Feature","geometry":{"type":"LineString","coordinates":[[23.996714,49.954387],[23.996669,49.952791],[23.996647,49.952116],[23.996634,49.951923]]},"properties":{"name":"","lines":"58","arr":["А58"],"roundabout":0,"mode":"bus","color":"#0059a9"}},{"type":"Feature","geometry":{"type":"LineString","coordinates":[[23.996634,49.951923],[23.996588,49.951786],[23.996521,49.951657],[23.996444,49.951573],[23.996363,49.951485],[23.996083,49.951294],[23.995779,49.951141],[23.995449,49.951031],[23.995069,49.950942],[23.994676,49.950867],[23.994552,49.950843],[23.99224,49.95047],[23.992018,49.950433],[23.991493,49.950346],[23.99095,49.950252],[23.990646,49.950142],[23.99032,49.95],[23.990007,49.949791],[23.989803,49.949603],[23.989686,49.949404],[23.98964,49.949208],[23.989439,49.947823],[23.989331,49.947124],[23.989313,49.947011]]},"properties":{"name":"Зарічна вулиця","lines":"58","arr":["А58"],"roundabout":0,"mode":"bus","color":"#0059a9"}},{"type":"Feature","geometry":{"type":"LineString","coordinates":[[23.989313,49.947011],[23.989249,49.946527],[23.989062,49.946201],[23.988811,49.945861],[23.988458,49.945442],[23.987976,49.945053],[23.987447,49.944936],[23.987133,49.944894],[23.986502,49.944851],[23.986086,49.944801],[23.985454,49.944791],[23.985041,49.944849],[23.984691,49.944949],[23.984535,49.944983],[23.984341,49.945025],[23.983909,49.94517],[23.98362,49.945228],[23.98311,49.945285],[23.982534,49.945376],[23.981606,49.945551],[23.980502,49.945711],[23.979821,49.945805],[23.978988,49.945939],[23.977605,49.946148],[23.97685,49.946262],[23.976385,49.946321],[23.975557,49.946261],[23.975093,49.946203],[23.972998,49.946056],[23.970607,49.945836],[23.970223,49.94581],[23.966112,49.94565],[23.96602,49.945662]]},"properties":{"name":"вулиця Тараса Шевченка","lines":"58","arr":["А58"],"roundabout":0,"mode":"bus","color":"#0059a9"}},{"type":"Feature","geometry":{"type":"LineString","coordinates":[[24.063389,49.874737],[24.063102,49.874777],[24.062872,49.874862],[24.062737,49.874946],[24.062631,49.875059],[24.062568,49.875174],[24.062524,49.87533],[24.062543,49.875489],[24.062606,49.875876],[24.062649,49.876081]]},"properties":{"name":"","lines":"58, 59, 62","arr":["А58","А59","А62"],"roundabout":0,"mode":"bus","color":"#0059a9"}},{"type":"Feature","geometry":{"type":"LineString","coordinates":[[24.06205,49.87434],[24.061472,49.874233]]},"properties":{"name":"","lines":"58, 59, 62","arr":["А58","А59","А62"],"roundabout":0,"mode":"bus","color":"#0059a9"}},{"type":"Feature","geometry":{"type":"LineString","coordinates":[[24.008109,49.954787],[24.008383,49.956397],[24.008408,49.956745],[24.008706,49.958185],[24.008849,49.958871],[24.008919,49.959285],[24.009082,49.960242],[24.009085,49.960262],[24.00923,49.960917],[24.009279,49.961043],[24.009511,49.961501],[24.00964,49.961816],[24.009734,49.962396],[24.010018,49.964362],[24.010347,49.967693],[24.010338,49.967936],[24.010309,49.968065],[24.010259,49.968194],[24.01023,49.968268],[24.009165,49.970989],[24.009012,49.971385],[24.008877,49.971634],[24.008711,49.971897],[24.008109,49.972726],[24.006983,49.974085],[24.006302,49.974985],[24.006209,49.975073],[24.006103,49.975131],[24.005981,49.975161],[24.005849,49.975161],[24.005724,49.97512],[24.00396,49.974196],[24.003553,49.974063],[24.003333,49.974016],[24.00308,49.974001],[24.002837,49.974038],[24.0026,49.974128],[24.002292,49.974492],[24.001718,49.975262],[24.001627,49.975341],[24.001522,49.975386],[24.001385,49.975384],[24.001254,49.975357],[24.000801,49.975165],[24.000286,49.974917],[24.000001,49.974793],[23.99958,49.974653],[23.998958,49.974493],[23.997767,49.974237],[23.997263,49.974103],[23.996775,49.973928],[23.996512,49.973854],[23.996321,49.973821],[23.996139,49.973818],[23.995932,49.973809],[23.995769,49.97379],[23.994122,49.973482],[23.994079,49.973481],[23.993819,49.97343],[23.993489,49.973395],[23.993054,49.973368],[23.992376,49.973349],[23.992095,49.97332],[23.991852,49.973261],[23.991292,49.97309],[23.9909,49.972991],[23.99026,49.972878],[23.98996,49.972848],[23.98982,49.972847],[23.989421,49.972845],[23.989267,49.972844]]},"properties":{"name":"","lines":"59","arr":["А59"],"roundabout":0,"mode":"bus","color":"#0059a9"}},{"type":"Feature","geometry":{"type":"LineString","coordinates":[[24.027138,49.851543],[24.027127,49.851546]]},"properties":{"name":"Лемківська вулиця","lines":"59","arr":["А59"],"roundabout":0,"mode":"bus","color":"#0059a9"}},{"type":"Feature","geometry":{"type":"LineString","coordinates":[[23.974553,49.971672],[23.974778,49.971715],[23.976079,49.972005],[23.976567,49.972088],[23.976838,49.972112],[23.977825,49.972145],[23.978434,49.97219],[23.979083,49.972257],[23.979448,49.97226],[23.980128,49.972269],[23.981076,49.972333],[23.981931,49.972371],[23.98342,49.972407],[23.983841,49.972431],[23.984192,49.972482],[23.984986,49.972611],[23.985638,49.972688],[23.98613,49.972717],[23.986976,49.972803],[23.987325,49.97285],[23.98768,49.972861],[23.988337,49.972845],[23.988697,49.972845],[23.989267,49.972844]]},"properties":{"name":"вулиця Івана Франка","lines":"59","arr":["А59"],"roundabout":0,"mode":"bus","color":"#0059a9"}},{"type":"Feature","geometry":{"type":"LineString","coordinates":[[24.12066,49.926192],[24.121988,49.926096],[24.123895,49.926064],[24.124586,49.926024],[24.126245,49.925779],[24.127202,49.925622],[24.127537,49.925587],[24.129864,49.925704],[24.130332,49.925738],[24.13052,49.925691],[24.130673,49.925602],[24.130822,49.925463],[24.131226,49.92511],[24.131583,49.924741],[24.132374,49.923503],[24.132577,49.923348]]},"properties":{"name":"Ситихівська вулиця","lines":"60","arr":["А60"],"roundabout":0,"mode":"bus","color":"#0059a9"}},{"type":"Feature","geometry":{"type":"LineString","coordinates":[[24.132577,49.923348],[24.132741,49.923274],[24.134324,49.922814],[24.134996,49.922691],[24.135982,49.922612],[24.138436,49.922808],[24.149845,49.923678]]},"properties":{"name":"С140610","lines":"60","arr":["А60"],"roundabout":0,"mode":"bus","color":"#0059a9"}},{"type":"Feature","geometry":{"type":"LineString","coordinates":[[24.149845,49.923678],[24.15039,49.923564],[24.153069,49.922801],[24.153607,49.922626],[24.153917,49.922447],[24.154253,49.922129],[24.154336,49.921983],[24.154401,49.921819],[24.15442,49.921682],[24.154381,49.921288],[24.154333,49.920795],[24.154294,49.92056],[24.154336,49.920021],[24.15447,49.919954],[24.154645,49.919911],[24.155415,49.919868],[24.155777,49.919894],[24.156198,49.919963],[24.156682,49.920009],[24.157116,49.920009],[24.157631,49.919937],[24.158672,49.919712],[24.16065,49.919702]]},"properties":{"name":"вулиця Вʼячеслава Чорновола","lines":"60","arr":["А60"],"roundabout":0,"mode":"bus","color":"#0059a9"}},{"type":"Feature","geometry":{"type":"LineString","coordinates":[[24.16065,49.919702],[24.160571,49.919537],[24.160419,49.919218],[24.160182,49.918779],[24.160057,49.918529],[24.159974,49.918355],[24.159951,49.918307],[24.159754,49.917955],[24.159525,49.917545],[24.159424,49.917369],[24.159228,49.917003],[24.157938,49.91453],[24.15722,49.913125],[24.156283,49.911335],[24.155679,49.910171],[24.1551,49.909036],[24.154997,49.908834]]},"properties":{"name":"М-06","lines":"60","arr":["А60"],"roundabout":0,"mode":"bus","color":"#0059a9"}},{"type":"Feature","geometry":{"type":"LineString","coordinates":[[24.137678,49.896886],[24.137596,49.896854]]},"properties":{"name":"М-06","lines":"60","arr":["А60"],"roundabout":0,"mode":"bus","color":"#0059a9"}},{"type":"Feature","geometry":{"type":"LineString","coordinates":[[24.154997,49.908834],[24.153336,49.905637],[24.152683,49.904359],[24.152362,49.903746],[24.152218,49.903461],[24.152022,49.903149],[24.15185,49.902946],[24.151638,49.902765],[24.151428,49.902633],[24.15115,49.902489],[24.150005,49.901995],[24.149822,49.90192],[24.149698,49.901869],[24.14963,49.901841],[24.149394,49.901743],[24.148734,49.901469],[24.148681,49.901447],[24.146954,49.900724],[24.146452,49.900516],[24.144776,49.899816],[24.144367,49.899646],[24.142868,49.899023],[24.142668,49.898945],[24.140948,49.898229],[24.140568,49.898072],[24.139107,49.897469],[24.138286,49.897121],[24.137678,49.896886]]},"properties":{"name":"Київська вулиця","lines":"60","arr":["А60"],"roundabout":0,"mode":"bus","color":"#0059a9"}},{"type":"Feature","geometry":{"type":"LineString","coordinates":[[24.137596,49.896854],[24.136817,49.896526],[24.134507,49.895601],[24.133811,49.895317],[24.132386,49.89473],[24.131915,49.894537],[24.131133,49.894218],[24.130475,49.893952],[24.129848,49.893733],[24.129324,49.893597],[24.128645,49.893452],[24.127896,49.893313],[24.125452,49.892933],[24.124591,49.892792],[24.124343,49.892758],[24.122166,49.892415],[24.121201,49.892265]]},"properties":{"name":"М-06-05","lines":"60","arr":["А60"],"roundabout":0,"mode":"bus","color":"#0059a9"}},{"type":"Feature","geometry":{"type":"LineString","coordinates":[[24.121201,49.892265],[24.117408,49.891661],[24.116144,49.891471],[24.115541,49.891388],[24.114939,49.891322],[24.114358,49.891295],[24.113783,49.891284],[24.113135,49.891305],[24.11249,49.89135],[24.110728,49.891469],[24.105721,49.891823],[24.104889,49.891882],[24.103237,49.891992],[24.101734,49.892102],[24.100827,49.892155],[24.099845,49.892219],[24.099441,49.892231],[24.098903,49.892188],[24.098373,49.892116],[24.097894,49.892013],[24.097393,49.891876],[24.096286,49.891542],[24.094489,49.890976],[24.092131,49.890262],[24.091723,49.890143],[24.090917,49.889904],[24.090311,49.889712],[24.090226,49.889686],[24.08971,49.88953]]},"properties":{"name":"Львівська вулиця","lines":"60","arr":["А60"],"roundabout":0,"mode":"bus","color":"#0059a9"}},{"type":"Feature","geometry":{"type":"LineString","coordinates":[[23.873512,49.876005],[23.873617,49.875996],[23.873814,49.875981],[23.874122,49.875957],[23.875046,49.875881],[23.875666,49.875834],[23.876443,49.875775],[23.877164,49.875712],[23.877568,49.87568],[23.878278,49.875624],[23.878829,49.87558],[23.880262,49.875465],[23.880417,49.875452],[23.880695,49.875428],[23.881247,49.875382],[23.88126,49.875381],[23.881833,49.875333],[23.884083,49.875165],[23.885186,49.875082],[23.885652,49.87504],[23.885725,49.875032],[23.886333,49.874965],[23.88684,49.87489],[23.887413,49.874779],[23.887951,49.874652],[23.888403,49.874531],[23.888756,49.874437],[23.888881,49.874404],[23.889005,49.87437],[23.889693,49.8742],[23.890044,49.874113],[23.890575,49.87399]]},"properties":{"name":"М-10","lines":"61","arr":["А61"],"roundabout":0,"mode":"bus","color":"#0059a9"}},{"type":"Feature","geometry":{"type":"LineString","coordinates":[[23.893027,49.872849],[23.892773,49.872963],[23.891822,49.873469],[23.891356,49.873686],[23.891114,49.873788],[23.890836,49.873893],[23.890575,49.87399],[23.890999,49.873908],[23.891179,49.87387],[23.891393,49.873825],[23.892103,49.873689]]},"properties":{"name":"М-10","lines":"61","arr":["А61"],"roundabout":0,"mode":"bus","color":"#0059a9"}},{"type":"Feature","geometry":{"type":"LineString","coordinates":[[23.897201,49.873323],[23.897274,49.873331],[23.897381,49.873338],[23.897497,49.873342],[23.897622,49.873346],[23.898094,49.873362],[23.899768,49.873412],[23.901256,49.873471],[23.902422,49.873504],[23.903213,49.873537]]},"properties":{"name":"М-10","lines":"61","arr":["А61"],"roundabout":0,"mode":"bus","color":"#0059a9"}},{"type":"Feature","geometry":{"type":"LineString","coordinates":[[23.917105,49.873386],[23.916806,49.873404],[23.916273,49.873436],[23.915496,49.873482],[23.915456,49.873485],[23.915271,49.873496],[23.915235,49.873498],[23.913172,49.873624],[23.912699,49.873649],[23.912252,49.873674],[23.911338,49.873708],[23.910672,49.873727],[23.909306,49.873734],[23.908452,49.873716],[23.907852,49.873697],[23.906119,49.873655],[23.905837,49.873648],[23.905347,49.873638],[23.904493,49.873613],[23.903692,49.873574],[23.903213,49.873537],[23.902369,49.87347],[23.902162,49.873446],[23.901886,49.873409],[23.901188,49.873286],[23.90077,49.873185],[23.897913,49.872387],[23.897506,49.872255],[23.89722,49.872167],[23.897069,49.87213],[23.896945,49.872109],[23.896789,49.872097],[23.896614,49.872099],[23.89639,49.872115],[23.89609,49.872149],[23.895654,49.872211]]},"properties":{"name":"М-10","lines":"61","arr":["А61"],"roundabout":0,"mode":"bus","color":"#0059a9"}},{"type":"Feature","geometry":{"type":"LineString","coordinates":[[23.893257,49.873346],[23.893132,49.873332],[23.893062,49.873313],[23.892993,49.873279],[23.892939,49.87324],[23.892895,49.873198],[23.892859,49.873156],[23.892838,49.873089],[23.892847,49.873035],[23.892877,49.872974],[23.892927,49.872921],[23.893027,49.872849]]},"properties":{"name":"","lines":"61","arr":["А61"],"roundabout":0,"mode":"bus","color":"#0059a9"}},{"type":"Feature","geometry":{"type":"LineString","coordinates":[[23.896094,49.873283],[23.895992,49.873256],[23.895806,49.873215],[23.894814,49.873046],[23.894362,49.872996],[23.893968,49.873029],[23.893627,49.873204],[23.893521,49.873256],[23.893422,49.873294],[23.893257,49.873346],[23.893014,49.87342],[23.892745,49.873491],[23.89241,49.87358],[23.892266,49.873622],[23.892187,49.873651],[23.892103,49.873689]]},"properties":{"name":"","lines":"61","arr":["А61"],"roundabout":0,"mode":"bus","color":"#0059a9"}},{"type":"Feature","geometry":{"type":"LineString","coordinates":[[23.896749,49.873217],[23.89687,49.873241],[23.896982,49.873263],[23.897149,49.873273],[23.897298,49.873272],[23.897486,49.873259],[23.897613,49.873243],[23.897879,49.873193]]},"properties":{"name":"","lines":"61","arr":["А61"],"roundabout":0,"mode":"bus","color":"#0059a9"}},{"type":"Feature","geometry":{"type":"LineString","coordinates":[[23.897879,49.873193],[23.897728,49.873236],[23.897636,49.873259],[23.897553,49.873277],[23.897343,49.873309],[23.897201,49.873323]]},"properties":{"name":"М-10-01","lines":"61","arr":["А61"],"roundabout":0,"mode":"bus","color":"#0059a9"}},{"type":"Feature","geometry":{"type":"LineString","coordinates":[[23.917105,49.873386],[23.918315,49.873322],[23.919098,49.873279],[23.923626,49.873062],[23.925215,49.872987],[23.926352,49.872925],[23.926816,49.872904],[23.927291,49.87288],[23.927876,49.87285],[23.928513,49.872818]]},"properties":{"name":"вулиця Тараса Шевченка","lines":"61","arr":["А61"],"roundabout":0,"mode":"bus","color":"#0059a9"}},{"type":"Feature","geometry":{"type":"LineString","coordinates":[[24.118373,49.843393],[24.118722,49.843437],[24.118805,49.843447],[24.118883,49.843457],[24.120323,49.843656],[24.122424,49.84393],[24.122592,49.843953],[24.122765,49.843976],[24.123459,49.844066],[24.123639,49.844091],[24.124328,49.844169],[24.125006,49.844206],[24.125618,49.844214],[24.126377,49.844159],[24.126962,49.844092],[24.128642,49.84379],[24.12871,49.843771],[24.130598,49.843336],[24.130696,49.843313],[24.130916,49.843268],[24.131876,49.843069],[24.132204,49.843033],[24.132569,49.843019],[24.133665,49.843087]]},"properties":{"name":"вулиця Тракт Глинянський","lines":"61","arr":["А61"],"roundabout":0,"mode":"bus","color":"#0059a9"}},{"type":"Feature","geometry":{"type":"LineString","coordinates":[[24.133665,49.843087],[24.133756,49.843306],[24.133898,49.843481],[24.134155,49.843654],[24.134426,49.843792],[24.134689,49.843868],[24.13593,49.844061],[24.136186,49.844152],[24.136386,49.84427],[24.136566,49.844421],[24.136808,49.844677],[24.136926,49.844864],[24.136992,49.845031],[24.13703,49.845185],[24.137037,49.845338],[24.136918,49.846252]]},"properties":{"name":"Залізнична вулиця","lines":"61","arr":["А61"],"roundabout":0,"mode":"bus","color":"#0059a9"}},{"type":"Feature","geometry":{"type":"LineString","coordinates":[[24.160472,49.844126],[24.160123,49.844174],[24.159858,49.844209],[24.159232,49.844301],[24.158746,49.844403],[24.157766,49.844628],[24.157658,49.844658],[24.156661,49.844887],[24.156311,49.844929],[24.155899,49.844953],[24.155202,49.844936],[24.153773,49.844835],[24.153062,49.844775],[24.152529,49.844725],[24.15198,49.844699],[24.151484,49.844706],[24.150122,49.844749],[24.149448,49.844765],[24.148886,49.84483],[24.148296,49.844941],[24.147615,49.845059],[24.147355,49.845104],[24.146849,49.845248],[24.146484,49.845383],[24.146092,49.845512],[24.14578,49.845596],[24.144897,49.845775],[24.144223,49.845905],[24.143572,49.84602],[24.142969,49.846093],[24.142609,49.846127],[24.142022,49.846157],[24.141363,49.846194],[24.140571,49.846229],[24.138911,49.84626],[24.136918,49.846252]]},"properties":{"name":"вулиця Митрополита Яхимовича","lines":"61","arr":["А61"],"roundabout":0,"mode":"bus","color":"#0059a9"}},{"type":"Feature","geometry":{"type":"LineString","coordinates":[[24.032975,49.852177],[24.032956,49.852206],[24.032941,49.852229]]},"properties":{"name":"Кринична площа","lines":"62","arr":["А62"],"roundabout":0,"mode":"bus","color":"#0059a9"}},{"type":"Feature","geometry":{"type":"LineString","coordinates":[[24.032676,49.852148],[24.032689,49.852125],[24.032732,49.852071],[24.032862,49.851897],[24.032909,49.851834]]},"properties":{"name":"Кринична площа","lines":"62","arr":["А62"],"roundabout":0,"mode":"bus","color":"#0059a9"}},{"type":"Feature","geometry":{"type":"LineString","coordinates":[[24.053011,49.911509],[24.053352,49.91137],[24.053697,49.91132],[24.053862,49.91135]]},"properties":{"name":"вулиця Тараса Шевченка","lines":"62","arr":["А62"],"roundabout":0,"mode":"bus","color":"#0059a9"}},{"type":"Feature","geometry":{"type":"LineString","coordinates":[[24.053011,49.911509],[24.052458,49.911749],[24.052395,49.911778],[24.052242,49.91185],[24.0521,49.911916],[24.051647,49.911992],[24.050186,49.912091],[24.048745,49.9121],[24.048297,49.912135],[24.046704,49.912413],[24.046386,49.912448],[24.045223,49.912402],[24.044217,49.91245],[24.044173,49.912452],[24.044067,49.911483],[24.044053,49.911439],[24.043926,49.911394]]},"properties":{"name":"вулиця Миру","lines":"62","arr":["А62"],"roundabout":0,"mode":"bus","color":"#0059a9"}},{"type":"Feature","geometry":{"type":"LineString","coordinates":[[24.043926,49.911394],[24.043804,49.911384],[24.043723,49.911377],[24.043645,49.911394],[24.043495,49.911483],[24.04307,49.911868],[24.042719,49.912231],[24.042645,49.91232],[24.042424,49.912577],[24.042358,49.912628],[24.042271,49.912657],[24.041695,49.912657],[24.041431,49.912637],[24.041189,49.912609],[24.040985,49.912559],[24.040799,49.912496],[24.040543,49.91231],[24.04044,49.912235],[24.040298,49.912132],[24.040189,49.912094],[24.040068,49.91208],[24.039646,49.912074],[24.038983,49.912061]]},"properties":{"name":"вулиця Степана Бандери","lines":"62","arr":["А62"],"roundabout":0,"mode":"bus","color":"#0059a9"}},{"type":"Feature","geometry":{"type":"LineString","coordinates":[[24.038983,49.912061],[24.038594,49.911984],[24.03792,49.91171],[24.037709,49.91166],[24.03749,49.911609],[24.037344,49.91157],[24.037123,49.911564],[24.035742,49.911706],[24.034432,49.91181],[24.033581,49.911854],[24.032542,49.911908],[24.030631,49.912017],[24.027368,49.912191],[24.025196,49.912182],[24.024058,49.912169],[24.022902,49.912181],[24.021769,49.91213]]},"properties":{"name":"Дачна вулиця","lines":"62","arr":["А62"],"roundabout":0,"mode":"bus","color":"#0059a9"}},{"type":"Feature","geometry":{"type":"LineString","coordinates":[[24.015753,49.914033],[24.015773,49.913954],[24.015885,49.913707],[24.016236,49.913407],[24.016837,49.912919],[24.017796,49.912517],[24.018164,49.912393],[24.018865,49.912255],[24.019625,49.912184],[24.020675,49.912123],[24.021232,49.912103],[24.021769,49.91213]]},"properties":{"name":"Зелена вулиця","lines":"62","arr":["А62"],"roundabout":0,"mode":"bus","color":"#0059a9"}},{"type":"Feature","geometry":{"type":"LineString","coordinates":[[24.012714,49.918315],[24.012701,49.918041],[24.012736,49.917815],[24.012749,49.917782],[24.012771,49.917724],[24.012845,49.91756],[24.012877,49.917489],[24.01313,49.917229],[24.013452,49.916899],[24.013858,49.916544],[24.014058,49.916336],[24.014226,49.916162],[24.014829,49.915435],[24.015296,49.914976],[24.01542,49.91473],[24.015584,49.914501],[24.015687,49.914291],[24.015753,49.914033]]},"properties":{"name":"Джерельна вулиця","lines":"62","arr":["А62"],"roundabout":0,"mode":"bus","color":"#0059a9"}},{"type":"Feature","geometry":{"type":"LineString","coordinates":[[24.064063,49.877284],[24.064169,49.877756],[24.063782,49.877592],[24.063522,49.87755],[24.063293,49.877553],[24.063004,49.877624]]},"properties":{"name":"","lines":"62","arr":["А62"],"roundabout":0,"mode":"bus","color":"#0059a9"}},{"type":"Feature","geometry":{"type":"LineString","coordinates":[[24.051224,49.93315],[24.050483,49.933244],[24.048742,49.933451],[24.045709,49.933841],[24.045341,49.933891],[24.044606,49.934007],[24.043807,49.934077],[24.043569,49.934137],[24.043312,49.934165],[24.042954,49.934205],[24.042804,49.934219],[24.042064,49.934264],[24.041644,49.934296],[24.040496,49.934396],[24.040166,49.934425],[24.038327,49.93459],[24.037958,49.934621],[24.037283,49.934668],[24.037035,49.934688],[24.036756,49.934711],[24.035377,49.934868],[24.034296,49.93493],[24.033599,49.93497],[24.032907,49.935008],[24.031828,49.935046],[24.031034,49.935113]]},"properties":{"name":"вулиця Тараса Шевченка","lines":"63","arr":["А63"],"roundabout":0,"mode":"bus","color":"#0059a9"}},{"type":"Feature","geometry":{"type":"LineString","coordinates":[[24.020228,49.933202],[24.020523,49.933211],[24.021397,49.933244],[24.021772,49.933272],[24.022127,49.933365],[24.022341,49.933466],[24.022486,49.933563],[24.02251,49.933579],[24.022957,49.933974],[24.023317,49.934256],[24.023948,49.934773],[24.024109,49.934882],[24.02431,49.934982],[24.024535,49.935075],[24.024726,49.935146],[24.025099,49.93521],[24.025783,49.935219],[24.02743,49.935191],[24.0285,49.935167],[24.030074,49.935124],[24.031034,49.935113]]},"properties":{"name":"С140610","lines":"63","arr":["А63"],"roundabout":0,"mode":"bus","color":"#0059a9"}},{"type":"Feature","geometry":{"type":"LineString","coordinates":[[24.008096,49.93252],[24.008389,49.932546],[24.00878,49.932562],[24.008992,49.932569],[24.009935,49.932619],[24.011465,49.932702],[24.013219,49.932802],[24.015539,49.932935],[24.017224,49.933019],[24.017259,49.933021],[24.020024,49.933183],[24.020228,49.933202]]},"properties":{"name":"Лісова вулиця","lines":"63","arr":["А63"],"roundabout":0,"mode":"bus","color":"#0059a9"}},{"type":"Feature","geometry":{"type":"LineString","coordinates":[[24.008096,49.93252],[24.007866,49.932472],[24.007675,49.932415],[24.007479,49.932334],[24.007227,49.932215],[24.006753,49.931966],[24.006535,49.931824],[24.006417,49.93171],[24.006367,49.931642],[24.006266,49.931347],[24.006238,49.931259],[24.0062,49.931095],[24.0061,49.930827],[24.006048,49.930703],[24.005799,49.930388],[24.005693,49.930285],[24.005555,49.930176],[24.005172,49.92994],[24.004951,49.929826],[24.004738,49.929736],[24.004437,49.929619],[24.003972,49.92945],[24.003237,49.929268],[24.002774,49.929237],[24.002339,49.929211],[24.001931,49.929163],[24.0009,49.928955],[24.000565,49.928877],[24.000289,49.928803],[24.000106,49.928724],[23.999976,49.928618],[23.999686,49.928341],[23.999502,49.928223],[23.999191,49.928162],[23.998978,49.928153],[23.998292,49.928214],[23.997916,49.92822],[23.997349,49.928183],[23.997125,49.928179],[23.996529,49.928156],[23.995414,49.928101],[23.994212,49.928002],[23.993868,49.92798],[23.992375,49.927886],[23.990646,49.927752],[23.990065,49.92772],[23.989782,49.927675],[23.989535,49.927546]]},"properties":{"name":"Зелена вулиця","lines":"63","arr":["А63"],"roundabout":0,"mode":"bus","color":"#0059a9"}},{"type":"Feature","geometry":{"type":"LineString","coordinates":[[23.988363,49.927364],[23.988846,49.927522],[23.989196,49.927591],[23.989299,49.927606],[23.989398,49.927602],[23.989468,49.927586],[23.989535,49.927546]]},"properties":{"name":"","lines":"63","arr":["А63"],"roundabout":0,"mode":"bus","color":"#0059a9"}},{"type":"Feature","geometry":{"type":"LineString","coordinates":[[24.023935,49.844592],[24.023834,49.844642]]},"properties":{"name":"Шпитальна вулиця","lines":"67","arr":["А67"],"roundabout":0,"mode":"bus","color":"#0059a9"}},{"type":"Feature","geometry":{"type":"LineString","coordinates":[[23.970359,49.860074],[23.970424,49.860141],[23.970784,49.86051],[23.97132,49.860999],[23.971514,49.861171],[23.97158,49.861283],[23.971583,49.861365],[23.971546,49.861465],[23.970367,49.862683],[23.969543,49.863847],[23.969171,49.864461],[23.969028,49.864694],[23.968979,49.864764],[23.968844,49.86499],[23.968539,49.865456],[23.968254,49.865952],[23.968058,49.866259],[23.968003,49.866347],[23.966918,49.868127],[23.96634,49.86907],[23.966098,49.869491],[23.965962,49.869701],[23.965822,49.869911],[23.965701,49.870114],[23.965604,49.870263],[23.965493,49.870443],[23.965361,49.87064],[23.965151,49.870943],[23.965063,49.871042],[23.964979,49.871125],[23.96489,49.871195],[23.964787,49.871261],[23.96453,49.871387],[23.964094,49.871489],[23.962406,49.871816],[23.96194,49.871906],[23.961537,49.871992],[23.960799,49.872137],[23.959654,49.87237],[23.959611,49.872379],[23.958837,49.872538],[23.958471,49.872613],[23.957852,49.872737],[23.957638,49.872781],[23.957152,49.872873],[23.956991,49.872906],[23.956426,49.87302],[23.955386,49.87323],[23.954948,49.873314],[23.954401,49.87342],[23.954068,49.873483],[23.953901,49.873515],[23.953668,49.87356],[23.953414,49.873603],[23.953274,49.873632],[23.95269,49.873719],[23.952322,49.873766],[23.951936,49.873803],[23.951668,49.873825],[23.951598,49.873829],[23.951296,49.873845],[23.951204,49.873852],[23.950962,49.873868],[23.950525,49.873899],[23.950463,49.873903],[23.950372,49.873909],[23.950269,49.873926],[23.950042,49.873972],[23.949953,49.874005],[23.949881,49.874049],[23.949786,49.874155],[23.949745,49.874265],[23.949774,49.874913],[23.949731,49.875131],[23.949627,49.875357],[23.949271,49.876016],[23.948873,49.876747],[23.948533,49.877411],[23.948461,49.877603],[23.948418,49.877706],[23.948397,49.877808],[23.948354,49.878024],[23.948347,49.878318],[23.948331,49.878624],[23.948255,49.878871],[23.948066,49.879203],[23.947654,49.879756],[23.947319,49.880372],[23.947241,49.880617],[23.947199,49.880918],[23.947205,49.881136],[23.947235,49.881427],[23.947243,49.881475],[23.947259,49.881568],[23.947295,49.8817],[23.947335,49.881789],[23.947412,49.881904],[23.947536,49.882038],[23.947692,49.882154],[23.948016,49.882369]]},"properties":{"name":"Брюховицька вулиця","lines":"67","arr":["А67"],"roundabout":0,"mode":"bus","color":"#0059a9"}},{"type":"Feature","geometry":{"type":"LineString","coordinates":[[23.951397,49.886506],[23.950229,49.884894],[23.949433,49.883894],[23.948578,49.882744],[23.948512,49.882699],[23.94831,49.88256],[23.948044,49.882389],[23.948016,49.882369]]},"properties":{"name":"","lines":"67","arr":["А67"],"roundabout":0,"mode":"bus","color":"#0059a9"}},{"type":"Feature","geometry":{"type":"LineString","coordinates":[[23.92588,49.914031],[23.925857,49.914102],[23.925648,49.914504],[23.925479,49.914484],[23.925291,49.914459],[23.925149,49.91443],[23.92498,49.914389],[23.924708,49.9143]]},"properties":{"name":"","lines":"67","arr":["А67"],"roundabout":0,"mode":"bus","color":"#0059a9"}},{"type":"Feature","geometry":{"type":"LineString","coordinates":[[24.000156,49.848083],[24.000139,49.848058]]},"properties":{"name":"","lines":"67","arr":["А67"],"roundabout":0,"mode":"bus","color":"#0059a9"}},{"type":"Feature","geometry":{"type":"LineString","coordinates":[[23.94624,49.894842],[23.946482,49.894626],[23.946507,49.894604],[23.947489,49.893719],[23.947632,49.893579],[23.947771,49.893442],[23.948083,49.89304],[23.948452,49.892545],[23.948844,49.892001],[23.94901,49.891722],[23.949191,49.891303],[23.950059,49.889301],[23.950117,49.889167],[23.950163,49.889065],[23.950258,49.888852],[23.950502,49.888507],[23.951396,49.887664],[23.951507,49.887521],[23.951574,49.887374],[23.951619,49.88723],[23.951639,49.887075],[23.951637,49.887049],[23.951633,49.886969],[23.951619,49.886911],[23.951585,49.886794],[23.951527,49.886702],[23.951499,49.886656],[23.951397,49.886506]]},"properties":{"name":"вулиця Незалежності України","lines":"67","arr":["А67"],"roundabout":0,"mode":"bus","color":"#0059a9"}},{"type":"Feature","geometry":{"type":"LineString","coordinates":[[23.924708,49.9143],[23.925615,49.913557],[23.925699,49.913483],[23.92628,49.912978],[23.926682,49.912628],[23.927218,49.91213],[23.927478,49.911944],[23.927834,49.911742],[23.92846,49.911405],[23.929371,49.910626],[23.929899,49.910076],[23.930273,49.909674],[23.930593,49.909228],[23.931241,49.90823],[23.931767,49.90742],[23.931967,49.907217],[23.932164,49.907104],[23.932359,49.907052],[23.932679,49.906971],[23.933423,49.906854],[23.934284,49.906682],[23.934913,49.906532],[23.935646,49.906307],[23.936385,49.905991],[23.936557,49.905908],[23.937362,49.905523],[23.938116,49.905097],[23.939082,49.904427],[23.939501,49.904086],[23.939725,49.903903]]},"properties":{"name":"вулиця Незалежності України","lines":"67","arr":["А67"],"roundabout":0,"mode":"bus","color":"#0059a9"}},{"type":"Feature","geometry":{"type":"LineString","coordinates":[[24.087712,49.904456],[24.087109,49.9045],[24.086803,49.904522]]},"properties":{"name":"вулиця Тараса Шевченка","lines":"80","arr":["А80"],"roundabout":0,"mode":"bus","color":"#0059a9"}},{"type":"Feature","geometry":{"type":"LineString","coordinates":[[23.87823,49.834953],[23.878239,49.83486],[23.87854,49.834719],[23.878744,49.834602],[23.878957,49.834485],[23.879112,49.834359],[23.879164,49.83433],[23.880905,49.833866],[23.881372,49.833732],[23.882155,49.833471],[23.882563,49.833348],[23.883224,49.833172],[23.883774,49.833077],[23.884207,49.833036],[23.884346,49.833022],[23.885041,49.832998],[23.885423,49.833015],[23.88625,49.833011],[23.886499,49.833012],[23.886684,49.833005],[23.886807,49.832979],[23.886919,49.832909]]},"properties":{"name":"вулиця Андрея Шептицького","lines":"84","arr":["А84"],"roundabout":0,"mode":"bus","color":"#0059a9"}},{"type":"Feature","geometry":{"type":"LineString","coordinates":[[23.886919,49.832909],[23.886989,49.832793],[23.887027,49.83258],[23.887027,49.832447],[23.887028,49.83218]]},"properties":{"name":"С141220","lines":"84","arr":["А84"],"roundabout":0,"mode":"bus","color":"#0059a9"}},{"type":"Feature","geometry":{"type":"LineString","coordinates":[[23.887028,49.83218],[23.887173,49.83216],[23.887742,49.832081],[23.888468,49.831991],[23.889268,49.831883],[23.889794,49.831814],[23.890098,49.831774]]},"properties":{"name":"вулиця Героїв України","lines":"84","arr":["А84"],"roundabout":0,"mode":"bus","color":"#0059a9"}},{"type":"Feature","geometry":{"type":"LineString","coordinates":[[23.890098,49.831774],[23.890211,49.831753],[23.890526,49.831669],[23.890734,49.831584],[23.890855,49.83151],[23.891004,49.831386],[23.891079,49.831294],[23.891144,49.831196],[23.891244,49.830981],[23.891338,49.83077],[23.891383,49.830668],[23.89141,49.830607],[23.891459,49.830505],[23.891624,49.830195],[23.891902,49.829722],[23.89203,49.829541],[23.892151,49.8294],[23.89228,49.82925],[23.892907,49.82872],[23.892969,49.828668],[23.893048,49.828601],[23.893146,49.828501],[23.893198,49.828422],[23.893238,49.828351],[23.893377,49.828105],[23.893385,49.828082],[23.893479,49.827804],[23.893516,49.827651],[23.893665,49.827061],[23.893683,49.826988],[23.893976,49.826245],[23.894221,49.825685],[23.894332,49.825514],[23.894454,49.825383],[23.894747,49.82522],[23.89509,49.825071],[23.895602,49.824849],[23.895742,49.824787],[23.896229,49.824576],[23.896264,49.824556],[23.896674,49.824323],[23.897092,49.824063],[23.897267,49.823951],[23.89736,49.823897],[23.897561,49.823772],[23.89779,49.823664],[23.898171,49.823547],[23.898273,49.823527],[23.898799,49.823467],[23.899584,49.823356],[23.899645,49.823347],[23.900517,49.823238],[23.901564,49.823261],[23.901856,49.823315],[23.903393,49.823923],[23.903444,49.823943],[23.904117,49.824306],[23.904192,49.824351],[23.904586,49.82459],[23.904678,49.824646],[23.904973,49.824842],[23.905337,49.825102],[23.905624,49.825318],[23.906063,49.825675],[23.906972,49.826412],[23.907025,49.826454],[23.90764,49.826953],[23.907783,49.827047],[23.908098,49.827265]]},"properties":{"name":"вулиця Романа Шухевича","lines":"84","arr":["А84"],"roundabout":0,"mode":"bus","color":"#0059a9"}},{"type":"Feature","geometry":{"type":"LineString","coordinates":[[24.017275,49.835874],[24.017384,49.83586],[24.017484,49.835837],[24.017626,49.835802],[24.017722,49.835778],[24.017874,49.835744],[24.018012,49.835665],[24.018544,49.835382],[24.018594,49.835355],[24.018783,49.835316]]},"properties":{"name":"вулиця Бібліотечна","lines":"92","arr":["А92"],"roundabout":0,"mode":"bus","color":"#0059a9"}},{"type":"Feature","geometry":{"type":"LineString","coordinates":[[24.02286,49.838629],[24.023479,49.838183],[24.023535,49.838126],[24.023545,49.838114]]},"properties":{"name":"вулиця Юліуша Словацького","lines":"92","arr":["А92"],"roundabout":0,"mode":"bus","color":"#0059a9"}},{"type":"Feature","geometry":{"type":"LineString","coordinates":[[24.01936,49.836615],[24.0195,49.83669],[24.019732,49.836826],[24.020791,49.837437],[24.020934,49.837519],[24.022799,49.838594]]},"properties":{"name":"вулиця Соломії Крушельницької","lines":"22, 27, 30, 32","arr":["Тр22","Тр27","Тр30","Тр32"],"roundabout":0,"mode":"bus","color":"#149a3f","trolley":"all"}},{"type":"Feature","geometry":{"type":"LineString","coordinates":[[24.022799,49.838594],[24.02286,49.838629]]},"properties":{"name":"вулиця Соломії Крушельницької","lines":"92, 22, 27, 30, 32","arr":["А92","Тр22","Тр27","Тр30","Тр32"],"roundabout":0,"mode":"bus","color":"#0059a9","trolley":"mix"}},{"type":"Feature","geometry":{"type":"LineString","coordinates":[[24.055269,49.841192],[24.055446,49.841092],[24.055582,49.840992],[24.055662,49.840867],[24.05566,49.84081],[24.055648,49.840739],[24.055592,49.840615],[24.054217,49.838796],[24.05418,49.838748],[24.05417,49.838735]]},"properties":{"name":"вулиця Іллі Ріпина","lines":"99","arr":["А99"],"roundabout":0,"mode":"bus","color":"#0059a9"}},{"type":"Feature","geometry":{"type":"LineString","coordinates":[[24.055269,49.841192],[24.056363,49.841591],[24.056427,49.841703],[24.057232,49.84232],[24.057435,49.842391],[24.05844,49.842375]]},"properties":{"name":"Ніжинська вулиця","lines":"99","arr":["А99"],"roundabout":0,"mode":"bus","color":"#0059a9"}},{"type":"Feature","geometry":{"type":"LineString","coordinates":[[24.05844,49.842375],[24.05877,49.842369],[24.059094,49.842363],[24.059196,49.842369],[24.059337,49.842377],[24.059661,49.842435],[24.059814,49.842494],[24.06002,49.842583],[24.060161,49.842655],[24.060338,49.842708]]},"properties":{"name":"вулиця Чернеча Гора","lines":"99","arr":["А99"],"roundabout":0,"mode":"bus","color":"#0059a9"}},{"type":"Feature","geometry":{"type":"LineString","coordinates":[[24.060338,49.842708],[24.06054,49.842705],[24.060867,49.84262],[24.061019,49.842572],[24.061077,49.842554]]},"properties":{"name":"","lines":"99","arr":["А99"],"roundabout":0,"mode":"bus","color":"#0059a9"}},{"type":"Feature","geometry":{"type":"LineString","coordinates":[[24.061665,49.842278],[24.061473,49.842326],[24.061247,49.842382],[24.061077,49.842554],[24.061177,49.842555],[24.061334,49.842516]]},"properties":{"name":"","lines":"99","arr":["А99"],"roundabout":0,"mode":"bus","color":"#0059a9"}},{"type":"Feature","geometry":{"type":"LineString","coordinates":[[24.05844,49.842375],[24.058294,49.842244],[24.058108,49.842063],[24.057362,49.841268]]},"properties":{"name":"вулиця Петра Могили","lines":"99","arr":["А99"],"roundabout":0,"mode":"bus","color":"#0059a9"}},{"type":"Feature","geometry":{"type":"LineString","coordinates":[[24.058128,49.841023],[24.057362,49.841268]]},"properties":{"name":"Мучна вулиця","lines":"99","arr":["А99"],"roundabout":0,"mode":"bus","color":"#0059a9"}},{"type":"Feature","geometry":{"type":"LineString","coordinates":[[24.058128,49.841023],[24.057602,49.840594],[24.057532,49.840529],[24.057435,49.840438],[24.057106,49.840133],[24.056743,49.839596],[24.056499,49.839285],[24.056351,49.839094],[24.055916,49.838446],[24.055838,49.838324]]},"properties":{"name":"Крупʼярська вулиця","lines":"99","arr":["А99"],"roundabout":0,"mode":"bus","color":"#0059a9"}},{"type":"Feature","geometry":{"type":"LineString","coordinates":[[24.021027,49.840709],[24.021138,49.840669],[24.021215,49.840618],[24.021903,49.840069]]},"properties":{"name":"Університетська вулиця","lines":"22, 27, 30, 32","arr":["Тр22","Тр27","Тр30","Тр32"],"roundabout":0,"mode":"bus","color":"#149a3f","trolley":"all"}},{"type":"Feature","geometry":{"type":"LineString","coordinates":[[24.022561,49.839546],[24.022771,49.839377]]},"properties":{"name":"Університетська вулиця","lines":"22, 27, 30, 32","arr":["Тр22","Тр27","Тр30","Тр32"],"roundabout":0,"mode":"bus","color":"#149a3f","trolley":"all"}},{"type":"Feature","geometry":{"type":"LineString","coordinates":[[24.01234,49.837223],[24.012007,49.837262],[24.011991,49.837264],[24.011642,49.837314],[24.011303,49.837375],[24.011058,49.837409],[24.010884,49.837453],[24.009912,49.837804],[24.009873,49.837818],[24.009515,49.83789],[24.009448,49.837863],[24.0088,49.8376],[24.008543,49.837496],[24.008457,49.837465],[24.007982,49.837298],[24.007614,49.837186],[24.006129,49.836722],[24.006004,49.836683],[24.005916,49.83666]]},"properties":{"name":"вулиця Шептицьких","lines":"22, 27, 30, 32","arr":["Тр22","Тр27","Тр30","Тр32"],"roundabout":0,"mode":"bus","color":"#149a3f","trolley":"all"}},{"type":"Feature","geometry":{"type":"LineString","coordinates":[[24.005916,49.83666],[24.005853,49.836721],[24.005732,49.836864],[24.005661,49.836948],[24.005597,49.837023],[24.005524,49.837112],[24.00545,49.837199],[24.005438,49.837214],[24.005402,49.837254],[24.005384,49.837275]]},"properties":{"name":"площа Марка Кропивницького","lines":"22, 27, 30, 32","arr":["Тр22","Тр27","Тр30","Тр32"],"roundabout":0,"mode":"bus","color":"#149a3f","trolley":"all"}},{"type":"Feature","geometry":{"type":"LineString","coordinates":[[24.005384,49.837275],[24.005312,49.837358],[24.005228,49.837457],[24.005129,49.837528],[24.005118,49.837536]]},"properties":{"name":"площа Марка Кропивницького","lines":"22, 27, 30, 32, 38","arr":["Тр22","Тр27","Тр30","Тр32","Тр38"],"roundabout":0,"mode":"bus","color":"#149a3f","trolley":"all"}},{"type":"Feature","geometry":{"type":"LineString","coordinates":[[24.014738,49.787854],[24.014972,49.787835]]},"properties":{"name":"вулиця Володимира Вернадського","lines":"22","arr":["Тр22"],"roundabout":0,"mode":"bus","color":"#149a3f","trolley":"all"}},{"type":"Feature","geometry":{"type":"LineString","coordinates":[[24.017275,49.835874],[24.017431,49.836007],[24.01799,49.836489],[24.018398,49.836834],[24.01842,49.836851]]},"properties":{"name":"вулиця Ірини Фаріон","lines":"22, 27, 30, 32","arr":["Тр22","Тр27","Тр30","Тр32"],"roundabout":0,"mode":"bus","color":"#149a3f","trolley":"all"}},{"type":"Feature","geometry":{"type":"LineString","coordinates":[[24.01842,49.836851],[24.01936,49.836615]]},"properties":{"name":"вулиця Каменярів","lines":"22, 27, 30, 32","arr":["Тр22","Тр27","Тр30","Тр32"],"roundabout":0,"mode":"bus","color":"#149a3f","trolley":"all"}},{"type":"Feature","geometry":{"type":"LineString","coordinates":[[24.02241,49.839047],[24.022427,49.838987],[24.022469,49.838942],[24.02286,49.838629]]},"properties":{"name":"вулиця Юліуша Словацького","lines":"22, 27, 30, 32","arr":["Тр22","Тр27","Тр30","Тр32"],"roundabout":0,"mode":"bus","color":"#149a3f","trolley":"all"}},{"type":"Feature","geometry":{"type":"LineString","coordinates":[[24.022771,49.839377],[24.022634,49.839287],[24.022441,49.839159],[24.022411,49.839119],[24.02241,49.839047]]},"properties":{"name":"вулиця Січових Стрільців","lines":"22, 27, 30, 32","arr":["Тр22","Тр27","Тр30","Тр32"],"roundabout":0,"mode":"bus","color":"#149a3f","trolley":"all"}},{"type":"Feature","geometry":{"type":"LineString","coordinates":[[24.014858,49.788405],[24.014903,49.788377],[24.014964,49.788365],[24.015023,49.788369],[24.015093,49.788382]]},"properties":{"name":"","lines":"23, 25","arr":["Тр23","Тр25"],"roundabout":0,"mode":"bus","color":"#149a3f","trolley":"all"}},{"type":"Feature","geometry":{"type":"LineString","coordinates":[[24.035244,49.83332],[24.035391,49.833313],[24.035546,49.833295],[24.036134,49.833153],[24.036286,49.833116],[24.036374,49.833105],[24.036457,49.833101],[24.036533,49.833102],[24.036608,49.833107],[24.036756,49.83313],[24.037238,49.833261],[24.037515,49.83338]]},"properties":{"name":"площа Євгена Петрушевича","lines":"24, 25","arr":["Тр24","Тр25"],"roundabout":0,"mode":"bus","color":"#149a3f","trolley":"all"}},{"type":"Feature","geometry":{"type":"LineString","coordinates":[[24.037515,49.83338],[24.037703,49.833592],[24.037728,49.833671]]},"properties":{"name":"площа Євгена Петрушевича","lines":"24","arr":["Тр24"],"roundabout":0,"mode":"bus","color":"#149a3f","trolley":"all"}},{"type":"Feature","geometry":{"type":"LineString","coordinates":[[24.002542,49.836735],[24.002565,49.836702],[24.002963,49.836229],[24.003195,49.83597],[24.00341,49.835731],[24.003442,49.835695],[24.003483,49.835646]]},"properties":{"name":"вулиця Івана Тобілевича","lines":"27, 32, 38","arr":["Тр27","Тр32","Тр38"],"roundabout":0,"mode":"bus","color":"#149a3f","trolley":"all"}},{"type":"Feature","geometry":{"type":"LineString","coordinates":[[24.003483,49.835646],[24.003566,49.835676],[24.004428,49.835997],[24.004575,49.836056],[24.00461,49.836067]]},"properties":{"name":"вулиця Юрія Федьковича","lines":"27, 32, 38","arr":["Тр27","Тр32","Тр38"],"roundabout":0,"mode":"bus","color":"#149a3f","trolley":"all"}},{"type":"Feature","geometry":{"type":"LineString","coordinates":[[24.00461,49.836067],[24.004739,49.836115],[24.005425,49.836427],[24.005589,49.836509]]},"properties":{"name":"площа Марка Кропивницького","lines":"27, 32, 38","arr":["Тр27","Тр32","Тр38"],"roundabout":0,"mode":"bus","color":"#149a3f","trolley":"all"}},{"type":"Feature","geometry":{"type":"LineString","coordinates":[[24.005589,49.836509],[24.005676,49.836549],[24.005916,49.83666]]},"properties":{"name":"площа Марка Кропивницького","lines":"27, 32","arr":["Тр27","Тр32"],"roundabout":0,"mode":"bus","color":"#149a3f","trolley":"all"}},{"type":"Feature","geometry":{"type":"LineString","coordinates":[[24.070823,49.798666],[24.071012,49.798586],[24.071158,49.798508],[24.071331,49.798407],[24.07151,49.798273],[24.071614,49.798191],[24.071655,49.798162],[24.071689,49.798131],[24.071832,49.798002],[24.072008,49.797794],[24.072043,49.79775],[24.072418,49.797232],[24.072649,49.796898],[24.072657,49.796873],[24.072802,49.796667],[24.072885,49.796538],[24.073184,49.79611],[24.073237,49.796014],[24.073291,49.79593],[24.073464,49.795686],[24.073649,49.795407],[24.073675,49.795368],[24.073694,49.795339],[24.073803,49.795172],[24.073836,49.795122],[24.073884,49.795032],[24.073962,49.794888],[24.073979,49.794856],[24.074004,49.794806],[24.074041,49.794729],[24.074051,49.794707],[24.074094,49.794618],[24.07411,49.794586],[24.074123,49.794557],[24.074143,49.794509],[24.074171,49.794444],[24.074194,49.794397],[24.074247,49.794288],[24.074307,49.794146],[24.074323,49.794106],[24.074375,49.793929],[24.074378,49.793915],[24.074385,49.793885],[24.074391,49.793859],[24.074409,49.79378],[24.074432,49.793626],[24.074437,49.793439],[24.074435,49.793373],[24.074432,49.793262],[24.07443,49.793222],[24.074429,49.793183],[24.074428,49.793146],[24.074424,49.793067],[24.074423,49.793051],[24.074421,49.793015],[24.074413,49.792774],[24.074412,49.792763],[24.074395,49.792579],[24.074387,49.792509],[24.074363,49.792279],[24.074359,49.79223],[24.074349,49.792119],[24.074346,49.792081],[24.074312,49.791862],[24.074289,49.791674],[24.074287,49.79165],[24.074271,49.791522],[24.074262,49.791448],[24.074236,49.791225],[24.074231,49.791126],[24.074228,49.791077],[24.074231,49.790926],[24.074231,49.79091],[24.074235,49.790835],[24.074236,49.790797],[24.074237,49.790752],[24.074263,49.790577],[24.074273,49.790531],[24.07436,49.790251],[24.074493,49.789862],[24.07451,49.789816],[24.074731,49.789149],[24.074767,49.78904],[24.074801,49.788937],[24.075023,49.788269],[24.075148,49.787933],[24.075238,49.787657],[24.075252,49.787611],[24.075304,49.787446],[24.07532,49.787391],[24.075405,49.787113],[24.075698,49.786331],[24.075785,49.786185],[24.075856,49.786067],[24.07613,49.78564],[24.076328,49.785382],[24.076472,49.785208],[24.076549,49.785129],[24.076711,49.784984],[24.077144,49.784687],[24.077583,49.784399],[24.077862,49.784222],[24.078278,49.783968],[24.078514,49.783825],[24.078685,49.783734],[24.078856,49.783653],[24.079054,49.783573],[24.079243,49.783498],[24.079608,49.783372]]},"properties":{"name":"Зелена вулиця","lines":"31","arr":["Тр31"],"roundabout":0,"mode":"bus","color":"#149a3f","trolley":"all"}},{"type":"Feature","geometry":{"type":"LineString","coordinates":[[24.079608,49.783372],[24.080235,49.783174],[24.081414,49.782802],[24.082718,49.782394],[24.082817,49.782364],[24.082979,49.782313],[24.083195,49.782244],[24.083557,49.782128],[24.083854,49.782037],[24.084462,49.781848],[24.085394,49.781554],[24.086003,49.781362],[24.086062,49.781343],[24.086416,49.781234],[24.08692,49.781073],[24.087126,49.781012],[24.088276,49.780671],[24.089506,49.78028]]},"properties":{"name":"вулиця Дорожна","lines":"31","arr":["Тр31"],"roundabout":0,"mode":"bus","color":"#149a3f","trolley":"all"}},{"type":"Feature","geometry":{"type":"LineString","coordinates":[[24.102082,49.771929],[24.102002,49.771991],[24.101437,49.772426],[24.101197,49.772616],[24.10095,49.77281],[24.100652,49.77306],[24.100522,49.773168],[24.099974,49.773628],[24.099541,49.773987],[24.09929,49.7742],[24.098894,49.774539],[24.098202,49.775136],[24.097805,49.775468],[24.097611,49.775634],[24.097567,49.775673],[24.097178,49.776009],[24.09687,49.776271],[24.096766,49.776355],[24.09622,49.776828],[24.095923,49.777094],[24.095722,49.777255],[24.095597,49.777367],[24.095273,49.777639],[24.095038,49.777826],[24.094638,49.778141],[24.094517,49.778229],[24.094256,49.77841],[24.093968,49.778598],[24.093316,49.778952],[24.092763,49.779189],[24.092293,49.779371],[24.091939,49.779492],[24.091355,49.779678],[24.090753,49.779871],[24.090337,49.780001],[24.090159,49.780058],[24.089796,49.780178],[24.089506,49.78028],[24.089648,49.780392],[24.090205,49.780834],[24.090405,49.780952],[24.090596,49.781048],[24.09085,49.781129],[24.091079,49.781197],[24.092425,49.781583],[24.093044,49.781759],[24.094845,49.782294],[24.095111,49.782391],[24.095246,49.782438]]},"properties":{"name":"вулиця Дорожна","lines":"31","arr":["Тр31"],"roundabout":0,"mode":"bus","color":"#149a3f","trolley":"all"}},{"type":"Feature","geometry":{"type":"LineString","coordinates":[[24.102082,49.771929],[24.10225,49.772006],[24.102306,49.77204],[24.102332,49.772058],[24.102355,49.772076],[24.10237,49.772094],[24.102385,49.772114],[24.102395,49.772134],[24.102399,49.772158],[24.102398,49.772183],[24.102388,49.772211],[24.102377,49.772233],[24.102354,49.772254],[24.102328,49.772271],[24.102293,49.772288],[24.102238,49.772306],[24.102054,49.77234],[24.101437,49.772426]]},"properties":{"name":"","lines":"31","arr":["Тр31"],"roundabout":0,"mode":"bus","color":"#149a3f","trolley":"all"}},{"type":"Feature","geometry":{"type":"LineString","coordinates":[[24.076038,49.786065],[24.075856,49.786067]]},"properties":{"name":"","lines":"31","arr":["Тр31"],"roundabout":0,"mode":"bus","color":"#149a3f","trolley":"all"}},{"type":"Feature","geometry":{"type":"LineString","coordinates":[[24.061605,49.8074],[24.061447,49.807329],[24.06135,49.807263],[24.061305,49.807206],[24.061285,49.807134],[24.061293,49.806819]]},"properties":{"name":"","lines":"31","arr":["Тр31"],"roundabout":0,"mode":"bus","color":"#149a3f","trolley":"all"}},{"type":"Feature","geometry":{"type":"LineString","coordinates":[[24.097198,49.782993],[24.096775,49.78287],[24.095246,49.782438]]},"properties":{"name":"вулиця Медична","lines":"31","arr":["Тр31"],"roundabout":0,"mode":"bus","color":"#149a3f","trolley":"all"}},{"type":"Feature","geometry":{"type":"LineString","coordinates":[[24.006129,49.836722],[24.006179,49.836681],[24.006785,49.836367],[24.007001,49.83625],[24.007133,49.836175],[24.007301,49.83609],[24.007352,49.83606],[24.007379,49.836045],[24.007951,49.835713],[24.008041,49.835655]]},"properties":{"name":"вулиця Митрополита Антонія Ангеловича","lines":"32","arr":["Тр32"],"roundabout":0,"mode":"bus","color":"#149a3f","trolley":"all"}},{"type":"Feature","geometry":{"type":"LineString","coordinates":[[24.024046,49.801285],[24.023996,49.801265]]},"properties":{"name":"","lines":"38","arr":["Тр38"],"roundabout":0,"mode":"bus","color":"#149a3f","trolley":"all"}},{"type":"Feature","geometry":{"type":"LineString","coordinates":[[24.003836,49.837107],[24.004275,49.836614]]},"properties":{"name":"","lines":"15, 41, 43","arr":["А15","А41","А43"],"roundabout":0,"mode":"bus","color":"#0059a9","unmapped":1}},{"type":"Feature","geometry":{"type":"LineString","coordinates":[[24.00389,49.837107],[24.003293,49.83694]]},"properties":{"name":"","lines":"33, 43","arr":["А33","А43"],"roundabout":0,"mode":"bus","color":"#0059a9","unmapped":1}},{"type":"Feature","geometry":{"type":"LineString","coordinates":[[24.00392,49.837085],[24.004358,49.837284]]},"properties":{"name":"","lines":"41","arr":["А41"],"roundabout":0,"mode":"bus","color":"#0059a9","unmapped":1}},{"type":"Feature","geometry":{"type":"LineString","coordinates":[[23.896094,49.873283],[23.896745,49.873216]]},"properties":{"name":"","lines":"61","arr":["А61"],"roundabout":0,"mode":"bus","color":"#0059a9","unmapped":1}},{"type":"Feature","geometry":{"type":"LineString","coordinates":[[23.895654,49.872211],[23.89496,49.872365],[23.895654,49.872211]]},"properties":{"name":"","lines":"61","arr":["А61"],"roundabout":0,"mode":"bus","color":"#0059a9","unmapped":1}},{"type":"Feature","geometry":{"type":"LineString","coordinates":[[23.895654,49.872211],[23.894905,49.872364],[23.893736,49.872571],[23.893968,49.873029]]},"properties":{"name":"","lines":"61","arr":["А61"],"roundabout":0,"mode":"bus","color":"#0059a9","unmapped":1}},{"type":"Feature","geometry":{"type":"LineString","coordinates":[[24.00389,49.837107],[24.003881,49.837121]]},"properties":{"name":"","lines":"41","arr":["А41"],"roundabout":0,"mode":"bus","color":"#0059a9","nolabel":1}},{"type":"Feature","geometry":{"type":"LineString","coordinates":[[24.00389,49.837107],[24.003836,49.837107]]},"properties":{"name":"","lines":"41","arr":["А41"],"roundabout":0,"mode":"bus","color":"#0059a9","nolabel":1}},{"type":"Feature","geometry":{"type":"LineString","coordinates":[[24.00389,49.837107],[24.00392,49.837085]]},"properties":{"name":"","lines":"41","arr":["А41"],"roundabout":0,"mode":"bus","color":"#0059a9","nolabel":1}},{"type":"Feature","geometry":{"type":"LineString","coordinates":[[24.003881,49.837121],[24.003836,49.837107]]},"properties":{"name":"","lines":"15","arr":["А15"],"roundabout":0,"mode":"bus","color":"#0059a9","nolabel":1}},{"type":"Feature","geometry":{"type":"LineString","coordinates":[[24.00389,49.837107],[24.003881,49.837121]]},"properties":{"name":"","lines":"43","arr":["А43"],"roundabout":0,"mode":"bus","color":"#0059a9","nolabel":1}},{"type":"Feature","geometry":{"type":"LineString","coordinates":[[24.00389,49.837107],[24.003836,49.837107]]},"properties":{"name":"","lines":"43","arr":["А43"],"roundabout":0,"mode":"bus","color":"#0059a9","nolabel":1}},{"type":"Feature","geometry":{"type":"LineString","coordinates":[[23.996784,49.839013],[24.000304,49.837707],[24.000329,49.837698],[24.001848,49.837125],[24.001878,49.837114],[24.001889,49.83711],[24.001944,49.837091],[24.001968,49.837081],[24.002067,49.837043]]},"properties":{"name":"","lines":"1, 4, 6, 9","arr":["Т01","Т04","Т06","Т09"],"roundabout":0,"mode":"tram","color":"#d6212b","busLines":"10, 16, 29, 31, 32, 49"}},{"type":"Feature","geometry":{"type":"LineString","coordinates":[[24.002067,49.837043],[24.002231,49.83698],[24.002365,49.836925]]},"properties":{"name":"","lines":"1, 4, 6, 9","arr":["Т01","Т04","Т06","Т09"],"roundabout":0,"mode":"tram","color":"#d6212b"}},{"type":"Feature","geometry":{"type":"LineString","coordinates":[[24.002365,49.836925],[24.002455,49.836888],[24.002609,49.836807],[24.002657,49.836793],[24.002673,49.836788],[24.002726,49.83678],[24.002745,49.83678],[24.002797,49.836777],[24.002847,49.836779],[24.002888,49.836786],[24.003638,49.837016],[24.003817,49.837082],[24.00389,49.837107]]},"properties":{"name":"","lines":"1, 4, 6, 9","arr":["Т01","Т04","Т06","Т09"],"roundabout":0,"mode":"tram","color":"#d6212b","busLines":"7, 15, 20, 25, 29, 31, 33, 34, 43, 51, 52, 84, 92"}},{"type":"Feature","geometry":{"type":"LineString","coordinates":[[24.003636,49.837061],[24.002862,49.836824],[24.002812,49.836815],[24.002763,49.836808],[24.00272,49.83681],[24.002689,49.836817],[24.00262,49.836839],[24.002554,49.83687],[24.002533,49.836881]]},"properties":{"name":"","lines":"1, 4, 6, 9","arr":["Т01","Т04","Т06","Т09"],"roundabout":0,"mode":"tram","color":"#d6212b","busLines":"7, 15, 20, 25, 29, 31, 33, 34, 43, 51, 52, 84, 92"}},{"type":"Feature","geometry":{"type":"LineString","coordinates":[[24.002533,49.836881],[24.002475,49.836912],[24.002168,49.837036],[24.00213,49.837051],[24.002083,49.83707],[24.001992,49.837106],[24.001945,49.837122]]},"properties":{"name":"","lines":"1, 4, 6, 9","arr":["Т01","Т04","Т06","Т09"],"roundabout":0,"mode":"tram","color":"#d6212b"}},{"type":"Feature","geometry":{"type":"LineString","coordinates":[[24.001945,49.837122],[24.001931,49.837127],[24.00192,49.837131],[24.000391,49.837708],[24.000348,49.837723],[23.996915,49.839014],[23.996843,49.839056],[23.996837,49.83906]]},"properties":{"name":"","lines":"1, 4, 6, 9","arr":["Т01","Т04","Т06","Т09"],"roundabout":0,"mode":"tram","color":"#d6212b","busLines":"10, 16, 29, 31, 32, 49"}},{"type":"Feature","geometry":{"type":"LineString","coordinates":[[23.996837,49.83906],[23.996778,49.839101],[23.996726,49.83915],[23.996692,49.839203],[23.996676,49.839252],[23.996668,49.839324],[23.996669,49.83941],[23.996662,49.839499],[23.996654,49.839533],[23.996637,49.839567],[23.99661,49.8396],[23.996306,49.839856]]},"properties":{"name":"","lines":"1, 4, 6, 9","arr":["Т01","Т04","Т06","Т09"],"roundabout":0,"mode":"tram","color":"#d6212b"}},{"type":"Feature","geometry":{"type":"LineString","coordinates":[[23.996306,49.839856],[23.99616,49.839979],[23.995917,49.840206],[23.995869,49.840244],[23.995813,49.84027],[23.995721,49.840291],[23.995677,49.840299],[23.995562,49.8403],[23.995494,49.840296],[23.995413,49.840291],[23.995375,49.840283],[23.995345,49.840272],[23.99532,49.840262],[23.995293,49.84025],[23.995274,49.840237],[23.995259,49.840227],[23.995239,49.840203],[23.995124,49.840031],[23.995051,49.839926],[23.995035,49.839891]]},"properties":{"name":"","lines":"1, 4, 6, 9","arr":["Т01","Т04","Т06","Т09"],"roundabout":0,"mode":"tram","color":"#d6212b","busLines":"10, 16, 29, 31"}},{"type":"Feature","geometry":{"type":"LineString","coordinates":[[24.003636,49.837061],[24.003758,49.837082],[24.003817,49.837082],[24.003865,49.837072],[24.003903,49.837053],[24.003957,49.837023],[24.003984,49.837004],[24.004032,49.836947],[24.00411,49.83682],[24.004174,49.836722]]},"properties":{"name":"","lines":"1, 4, 9","arr":["Т01","Т04","Т09"],"roundabout":0,"mode":"tram","color":"#d6212b","busLines":"33, 41, 43"}},{"type":"Feature","geometry":{"type":"LineString","coordinates":[[24.004174,49.836722],[24.004289,49.836547],[24.004562,49.836113],[24.004576,49.836099],[24.00461,49.836067],[24.004656,49.835994],[24.004703,49.835953],[24.005128,49.835563],[24.005224,49.835498],[24.005242,49.835485],[24.005307,49.835453],[24.00535,49.835431],[24.00543,49.835404]]},"properties":{"name":"","lines":"1, 4, 9","arr":["Т01","Т04","Т09"],"roundabout":0,"mode":"tram","color":"#d6212b","busLines":"15, 33, 41, 43"}},{"type":"Feature","geometry":{"type":"LineString","coordinates":[[24.00543,49.835404],[24.006295,49.835117],[24.007077,49.83488],[24.007097,49.834874],[24.007143,49.834838],[24.007153,49.83483],[24.007184,49.834797],[24.007206,49.834771]]},"properties":{"name":"","lines":"1, 4, 9","arr":["Т01","Т04","Т09"],"roundabout":0,"mode":"tram","color":"#d6212b","busLines":"15, 41, 43"}},{"type":"Feature","geometry":{"type":"LineString","coordinates":[[24.01202,49.832368],[24.012035,49.83236],[24.012054,49.83235],[24.012039,49.832342],[24.012016,49.832331]]},"properties":{"name":"","lines":"4","arr":["Т04"],"roundabout":0,"mode":"tram","color":"#d6212b"}},{"type":"Feature","geometry":{"type":"LineString","coordinates":[[24.030767,49.830035],[24.030827,49.830028],[24.030837,49.830027],[24.030942,49.829987],[24.031579,49.829634],[24.031602,49.829621],[24.031676,49.82958],[24.031697,49.829565],[24.031721,49.829547],[24.031831,49.829468],[24.032072,49.829314],[24.032133,49.829275],[24.033481,49.828475],[24.033547,49.828429],[24.033599,49.828371],[24.033633,49.828313],[24.033683,49.828176],[24.033894,49.827754],[24.033918,49.827673],[24.034086,49.827064],[24.034227,49.826736],[24.034371,49.826523],[24.034438,49.82643],[24.034503,49.826339],[24.034573,49.826278],[24.034803,49.826112],[24.035812,49.825416],[24.036151,49.825195],[24.036254,49.825159],[24.036356,49.825143],[24.036462,49.825146],[24.036495,49.825151],[24.036587,49.825169],[24.036624,49.825177],[24.036774,49.825209],[24.036874,49.825231],[24.036974,49.825248],[24.037061,49.825251],[24.037165,49.825237],[24.037237,49.825211],[24.037247,49.825204],[24.037282,49.825176],[24.037415,49.824929]]},"properties":{"name":"","lines":"4","arr":["Т04"],"roundabout":0,"mode":"tram","color":"#d6212b"}},{"type":"Feature","geometry":{"type":"LineString","coordinates":[[24.01202,49.832368],[24.011979,49.83239],[24.011473,49.832673],[24.011453,49.832682],[24.01142,49.832691],[24.011231,49.832734],[24.009901,49.833025],[24.009332,49.833151],[24.009274,49.833165],[24.008132,49.833441],[24.008093,49.833457],[24.008065,49.833476],[24.008023,49.833527],[24.008,49.833564],[24.007968,49.833617],[24.00796,49.833631],[24.007902,49.833721],[24.007367,49.834547],[24.007283,49.834678],[24.007276,49.834686],[24.007257,49.834709],[24.007247,49.834722],[24.007232,49.83474],[24.007218,49.834757],[24.007206,49.834771]]},"properties":{"name":"","lines":"4, 9","arr":["Т04","Т09"],"roundabout":0,"mode":"tram","color":"#d6212b"}},{"type":"Feature","geometry":{"type":"LineString","coordinates":[[24.018243,49.832312],[24.018121,49.832367],[24.018061,49.832382],[24.017922,49.832418],[24.017887,49.832428],[24.017709,49.832472],[24.016173,49.832844],[24.015859,49.832922],[24.015814,49.832924],[24.015783,49.83292],[24.015755,49.832909],[24.015194,49.832598],[24.01514,49.832568],[24.014635,49.832289],[24.014596,49.832275],[24.014524,49.832254],[24.014454,49.83224],[24.014387,49.832231],[24.014328,49.83223],[24.014272,49.832232],[24.014214,49.832239],[24.013862,49.832284],[24.01328,49.832358],[24.013202,49.832363],[24.013133,49.832361],[24.013051,49.832353],[24.012984,49.832337],[24.01272,49.832277],[24.01269,49.832272],[24.012615,49.832258],[24.012412,49.832224],[24.012379,49.832219],[24.012332,49.832211],[24.012305,49.832208],[24.012286,49.832207],[24.012243,49.832215],[24.012215,49.832224],[24.012033,49.83232],[24.012016,49.832331],[24.011998,49.832341],[24.011984,49.83235]]},"properties":{"name":"","lines":"4, 9","arr":["Т04","Т09"],"roundabout":0,"mode":"tram","color":"#d6212b"}},{"type":"Feature","geometry":{"type":"LineString","coordinates":[[24.007206,49.834771],[24.007168,49.834772],[24.007105,49.83478],[24.007173,49.834741],[24.007185,49.834732],[24.007195,49.834724],[24.007211,49.834711],[24.007224,49.834701],[24.007249,49.834676],[24.007259,49.834666],[24.007868,49.833699],[24.007936,49.83359],[24.007956,49.833559],[24.007976,49.83353],[24.008014,49.833474],[24.008042,49.833451],[24.008091,49.83343],[24.009246,49.833148],[24.009311,49.833135],[24.00996,49.832989],[24.010637,49.832835],[24.011217,49.832714],[24.011325,49.83269],[24.011374,49.83268],[24.011406,49.832673],[24.011458,49.832654],[24.011843,49.832436],[24.011949,49.832375],[24.011984,49.83235]]},"properties":{"name":"","lines":"9","arr":["Т09"],"roundabout":0,"mode":"tram","color":"#d6212b"}},{"type":"Feature","geometry":{"type":"LineString","coordinates":[[24.035979,49.839715],[24.03594,49.839691],[24.035927,49.839683],[24.03589,49.839647],[24.035783,49.839488],[24.035704,49.839387],[24.035408,49.839011],[24.035315,49.838821],[24.035303,49.838777]]},"properties":{"name":"","lines":"9","arr":["Т09"],"roundabout":0,"mode":"tram","color":"#d6212b","busLines":"1, 3, 5, 6, 18, 37, 39а, 45, 46, 47, 53, 57, 92, 99"}},{"type":"Feature","geometry":{"type":"LineString","coordinates":[[24.029282,49.844895],[24.02934,49.84483],[24.029419,49.844775],[24.029469,49.844755]]},"properties":{"name":"","lines":"9","arr":["Т09"],"roundabout":0,"mode":"tram","color":"#d6212b"}},{"type":"Feature","geometry":{"type":"LineString","coordinates":[[24.028094,49.85317],[24.02817,49.853313],[24.028214,49.853414],[24.028229,49.853467],[24.028225,49.853475],[24.028222,49.853485],[24.028211,49.853527],[24.028195,49.853639],[24.028189,49.853712],[24.028187,49.853743],[24.028182,49.853949],[24.028195,49.854275],[24.028206,49.854588],[24.028213,49.854769],[24.028239,49.855071],[24.028259,49.85531],[24.028282,49.855583],[24.028279,49.855654],[24.028276,49.855694],[24.028276,49.855702],[24.028274,49.855721],[24.028256,49.8558],[24.028229,49.855894],[24.028202,49.855969],[24.028057,49.856343],[24.027806,49.856904],[24.027802,49.856913],[24.027747,49.857032],[24.027712,49.857107],[24.027516,49.857523],[24.027493,49.857576],[24.027218,49.858177],[24.027139,49.85835],[24.027131,49.858368],[24.027118,49.858414],[24.027102,49.858473],[24.027079,49.858553],[24.027072,49.858579],[24.027057,49.858633],[24.026902,49.859763],[24.026889,49.8599],[24.026866,49.860083],[24.026843,49.860323],[24.026712,49.861332],[24.026695,49.861388],[24.026644,49.861433],[24.026597,49.86146],[24.026494,49.861473],[24.026318,49.861486],[24.026249,49.861497],[24.026232,49.861499],[24.026178,49.861518],[24.026135,49.861545],[24.026127,49.861553],[24.026102,49.861578],[24.02608,49.861615],[24.02607,49.861653],[24.026073,49.861692],[24.026089,49.86173],[24.026116,49.861765],[24.026154,49.861795],[24.026201,49.86182],[24.026255,49.861838],[24.026314,49.861848],[24.026374,49.86185],[24.026434,49.861844],[24.026491,49.86183],[24.026547,49.861807],[24.026596,49.861783],[24.026634,49.861756],[24.026671,49.861709],[24.026695,49.861679]]},"properties":{"name":"","lines":"9","arr":["Т09"],"roundabout":0,"mode":"tram","color":"#d6212b"}},{"type":"Feature","geometry":{"type":"LineString","coordinates":[[24.007206,49.834771],[24.007235,49.83477],[24.007257,49.83477],[24.007271,49.834769],[24.007475,49.834774],[24.007521,49.834775],[24.009239,49.834729],[24.009435,49.834724],[24.009471,49.834722],[24.009515,49.83472],[24.010365,49.834695],[24.011237,49.834674],[24.011313,49.834672],[24.012876,49.83466],[24.013923,49.834652],[24.013989,49.834652],[24.014421,49.834656],[24.014522,49.834657],[24.015725,49.834668],[24.015859,49.83467],[24.016338,49.834674],[24.016607,49.834676]]},"properties":{"name":"","lines":"1","arr":["Т01"],"roundabout":0,"mode":"tram","color":"#d6212b","busLines":"15, 41, 43"}},{"type":"Feature","geometry":{"type":"LineString","coordinates":[[24.016607,49.834676],[24.016659,49.8347],[24.016717,49.834719],[24.016794,49.834734],[24.016903,49.834744],[24.017883,49.83476],[24.018372,49.834764],[24.018495,49.834765],[24.018573,49.834764],[24.018703,49.834761],[24.018884,49.834751],[24.019149,49.834723],[24.019796,49.834638],[24.019891,49.834631],[24.019997,49.834633],[24.020119,49.834643],[24.020186,49.834655],[24.020241,49.834665],[24.020425,49.834713],[24.02053,49.834757],[24.020929,49.83501],[24.022581,49.836057],[24.022719,49.836144],[24.022738,49.836162],[24.022741,49.83621],[24.022722,49.836251],[24.022702,49.836275],[24.022666,49.836298],[24.022409,49.836472],[24.022253,49.836578],[24.021968,49.836779],[24.021842,49.836863]]},"properties":{"name":"","lines":"1, 2","arr":["Т01","Т02"],"roundabout":0,"mode":"tram","color":"#d6212b","busLines":"9, 15, 21, 43, 45, 48"}},{"type":"Feature","geometry":{"type":"LineString","coordinates":[[24.021842,49.836863],[24.021804,49.836888],[24.021776,49.836923],[24.021755,49.836967],[24.021749,49.837004],[24.021752,49.837046],[24.02177,49.837078],[24.021783,49.837101],[24.02184,49.837142],[24.023453,49.838075],[24.023535,49.838126],[24.023611,49.838176],[24.024438,49.838685],[24.025101,49.839089],[24.025136,49.83911],[24.025274,49.839203],[24.025356,49.839258],[24.025482,49.839332],[24.026024,49.839628],[24.026603,49.839937],[24.026808,49.840047],[24.027034,49.840169],[24.027292,49.840308],[24.027705,49.840532],[24.027716,49.840538],[24.027787,49.840563],[24.027842,49.840574],[24.02799,49.840601],[24.028034,49.840609]]},"properties":{"name":"","lines":"1, 2","arr":["Т01","Т02"],"roundabout":0,"mode":"tram","color":"#d6212b","busLines":"9, 15, 21, 43, 45, 48, 92"}},{"type":"Feature","geometry":{"type":"LineString","coordinates":[[24.028034,49.840609],[24.028321,49.840663],[24.028721,49.840738],[24.028778,49.840749],[24.029036,49.840803]]},"properties":{"name":"","lines":"1, 2","arr":["Т01","Т02"],"roundabout":0,"mode":"tram","color":"#d6212b","busLines":"9, 21, 45, 48"}},{"type":"Feature","geometry":{"type":"LineString","coordinates":[[24.029036,49.840803],[24.029715,49.840944],[24.029788,49.840959],[24.030938,49.841212],[24.030972,49.841225],[24.030982,49.841229],[24.031086,49.841277],[24.031141,49.841297],[24.032379,49.841583],[24.032611,49.841637],[24.032665,49.841642],[24.03273,49.841634],[24.03277,49.841636],[24.032804,49.841638],[24.032914,49.841658],[24.03371,49.841828],[24.033785,49.841838],[24.033881,49.841843],[24.0343,49.841931],[24.034853,49.842047],[24.034946,49.842064],[24.035024,49.842073],[24.035104,49.842074],[24.035186,49.842068],[24.035248,49.842056]]},"properties":{"name":"","lines":"1, 2","arr":["Т01","Т02"],"roundabout":0,"mode":"tram","color":"#d6212b"}},{"type":"Feature","geometry":{"type":"LineString","coordinates":[[24.016607,49.834676],[24.016464,49.834599],[24.016441,49.834585],[24.016048,49.834374],[24.015847,49.834265],[24.01577,49.834227],[24.014557,49.833626],[24.014452,49.833575],[24.013581,49.833142],[24.012162,49.832442],[24.012117,49.832418],[24.01202,49.832368]]},"properties":{"name":"","lines":"2","arr":["Т02"],"roundabout":0,"mode":"tram","color":"#d6212b","busLines":"9, 41, 48"}},{"type":"Feature","geometry":{"type":"LineString","coordinates":[[24.011984,49.83235],[24.011538,49.83212],[24.011413,49.832055],[24.011197,49.831942],[24.010229,49.831446],[24.010175,49.83142],[24.009093,49.830872],[24.008986,49.830819],[24.008844,49.830747],[24.008312,49.83048],[24.007846,49.830246],[24.007717,49.830186],[24.007688,49.830172],[24.007569,49.830103],[24.007247,49.829843],[24.007121,49.829748],[24.00676,49.829473],[24.006743,49.829462],[24.006668,49.829414],[24.006548,49.829365],[24.006434,49.829334],[24.006338,49.829324],[24.006246,49.829328],[24.006056,49.829365],[24.005983,49.82939],[24.005529,49.829686],[24.005341,49.829813],[24.004392,49.830452],[24.004324,49.830498],[24.003861,49.830809],[24.003753,49.830872],[24.003689,49.830896],[24.003656,49.830899],[24.003629,49.830899],[24.003584,49.830891],[24.003553,49.830883],[24.003458,49.830827],[24.00272,49.830351],[24.002608,49.830281],[24.001895,49.829835],[24.00115,49.829368],[24.000527,49.82898],[24.000472,49.828947],[24.000382,49.828891],[24.000258,49.828811],[23.99964,49.828418],[23.999039,49.828047],[23.998061,49.827429],[23.997385,49.827017],[23.997071,49.826823],[23.996584,49.826517],[23.995884,49.826077],[23.995159,49.825619],[23.993464,49.824564],[23.993331,49.82448],[23.993261,49.824435],[23.993186,49.824388],[23.9929,49.824207]]},"properties":{"name":"","lines":"2","arr":["Т02"],"roundabout":0,"mode":"tram","color":"#d6212b"}},{"type":"Feature","geometry":{"type":"LineString","coordinates":[[24.055035,49.838493],[24.05518,49.838448],[24.055243,49.838424],[24.055446,49.838349],[24.055593,49.838304],[24.055921,49.838227],[24.056237,49.838153],[24.056633,49.838064],[24.057023,49.837977],[24.057309,49.837918],[24.058469,49.83766],[24.059939,49.837355],[24.060397,49.83726],[24.060623,49.837217],[24.06249,49.836811],[24.062954,49.836713],[24.063337,49.836632],[24.063789,49.836551],[24.065117,49.836333]]},"properties":{"name":"","lines":"2","arr":["Т02"],"roundabout":0,"mode":"tram","color":"#d6212b","busLines":"5, 15, 18, 29, 39, 39а, 47, 61, 92"}},{"type":"Feature","geometry":{"type":"LineString","coordinates":[[24.065117,49.836333],[24.066045,49.83618],[24.066314,49.836138],[24.066594,49.836096],[24.066885,49.836061],[24.067177,49.836037],[24.067464,49.83602],[24.067758,49.836003],[24.068025,49.835981],[24.06811,49.835961],[24.068164,49.835935],[24.068174,49.835927]]},"properties":{"name":"","lines":"2","arr":["Т02"],"roundabout":0,"mode":"tram","color":"#d6212b","busLines":"5, 15, 18, 29, 39, 47, 61, 92"}},{"type":"Feature","geometry":{"type":"LineString","coordinates":[[24.068174,49.835927],[24.068212,49.835895],[24.068241,49.835852],[24.068248,49.835814],[24.068248,49.835758],[24.068235,49.835718],[24.068209,49.83567],[24.068174,49.835634],[24.068137,49.835605],[24.06808,49.835582],[24.068008,49.83556],[24.06793,49.835548],[24.067832,49.835536]]},"properties":{"name":"","lines":"2","arr":["Т02"],"roundabout":0,"mode":"tram","color":"#d6212b"}},{"type":"Feature","geometry":{"type":"LineString","coordinates":[[24.01202,49.832368],[24.012005,49.83236],[24.011984,49.83235]]},"properties":{"name":"","lines":"2, 4, 9","arr":["Т02","Т04","Т09"],"roundabout":0,"mode":"tram","color":"#d6212b"}},{"type":"Feature","geometry":{"type":"LineString","coordinates":[[24.035248,49.842056],[24.035263,49.842053],[24.035301,49.842038],[24.035314,49.842034],[24.03533,49.842028],[24.035355,49.842009],[24.035389,49.841978],[24.035728,49.841027],[24.035783,49.840867],[24.035804,49.840828],[24.03583,49.840797],[24.03588,49.840757],[24.036241,49.840579],[24.036324,49.840534],[24.036368,49.840493],[24.0364,49.840437],[24.036427,49.840367],[24.036424,49.840335],[24.036422,49.840312],[24.0364,49.840281],[24.036295,49.840154],[24.036273,49.840125],[24.036201,49.840029],[24.036145,49.839956],[24.036125,49.83993],[24.03604,49.839811],[24.036018,49.839781],[24.035979,49.839715]]},"properties":{"name":"","lines":"1, 2, 7, 9","arr":["Т01","Т02","Т07","Т09"],"roundabout":0,"mode":"tram","color":"#d6212b","busLines":"1, 3, 5, 6, 15, 29, 37, 39, 45, 46, 47, 53, 57, 61, 92"}},{"type":"Feature","geometry":{"type":"LineString","coordinates":[[24.035979,49.839715],[24.036034,49.839739],[24.036113,49.839758],[24.036259,49.839781],[24.036298,49.839784],[24.036325,49.839787],[24.036348,49.839782],[24.03637,49.839776],[24.036408,49.839769],[24.036461,49.839764],[24.037404,49.839793],[24.037566,49.839798],[24.037681,49.839799],[24.038318,49.839805],[24.039164,49.839829],[24.039271,49.839832],[24.039692,49.839849],[24.03981,49.839855],[24.040236,49.839874],[24.041464,49.839934],[24.041834,49.83996],[24.042042,49.839982],[24.042196,49.840008],[24.042739,49.840139],[24.043086,49.840223],[24.044115,49.840458],[24.044683,49.840559],[24.045646,49.8407],[24.046015,49.840734],[24.046243,49.840739],[24.046441,49.840729],[24.046697,49.840697],[24.046903,49.840656],[24.047133,49.840601],[24.047216,49.84058],[24.048764,49.840105],[24.048938,49.840059],[24.049316,49.839976],[24.04987,49.839854],[24.050143,49.839794],[24.050708,49.839671],[24.051266,49.839548],[24.051876,49.839381],[24.052639,49.839157],[24.053206,49.838993],[24.053971,49.838771],[24.054037,49.838752],[24.054159,49.83872],[24.054267,49.838691],[24.05474,49.83857],[24.05482,49.838551],[24.055035,49.838493]]},"properties":{"name":"","lines":"1, 2, 7","arr":["Т01","Т02","Т07"],"roundabout":0,"mode":"tram","color":"#d6212b","busLines":"5, 15, 18, 29, 39, 39а, 47, 61, 92, 99"}},{"type":"Feature","geometry":{"type":"LineString","coordinates":[[24.036145,49.839956],[24.036154,49.839922],[24.036167,49.839891],[24.036194,49.839859],[24.036223,49.839831],[24.036259,49.839809],[24.036312,49.83979],[24.036325,49.839787]]},"properties":{"name":"","lines":"7","arr":["Т07"],"roundabout":0,"mode":"tram","color":"#d6212b"}},{"type":"Feature","geometry":{"type":"LineString","coordinates":[[24.056933,49.829334],[24.056947,49.82937]]},"properties":{"name":"","lines":"7","arr":["Т07"],"roundabout":0,"mode":"tram","color":"#d6212b"}},{"type":"Feature","geometry":{"type":"LineString","coordinates":[[24.015581,49.841738],[24.015597,49.841727],[24.015714,49.841702],[24.0159,49.841716],[24.015954,49.841726]]},"properties":{"name":"","lines":"7","arr":["Т07"],"roundabout":0,"mode":"tram","color":"#d6212b"}},{"type":"Feature","geometry":{"type":"LineString","coordinates":[[23.986736,49.853993],[23.986691,49.853968],[23.986673,49.853947],[23.98664,49.853907],[23.986615,49.853853],[23.98662,49.853775],[23.986624,49.853728],[23.986677,49.853628],[23.986769,49.85351],[23.986832,49.853455],[23.986877,49.853416],[23.98701,49.853319],[23.988606,49.852395],[23.991447,49.851144],[23.991713,49.851027],[23.991798,49.850989],[23.991851,49.850965],[23.992458,49.850694],[23.992895,49.850498],[23.994572,49.849739],[23.995767,49.849314],[23.995832,49.849292]]},"properties":{"name":"","lines":"7","arr":["Т07"],"roundabout":0,"mode":"tram","color":"#d6212b","busLines":"6, 11, 49, 61, 67"}},{"type":"Feature","geometry":{"type":"LineString","coordinates":[[23.995832,49.849292],[23.995876,49.849277],[23.995972,49.849245],[23.996091,49.849219],[23.996148,49.849199]]},"properties":{"name":"","lines":"7","arr":["Т07"],"roundabout":0,"mode":"tram","color":"#d6212b","busLines":"6, 11, 17, 49, 61, 67"}},{"type":"Feature","geometry":{"type":"LineString","coordinates":[[23.996148,49.849199],[23.996627,49.849029],[23.99706,49.848886],[23.997244,49.84883],[23.997829,49.848666],[23.999,49.848314],[23.999159,49.848271],[24.000067,49.848059],[24.000139,49.848058],[24.000723,49.847905],[24.000959,49.847835],[24.001071,49.847793],[24.001927,49.847473],[24.002217,49.847364],[24.002443,49.84728],[24.00253,49.847247],[24.002716,49.847185],[24.003064,49.847073],[24.00325,49.84702],[24.003703,49.846921],[24.004007,49.846865],[24.004065,49.846855],[24.004347,49.846803],[24.004569,49.846762],[24.004806,49.8467],[24.005192,49.846571],[24.005405,49.846482],[24.00628,49.846116],[24.006405,49.846064],[24.00654,49.846007],[24.006591,49.845986],[24.006861,49.845885],[24.007161,49.845774],[24.007672,49.845597],[24.007766,49.845564],[24.00826,49.845393],[24.008937,49.845159],[24.009829,49.844851],[24.009916,49.844821],[24.01034,49.844674],[24.010982,49.844452],[24.011022,49.844438],[24.011113,49.844406],[24.012621,49.843872],[24.012744,49.843828],[24.013225,49.843657],[24.01367,49.8435],[24.013735,49.843476],[24.0144,49.843269],[24.014749,49.843169],[24.014898,49.843139],[24.015334,49.843027],[24.015416,49.842963],[24.015455,49.842906],[24.015469,49.842822]]},"properties":{"name":"","lines":"7","arr":["Т07"],"roundabout":0,"mode":"tram","color":"#d6212b","busLines":"6, 17, 61, 67"}},{"type":"Feature","geometry":{"type":"LineString","coordinates":[[24.028878,49.844724],[24.029184,49.844723],[24.02936,49.844716],[24.029453,49.844712],[24.029615,49.844705]]},"properties":{"name":"","lines":"7","arr":["Т07"],"roundabout":0,"mode":"tram","color":"#d6212b"}},{"type":"Feature","geometry":{"type":"LineString","coordinates":[[24.015827,49.843014],[24.015768,49.843023],[24.015546,49.843053],[24.015358,49.843082],[24.014761,49.843216],[24.014492,49.843285],[24.013705,49.843538],[24.013347,49.843653],[24.013157,49.84372],[24.012766,49.843856],[24.011037,49.844461],[24.010998,49.844474],[24.010461,49.844662],[24.009794,49.844895],[24.009109,49.845135],[24.008959,49.845187],[24.008286,49.845423],[24.007991,49.845525],[24.00785,49.845575],[24.007698,49.845627],[24.007036,49.845855],[24.006986,49.845873],[24.006884,49.845913],[24.006772,49.845956],[24.006562,49.846039],[24.006429,49.84609],[24.006306,49.846141],[24.006028,49.846256],[24.005922,49.8463],[24.00585,49.84633],[24.00534,49.846551],[24.005208,49.846608],[24.004843,49.846727],[24.004774,49.846749],[24.004585,49.846799],[24.004359,49.846841],[24.004304,49.846851],[24.004191,49.846873],[24.004028,49.846904],[24.003508,49.847004],[24.00315,49.847084],[24.003011,49.847122],[24.002468,49.84731],[24.00238,49.84734],[24.002239,49.847392],[24.001864,49.847534],[24.001096,49.847823],[24.001011,49.847855],[24.000741,49.847938],[24.000541,49.848014],[23.999982,49.848158],[23.999288,49.848282],[23.999176,49.848308],[23.998014,49.848657],[23.997264,49.848865],[23.997089,49.848926],[23.996335,49.84919]]},"properties":{"name":"","lines":"7","arr":["Т07"],"roundabout":0,"mode":"tram","color":"#d6212b","busLines":"6, 17, 61, 67"}},{"type":"Feature","geometry":{"type":"LineString","coordinates":[[23.996335,49.84919],[23.996125,49.849263],[23.995962,49.849319],[23.995808,49.849358],[23.995714,49.849392]]},"properties":{"name":"","lines":"7","arr":["Т07"],"roundabout":0,"mode":"tram","color":"#d6212b","busLines":"6, 11, 17, 49, 61, 67"}},{"type":"Feature","geometry":{"type":"LineString","coordinates":[[23.995714,49.849392],[23.994619,49.849791],[23.993922,49.850093],[23.992686,49.850616],[23.991868,49.85098],[23.99171,49.85105],[23.991431,49.851175],[23.990815,49.851449],[23.988687,49.852397],[23.988664,49.852407],[23.987816,49.852895],[23.987463,49.853097],[23.987156,49.853294],[23.987068,49.853368],[23.987019,49.853457],[23.98701,49.853496],[23.987024,49.853555],[23.987031,49.853582],[23.987033,49.853592],[23.98708,49.853685],[23.987163,49.853806]]},"properties":{"name":"","lines":"7","arr":["Т07"],"roundabout":0,"mode":"tram","color":"#d6212b","busLines":"6, 11, 49, 61, 67"}},{"type":"Feature","geometry":{"type":"LineString","coordinates":[[24.05482,49.838551],[24.054893,49.838522],[24.054959,49.838488],[24.055017,49.838445],[24.055052,49.838397],[24.055064,49.838349],[24.055054,49.838302],[24.054857,49.838021],[24.054282,49.837203],[24.054239,49.837143],[24.054001,49.836806],[24.053576,49.836164],[24.053547,49.836119],[24.053157,49.835516],[24.053065,49.83537],[24.052589,49.83463],[24.05256,49.834587],[24.052178,49.833971],[24.052127,49.833889],[24.052086,49.833833],[24.052009,49.833753],[24.051911,49.833674],[24.05181,49.833607],[24.051534,49.833462],[24.050708,49.83302],[24.050627,49.832969],[24.050394,49.832799],[24.050286,49.832719],[24.049866,49.832368],[24.049783,49.832286],[24.049489,49.831853],[24.049213,49.831439],[24.048889,49.830958],[24.048878,49.830928],[24.048865,49.830892],[24.048857,49.83082],[24.04887,49.830752],[24.048907,49.830679],[24.048922,49.830665],[24.048955,49.830635],[24.049012,49.830596],[24.049463,49.830382],[24.050764,49.829794],[24.050847,49.829766],[24.050913,49.829748],[24.05097,49.829738],[24.051017,49.829733],[24.051095,49.82973],[24.051312,49.829731],[24.052022,49.829767],[24.052183,49.829767],[24.052349,49.829761],[24.052521,49.82975],[24.052688,49.829734],[24.053265,49.829655],[24.054509,49.829439],[24.055019,49.82933],[24.056183,49.828981]]},"properties":{"name":"","lines":"1, 7","arr":["Т01","Т07"],"roundabout":0,"mode":"tram","color":"#d6212b"}},{"type":"Feature","geometry":{"type":"LineString","coordinates":[[24.056947,49.82937],[24.056949,49.829401],[24.056946,49.829433],[24.056937,49.829468],[24.056912,49.829507],[24.056879,49.829536],[24.056845,49.829563],[24.056794,49.829589],[24.055761,49.829878],[24.055613,49.829901],[24.055476,49.82991],[24.055325,49.829896],[24.055184,49.82987],[24.055042,49.829794],[24.054806,49.829644],[24.054698,49.829571],[24.054604,49.829521],[24.054477,49.829494],[24.054324,49.8295],[24.053272,49.829689],[24.05269,49.829768],[24.052353,49.829795],[24.052184,49.829801],[24.05202,49.8298],[24.051314,49.829761],[24.051103,49.82976],[24.051034,49.829764],[24.050986,49.829769],[24.050945,49.829778],[24.05086,49.8298],[24.050788,49.829824],[24.049294,49.830497],[24.049046,49.830619],[24.048993,49.830658],[24.048959,49.830691],[24.048952,49.830697],[24.048921,49.830757],[24.04891,49.83082],[24.048914,49.830888],[24.048941,49.830946],[24.049843,49.832265],[24.049923,49.832348],[24.050416,49.832746],[24.050707,49.832953],[24.051891,49.833602],[24.05196,49.833641],[24.052088,49.83373],[24.052221,49.833859],[24.052658,49.834562],[24.052685,49.834604],[24.053157,49.835345],[24.053274,49.835542],[24.053607,49.836074],[24.053651,49.836143],[24.053692,49.836207],[24.054075,49.836786],[24.054305,49.837127],[24.054346,49.837188],[24.055079,49.838222],[24.05512,49.838288],[24.055133,49.838334],[24.05513,49.838369],[24.055125,49.838401],[24.055084,49.838458],[24.055035,49.838493]]},"properties":{"name":"","lines":"1, 7","arr":["Т01","Т07"],"roundabout":0,"mode":"tram","color":"#d6212b"}},{"type":"Feature","geometry":{"type":"LineString","coordinates":[[24.035026,49.83804],[24.035052,49.837948],[24.035052,49.837891],[24.035052,49.837855]]},"properties":{"name":"","lines":"3, 8","arr":["Т03","Т08"],"roundabout":0,"mode":"tram","color":"#d6212b"}},{"type":"Feature","geometry":{"type":"LineString","coordinates":[[24.035303,49.838777],[24.035253,49.838826],[24.035206,49.838848],[24.035196,49.838852],[24.03511,49.838873],[24.035099,49.838874],[24.035002,49.838882],[24.034957,49.838877],[24.034907,49.838872],[24.034816,49.838848],[24.034756,49.838803],[24.03472,49.838756],[24.034705,49.838704],[24.034721,49.838659]]},"properties":{"name":"","lines":"3, 8","arr":["Т03","Т08"],"roundabout":0,"mode":"tram","color":"#d6212b"}},{"type":"Feature","geometry":{"type":"LineString","coordinates":[[24.031706,49.830219],[24.03173,49.830244],[24.031771,49.830286],[24.032009,49.830456],[24.032215,49.830608],[24.03263,49.830913],[24.033044,49.831405],[24.033628,49.832114],[24.033663,49.832186],[24.0337,49.832301],[24.033793,49.832651],[24.033973,49.833303],[24.034045,49.833553],[24.034118,49.833816],[24.034161,49.83397],[24.034213,49.834142],[24.034314,49.834478],[24.034365,49.834557],[24.034416,49.83461],[24.034511,49.834695],[24.034591,49.834757],[24.034636,49.834787]]},"properties":{"name":"","lines":"3, 8, 9","arr":["Т03","Т08","Т09"],"roundabout":0,"mode":"tram","color":"#d6212b","busLines":"43, 53"}},{"type":"Feature","geometry":{"type":"LineString","coordinates":[[24.034636,49.834787],[24.034776,49.834879],[24.034838,49.834924],[24.034875,49.834958],[24.034913,49.835013],[24.034924,49.835068],[24.034909,49.836074],[24.034904,49.836148],[24.034899,49.83621],[24.034892,49.836295]]},"properties":{"name":"","lines":"3, 8, 9","arr":["Т03","Т08","Т09"],"roundabout":0,"mode":"tram","color":"#d6212b","busLines":"3, 15, 18, 37, 43, 46, 53, 57"}},{"type":"Feature","geometry":{"type":"LineString","coordinates":[[24.034892,49.836295],[24.03488,49.836454],[24.034878,49.836912],[24.034884,49.836971],[24.034911,49.837241],[24.034941,49.837398],[24.034968,49.837525],[24.035052,49.837855],[24.035059,49.83788],[24.035124,49.838135],[24.035268,49.838651],[24.035303,49.838777]]},"properties":{"name":"","lines":"3, 8, 9","arr":["Т03","Т08","Т09"],"roundabout":0,"mode":"tram","color":"#d6212b","busLines":"3, 18, 37, 39а, 46, 53, 57, 99"}},{"type":"Feature","geometry":{"type":"LineString","coordinates":[[24.031706,49.830219],[24.03166,49.830172],[24.031606,49.830078],[24.031573,49.829925],[24.031579,49.829634]]},"properties":{"name":"","lines":"8","arr":["Т08"],"roundabout":0,"mode":"tram","color":"#d6212b","busLines":"53"}},{"type":"Feature","geometry":{"type":"LineString","coordinates":[[24.037067,49.824751],[24.037142,49.824737],[24.037166,49.824738],[24.037219,49.82474],[24.037277,49.824749],[24.037302,49.824756],[24.037335,49.824774],[24.037359,49.824786],[24.037408,49.824839],[24.037419,49.824883],[24.037415,49.824929]]},"properties":{"name":"","lines":"8","arr":["Т08"],"roundabout":0,"mode":"tram","color":"#d6212b"}},{"type":"Feature","geometry":{"type":"LineString","coordinates":[[24.031579,49.829634],[24.031598,49.829597],[24.031635,49.829539],[24.031657,49.829527],[24.031777,49.829447],[24.032044,49.82928],[24.032107,49.829241],[24.033443,49.828449],[24.033499,49.828414],[24.033545,49.828363],[24.03358,49.828297],[24.033638,49.828166],[24.033789,49.827832]]},"properties":{"name":"","lines":"4, 8","arr":["Т04","Т08"],"roundabout":0,"mode":"tram","color":"#d6212b"}},{"type":"Feature","geometry":{"type":"LineString","coordinates":[[24.033789,49.827832],[24.033826,49.82775],[24.033852,49.82766],[24.033873,49.827583],[24.033885,49.82754],[24.034019,49.82707],[24.034071,49.826952]]},"properties":{"name":"","lines":"4, 8","arr":["Т04","Т08"],"roundabout":0,"mode":"tram","color":"#d6212b","busLines":"53"}},{"type":"Feature","geometry":{"type":"LineString","coordinates":[[24.034071,49.826952],[24.03417,49.826728],[24.034257,49.826605],[24.034321,49.826514],[24.03439,49.826418],[24.034456,49.826326],[24.034761,49.826087],[24.035767,49.825388],[24.036185,49.825108],[24.036545,49.824951],[24.03662,49.824922],[24.037067,49.824751],[24.03724,49.824681],[24.037302,49.824655],[24.037371,49.824626],[24.037493,49.824562],[24.037574,49.824497],[24.037647,49.82439],[24.037869,49.823969],[24.038202,49.823379],[24.038512,49.822862],[24.038837,49.822349],[24.039085,49.821958],[24.039246,49.821726],[24.039974,49.820585],[24.040309,49.819984],[24.040432,49.819794],[24.040583,49.819615],[24.040702,49.819486],[24.040727,49.819467],[24.040975,49.819294],[24.041208,49.819156],[24.041315,49.819107],[24.041627,49.818961],[24.042593,49.818647],[24.042826,49.818572],[24.042941,49.818538],[24.043186,49.818452],[24.043382,49.818376],[24.043525,49.818309],[24.043635,49.818254],[24.043756,49.818189],[24.043928,49.818085],[24.0441,49.817962],[24.044217,49.817852],[24.044328,49.817743],[24.044485,49.817564],[24.044548,49.817473],[24.044604,49.817383],[24.045068,49.816408],[24.045443,49.81561],[24.045577,49.815318],[24.045649,49.815133],[24.045697,49.814934],[24.045727,49.814746],[24.045741,49.814628],[24.045747,49.814542],[24.045754,49.814417],[24.045756,49.814292],[24.04575,49.814146],[24.045731,49.813977],[24.04563,49.813287],[24.045626,49.813179],[24.045629,49.813002],[24.045639,49.81292],[24.045646,49.812837],[24.045675,49.812657],[24.045715,49.812487],[24.045864,49.811967],[24.045877,49.811923]]},"properties":{"name":"","lines":"4, 8","arr":["Т04","Т08"],"roundabout":0,"mode":"tram","color":"#d6212b"}},{"type":"Feature","geometry":{"type":"LineString","coordinates":[[24.045877,49.811923],[24.045907,49.811819],[24.045969,49.811605],[24.046119,49.811083],[24.046158,49.810932],[24.046187,49.810827],[24.04624,49.810621],[24.046244,49.810604],[24.046253,49.810553],[24.046296,49.810373]]},"properties":{"name":"","lines":"4, 8","arr":["Т04","Т08"],"roundabout":0,"mode":"tram","color":"#d6212b","busLines":"27"}},{"type":"Feature","geometry":{"type":"LineString","coordinates":[[24.046296,49.810373],[24.046334,49.810216],[24.046603,49.809167],[24.046657,49.808922],[24.046755,49.808257],[24.046763,49.808106],[24.046717,49.807109],[24.046691,49.806875],[24.046629,49.806486],[24.046568,49.806101],[24.046299,49.804438],[24.046287,49.804339]]},"properties":{"name":"","lines":"4, 8","arr":["Т04","Т08"],"roundabout":0,"mode":"tram","color":"#d6212b","busLines":"16, 53"}},{"type":"Feature","geometry":{"type":"LineString","coordinates":[[24.046287,49.804339],[24.046279,49.804277],[24.046261,49.804115],[24.046238,49.803782],[24.046238,49.80364],[24.04624,49.803484],[24.046245,49.803345],[24.046259,49.803205],[24.046365,49.802359],[24.046479,49.801658],[24.046519,49.801428],[24.046567,49.801214],[24.046604,49.801088],[24.046647,49.800963],[24.046691,49.80084],[24.046743,49.800717],[24.046777,49.80065],[24.046813,49.800584],[24.046886,49.800462],[24.046963,49.800346],[24.047007,49.800282],[24.047108,49.800138]]},"properties":{"name":"","lines":"4, 8","arr":["Т04","Т08"],"roundabout":0,"mode":"tram","color":"#d6212b","busLines":"7, 11, 14, 16, 23, 32, 40, 41, 53"}},{"type":"Feature","geometry":{"type":"LineString","coordinates":[[24.047108,49.800138],[24.047109,49.800136],[24.047195,49.800027],[24.047286,49.79992],[24.047373,49.799825],[24.047465,49.799732],[24.047643,49.799567],[24.047649,49.799562]]},"properties":{"name":"","lines":"4, 8","arr":["Т04","Т08"],"roundabout":0,"mode":"tram","color":"#d6212b","busLines":"16, 53"}},{"type":"Feature","geometry":{"type":"LineString","coordinates":[[24.047649,49.799562],[24.04775,49.799474],[24.047865,49.799385]]},"properties":{"name":"","lines":"4, 8","arr":["Т04","Т08"],"roundabout":0,"mode":"tram","color":"#d6212b","busLines":"7, 11, 14, 16, 23, 32, 40, 41, 53"}},{"type":"Feature","geometry":{"type":"LineString","coordinates":[[24.047865,49.799385],[24.047963,49.799308],[24.048025,49.799257],[24.048221,49.799121],[24.04843,49.798992],[24.048926,49.798743],[24.049094,49.798661],[24.052256,49.79702],[24.05255,49.796864],[24.053309,49.796466],[24.053432,49.796402],[24.055677,49.795253]]},"properties":{"name":"","lines":"4, 8","arr":["Т04","Т08"],"roundabout":0,"mode":"tram","color":"#d6212b","busLines":"7, 11, 14, 16, 23, 32, 37, 40, 41, 53"}},{"type":"Feature","geometry":{"type":"LineString","coordinates":[[24.055677,49.795253],[24.056255,49.794957],[24.056508,49.794835],[24.056617,49.794777],[24.056876,49.794644],[24.057117,49.794494],[24.05729,49.794392],[24.057434,49.794292],[24.057558,49.794212],[24.057713,49.79407],[24.057818,49.793967],[24.057891,49.793892],[24.057953,49.79382],[24.05801,49.79374],[24.058064,49.793652],[24.058121,49.793559],[24.058169,49.79347],[24.058272,49.793274],[24.058478,49.792839],[24.05865,49.792386],[24.058699,49.792282],[24.0588,49.791756],[24.058809,49.791697]]},"properties":{"name":"","lines":"4, 8","arr":["Т04","Т08"],"roundabout":0,"mode":"tram","color":"#d6212b"}},{"type":"Feature","geometry":{"type":"LineString","coordinates":[[24.058809,49.791697],[24.058834,49.791522],[24.058839,49.791473]]},"properties":{"name":"","lines":"4, 8","arr":["Т04","Т08"],"roundabout":0,"mode":"tram","color":"#d6212b","busLines":"7, 11, 19, 32, 53, 24"}},{"type":"Feature","geometry":{"type":"LineString","coordinates":[[24.058839,49.791473],[24.058857,49.791289],[24.0589,49.790345],[24.0589,49.790332],[24.058915,49.79005],[24.058945,49.789227],[24.058945,49.789226]]},"properties":{"name":"","lines":"4, 8","arr":["Т04","Т08"],"roundabout":0,"mode":"tram","color":"#d6212b","busLines":"7, 11, 19, 32, 47, 53, 24"}},{"type":"Feature","geometry":{"type":"LineString","coordinates":[[24.058945,49.789226],[24.058952,49.789025],[24.058998,49.788002],[24.059006,49.787839],[24.059008,49.787809],[24.059098,49.785908],[24.059099,49.785892],[24.059111,49.785597],[24.059117,49.785405]]},"properties":{"name":"","lines":"4, 8","arr":["Т04","Т08"],"roundabout":0,"mode":"tram","color":"#d6212b","busLines":"7, 11, 14, 19, 32, 46, 47, 53, 24"}},{"type":"Feature","geometry":{"type":"LineString","coordinates":[[24.059117,49.785405],[24.059132,49.784926],[24.05914,49.784749],[24.059141,49.784731]]},"properties":{"name":"","lines":"4, 8","arr":["Т04","Т08"],"roundabout":0,"mode":"tram","color":"#d6212b","busLines":"7, 14, 19, 47, 24"}},{"type":"Feature","geometry":{"type":"LineString","coordinates":[[24.059141,49.784731],[24.059178,49.783777],[24.059179,49.783763],[24.059217,49.782813],[24.059222,49.782595],[24.059222,49.782582],[24.059229,49.7824]]},"properties":{"name":"","lines":"4, 8","arr":["Т04","Т08"],"roundabout":0,"mode":"tram","color":"#d6212b","busLines":"14, 19, 47"}},{"type":"Feature","geometry":{"type":"LineString","coordinates":[[24.057558,49.794212],[24.057591,49.794244],[24.057472,49.794321],[24.05732,49.794425],[24.057161,49.794518],[24.056961,49.794648],[24.056649,49.794799],[24.056534,49.794858],[24.056136,49.795062],[24.055923,49.795172]]},"properties":{"name":"","lines":"4, 8","arr":["Т04","Т08"],"roundabout":0,"mode":"tram","color":"#d6212b"}},{"type":"Feature","geometry":{"type":"LineString","coordinates":[[24.055923,49.795172],[24.053475,49.796432],[24.053347,49.796499],[24.052435,49.796969],[24.052287,49.797045],[24.049138,49.798694],[24.048972,49.798779],[24.048478,49.799013],[24.048313,49.799116]]},"properties":{"name":"","lines":"4, 8","arr":["Т04","Т08"],"roundabout":0,"mode":"tram","color":"#d6212b","busLines":"7, 11, 14, 16, 23, 32, 37, 40, 41, 53"}},{"type":"Feature","geometry":{"type":"LineString","coordinates":[[24.048313,49.799116],[24.048268,49.799144],[24.048066,49.799282],[24.048003,49.799331],[24.047831,49.799469],[24.047669,49.799608],[24.047519,49.79975],[24.047385,49.799879],[24.047326,49.799945],[24.047265,49.800016],[24.047157,49.800152],[24.047059,49.800297],[24.047017,49.800359],[24.046938,49.800483],[24.04686,49.800609],[24.046824,49.800671],[24.046792,49.800733],[24.046738,49.800856],[24.046691,49.800981],[24.046647,49.801109],[24.046609,49.801238],[24.046567,49.801434],[24.046532,49.801664],[24.046416,49.802366],[24.046301,49.803208],[24.046287,49.803345],[24.046282,49.803485],[24.04628,49.803638],[24.046283,49.803783],[24.046294,49.803943],[24.046309,49.804111],[24.04632,49.804195]]},"properties":{"name":"","lines":"4, 8","arr":["Т04","Т08"],"roundabout":0,"mode":"tram","color":"#d6212b","busLines":"7, 11, 14, 16, 23, 32, 40, 41, 53"}},{"type":"Feature","geometry":{"type":"LineString","coordinates":[[24.04632,49.804195],[24.046329,49.804265],[24.046348,49.804427],[24.04663,49.806095],[24.046762,49.806862],[24.046792,49.807107],[24.046808,49.807315],[24.046834,49.808103],[24.046821,49.808283],[24.04673,49.808929],[24.04667,49.809203],[24.046419,49.810218],[24.046416,49.81023]]},"properties":{"name":"","lines":"4, 8","arr":["Т04","Т08"],"roundabout":0,"mode":"tram","color":"#d6212b","busLines":"16, 53"}},{"type":"Feature","geometry":{"type":"LineString","coordinates":[[24.046416,49.81023],[24.04636,49.810452]]},"properties":{"name":"","lines":"4, 8","arr":["Т04","Т08"],"roundabout":0,"mode":"tram","color":"#d6212b","busLines":"16, 27, 53"}},{"type":"Feature","geometry":{"type":"LineString","coordinates":[[24.04636,49.810452],[24.046321,49.81061],[24.046317,49.810628],[24.046232,49.810952],[24.04616,49.811218],[24.046044,49.811613],[24.045983,49.811829],[24.045942,49.811975],[24.045934,49.812002]]},"properties":{"name":"","lines":"4, 8","arr":["Т04","Т08"],"roundabout":0,"mode":"tram","color":"#d6212b","busLines":"27"}},{"type":"Feature","geometry":{"type":"LineString","coordinates":[[24.045934,49.812002],[24.045788,49.812489],[24.045746,49.812652],[24.045715,49.81284],[24.045695,49.813012],[24.045692,49.813181],[24.045696,49.813286],[24.045798,49.813984],[24.045814,49.814139],[24.045819,49.814225],[24.045822,49.81431],[24.04582,49.814428],[24.045812,49.814556],[24.045806,49.814648],[24.045795,49.814747],[24.04578,49.814858],[24.045741,49.815048],[24.045717,49.815135],[24.045687,49.815221],[24.045651,49.815319],[24.045601,49.815432],[24.045509,49.815624],[24.045127,49.816422],[24.044656,49.817398],[24.044596,49.817491],[24.044532,49.817575],[24.044456,49.817666],[24.044359,49.817766],[24.044244,49.817876],[24.044126,49.817985],[24.043985,49.818086],[24.043843,49.818177],[24.043709,49.81825],[24.043595,49.818309],[24.043466,49.818371],[24.043316,49.818434],[24.043136,49.818507],[24.042851,49.818603],[24.042419,49.818737],[24.041657,49.818981],[24.041315,49.819149],[24.041248,49.819182],[24.041017,49.819315],[24.040768,49.819487],[24.040741,49.819504],[24.040477,49.819805],[24.040028,49.820597],[24.03929,49.821737],[24.039137,49.82197],[24.039082,49.822049],[24.038963,49.822242],[24.038566,49.822872],[24.038249,49.823411],[24.037938,49.823984],[24.037715,49.824361],[24.037693,49.824399],[24.0375,49.824769],[24.037494,49.82478],[24.037415,49.824929]]},"properties":{"name":"","lines":"4, 8","arr":["Т04","Т08"],"roundabout":0,"mode":"tram","color":"#d6212b"}},{"type":"Feature","geometry":{"type":"LineString","coordinates":[[24.030767,49.830035],[24.03058,49.829999],[24.030241,49.829932],[24.029944,49.829866],[24.029355,49.829738],[24.029294,49.829731],[24.029244,49.829729],[24.028529,49.829731],[24.028112,49.829733],[24.026314,49.829738],[24.02575,49.829793],[24.025224,49.829872],[24.023714,49.830225],[24.023663,49.830237],[24.023188,49.830344],[24.022533,49.830491],[24.021924,49.830688],[24.021271,49.830957],[24.019772,49.831626],[24.01967,49.831672],[24.018911,49.832013],[24.018755,49.832083],[24.018595,49.832154],[24.018508,49.832193],[24.018383,49.832249],[24.018319,49.832278],[24.018243,49.832312]]},"properties":{"name":"","lines":"3, 4, 9","arr":["Т03","Т04","Т09"],"roundabout":0,"mode":"tram","color":"#d6212b","busLines":"43"}},{"type":"Feature","geometry":{"type":"LineString","coordinates":[[24.030767,49.830035],[24.030802,49.830042],[24.031275,49.830135],[24.031453,49.83017],[24.031673,49.830212],[24.031706,49.830219]]},"properties":{"name":"","lines":"3, 9","arr":["Т03","Т09"],"roundabout":0,"mode":"tram","color":"#d6212b","busLines":"43"}},{"type":"Feature","geometry":{"type":"LineString","coordinates":[[24.018243,49.832312],[24.018158,49.832308],[24.018058,49.832281],[24.017977,49.832248],[24.017929,49.832222],[24.017919,49.832217],[24.017908,49.83221],[24.0179,49.832206],[24.017429,49.831922],[24.017235,49.83181],[24.017036,49.831699],[24.015417,49.830796],[24.015262,49.830701],[24.015163,49.830637],[24.015082,49.830576],[24.014716,49.830254],[24.014511,49.830072],[24.014289,49.829892],[24.013978,49.82967],[24.013565,49.829373],[24.013147,49.829074],[24.013101,49.829039],[24.012942,49.828919],[24.012865,49.82886],[24.0128,49.828797],[24.012287,49.828163],[24.012241,49.828116],[24.012193,49.82807],[24.012141,49.828025],[24.012086,49.827981],[24.011318,49.827387],[24.011178,49.827279]]},"properties":{"name":"","lines":"3","arr":["Т03"],"roundabout":0,"mode":"tram","color":"#d6212b","busLines":"9, 21, 45, 48"}},{"type":"Feature","geometry":{"type":"LineString","coordinates":[[24.011178,49.827279],[24.011164,49.827268],[24.010391,49.826674],[24.01019,49.826535],[24.009797,49.826233],[24.009738,49.826189],[24.009691,49.826155],[24.00879,49.825483],[24.008548,49.825252],[24.008315,49.824991],[24.008044,49.82469],[24.00775,49.824302],[24.007293,49.823644],[24.007053,49.823283],[24.006818,49.822949],[24.006611,49.822659],[24.006576,49.82261],[24.006325,49.822227],[24.006182,49.82203],[24.004573,49.819692],[24.004153,49.819026],[24.003206,49.817609],[24.003151,49.817526],[24.002037,49.815859],[24.001679,49.815297],[24.001516,49.815031],[24.000489,49.813037],[24.000233,49.812541],[24.000099,49.812067],[23.999976,49.811665],[23.999859,49.81125],[23.999668,49.810593]]},"properties":{"name":"","lines":"3","arr":["Т03"],"roundabout":0,"mode":"tram","color":"#d6212b","busLines":"9, 21, 41, 45, 48"}},{"type":"Feature","geometry":{"type":"LineString","coordinates":[[23.999668,49.810593],[23.999625,49.810443],[23.999569,49.810148]]},"properties":{"name":"","lines":"3","arr":["Т03"],"roundabout":0,"mode":"tram","color":"#d6212b"}},{"type":"Feature","geometry":{"type":"LineString","coordinates":[[23.999569,49.810148],[23.999316,49.808811],[23.999285,49.808697],[23.999141,49.808162],[23.998927,49.807264],[23.998901,49.807153]]},"properties":{"name":"","lines":"3","arr":["Т03"],"roundabout":0,"mode":"tram","color":"#d6212b","busLines":"41, 45, 51"}},{"type":"Feature","geometry":{"type":"LineString","coordinates":[[23.998963,49.807166],[23.998981,49.807259],[23.999211,49.808153],[23.999343,49.808691],[23.999371,49.808803],[23.999635,49.81017]]},"properties":{"name":"","lines":"3","arr":["Т03"],"roundabout":0,"mode":"tram","color":"#d6212b","busLines":"41, 45, 51"}},{"type":"Feature","geometry":{"type":"LineString","coordinates":[[23.999635,49.81017],[23.999686,49.810434],[23.999794,49.810836]]},"properties":{"name":"","lines":"3","arr":["Т03"],"roundabout":0,"mode":"tram","color":"#d6212b"}},{"type":"Feature","geometry":{"type":"LineString","coordinates":[[23.999794,49.810836],[23.999797,49.810849],[23.999917,49.811285],[24.000146,49.812062],[24.000296,49.812531],[24.000575,49.813101],[24.000833,49.813605],[24.00157,49.815022],[24.001725,49.815287],[24.00208,49.815849],[24.00312,49.817404],[24.003192,49.817512],[24.004194,49.819012],[24.00463,49.819671],[24.006236,49.822013],[24.006377,49.822209],[24.006593,49.822529],[24.006637,49.822595],[24.006873,49.822934],[24.007101,49.823271],[24.007344,49.82363],[24.007803,49.824276],[24.008118,49.824678],[24.008372,49.824962],[24.008592,49.825203],[24.008855,49.825458],[24.009736,49.82613],[24.00978,49.826165],[24.009829,49.826207],[24.010261,49.826546],[24.010391,49.826627],[24.010922,49.827037],[24.011196,49.827246],[24.011265,49.827299]]},"properties":{"name":"","lines":"3","arr":["Т03"],"roundabout":0,"mode":"tram","color":"#d6212b","busLines":"9, 21, 41, 45, 48"}},{"type":"Feature","geometry":{"type":"LineString","coordinates":[[24.011265,49.827299],[24.012127,49.827955],[24.012236,49.828046],[24.012286,49.828092],[24.012334,49.828141],[24.012849,49.828772],[24.012914,49.828837],[24.012993,49.828896],[24.013158,49.829017],[24.013193,49.829044],[24.01361,49.829346],[24.014027,49.829646],[24.014329,49.829863],[24.014555,49.830044],[24.014767,49.830233],[24.015119,49.830548],[24.015211,49.830615],[24.015251,49.830642],[24.015299,49.830672],[24.015455,49.830769],[24.017067,49.831683],[24.017305,49.831818],[24.017778,49.83209],[24.017935,49.83218],[24.017954,49.832191],[24.017975,49.832203],[24.018014,49.832224],[24.018086,49.832254],[24.018177,49.83227],[24.018255,49.832271],[24.018296,49.832266],[24.018318,49.832263],[24.018383,49.832249]]},"properties":{"name":"","lines":"3","arr":["Т03"],"roundabout":0,"mode":"tram","color":"#d6212b","busLines":"9, 21, 45, 48"}},{"type":"Feature","geometry":{"type":"LineString","coordinates":[[24.00389,49.837107],[24.004048,49.837154],[24.004182,49.837199],[24.004504,49.837305],[24.005035,49.837472],[24.00508,49.837496],[24.005129,49.837528],[24.005286,49.837579],[24.006261,49.837918],[24.006861,49.838134],[24.006963,49.838174],[24.007496,49.838386],[24.008115,49.838639],[24.008403,49.838751],[24.008684,49.838864],[24.009161,49.839053],[24.009655,49.839246],[24.009981,49.839369],[24.010544,49.839584],[24.010819,49.839683],[24.010921,49.839722],[24.011727,49.840036],[24.012045,49.84016],[24.012657,49.840399],[24.013625,49.840788],[24.015405,49.841503]]},"properties":{"name":"","lines":"6","arr":["Т06"],"roundabout":0,"mode":"tram","color":"#d6212b","busLines":"7, 15, 20, 25, 29, 31, 34, 41, 51, 52, 84, 92"}},{"type":"Feature","geometry":{"type":"LineString","coordinates":[[24.028878,49.844724],[24.029022,49.844738],[24.029079,49.844746],[24.029126,49.844758],[24.029184,49.84478]]},"properties":{"name":"","lines":"6","arr":["Т06"],"roundabout":0,"mode":"tram","color":"#d6212b"}},{"type":"Feature","geometry":{"type":"LineString","coordinates":[[24.028071,49.853135],[24.028122,49.853161],[24.028172,49.853173],[24.028248,49.853179],[24.028347,49.853175],[24.028422,49.853158],[24.028453,49.853145],[24.02847,49.853138],[24.028486,49.853124],[24.028529,49.853089],[24.028663,49.852906],[24.028695,49.852861],[24.028837,49.852675],[24.029448,49.851854],[24.029607,49.851684],[24.029746,49.85156],[24.029905,49.851467],[24.029928,49.851454],[24.030026,49.851421],[24.030096,49.851413],[24.030161,49.851412],[24.030229,49.851424],[24.030615,49.851539],[24.032086,49.85198],[24.032215,49.852019],[24.032355,49.852061]]},"properties":{"name":"","lines":"6","arr":["Т06"],"roundabout":0,"mode":"tram","color":"#d6212b","busLines":"20, 48, 58, 59, 63"}},{"type":"Feature","geometry":{"type":"LineString","coordinates":[[24.032355,49.852061],[24.032857,49.852211],[24.033114,49.852294],[24.033257,49.85234],[24.035101,49.85303],[24.035215,49.853057],[24.035306,49.853078],[24.035455,49.853094],[24.036628,49.853221],[24.036922,49.853253],[24.03809,49.853379],[24.040107,49.853597],[24.040185,49.853612],[24.04021,49.85362],[24.040268,49.853655],[24.040302,49.853714],[24.04035,49.853809],[24.040359,49.853828],[24.040367,49.853846]]},"properties":{"name":"","lines":"6","arr":["Т06"],"roundabout":0,"mode":"tram","color":"#d6212b","busLines":"20, 48, 58, 59, 62, 63"}},{"type":"Feature","geometry":{"type":"LineString","coordinates":[[24.040367,49.853846],[24.040401,49.853924],[24.040565,49.854293],[24.040574,49.854315],[24.040723,49.854579],[24.040914,49.854925],[24.041338,49.855691],[24.041658,49.856266],[24.041711,49.856363],[24.04181,49.856541],[24.042239,49.857315],[24.042256,49.857339],[24.042304,49.857411],[24.042345,49.857473],[24.042365,49.85751],[24.042494,49.857747],[24.042556,49.857851],[24.042563,49.857862],[24.042604,49.857931],[24.04298,49.85856],[24.043325,49.859149],[24.043365,49.859232],[24.043398,49.859343],[24.04355,49.860102],[24.043607,49.860382],[24.043616,49.860427],[24.043687,49.860781],[24.043897,49.861825],[24.043936,49.862019],[24.043982,49.862246],[24.044347,49.864065],[24.044359,49.864126],[24.044378,49.864204],[24.044402,49.8643],[24.044432,49.864496],[24.044441,49.864655],[24.044437,49.864718],[24.044401,49.865002],[24.044388,49.865052],[24.04437,49.865151]]},"properties":{"name":"","lines":"6","arr":["Т06"],"roundabout":0,"mode":"tram","color":"#d6212b","busLines":"58, 59"}},{"type":"Feature","geometry":{"type":"LineString","coordinates":[[24.04437,49.865151],[24.044349,49.865268],[24.04433,49.865374]]},"properties":{"name":"","lines":"6","arr":["Т06"],"roundabout":0,"mode":"tram","color":"#d6212b","busLines":"12, 39, 58, 59"}},{"type":"Feature","geometry":{"type":"LineString","coordinates":[[24.04433,49.865374],[24.044319,49.865433],[24.044312,49.865462],[24.044182,49.866001],[24.044057,49.866594],[24.044063,49.866629],[24.044068,49.866656],[24.0441,49.866699],[24.044138,49.866736],[24.044187,49.866765],[24.044242,49.866784],[24.044302,49.866793],[24.044364,49.866794],[24.044425,49.866784],[24.044479,49.866765],[24.044526,49.866739],[24.044544,49.866722],[24.044561,49.866706],[24.044583,49.866669],[24.044591,49.866629],[24.044583,49.866589],[24.044556,49.866531]]},"properties":{"name":"","lines":"6","arr":["Т06"],"roundabout":0,"mode":"tram","color":"#d6212b","busLines":"12, 39"}},{"type":"Feature","geometry":{"type":"LineString","coordinates":[[24.015827,49.843014],[24.015786,49.843001],[24.015618,49.842945],[24.015511,49.842872]]},"properties":{"name":"","lines":"6","arr":["Т06"],"roundabout":0,"mode":"tram","color":"#d6212b"}},{"type":"Feature","geometry":{"type":"LineString","coordinates":[[24.015543,49.841772],[24.015537,49.841733],[24.01551,49.841623],[24.015403,49.841536],[24.013902,49.840942],[24.013588,49.840825],[24.012685,49.840462],[24.012005,49.840205],[24.011909,49.840171],[24.010773,49.839732],[24.009187,49.839114],[24.008201,49.838721],[24.008082,49.838673],[24.007377,49.838387],[24.006827,49.838174],[24.006236,49.837945],[24.005636,49.837734],[24.005265,49.837603],[24.005096,49.837551],[24.004993,49.837509],[24.004944,49.837489],[24.004063,49.837205],[24.004017,49.83719],[24.003636,49.837061]]},"properties":{"name":"","lines":"6","arr":["Т06"],"roundabout":0,"mode":"tram","color":"#d6212b","busLines":"7, 15, 20, 25, 29, 31, 34, 41, 51, 52, 84, 92"}},{"type":"Feature","geometry":{"type":"LineString","coordinates":[[24.015405,49.841503],[24.015706,49.841626],[24.015906,49.841709],[24.015954,49.841726],[24.016342,49.841881],[24.016692,49.842026],[24.017556,49.842386],[24.017906,49.842524],[24.01791,49.842525]]},"properties":{"name":"","lines":"6, 7","arr":["Т06","Т07"],"roundabout":0,"mode":"tram","color":"#d6212b","busLines":"6, 7, 17, 20, 25, 29, 31, 34, 41, 51, 52, 61, 67, 84"}},{"type":"Feature","geometry":{"type":"LineString","coordinates":[[24.01791,49.842525],[24.01819,49.842627],[24.018621,49.842734],[24.018799,49.842752],[24.020306,49.842929],[24.020862,49.842994],[24.021,49.84301],[24.022022,49.84313],[24.02254,49.84319],[24.022763,49.843217],[24.02278,49.843218],[24.022825,49.843224],[24.022872,49.843237],[24.022904,49.843247],[24.022981,49.843276]]},"properties":{"name":"","lines":"6, 7","arr":["Т06","Т07"],"roundabout":0,"mode":"tram","color":"#d6212b","busLines":"6, 7, 15, 17, 20, 25, 29, 31, 34, 41, 51, 52, 61, 67, 84, 92"}},{"type":"Feature","geometry":{"type":"LineString","coordinates":[[24.022981,49.843276],[24.022985,49.843277],[24.023022,49.843298],[24.023533,49.843577],[24.023691,49.843663],[24.024575,49.844146],[24.024606,49.844163],[24.024766,49.844223],[24.025216,49.84433],[24.02537,49.844367],[24.025597,49.844421],[24.025867,49.844485]]},"properties":{"name":"","lines":"6, 7","arr":["Т06","Т07"],"roundabout":0,"mode":"tram","color":"#d6212b","busLines":"6, 7, 15, 17, 20, 25, 29, 31, 34, 41, 51, 52, 61, 84, 92"}},{"type":"Feature","geometry":{"type":"LineString","coordinates":[[24.025867,49.844485],[24.026337,49.844596],[24.026815,49.844702],[24.026854,49.844707]]},"properties":{"name":"","lines":"6, 7","arr":["Т06","Т07"],"roundabout":0,"mode":"tram","color":"#d6212b","busLines":"6, 7, 15, 17, 20, 25, 29, 31, 41, 51, 52, 61, 84, 92"}},{"type":"Feature","geometry":{"type":"LineString","coordinates":[[24.026854,49.844707],[24.026976,49.844722],[24.027201,49.844722]]},"properties":{"name":"","lines":"6, 7","arr":["Т06","Т07"],"roundabout":0,"mode":"tram","color":"#d6212b","busLines":"1, 6, 7, 15, 17, 20, 25, 29, 31, 37, 39, 41, 46, 47, 51, 52, 53, 61, 84, 92"}},{"type":"Feature","geometry":{"type":"LineString","coordinates":[[24.027201,49.844722],[24.02755,49.844723]]},"properties":{"name":"","lines":"6, 7","arr":["Т06","Т07"],"roundabout":0,"mode":"tram","color":"#d6212b","busLines":"1, 6, 15, 29, 37, 39, 46, 47, 53, 61, 92"}},{"type":"Feature","geometry":{"type":"LineString","coordinates":[[24.02755,49.844723],[24.028368,49.844725],[24.028429,49.844725],[24.028878,49.844724]]},"properties":{"name":"","lines":"6, 7","arr":["Т06","Т07"],"roundabout":0,"mode":"tram","color":"#d6212b","busLines":"1, 3, 5, 6, 15, 29, 37, 39, 46, 47, 53, 57, 61, 92"}},{"type":"Feature","geometry":{"type":"LineString","coordinates":[[24.029184,49.84478],[24.028887,49.844786],[24.028431,49.844788],[24.028372,49.844788],[24.027749,49.844792],[24.027615,49.844789]]},"properties":{"name":"","lines":"6, 7","arr":["Т06","Т07"],"roundabout":0,"mode":"tram","color":"#d6212b","busLines":"1, 3, 5, 6, 15, 29, 37, 39, 46, 47, 53, 57, 61, 92"}},{"type":"Feature","geometry":{"type":"LineString","coordinates":[[24.027615,49.844789],[24.026979,49.844777],[24.026919,49.844769]]},"properties":{"name":"","lines":"6, 7","arr":["Т06","Т07"],"roundabout":0,"mode":"tram","color":"#d6212b","busLines":"1, 6, 15, 29, 37, 39, 46, 47, 53, 61, 92"}},{"type":"Feature","geometry":{"type":"LineString","coordinates":[[24.026919,49.844769],[24.02686,49.844761],[24.026746,49.844742],[24.026305,49.844644],[24.025925,49.844559]]},"properties":{"name":"","lines":"6, 7","arr":["Т06","Т07"],"roundabout":0,"mode":"tram","color":"#d6212b","busLines":"6, 7, 15, 17, 20, 25, 29, 31, 41, 51, 52, 61, 84, 92"}},{"type":"Feature","geometry":{"type":"LineString","coordinates":[[24.025925,49.844559],[24.025918,49.844558],[24.025569,49.844474],[24.025344,49.84442],[24.025121,49.844367],[24.024994,49.844337],[24.024724,49.844261],[24.024668,49.844245],[24.024552,49.844202],[24.024521,49.844185],[24.024378,49.844106],[24.024047,49.843925],[24.023851,49.843797],[24.023496,49.843606],[24.023034,49.843358]]},"properties":{"name":"","lines":"6, 7","arr":["Т06","Т07"],"roundabout":0,"mode":"tram","color":"#d6212b","busLines":"6, 7, 15, 17, 20, 25, 29, 31, 34, 41, 51, 52, 61, 84, 92"}},{"type":"Feature","geometry":{"type":"LineString","coordinates":[[24.023034,49.843358],[24.023007,49.843344],[24.022916,49.843306],[24.022842,49.843292],[24.022821,49.843288],[24.02277,49.843282],[24.022746,49.843279],[24.022004,49.843188],[24.02098,49.843062],[24.020845,49.843045],[24.020566,49.843027],[24.020309,49.843009],[24.01982,49.842951],[24.018779,49.842828],[24.018607,49.842806],[24.018159,49.842748],[24.017505,49.842788],[24.01735,49.842805],[24.016776,49.842887],[24.015827,49.843014]]},"properties":{"name":"","lines":"6, 7","arr":["Т06","Т07"],"roundabout":0,"mode":"tram","color":"#d6212b","busLines":"6, 7, 15, 17, 20, 25, 29, 31, 34, 41, 51, 52, 61, 67, 84, 92"}},{"type":"Feature","geometry":{"type":"LineString","coordinates":[[24.015511,49.842872],[24.015469,49.842822],[24.015543,49.841772],[24.015581,49.841738]]},"properties":{"name":"","lines":"6, 7","arr":["Т06","Т07"],"roundabout":0,"mode":"tram","color":"#d6212b","busLines":"6, 7, 15, 17, 20, 25, 29, 31, 34, 41, 51, 52, 61, 67, 84, 92"}},{"type":"Feature","geometry":{"type":"LineString","coordinates":[[24.029184,49.84478],[24.029231,49.844816],[24.029255,49.844844],[24.029273,49.844869],[24.029282,49.844895],[24.029272,49.844907],[24.029258,49.844934],[24.029244,49.844959],[24.029237,49.845],[24.029231,49.845036],[24.029134,49.846115],[24.029103,49.846293],[24.029086,49.846352],[24.029079,49.846372],[24.029067,49.846396],[24.02906,49.846408],[24.029059,49.84641],[24.029053,49.84642],[24.029005,49.846494],[24.028571,49.847149],[24.028539,49.847197],[24.028526,49.847213],[24.028492,49.847257],[24.028328,49.847441],[24.027814,49.848018],[24.027793,49.848042],[24.027767,49.848091],[24.027742,49.848146],[24.027456,49.848812],[24.027442,49.848842],[24.026855,49.850147],[24.026808,49.850252],[24.026762,49.850359],[24.026747,49.85041],[24.026741,49.850434],[24.026736,49.850459],[24.02673,49.850519],[24.026743,49.850599],[24.026826,49.850954],[24.026828,49.850966],[24.026845,49.851008],[24.026897,49.851111],[24.027096,49.851491],[24.027127,49.851546],[24.027585,49.852358],[24.0278,49.852738],[24.027813,49.852763],[24.028,49.853063],[24.028017,49.853092],[24.028035,49.853107],[24.028048,49.853117],[24.028071,49.853135],[24.028094,49.85317]]},"properties":{"name":"","lines":"6, 9","arr":["Т06","Т09"],"roundabout":0,"mode":"tram","color":"#d6212b"}},{"type":"Feature","geometry":{"type":"LineString","coordinates":[[24.029184,49.84478],[24.029252,49.844774],[24.029441,49.844758],[24.029469,49.844755],[24.029527,49.844731],[24.029538,49.844726],[24.029615,49.844705],[24.029635,49.844703],[24.031588,49.844534],[24.031819,49.844514],[24.031923,49.844505],[24.031963,49.844502],[24.033058,49.844415],[24.033142,49.844405],[24.033208,49.844384],[24.033675,49.844119],[24.033676,49.844118]]},"properties":{"name":"","lines":"7, 9","arr":["Т07","Т09"],"roundabout":0,"mode":"tram","color":"#d6212b","busLines":"1, 3, 6, 15, 29, 37, 39, 46, 47, 53, 57, 61, 92"}},{"type":"Feature","geometry":{"type":"LineString","coordinates":[[24.033676,49.844118],[24.033737,49.844085],[24.033771,49.844065],[24.033815,49.844047],[24.033879,49.844036],[24.03436,49.843998],[24.03444,49.843986],[24.034509,49.84396],[24.034586,49.843915],[24.034622,49.843881],[24.034765,49.843461],[24.034994,49.842787],[24.035207,49.842159],[24.035248,49.842056]]},"properties":{"name":"","lines":"7, 9","arr":["Т07","Т09"],"roundabout":0,"mode":"tram","color":"#d6212b","busLines":"1, 3, 5, 6, 15, 29, 37, 39, 45, 46, 47, 53, 57, 61, 92"}}]}